date,zinc_close,zinc_volume,zinc_inventory,aluminium_close,aluminium_volume,aluminium_inventory,usd_index,oil_price,aluminium_close_return,aluminium_close_lag1,aluminium_close_ret_lag1,aluminium_close_lag2,aluminium_close_ret_lag2,aluminium_close_lag3,aluminium_close_ret_lag3,aluminium_close_lag5,aluminium_close_ret_lag5,aluminium_close_lag10,aluminium_close_ret_lag10,aluminium_close_lag20,aluminium_close_ret_lag20,aluminium_close_ma5,aluminium_close_ma20,aluminium_close_vol20,gate_volatility,gate_hurst,gate_inventory_pressure
2019-03-25,2762.3950109553,9391,190999.52700952027,2397.4896204186866,8443,154678.6664475891,100.3917127909336,66.96657547579503,0.006322837470128961,2382.4259284882346,-0.007541451773793395,2400.529405229345,0.007394189661204642,2382.9097188228407,0.0030328932608121306,2356.971672113891,0.015173077096128473,2323.894844126374,-0.005223089525309366,2378.4272618176446,-0.006880532651606042,2387.811826746637,2359.7520834653933,0.008134944544613549,0.008134944544613549,0.6877171252780555,0.6685100367290018
2019-03-26,2754.3472386308504,15466,186745.87420631075,2383.671576044898,12569,157906.01167997206,100.223425813772,66.8489635370338,-0.00576354711032101,2397.4896204186866,0.006322837470128961,2382.4259284882346,-0.007541451773793395,2400.529405229345,0.007394189661204642,2375.7044607740777,0.007947820876177847,2295.170016691815,-0.012360639943395535,2385.645324199278,0.003034804762588106,2389.405249800801,2359.6533960576744,0.008224119600471902,0.008224119600471902,0.6771789113848364,-0.010397732541150617
2019-03-27,2686.149624058446,5525,191927.50846412996,2381.022291698087,19600,158288.16468502834,100.18993731077344,66.89094083064553,-0.0011114301036414531,2383.671576044898,-0.00576354711032101,2397.4896204186866,0.006322837470128961,2382.4259284882346,-0.007541451773793395,2382.9097188228407,0.0030328932608121306,2302.9948610523293,0.003409265676881157,2380.8444187544237,-0.0020124137465680203,2389.02776437585,2359.6622897048574,0.008215031561758481,0.008215031561758481,0.6566262272330439,0.23485361973449315
2019-03-28,2614.707027377848,10925,197707.2589951328,2396.700374530766,14311,160378.32592877786,100.20621261728394,66.64596829840886,0.0065846014492783045,2381.022291698087,-0.0011114301036414531,2383.671576044898,-0.00576354711032101,2397.4896204186866,0.006322837470128961,2400.529405229345,0.007394189661204642,2315.3776540918566,0.0053768218283687386,2398.30373781379,0.0073332465245672385,2388.2619582361344,2359.582121540706,0.008181668516086208,0.008181668516086208,0.6708936698725808,-0.24174924923762003
2019-03-29,2615.1525590544657,7191,198628.8150715535,2386.646301575892,13298,159645.4401583164,100.26483485041986,66.30191867375864,-0.004194964486056274,2396.700374530766,0.0065846014492783045,2381.022291698087,-0.0011114301036414531,2383.671576044898,-0.00576354711032101,2382.4259284882346,-0.007541451773793395,2321.7436763157043,0.002749453080622688,2384.218823986874,-0.0058728648939834205,2389.1060328536655,2359.703495420157,0.008126713358868491,0.008126713358868491,0.6692880047704226,0.11692382293820021
2019-04-01,2645.981050935339,18164,196414.83556375623,2361.3608867127346,9382,163022.98149481535,100.33595750839916,66.01985231108092,-0.010594537970063489,2386.646301575892,-0.004194964486056274,2396.700374530766,0.0065846014492783045,2381.022291698087,-0.0011114301036414531,2397.4896204186866,0.006322837470128961,2356.971672113891,0.015173077096128473,2399.122923867587,0.006251145964777827,2381.8802861124755,2357.8153935624146,0.008324278481335932,0.008324278481335932,0.6527699256394744,-0.6744039941963833
2019-04-02,2678.073409949676,16038,189562.14440441973,2389.20386502449,9311,160503.20793352395,100.41529223191914,65.82940836188948,0.011791072880230402,2361.3608867127346,-0.010594537970063489,2386.646301575892,-0.004194964486056274,2396.700374530766,0.0065846014492783045,2383.671576044898,-0.00576354711032101,2375.7044607740777,0.007947820876177847,2352.5748310433905,-0.019402129153581193,2382.986743908394,2359.6468452614695,0.007532123523631144,0.007532123523631144,0.6633776363447021,-0.27912162235264576
2019-04-03,2604.4734765986145,12329,195434.4613716728,2387.9154521450905,18128,162612.1329313983,100.38041972469428,65.4803662219518,-0.000539264521651095,2389.20386502449,0.011791072880230402,2361.3608867127346,-0.010594537970063489,2386.646301575892,-0.004194964486056274,2381.022291698087,-0.0011114301036414531,2382.9097188228407,0.0030328932608121306,2359.2450960323536,0.0028353040680983987,2384.3653759977947,2361.080363067106,0.007521914210288258,0.007521914210288258,0.6743216147045246,-1.029492304029291
2019-04-04,2539.6169464313275,11450,202227.9437590913,2413.6166719183543,19337,160356.5893401656,100.33418454542785,65.52898408967066,0.010763035914934216,2387.9154521450905,-0.000539264521651095,2389.20386502449,0.011791072880230402,2361.3608867127346,-0.010594537970063489,2396.700374530766,0.0065846014492783045,2400.529405229345,0.007394189661204642,2343.778170276636,-0.006555879158858469,2387.748635475312,2364.572288149192,0.007646859649982688,0.007646859649982688,0.692529705546567,-0.06209664156304809
2019-04-05,2672.7165290490943,5463,194390.81603052848,2424.738164398213,8505,158357.22916865666,100.41998213355356,65.74789879180578,0.004607812255050137,2413.6166719183543,0.010763035914934216,2387.9154521450905,-0.000539264521651095,2389.20386502449,0.011791072880230402,2386.646301575892,-0.004194964486056274,2382.4259284882346,-0.007541451773793395,2336.096485208378,-0.003277479569387509,2395.3670080397765,2369.004372108684,0.007590813170912378,0.007590813170912378,0.7145287359653116,0.24028983795964592
2019-04-08,2785.45841104909,17442,183632.78237476057,2465.4774080272896,18732,154752.06697920532,100.4008517010654,65.27176930156631,0.016801502210523234,2424.738164398213,0.004607812255050137,2413.6166719183543,0.010763035914934216,2387.9154521450905,-0.000539264521651095,2361.3608867127346,-0.010594537970063489,2397.4896204186866,0.006322837470128961,2323.894844126374,-0.005223089525309366,2416.1903123026873,2376.0835003037296,0.008085849916902652,0.008085849916902652,0.7254463909608633,1.0022630641094183
2019-04-09,2793.8200711696904,16276,180930.97177027256,2405.3097646489746,19539,157911.93050040063,100.2732830687316,65.27930791493111,-0.024404053828445793,2465.4774080272896,0.016801502210523234,2424.738164398213,0.004607812255050137,2413.6166719183543,0.010763035914934216,2389.20386502449,0.011791072880230402,2383.671576044898,-0.00576354711032101,2295.170016691815,-0.012360639943395535,2419.4114922275844,2381.590487701588,0.009596700980147331,0.009596700980147331,0.7223041047542429,-0.3242173913367776
2019-04-10,2853.8569189108875,11300,174951.9927070822,2421.0462212126467,16531,154412.57847225192,100.15995434733124,65.21332717635121,0.006542382521765866,2405.3097646489746,-0.024404053828445793,2465.4774080272896,0.016801502210523234,2424.738164398213,0.004607812255050137,2387.9154521450905,-0.000539264521651095,2381.022291698087,-0.0011114301036414531,2302.9948610523293,0.003409265676881157,2426.037646041096,2387.4930557096036,0.009639686806643472,0.009639686806643472,0.7133578066583348,0.9019843041628641
2019-04-11,2813.235481689876,15391,176285.9115175318,2330.146580989578,12126,163565.94749165446,100.0680091187311,65.31577978201226,-0.03754560298214349,2421.0462212126467,0.006542382521765866,2405.3097646489746,-0.024404053828445793,2465.4774080272896,0.016801502210523234,2413.6166719183543,0.010763035914934216,2396.700374530766,0.0065846014492783045,2315.3776540918566,0.0053768218283687386,2409.3436278553404,2388.2315020544897,0.0131245698861347,0.0131245698861347,0.6351732368061318,-0.9409001854227832
2019-04-12,2864.130960574368,12168,169176.05223235447,2281.243773852369,7332,166502.4350822807,100.11772519313648,65.31189815158118,-0.020987008944493457,2330.146580989578,-0.03754560298214349,2421.0462212126467,0.006542382521765866,2405.3097646489746,-0.024404053828445793,2424.738164398213,0.004607812255050137,2386.646301575892,-0.004194964486056274,2321.7436763157043,0.002749453080622688,2380.6447497461713,2386.2065069313226,0.01394836939093626,0.01394836939093626,0.5334513106010809,-0.8786471163935279
2019-04-15,2883.404232851816,19242,166280.93891280933,2341.5407559200667,9148,163560.81260743292,100.13196776674351,64.87581836760168,0.026431625922149093,2281.243773852369,-0.020987008944493457,2330.146580989578,-0.03754560298214349,2421.0462212126467,0.006542382521765866,2465.4774080272896,0.016801502210523234,2361.3608867127346,-0.010594537970063489,2356.971672113891,0.015173077096128473,2355.857419324727,2385.4349611216317,0.014825925290787708,0.014825925290787708,0.499279402632854,-0.013586831040421687
2019-04-16,2882.503273868199,10139,169360.5145260922,2370.1629448947087,7681,166091.5566378244,100.20101630215032,64.49710157794453,0.01222365611287235,2341.5407559200667,0.026431625922149093,2281.243773852369,-0.020987008944493457,2330.146580989578,-0.03754560298214349,2405.3097646489746,-0.024404053828445793,2389.20386502449,0.011791072880230402,2375.7044607740777,0.007947820876177847,2348.828055373874,2385.1578853276633,0.014979981102123716,0.014979981102123716,0.43651340819382345,-0.7960200166268221
2019-04-17,2884.6631470304774,17174,166905.17266928454,2375.175625153255,7568,164832.96878809348,100.15829103751663,64.50592865062004,0.002114909554781219,2370.1629448947087,0.01222365611287235,2341.5407559200667,0.026431625922149093,2281.243773852369,-0.020987008944493457,2421.0462212126467,0.006542382521765866,2387.9154521450905,-0.000539264521651095,2382.9097188228407,0.0030328932608121306,2339.6539361619953,2384.771180644184,0.01497157308321183,0.01497157308321183,0.3886466049276206,-0.23785763597738616
2019-04-18,2941.6084857633987,6106,159052.21519023963,2394.429726582424,11879,164885.4489116079,100.17414500662431,64.81456292654369,0.00810639062866203,2375.175625153255,0.002114909554781219,2370.1629448947087,0.01222365611287235,2341.5407559200667,0.026431625922149093,2330.146580989578,-0.03754560298214349,2413.6166719183543,0.010763035914934216,2400.529405229345,0.007394189661204642,2352.510565280565,2384.466196711838,0.014991058425606496,0.014991058425606496,0.34648876844233667,-0.33791645936084447
2019-04-19,2852.392537862243,13497,164478.31349826048,2392.784664593157,6065,164788.0355277283,100.23670404602106,64.15030671523078,-0.0006870370723366381,2394.429726582424,0.00810639062866203,2375.175625153255,0.002114909554781219,2370.1629448947087,0.01222365611287235,2281.243773852369,-0.020987008944493457,2424.738164398213,0.004607812255050137,2382.4259284882346,-0.007541451773793395,2374.8187434287224,2384.984133517084,0.01488804344295353,0.01488804344295353,0.3155530935829375,-0.2786494412111795
2019-04-22,2891.8288720337423,7326,160558.12686846277,2342.258258326591,8269,165144.19473666494,100.20576939204904,64.25402468917126,-0.02111615266272049,2392.784664593157,-0.0006870370723366381,2394.429726582424,0.00810639062866203,2375.175625153255,0.002114909554781219,2341.5407559200667,0.026431625922149093,2465.4774080272896,0.016801502210523234,2397.4896204186866,0.006322837470128961,2374.962243910027,2382.2225654124795,0.015555374349801386,0.015555374349801386,0.3038505086841232,-0.33934865779836715
2019-04-23,2821.5415033074405,16728,166675.24094518056,2383.9551743440024,6386,161312.06512521452,100.25144691580478,64.61091129075754,0.017802014730519566,2342.258258326591,-0.02111615266272049,2392.784664593157,-0.0006870370723366381,2394.429726582424,0.00810639062866203,2370.1629448947087,0.01222365611287235,2405.3097646489746,-0.024404053828445793,2383.671576044898,-0.00576354711032101,2377.720689799886,2382.2367453274346,0.016063660821176474,0.016063660821176474,0.2918125799676862,0.5955775131205635
2019-04-24,2880.812117600148,15975,160820.1435059574,2372.5527585473587,19720,165181.57660682496,100.18525432169812,64.56500352789568,-0.00478298246517217,2383.9551743440024,0.017802014730519566,2342.258258326591,-0.02111615266272049,2392.784664593157,-0.0006870370723366381,2375.175625153255,0.002114909554781219,2421.0462212126467,0.006542382521765866,2381.022291698087,-0.0011114301036414531,2377.1961164787067,2381.813268669898,0.01609952754662689,0.01609952754662689,0.29175791761762565,-0.5581118383780117
2019-04-25,2821.781546571448,7926,164446.5134391156,2383.2886170960646,19275,161755.62672461334,100.1489489370416,64.73006427670362,0.004525024158062996,2372.5527585473587,-0.00478298246517217,2383.9551743440024,0.017802014730519566,2342.258258326591,-0.02111615266272049,2394.429726582424,0.00810639062866203,2330.146580989578,-0.03754560298214349,2396.700374530766,0.0065846014492783045,2374.967894581435,2381.1426807981634,0.016061370397272363,0.016061370397272363,0.2998853344741687,0.5767421871161698
2019-04-26,2830.8557192922044,13886,161975.38780613666,2399.400933710579,14393,160015.5822293963,100.11077514764176,64.51914355243427,0.006760539407160149,2383.2886170960646,0.004525024158062996,2372.5527585473587,-0.00478298246517217,2383.9551743440024,0.017802014730519566,2392.784664593157,-0.0006870370723366381,2281.243773852369,-0.020987008944493457,2386.646301575892,-0.004194964486056274,2376.291148404919,2381.780412404897,0.016103175869941158,0.016103175869941158,0.3082476601132333,0.6572311445711109
2019-04-29,2914.8097421305383,18610,153972.8597822085,2465.583120498975,10443,154102.8366414704,99.99119118308286,64.48333369265121,0.027582796129885567,2399.400933710579,0.006760539407160149,2383.2886170960646,0.004525024158062996,2372.5527585473587,-0.00478298246517217,2342.258258326591,-0.02111615266272049,2341.5407559200667,0.026431625922149093,2361.3608867127346,-0.010594537970063489,2400.956120839396,2386.991524094209,0.01697179542547931,0.01697179542547931,0.2933710365025808,1.671795963483105
2019-04-30,2922.220834344346,14402,154161.4398948853,2347.874680384576,11319,160761.98047588393,100.03988843116142,63.99705963715877,-0.04774060916290568,2465.583120498975,0.027582796129885567,2399.400933710579,0.006760539407160149,2383.2886170960646,0.004525024158062996,2383.9551743440024,0.017802014730519566,2370.1629448947087,0.01222365611287235,2389.20386502449,0.011791072880230402,2393.740022047511,2384.9250648622137,0.020143590333643945,0.020143590333643945,0.30252958852787326,-0.05768800910854749
2019-05-01,3000.3637955096065,16480,149012.09551224194,2418.094631543396,19809,155356.08243896076,99.99294819714116,63.29375664463311,0.02990787870642153,2347.874680384576,-0.04774060916290568,2465.583120498975,0.027582796129885567,2399.400933710579,0.006760539407160149,2372.5527585473587,-0.00478298246517217,2375.175625153255,0.002114909554781219,2387.9154521450905,-0.000539264521651095,2402.8483966467184,2386.434023832129,0.02127339321526393,0.02127339321526393,0.3159339015268728,1.4584400752372821
2019-05-02,2924.970299352786,9800,153934.48515149183,2348.9618652081244,6373,160774.29437496982,99.99419760901392,63.57658638500069,-0.0285897687515837,2418.094631543396,0.02990787870642153,2347.874680384576,-0.04774060916290568,2465.583120498975,0.027582796129885567,2383.2886170960646,0.004525024158062996,2394.429726582424,0.00810639062866203,2413.6166719183543,0.010763035914934216,2395.98304626913,2383.2012834966176,0.02211122365702427,0.02211122365702427,0.31528580468114964,0.06342081303391878
2019-05-03,3077.074119837531,12418,144526.066959649,2338.4613703846003,14777,162766.2651936415,100.0422722749045,63.28108790668336,-0.004470270453962311,2348.9618652081244,-0.0285897687515837,2418.094631543396,0.02990787870642153,2347.874680384576,-0.04774060916290568,2399.400933710579,0.006760539407160149,2392.784664593157,-0.0006870370723366381,2424.738164398213,0.004607812255050137,2383.7951336039346,2378.887443795937,0.022080560085995193,0.022080560085995193,0.3001708753049857,0.0662288906021552
2019-05-06,3022.202008787113,7970,146486.93439739512,2379.441375212714,6771,159280.8525927062,100.08692539250752,63.14442955318233,0.017524345429479338,2338.4613703846003,-0.004470270453962311,2348.9618652081244,-0.0285897687515837,2418.094631543396,0.02990787870642153,2465.583120498975,0.027582796129885567,2342.258258326591,-0.02111615266272049,2465.4774080272896,0.016801502210523234,2366.5667845466824,2374.585642155208,0.02211279263940103,0.02211279263940103,0.2936053136945453,0.8974476681536807
2019-05-07,2923.5545412531324,5611,153082.63250738513,2256.1696971398364,17513,166755.14587737483,100.15346390340478,62.72849687720127,-0.05180698266283501,2379.441375212714,0.017524345429479338,2338.4613703846003,-0.004470270453962311,2348.9618652081244,-0.0285897687515837,2347.874680384576,-0.04774060916290568,2383.9551743440024,0.017802014730519566,2405.3097646489746,-0.024404053828445793,2348.2257878977343,2367.128638779751,0.024340771147913498,0.024340771147913498,0.26941313626219027,-0.6862892816148832
2019-05-08,2898.9905571636923,13430,155134.79680303988,2308.4229854832474,14990,162259.92179975804,100.14361535495384,62.30550596627611,0.023160176475046645,2256.1696971398364,-0.05180698266283501,2379.441375212714,0.017524345429479338,2338.4613703846003,-0.004470270453962311,2418.094631543396,0.02990787870642153,2372.5527585473587,-0.00478298246517217,2421.0462212126467,0.006542382521765866,2326.2914586857046,2361.4974769932815,0.024956274115098164,0.024956274115098164,0.24292778076478572,0.7366154749630426
2019-05-09,2856.407235701466,11213,160381.69479018942,2344.540193704545,18316,160299.52276062185,100.10128552374944,62.25335465624772,0.015645836334339247,2308.4229854832474,0.023160176475046645,2256.1696971398364,-0.05180698266283501,2379.441375212714,0.017524345429479338,2348.9618652081244,-0.0285897687515837,2383.2886170960646,0.004525024158062996,2330.146580989578,-0.03754560298214349,2325.4071243849885,2362.2171576290298,0.023784512556671848,0.023784512556671848,0.2202103704087379,0.581861601055343
2019-05-10,2851.1613899101044,9378,156846.4679306904,2360.0650902611555,9134,158404.98521576708,100.0933137026588,62.03448149800703,0.006621723354667708,2344.540193704545,0.015645836334339247,2308.4229854832474,0.023160176475046645,2256.1696971398364,-0.05180698266283501,2338.4613703846003,-0.004470270453962311,2399.400933710579,0.006760539407160149,2281.243773852369,-0.020987008944493457,2329.7278683603,2366.158223449469,0.023262348230120473,0.023262348230120473,0.1866794316222636,0.7468512709641889
2019-05-13,2817.0908612602366,10302,158453.83392729537,2252.7678296749814,15554,168570.01231513408,99.92458025926298,62.14787279740544,-0.04546368700970915,2360.0650902611555,0.006621723354667708,2344.540193704545,0.015645836334339247,2308.4229854832474,0.023160176475046645,2379.441375212714,0.017524345429479338,2465.583120498975,0.027582796129885567,2341.5407559200667,0.026431625922149093,2304.393159252753,2361.7195771372144,0.024786873810969695,0.024786873810969695,0.22498850514761815,-1.1867756035908767
2019-05-14,2825.3090163985407,8721,158675.34443074104,2217.7398440463403,11549,172616.75137486748,99.77986901202068,62.283634323099314,-0.015548866229013414,2252.7678296749814,-0.04546368700970915,2360.0650902611555,0.006621723354667708,2344.540193704545,0.015645836334339247,2256.1696971398364,-0.05180698266283501,2347.874680384576,-0.04774060916290568,2370.1629448947087,0.01222365611287235,2296.707188634054,2354.0984220947967,0.024747578578709014,0.024747578578709014,0.25024500756012974,-1.1054730014436709
2019-05-15,2875.685081970093,14930,153855.20945965592,2294.4652044747354,14071,161182.65794465158,99.64759905078525,62.379889216996695,0.0345961951463194,2217.7398440463403,-0.015548866229013414,2252.7678296749814,-0.04546368700970915,2360.0650902611555,0.006621723354667708,2308.4229854832474,0.023160176475046645,2418.094631543396,0.02990787870642153,2375.175625153255,0.002114909554781219,2293.9156324323512,2350.0629010608704,0.02612968381867056,0.02612968381867056,0.24888919875444848,1.232806922346263
2019-05-16,2825.0168526207376,6832,157512.79122807024,2198.852508718654,13713,170676.4692802762,99.54787436802508,62.45146945427523,-0.0416710157859943,2294.4652044747354,0.0345961951463194,2217.7398440463403,-0.015548866229013414,2252.7678296749814,-0.04546368700970915,2344.540193704545,0.015645836334339247,2348.9618652081244,-0.0285897687515837,2394.429726582424,0.00810639062866203,2264.7780954351733,2340.2840401676813,0.02751083338943725,0.02751083338943725,0.3144583959509907,-0.8654567894063669
2019-05-17,2732.886499666039,19821,165323.8788887997,2267.7981683585226,10557,160153.47791507855,99.58785179069744,62.9247999157548,0.03135529071026477,2198.852508718654,-0.0416710157859943,2294.4652044747354,0.0345961951463194,2217.7398440463403,-0.015548866229013414,2360.0650902611555,0.006621723354667708,2338.4613703846003,-0.004470270453962311,2392.784664593157,-0.0006870370723366381,2246.3247110546463,2334.0347153559496,0.02861776372948086,0.02861776372948086,0.3360893423021076,1.2291336709198308
2019-05-20,2679.1950911339127,7962,170049.70449501646,2275.005270765987,12783,156834.28141764097,99.4973038851614,62.60452178504133,0.003178017562595059,2267.7981683585226,0.03135529071026477,2198.852508718654,-0.0416710157859943,2294.4652044747354,0.0345961951463194,2252.7678296749814,-0.04546368700970915,2379.441375212714,0.017524345429479338,2342.258258326591,-0.02111615266272049,2250.7721992728484,2330.6720659779194,0.028290126803966434,0.028290126803966434,0.3522482029429219,1.098886137191833
2019-05-21,2703.4802106892757,9703,164569.10084597193,2294.190776777274,9214,154804.78449414956,99.45948762975748,62.588041325180455,0.008433169917372307,2275.005270765987,0.003178017562595059,2267.7981683585226,0.03135529071026477,2198.852508718654,-0.0416710157859943,2217.7398440463403,-0.015548866229013414,2256.1696971398364,-0.05180698266283501,2383.9551743440024,0.017802014730519566,2266.0623858190347,2326.183846099583,0.02803761506667587,0.02803761506667587,0.356486279817492,1.1213156325993467
2019-05-22,2735.956664768696,15182,159592.43474479552,2241.1535056988323,10518,157404.31040439918,99.58941045953608,62.92784827133633,-0.02311807353394779,2294.190776777274,0.008433169917372307,2275.005270765987,0.003178017562595059,2267.7981683585226,0.03135529071026477,2294.4652044747354,0.0345961951463194,2308.4229854832474,0.023160176475046645,2372.5527585473587,-0.00478298246517217,2255.400046063854,2319.613883457157,0.02844604096089626,0.02844604096089626,0.3968031585023022,0.5482911495007818
2019-05-23,2643.4552547742464,19001,160590.70468322316,2171.601910857237,19063,161897.33293856142,99.55378406242994,63.30721021413774,-0.03103383800562476,2241.1535056988323,-0.02311807353394779,2294.190776777274,0.008433169917372307,2275.005270765987,0.003178017562595059,2198.852508718654,-0.0416710157859943,2344.540193704545,0.015645836334339247,2383.2886170960646,0.004525024158062996,2249.9499264915707,2309.0295481452154,0.029090702338772225,0.029090702338772225,0.45066062320507877,0.008925014067522552
2019-05-24,2566.3861021817283,6368,167612.29383632622,2214.0842309964137,17761,160061.07760540154,99.62753561927666,62.88068111933437,0.019562664743837388,2171.601910857237,-0.03103383800562476,2241.1535056988323,-0.02311807353394779,2294.190776777274,0.008433169917372307,2267.7981683585226,0.03135529071026477,2360.0650902611555,0.006621723354667708,2399.400933710579,0.006760539407160149,2239.2071390191486,2299.7637130095072,0.029483548727605762,0.029483548727605762,0.4862764130725425,0.4696157238334032
2019-05-27,2552.369115209713,15263,168939.41125990718,2253.763189751592,5766,154193.7959703648,99.53417385127568,62.78697448683761,0.017921160450757423,2214.0842309964137,0.019562664743837388,2171.601910857237,-0.03103383800562476,2241.1535056988323,-0.02311807353394779,2275.005270765987,0.003178017562595059,2252.7678296749814,-0.04546368700970915,2465.583120498975,0.027582796129885567,2234.95872281627,2289.1727164721387,0.02902137164618801,0.02902137164618801,0.4959813254954174,1.2232837635171634
2019-05-28,2671.834673343191,15361,162074.82984957323,2217.9490995538445,16728,159665.53680455175,99.5136300954889,63.19441081559778,-0.01589079560825335,2253.763189751592,0.017921160450757423,2214.0842309964137,0.019562664743837388,2171.601910857237,-0.03103383800562476,2294.190776777274,0.008433169917372307,2217.7398440463403,-0.015548866229013414,2347.874680384576,-0.04774060916290568,2219.7103873715837,2282.6764374306017,0.02732348521518449,0.02732348521518449,0.5060905184204307,0.08789831548901697
2019-05-29,2566.31996053044,7389,169944.20614224175,2188.6544858965603,14948,165829.9254053967,99.41862788999784,63.34683454715751,-0.013207973827342068,2217.9490995538445,-0.01589079560825335,2253.763189751592,0.017921160450757423,2214.0842309964137,0.019562664743837388,2241.1535056988323,-0.02311807353394779,2294.4652044747354,0.0345961951463194,2418.094631543396,0.02990787870642153,2209.2105834111294,2271.2044301482597,0.026315570261408894,0.026315570261408894,0.5163525735895692,-0.5000227654466234
2019-05-30,2584.5959109795767,7321,166015.65197564993,2342.169177850532,6824,154411.90003898248,99.38472458240778,63.40541345660144,0.0701411268627381,2188.6544858965603,-0.013207973827342068,2217.9490995538445,-0.01589079560825335,2253.763189751592,0.017921160450757423,2171.601910857237,-0.03103383800562476,2198.852508718654,-0.0416710157859943,2348.9618652081244,-0.0285897687515837,2243.3240368097886,2270.86479578038,0.030512239240112718,0.030512239240112718,0.47102782578564795,1.4269135292954398
2019-05-31,2578.151197783176,15144,168491.5189311443,2373.904349673619,10894,149397.54926531026,99.46875539615353,63.34010804857104,0.01354947888615432,2342.169177850532,0.0701411268627381,2188.6544858965603,-0.013207973827342068,2217.9490995538445,-0.01589079560825335,2214.0842309964137,0.019562664743837388,2267.7981683585226,0.03135529071026477,2338.4613703846003,-0.004470270453962311,2275.288060545229,2272.6369447448315,0.030629900374886165,0.030629900374886165,0.4039085337184684,1.4041184596963314
2019-06-03,2619.3203791365977,6555,162454.47883720006,2344.502296586749,6059,148753.0486305897,99.2960233538343,63.22496777085872,-0.012385525596645297,2373.904349673619,0.01354947888615432,2342.169177850532,0.0701411268627381,2188.6544858965603,-0.013207973827342068,2253.763189751592,0.017921160450757423,2275.005270765987,0.003178017562595059,2379.441375212714,0.017524345429479338,2293.435881912261,2270.8899908135327,0.030520762306868277,0.030520762306868277,0.3722393638755239,1.1078080235662664
2019-06-04,2559.7513272524902,13308,166859.81685201425,2348.4019483779143,16883,148500.50954250497,99.33946571818888,63.31143348978581,0.0016633175394380473,2344.502296586749,-0.012385525596645297,2373.904349673619,0.01354947888615432,2342.169177850532,0.0701411268627381,2217.9490995538445,-0.01589079560825335,2294.190776777274,0.008433169917372307,2256.1696971398364,-0.05180698266283501,2319.526451677075,2275.5016033754373,0.028009913451842762,0.028009913451842762,0.335216066166657,0.9073627528200447
2019-06-05,2542.5319222063767,15559,167608.293797383,2270.575605823868,13537,159333.83402589717,99.36323927842211,63.23572125229047,-0.0331401285916163,2348.4019483779143,0.0016633175394380473,2344.502296586749,-0.012385525596645297,2373.904349673619,0.01354947888615432,2188.6544858965603,-0.013207973827342068,2241.1535056988323,-0.02311807353394779,2308.4229854832474,0.023160176475046645,2335.910675662536,2273.6092343924674,0.028633263278332235,0.028633263278332235,0.2882888642270194,-0.2803204483498015
2019-06-06,2579.385004965732,9102,166078.00008252123,2279.050550463513,15728,158005.16219614336,99.30382428285245,63.22294766597714,0.0037325093328348657,2270.575605823868,-0.0331401285916163,2348.4019483779143,0.0016633175394380473,2344.502296586749,-0.012385525596645297,2342.169177850532,0.0701411268627381,2171.601910857237,-0.03103383800562476,2344.540193704545,0.015645836334339247,2323.2869501851324,2270.3347522304166,0.02840402168678208,0.02840402168678208,0.2517701035773766,0.3358585360908277
2019-06-07,2585.8027012530483,12220,167232.4711009132,2324.766940223795,8407,152723.0792139272,99.1592184974136,63.24652727781165,0.02005940138141482,2279.050550463513,0.0037325093328348657,2270.575605823868,-0.0331401285916163,2348.4019483779143,0.0016633175394380473,2373.904349673619,0.01354947888615432,2214.0842309964137,0.019562664743837388,2360.0650902611555,0.006621723354667708,2313.4594682951674,2268.569844728548,0.028751482674451004,0.028751482674451004,0.25407519590061806,0.8888962712504476
2019-06-10,2591.491096407805,6995,165757.61779461367,2225.0132026187343,14982,160967.38870075162,99.16643144818497,63.0431058192636,-0.04290913462295609,2324.766940223795,0.02005940138141482,2279.050550463513,0.0037325093328348657,2270.575605823868,-0.0331401285916163,2344.502296586749,-0.012385525596645297,2253.763189751592,0.017921160450757423,2252.7678296749814,-0.04546368700970915,2289.5616495015647,2267.1821133757358,0.028545517311956335,0.028545517311956335,0.22846791342765688,-0.4005163500778516
2019-06-11,2529.6328290163,7673,168891.57434792703,2270.6346624247094,10848,158200.1691420752,99.11348217727858,63.202744631428025,0.020503905213812068,2225.0132026187343,-0.04290913462295609,2324.766940223795,0.02005940138141482,2279.050550463513,0.0037325093328348657,2348.4019483779143,0.0016633175394380473,2217.9490995538445,-0.01589079560825335,2217.7398440463403,-0.015548866229013414,2274.0081923109237,2269.8268542946544,0.028665703995648717,0.028665703995648717,0.22681558455093387,0.2122817476849791
2019-06-12,2548.1738793784484,7468,167124.3993073954,2201.320490254872,9430,166548.58501086748,99.13674979841406,64.07701802595265,-0.030526342840120346,2270.6346624247094,0.020503905213812068,2225.0132026187343,-0.04290913462295609,2324.766940223795,0.02005940138141482,2270.575605823868,-0.0331401285916163,2188.6544858965603,-0.013207973827342068,2294.4652044747354,0.0345961951463194,2260.157169197125,2265.1696185836613,0.02841398394305605,0.02841398394305605,0.2065891319010387,-1.0695582479230628
2019-06-13,2507.4890516432324,15154,168974.19293834604,2162.47066821619,10343,169840.3853184676,99.1389350129664,63.54392203415483,-0.01764841703453357,2201.320490254872,-0.030526342840120346,2270.6346624247094,0.020503905213812068,2225.0132026187343,-0.04290913462295609,2279.050550463513,0.0037325093328348657,2342.169177850532,0.0701411268627381,2198.852508718654,-0.0416710157859943,2236.84119274766,2263.350526558538,0.02711285286808622,0.02711285286808622,0.18179304292935694,-1.4148200005812595
2019-06-14,2558.963257733086,18019,166573.9518171982,2211.78260984902,5632,164751.4472662858,99.2991129020985,63.641125791411824,0.022803519306695108,2162.47066821619,-0.01764841703453357,2201.320490254872,-0.030526342840120346,2270.6346624247094,0.020503905213812068,2324.766940223795,0.02005940138141482,2373.904349673619,0.01354947888615432,2267.7981683585226,0.03135529071026477,2214.244326672705,2260.549748633063,0.026647673870006997,0.026647673870006997,0.17622465870350704,-0.7082966385377498
2019-06-17,2602.908805892782,6152,163719.82069747834,2172.7436952658127,12087,169087.09279275636,99.2751773393512,63.41306876482615,-0.017650430204744327,2211.78260984902,0.022803519306695108,2162.47066821619,-0.01764841703453357,2201.320490254872,-0.030526342840120346,2225.0132026187343,-0.04290913462295609,2344.502296586749,-0.012385525596645297,2275.005270765987,0.003178017562595059,2203.790425202121,2255.4366698580543,0.026885211786104476,0.026885211786104476,0.17364480917673203,-1.3704116942985811
2019-06-18,2577.533941166392,12116,168319.13829779936,2199.676328981236,11849,166418.80781530088,99.172827590089,63.58628953808193,0.01239567914711115,2172.7436952658127,-0.017650430204744327,2211.78260984902,0.022803519306695108,2162.47066821619,-0.01764841703453357,2270.6346624247094,0.020503905213812068,2348.4019483779143,0.0016633175394380473,2294.190776777274,0.008433169917372307,2189.598758513426,2250.710947468252,0.02698024276906665,0.02698024276906665,0.1760715573621359,-0.6962559884957008
2019-06-19,2516.396108744821,18341,178106.48260796312,2177.105836494814,7098,167416.13768758447,99.19075515358465,63.60025678008029,-0.01026082437177267,2199.676328981236,0.01239567914711115,2172.7436952658127,-0.017650430204744327,2211.78260984902,0.022803519306695108,2201.320490254872,-0.030526342840120346,2270.575605823868,-0.0331401285916163,2241.1535056988323,-0.02311807353394779,2184.7558277614144,2247.5085640080515,0.026594953366162133,0.026594953366162133,0.18326564494590564,-0.8896046986493955
2019-06-20,2532.708552811968,13493,174780.27498820613,2102.476978980819,7110,170489.8413139562,99.21275482198182,63.82881321229303,-0.0342789295141247,2177.105836494814,-0.01026082437177267,2199.676328981236,0.01239567914711115,2172.7436952658127,-0.017650430204744327,2162.47066821619,-0.01764841703453357,2279.050550463513,0.0037325093328348657,2171.601910857237,-0.03103383800562476,2172.75708991434,2244.0523174142304,0.026796224663650583,0.026796224663650583,0.2053875741357244,-1.1464974757309148
2019-06-21,2515.890998830834,19065,174641.6796328921,2054.848470602464,13525,174988.91944980074,99.34867357950586,64.18146518524566,-0.022653521943171384,2102.476978980819,-0.0342789295141247,2177.105836494814,-0.01026082437177267,2199.676328981236,0.01239567914711115,2211.78260984902,0.022803519306695108,2324.766940223795,0.02005940138141482,2214.0842309964137,0.019562664743837388,2141.3702620650292,2236.090529394533,0.026730783111566396,0.026730783111566396,0.2410287176964292,-1.3314068986423384
2019-06-24,2582.6508096522275,16049,170038.40113494612,2056.337394906892,18443,173316.5010274843,99.43218470409732,64.23919152057611,0.0007245908035209414,2054.848470602464,-0.022653521943171384,2102.476978980819,-0.0342789295141247,2177.105836494814,-0.01026082437177267,2172.7436952658127,-0.017650430204744327,2225.0132026187343,-0.04290913462295609,2253.763189751592,0.017921160450757423,2118.089001993245,2226.219239652298,0.026282042926839347,0.026282042926839347,0.28678592448628276,-0.8544899801980351
2019-06-25,2588.760195100433,15673,170161.38963423762,2101.1784963309037,5826,168183.44073574748,99.46787181001228,64.57880720710037,0.021806295764048134,2056.337394906892,0.0007245908035209414,2054.848470602464,-0.022653521943171384,2102.476978980819,-0.0342789295141247,2199.676328981236,0.01239567914711115,2270.6346624247094,0.020503905213812068,2217.9490995538445,-0.01589079560825335,2098.3894354631784,2220.380709491151,0.02675075764237876,0.02675075764237876,0.3147914945367768,-0.31029004662761434
2019-06-26,2535.496524162014,8128,173369.66967356444,2062.889914873712,19514,170986.5038435364,99.61420209913422,63.875517838963766,-0.01822243161352155,2101.1784963309037,0.021806295764048134,2056.337394906892,0.0007245908035209414,2054.848470602464,-0.022653521943171384,2177.105836494814,-0.01026082437177267,2201.320490254872,-0.030526342840120346,2188.6544858965603,-0.013207973827342068,2075.5462511389583,2214.0924809400085,0.02688092436118934,0.02688092436118934,0.3691948797324991,-0.9121931298512007
2019-06-27,2519.6694759334828,18290,170928.18453177813,2089.164787065708,18962,166388.46530300978,99.49532579370194,64.35265352833858,0.01273692406102267,2062.889914873712,-0.01822243161352155,2101.1784963309037,0.021806295764048134,2056.337394906892,0.0007245908035209414,2102.476978980819,-0.0342789295141247,2162.47066821619,-0.01764841703453357,2342.169177850532,0.0701411268627381,2072.8838127559357,2201.442261400767,0.021159279413139002,0.021159279413139002,0.400751602349348,-0.29981020869558195
2019-06-28,2507.207398440273,8727,176804.900589788,2134.922319398374,14787,162888.55953049607,99.43135064042696,64.46517217390627,0.021902308815444638,2089.164787065708,0.01273692406102267,2062.889914873712,-0.01822243161352155,2101.1784963309037,0.021806295764048134,2054.848470602464,-0.022653521943171384,2211.78260984902,0.022803519306695108,2373.904349673619,0.01354947888615432,2088.8985825151176,2189.4931598870053,0.021631910960045814,0.021631910960045814,0.3992865590293903,-0.06140143205711307
2019-07-01,2519.630212702294,5755,175704.80902048817,2098.1965875059705,14105,168273.55321898518,99.3386930462864,64.78852518062983,-0.017202373856278208,2134.922319398374,0.021902308815444638,2089.164787065708,0.01273692406102267,2062.889914873712,-0.01822243161352155,2056.337394906892,0.0007245908035209414,2172.7436952658127,-0.017650430204744327,2344.502296586749,-0.012385525596645297,2097.2704210349334,2177.1778744329663,0.021744200387416663,0.021744200387416663,0.4295187363225033,-0.8283018283948873
2019-07-02,2607.746316972229,16658,166095.03589167548,2040.1196866026264,12493,174618.8271200181,99.29971206597084,64.42256245717738,-0.027679437307815524,2098.1965875059705,-0.017202373856278208,2134.922319398374,0.021902308815444638,2089.164787065708,0.01273692406102267,2101.1784963309037,0.021806295764048134,2199.676328981236,0.01239567914711115,2348.4019483779143,0.0016633175394380473,2085.0586590892785,2161.7637613442016,0.022233467960949382,0.022233467960949382,0.4525609512822515,-1.249643206803443
2019-07-03,2673.723724446525,6405,156039.91565291377,2069.043269520537,7597,170162.54277166867,99.1620434512152,64.17333149269577,0.014177395134143511,2040.1196866026264,-0.027679437307815524,2098.1965875059705,-0.017202373856278208,2134.922319398374,0.021902308815444638,2062.889914873712,-0.01822243161352155,2177.105836494814,-0.01026082437177267,2270.575605823868,-0.0331401285916163,2086.2893300186433,2151.6871445290353,0.02179350780144959,0.02179350780144959,0.4757010218506433,-0.29727929987274354
2019-07-04,2767.085915047454,9632,151801.77901814418,2046.580732125589,15490,172408.85867345275,99.22555854589665,64.2171129809392,-0.010856485084602907,2069.043269520537,0.014177395134143511,2040.1196866026264,-0.027679437307815524,2098.1965875059705,-0.017202373856278208,2089.164787065708,0.01273692406102267,2102.476978980819,-0.0342789295141247,2279.050550463513,0.0037325093328348657,2077.772519030619,2140.063653612139,0.02175075682487301,0.02175075682487301,0.4757309659273407,-0.8367490900349397
2019-07-05,2738.981521407233,11351,154467.62474751842,2048.5682933262106,9475,173324.44293378078,99.20333627618676,64.21200161413796,0.0009711618845140713,2046.580732125589,-0.010856485084602907,2069.043269520537,0.014177395134143511,2040.1196866026264,-0.027679437307815524,2134.922319398374,0.021902308815444638,2054.848470602464,-0.022653521943171384,2324.766940223795,0.02005940138141482,2060.5017138161866,2126.2537212672596,0.020992445830056293,0.020992445830056293,0.4734073657029609,-0.8621899696633344
2019-07-08,2640.287923493752,7266,161626.49879888233,1953.775928345775,6618,182073.38089285124,99.0562556467365,64.29692219054095,-0.046272494448561186,2048.5682933262106,0.0009711618845140713,2046.580732125589,-0.010856485084602907,2069.043269520537,0.014177395134143511,2098.1965875059705,-0.017202373856278208,2056.337394906892,0.0007245908035209414,2225.0132026187343,-0.04290913462295609,2031.6175819841476,2112.691857553612,0.021313905826840444,0.021313905826840444,0.47306873792513054,-2.040381220189015
2019-07-09,2605.594823419851,10190,162039.04114338552,1993.934257457172,11367,178974.2340438427,98.95469773861576,64.62227673881995,0.02055421429283255,1953.775928345775,-0.046272494448561186,2048.5682933262106,0.0009711618845140713,2046.580732125589,-0.010856485084602907,2040.1196866026264,-0.027679437307815524,2101.1784963309037,0.021806295764048134,2270.6346624247094,0.020503905213812068,2022.3804961550566,2098.856837305235,0.021317233626286274,0.021317233626286274,0.4729380160083752,-0.8845985540961216
2019-07-10,2604.427580486129,17124,161788.74872074896,2016.7788075990468,15567,173494.75832422596,98.98604912336076,64.0927106442291,0.011457022746079959,1993.934257457172,0.02055421429283255,1953.775928345775,-0.046272494448561186,2048.5682933262106,0.0009711618845140713,2069.043269520537,0.014177395134143511,2062.889914873712,-0.01822243161352155,2201.320490254872,-0.030526342840120346,2011.9276037707587,2089.6297531724435,0.020864079230641014,0.020864079230641014,0.4690121187667312,-0.1709577266950691
2019-07-11,2586.0228592209096,8926,162289.65506100378,2097.162258607016,6382,164787.73780213256,99.0698617801502,64.38485636574428,0.039857346132898375,2016.7788075990468,0.011457022746079959,1993.934257457172,0.02055421429283255,1953.775928345775,-0.046272494448561186,2046.580732125589,-0.010856485084602907,2089.164787065708,0.01273692406102267,2162.47066821619,-0.01764841703453357,2022.0439090670443,2086.364332691985,0.022781696609033484,0.022781696609033484,0.4453235057993361,0.991119653736454
2019-07-12,2581.9249549544825,9558,157447.69233882643,2097.8768315614334,14669,167384.75925661268,99.2695348693194,64.38734093873167,0.0003407332701532706,2097.162258607016,0.039857346132898375,2016.7788075990468,0.011457022746079959,1993.934257457172,0.02055421429283255,2048.5682933262106,0.0009711618845140713,2134.922319398374,0.021902308815444638,2211.78260984902,0.022803519306695108,2031.9056167140886,2080.669043777606,0.022074380389760253,0.022074380389760253,0.42700283070205375,0.041469613094571395
2019-07-15,2563.4426046959866,13903,164176.01212441805,2177.9741301076315,6942,161508.8060361277,99.56092111592012,64.3262063803943,0.0381801721345969,2097.8768315614334,0.0003407332701532706,2097.162258607016,0.039857346132898375,2016.7788075990468,0.011457022746079959,1953.775928345775,-0.046272494448561186,2098.1965875059705,-0.017202373856278208,2172.7436952658127,-0.017650430204744327,2076.74525706646,2080.9305655196963,0.02352765976073797,0.02352765976073797,0.4166980196833572,1.090275527070678
2019-07-16,2553.275299241465,6864,165699.71699070997,2203.3965331643394,8555,158744.68426697064,99.60236205924772,63.88487181007884,0.011672500010572406,2177.9741301076315,0.0381801721345969,2097.8768315614334,0.0003407332701532706,2097.162258607016,0.039857346132898375,1993.934257457172,0.02055421429283255,2040.1196866026264,-0.027679437307815524,2199.676328981236,0.01239567914711115,2118.6377122078934,2081.116575728852,0.023508775693734274,0.023508775693734274,0.4184513821552637,1.0330114806562074
2019-07-17,2577.028324863711,10273,162979.25651000443,2178.525876389015,5400,161101.67403474916,99.50340824724454,64.0357864105919,-0.011287417585071235,2203.3965331643394,0.011672500010572406,2177.9741301076315,0.0381801721345969,2097.8768315614334,0.0003407332701532706,2016.7788075990468,0.011457022746079959,2069.043269520537,0.014177395134143511,2177.105836494814,-0.01026082437177267,2150.987125965887,2081.187577723562,0.023534264663826302,0.023534264663826302,0.44357623633249005,0.4724425403034137
2019-07-18,2587.3075666233067,14473,160092.64244227606,2081.670439726088,14833,174139.83553990946,99.2902036191714,63.311554055282585,-0.04445916282778739,2178.525876389015,-0.011287417585071235,2203.3965331643394,0.011672500010572406,2177.9741301076315,0.0381801721345969,2097.162258607016,0.039857346132898375,2046.580732125589,-0.010856485084602907,2102.476978980819,-0.0342789295141247,2147.888762189701,2080.147250760825,0.024415046432360872,0.024415046432360872,0.44487666531576503,-0.7220943961210272
2019-07-19,2601.018593438349,16523,157700.06536649555,2195.045593405861,10452,165143.24748241814,99.3169747654058,63.5060722586542,0.05446354596585001,2081.670439726088,-0.04445916282778739,2178.525876389015,-0.011287417585071235,2203.3965331643394,0.011672500010572406,2097.8768315614334,0.0003407332701532706,2048.5682933262106,0.0009711618845140713,2054.848470602464,-0.022653521943171384,2167.322514558587,2087.157106900995,0.02666984724784109,0.02666984724784109,0.4774430571680497,1.2002697542980112
2019-07-22,2611.623847568545,8887,161674.25916463058,2215.4037601169066,19420,161682.87292640412,99.23568065587476,63.058440508012296,0.009274598565152115,2195.045593405861,0.05446354596585001,2081.670439726088,-0.04445916282778739,2178.525876389015,-0.011287417585071235,2177.9741301076315,0.0381801721345969,1953.775928345775,-0.046272494448561186,2056.337394906892,0.0007245908035209414,2174.808440560442,2095.110425161496,0.02668911978362795,0.02668911978362795,0.4960974277240035,1.1149212949325387
2019-07-23,2564.492232263014,6157,165947.54085474124,2230.049008021207,16110,160820.28105791393,99.19414492985678,63.07447788179754,0.006610645051684738,2215.4037601169066,0.009274598565152115,2195.045593405861,0.05446354596585001,2081.670439726088,-0.04445916282778739,2203.3965331643394,0.011672500010572406,1993.934257457172,0.02055421429283255,2101.1784963309037,0.021806295764048134,2180.1389355318156,2101.553950746011,0.02637206295707224,0.02637206295707224,0.5329915290366495,0.9547790146800785
2019-07-24,2542.455672310857,7147,164803.77581158275,2200.26396856961,6007,162427.50126204602,99.1329352499508,63.03872723059917,-0.013356226407789329,2230.049008021207,0.006610645051684738,2215.4037601169066,0.009274598565152115,2195.045593405861,0.05446354596585001,2178.525876389015,-0.011287417585071235,2016.7788075990468,0.011457022746079959,2062.889914873712,-0.01822243161352155,2184.486553967935,2108.4226534308063,0.02618472108717842,0.02618472108717842,0.5640870740973479,0.630344719669979
2019-07-25,2516.2518338572227,19872,168495.44304251092,2241.202167153976,5220,157360.6226831095,99.11885616130915,63.38958867478733,0.018606039624863735,2200.26396856961,-0.013356226407789329,2230.049008021207,0.006610645051684738,2215.4037601169066,0.009274598565152115,2081.670439726088,-0.04445916282778739,2097.162258607016,0.039857346132898375,2089.164787065708,0.01273692406102267,2216.392899453512,2116.0245224352193,0.026325558232962176,0.026325558232962176,0.6084076334161297,1.2507018441019742
2019-07-26,2520.8361177017287,8822,168933.44290686995,2209.1946816338486,13529,157686.94488273456,99.22545418438791,63.33599212408316,-0.01428139147338614,2241.202167153976,0.018606039624863735,2200.26396856961,-0.013356226407789329,2230.049008021207,0.006610645051684738,2195.045593405861,0.05446354596585001,2097.8768315614334,0.0003407332701532706,2134.922319398374,0.021902308815444638,2219.22271709911,2119.738140546993,0.026262738934695728,0.026262738934695728,0.6463777179894217,0.8716109333260039
2019-07-29,2522.848634059591,16340,169629.72444591043,2207.839746233374,14435,159128.55215762215,99.24115904113246,63.12775055573947,-0.0006133164323356421,2209.1946816338486,-0.01428139147338614,2241.202167153976,0.018606039624863735,2200.26396856961,-0.013356226407789329,2215.4037601169066,0.009274598565152115,2177.9741301076315,0.0381801721345969,2098.1965875059705,-0.017202373856278208,2217.709914322403,2125.220298483363,0.025882282187030158,0.025882282187030158,0.6823489146282071,0.5897113482255831
2019-07-30,2512.1813797914324,14430,169997.04522402358,2213.5372373638857,13648,162937.69263691115,99.2252955574286,62.9757697469481,0.0025805727703884784,2207.839746233374,-0.0006133164323356421,2209.1946816338486,-0.01428139147338614,2241.202167153976,0.018606039624863735,2230.049008021207,0.006610645051684738,2203.3965331643394,0.011672500010572406,2040.1196866026264,-0.027679437307815524,2214.407560190939,2133.891176021426,0.024867134361337098,0.024867134361337098,0.7192094555100563,0.10806607620768682
2019-07-31,2512.5732878104004,13563,169407.70575082378,2213.340676391126,12870,164520.7791727142,99.121730182146,63.3576345775745,-8.879948773465873e-05,2213.5372373638857,0.0025805727703884784,2207.839746233374,-0.0006133164323356421,2209.1946816338486,-0.01428139147338614,2200.26396856961,-0.013356226407789329,2178.525876389015,-0.011287417585071235,2069.043269520537,0.014177395134143511,2217.0229017552424,2141.1060463649555,0.024775779567149353,0.024775779567149353,0.7525157570956708,0.08613906401770201
2019-08-01,2530.033917545724,9393,168238.6466393959,2153.5057648033617,7410,167143.45444932836,98.95426188767556,63.51852366832877,-0.027033755908433377,2213.340676391126,-8.879948773465873e-05,2213.5372373638857,0.0025805727703884784,2207.839746233374,-0.0006133164323356421,2241.202167153976,0.018606039624863735,2081.670439726088,-0.04445916282778739,2046.580732125589,-0.010856485084602907,2199.4836212851196,2146.452297998844,0.02552757729529968,0.02552757729529968,0.776791105476059,-0.17868778750212835
2019-08-02,2548.218091958026,14370,166177.6315931512,2213.37354223283,15814,162452.28060132495,98.90563109676825,63.40283467387182,0.027800147279817056,2153.5057648033617,-0.027033755908433377,2213.340676391126,-8.879948773465873e-05,2213.5372373638857,0.0025805727703884784,2209.1946816338486,-0.01428139147338614,2195.045593405861,0.05446354596585001,2048.5682933262106,0.0009711618845140713,2200.319393404915,2154.6925604441753,0.026121179937193553,0.026121179937193553,0.8267289078797232,0.5161401207909746
2019-08-05,2565.6103229622386,6251,161788.0096270847,2236.4849755884084,16765,157298.56722052762,98.9002528416864,63.33190074788247,0.010441722969302125,2213.37354223283,0.027800147279817056,2153.5057648033617,-0.027033755908433377,2213.340676391126,-8.879948773465873e-05,2207.839746233374,-0.0006133164323356421,2215.4037601169066,0.009274598565152115,1953.775928345775,-0.046272494448561186,2206.048439275922,2168.8280128063066,0.023277092722109472,0.023277092722109472,0.8394002903921248,0.7327763275695891
2019-08-06,2577.8226242175747,8906,158680.3324387037,2305.0392429702483,10846,151528.8547608226,99.0770458330444,62.86174762070684,0.030652684069028213,2236.4849755884084,0.010441722969302125,2213.37354223283,0.027800147279817056,2153.5057648033617,-0.027033755908433377,2213.5372373638857,0.0025805727703884784,2230.049008021207,0.006610645051684738,1993.934257457172,0.02055421429283255,2224.3488403971946,2184.3832620819608,0.023691598974848547,0.023691598974848547,0.8401438701575641,1.2375996382576395
2019-08-07,2592.2450613954006,12418,157472.74642898596,2371.0424277430093,14183,147882.3179468575,99.09007328519168,62.97828988096229,0.028634299816826525,2305.0392429702483,0.030652684069028213,2236.4849755884084,0.010441722969302125,2213.37354223283,0.027800147279817056,2213.340676391126,-8.879948773465873e-05,2200.26396856961,-0.013356226407789329,2016.7788075990468,0.011457022746079959,2255.8891906675717,2202.096443089159,0.024147996012562012,0.024147996012562012,0.8317275575689713,1.225341137769169
2019-08-08,2577.500575713442,8445,155289.182094372,2460.602389262392,10977,143300.324502697,99.188347236294,62.450345168653655,0.037772399376520216,2371.0424277430093,0.028634299816826525,2305.0392429702483,0.030652684069028213,2236.4849755884084,0.010441722969302125,2153.5057648033617,-0.027033755908433377,2241.202167153976,0.018606039624863735,2097.162258607016,0.039857346132898375,2317.308515559377,2220.2684496219276,0.024009146646089562,0.024009146646089562,0.8132390637860688,1.2285519619954497
2019-08-09,2578.819320405521,9376,154842.06805486672,2451.932938965485,7265,144310.36842543454,99.13841767644008,62.6758841084043,-0.003523304022925,2460.602389262392,0.037772399376520216,2371.0424277430093,0.028634299816826525,2305.0392429702483,0.030652684069028213,2213.37354223283,0.027800147279817056,2209.1946816338486,-0.01428139147338614,2097.8768315614334,0.0003407332701532706,2365.0203949059082,2237.97125499213,0.024091932044205143,0.024091932044205143,0.8188332585087189,0.5968531728927255
2019-08-12,2593.9942917439607,11457,152954.6210219751,2387.1259459871103,6232,150294.994052558,99.01992329979838,62.71447058615168,-0.026430981022555144,2451.932938965485,-0.003523304022925,2460.602389262392,0.037772399376520216,2371.0424277430093,0.028634299816826525,2236.4849755884084,0.010441722969302125,2207.839746233374,-0.0006133164323356421,2177.9741301076315,0.0381801721345969,2395.148588985649,2248.4288457861044,0.02417822133628363,0.02417822133628363,0.8343403933194046,-0.06999429692078007
2019-08-13,2604.0093563313726,7348,153610.87529048882,2389.904797232533,19188,150082.39252373026,98.92341162357512,63.43055612602385,0.0011640991335601925,2387.1259459871103,-0.026430981022555144,2451.932938965485,-0.003523304022925,2460.602389262392,0.037772399376520216,2305.0392429702483,0.030652684069028213,2213.5372373638857,0.0025805727703884784,2203.3965331643394,0.011672500010572406,2412.121699838106,2257.754258989514,0.024136799042903306,0.024136799042903306,0.8590571582656759,0.25006452247695937
2019-08-14,2648.77344159486,13344,150441.73801439902,2410.4462387935614,17325,148020.4565583141,98.85088901712156,63.10051545990656,0.008595087797980572,2389.904797232533,0.0011640991335601925,2387.1259459871103,-0.026430981022555144,2451.932938965485,-0.003523304022925,2371.0424277430093,0.028634299816826525,2213.340676391126,-8.879948773465873e-05,2178.525876389015,-0.011287417585071235,2420.002462048216,2269.350277109741,0.023866943523255447,0.023866943523255447,0.8783900930196525,0.38719684972731033
2019-08-15,2637.937790463951,12617,150633.0681001061,2463.80091643778,7484,146739.85453610562,99.06373599036507,63.06971683259437,0.02213477188809776,2410.4462387935614,0.008595087797980572,2389.904797232533,0.0011640991335601925,2387.1259459871103,-0.026430981022555144,2460.602389262392,0.037772399376520216,2153.5057648033617,-0.027033755908433377,2081.670439726088,-0.04445916282778739,2420.642167483294,2288.456800945326,0.02103042871432824,0.02103042871432824,0.9092390741124249,-0.009590584277842096
2019-08-16,2609.868648826605,15967,152136.26107022213,2328.228216784307,8760,155873.3994625831,98.98159732244264,63.60920314287129,-0.05502583376317893,2463.80091643778,0.02213477188809776,2410.4462387935614,0.008595087797980572,2389.904797232533,0.0011640991335601925,2451.932938965485,-0.003523304022925,2213.37354223283,0.027800147279817056,2195.045593405861,0.05446354596585001,2395.9012230470585,2295.115932114248,0.022669298702206988,0.022669298702206988,0.9069574582567589,-1.171538638139189
2019-08-19,2621.186755441086,10229,152097.09937037324,2357.4940951563453,13793,150115.92187629864,99.06544624281628,63.96662003495872,0.012570021341146598,2328.228216784307,-0.05502583376317893,2463.80091643778,0.02213477188809776,2410.4462387935614,0.008595087797980572,2387.1259459871103,-0.026430981022555144,2236.4849755884084,0.010441722969302125,2215.4037601169066,0.009274598565152115,2389.9748528809055,2302.22044886622,0.022727709785328665,0.022727709785328665,0.9046245160326203,0.37386575964554036
2019-08-20,2607.6891012951287,16022,154977.43097586383,2351.603976152604,9941,154121.5470191193,98.97515352500756,63.75775641948474,-0.002498466068629024,2357.4940951563453,0.012570021341146598,2328.228216784307,-0.05502583376317893,2463.80091643778,0.02213477188809776,2389.904797232533,0.0011640991335601925,2305.0392429702483,0.030652684069028213,2230.049008021207,0.006610645051684738,2382.3146886649192,2308.29819727279,0.022750409223677867,0.022750409223677867,0.9200980239703841,-0.5374599804679413
2019-08-21,2610.65050296684,13654,152513.86202825958,2349.0266425628506,10782,158835.01181709036,99.068310826295,63.824946647996775,-0.0010959896376643297,2351.603976152604,-0.002498466068629024,2357.4940951563453,0.012570021341146598,2328.228216784307,-0.05502583376317893,2410.4462387935614,0.008595087797980572,2371.0424277430093,0.028634299816826525,2200.26396856961,-0.013356226407789329,2370.0307694187773,2315.736330972452,0.022452413210744076,0.022452413210744076,0.9568002213636936,-0.8564656512347704
2019-08-22,2611.140920144318,8446,149336.80745697205,2289.277649449203,18988,160646.16020355787,99.10680592290558,63.8255464549213,-0.025435638758213308,2349.0266425628506,-0.0010959896376643297,2351.603976152604,-0.002498466068629024,2357.4940951563453,0.012570021341146598,2463.80091643778,0.02213477188809776,2460.602389262392,0.037772399376520216,2241.202167153976,0.018606039624863735,2335.1261160210624,2318.140105087213,0.02304661996333229,0.02304661996333229,0.9148028484836259,-0.7729244569725365
2019-08-23,2592.797804342998,16266,149221.97010444282,2332.96304079412,7345,158601.49854582563,99.09114213313975,63.91013321513955,0.019082609466539502,2289.277649449203,-0.025435638758213308,2349.0266425628506,-0.0010959896376643297,2351.603976152604,-0.002498466068629024,2328.228216784307,-0.05502583376317893,2451.932938965485,-0.003523304022925,2209.1946816338486,-0.01428139147338614,2336.0730808230246,2324.3285230452266,0.023065705550616895,0.023065705550616895,0.8747091182206606,-0.3311472130696065
2019-08-26,2591.310483140796,9316,144661.5205140723,2287.801398940589,10649,164004.51195318112,99.08706588052624,63.700529084344105,-0.019358061428250584,2332.96304079412,0.019082609466539502,2289.277649449203,-0.025435638758213308,2349.0266425628506,-0.0010959896376643297,2357.4940951563453,0.012570021341146598,2387.1259459871103,-0.026430981022555144,2207.839746233374,-0.0006133164323356421,2322.1345415798733,2328.3266056805874,0.023594347893140126,0.023594347893140126,0.8356923798046613,-1.1025346637988809
2019-08-27,2603.84440400122,12042,142140.04373427213,2313.121831413117,5714,160813.868465302,99.02158711098328,63.67373296353388,0.011067583263238312,2287.801398940589,-0.019358061428250584,2332.96304079412,0.019082609466539502,2289.277649449203,-0.025435638758213308,2351.603976152604,-0.002498466068629024,2389.904797232533,0.0011640991335601925,2213.5372373638857,0.0025805727703884784,2314.438112631976,2333.3058353830493,0.023680614547529476,0.023680614547529476,0.7947530239311706,-0.3297238076477619
2019-08-28,2618.571076443357,13124,142745.7986380972,2290.791971397059,11650,160729.28003554727,99.0661943311315,63.19431725095087,-0.009653559839697734,2313.121831413117,0.011067583263238312,2287.801398940589,-0.019358061428250584,2332.96304079412,0.019082609466539502,2349.0266425628506,-0.0010959896376643297,2410.4462387935614,0.008595087797980572,2213.340676391126,-8.879948773465873e-05,2302.7911783988175,2337.178400133346,0.02383113967252796,0.02383113967252796,0.7678573642133909,-0.5593864205928674
2019-08-29,2616.7559725844512,17925,144914.20260644623,2278.5100652386604,15503,162014.45286169284,99.02069598309744,63.23485428651129,-0.0053614236088440625,2290.791971397059,-0.009653559839697734,2313.121831413117,0.011067583263238312,2287.801398940589,-0.019358061428250584,2289.277649449203,-0.025435638758213308,2463.80091643778,0.02213477188809776,2153.5057648033617,-0.027033755908433377,2300.6376615567087,2343.4286151551105,0.022917003556258485,0.022917003556258485,0.7399488543191178,-0.8019365781286629
2019-08-30,2613.2222373792424,15015,148313.6919439268,2380.655256738094,11727,152265.57504470358,98.8981354067207,63.36986048853784,0.04482981798403185,2278.5100652386604,-0.0053614236088440625,2290.791971397059,-0.009653559839697734,2313.121831413117,0.011067583263238312,2332.96304079412,0.019082609466539502,2328.228216784307,-0.05502583376317893,2213.37354223283,0.027800147279817056,2310.1761047455043,2351.7927008803736,0.024166275586941365,0.024166275586941365,0.6810005342715959,0.7879531095804786
2019-09-02,2617.6907012345678,5624,148100.89285245075,2344.353745732184,5073,156934.76085762147,98.77034164928874,63.30163466474468,-0.015248537520568761,2380.655256738094,0.04482981798403185,2278.5100652386604,-0.0053614236088440625,2290.791971397059,-0.009653559839697734,2287.801398940589,-0.019358061428250584,2357.4940951563453,0.012570021341146598,2236.4849755884084,0.010441722969302125,2321.486574103823,2357.186139387563,0.024482523190417986,0.024482523190417986,0.6511462742670521,-0.45018578684731037
2019-09-03,2600.088751628437,15966,149757.52239069704,2268.7002258480893,8670,162058.9774210537,98.78760044106096,62.81711939756924,-0.03227052232275929,2344.353745732184,-0.015248537520568761,2380.655256738094,0.04482981798403185,2278.5100652386604,-0.0053614236088440625,2313.121831413117,0.011067583263238312,2351.603976152604,-0.002498466068629024,2305.0392429702483,0.030652684069028213,2312.6022529908178,2355.3691885314543,0.024735445367714905,0.024735445367714905,0.6209086659933574,-0.8091105447408442
2019-09-04,2572.0500822892204,16000,150701.4702690007,2201.850456808269,16525,170196.27696204896,98.945509566702,63.11367895642468,-0.029466109395228868,2268.7002258480893,-0.03227052232275929,2344.353745732184,-0.015248537520568761,2380.655256738094,0.04482981798403185,2290.791971397059,-0.009653559839697734,2349.0266425628506,-0.0010959896376643297,2371.0424277430093,0.028634299816826525,2294.813950073059,2346.9095899847175,0.024544426018564842,0.024544426018564842,0.6076321559872458,-1.263015036844291
2019-09-05,2562.7861943416374,6655,150338.16420611937,2213.110760017116,15831,167714.45373262535,98.96150872805931,63.22303646782252,0.005114018154152689,2201.850456808269,-0.029466109395228868,2268.7002258480893,-0.03227052232275929,2344.353745732184,-0.015248537520568761,2278.5100652386604,-0.0053614236088440625,2289.277649449203,-0.025435638758213308,2460.602389262392,0.037772399376520216,2281.7340890287505,2334.5350085224536,0.02267579875673416,0.02267579875673416,0.610592270690565,-0.4028770441745724
2019-09-06,2530.511816864278,6348,153412.56522462054,2212.602062380707,12099,170849.37712766853,98.94964489544834,63.00523193851223,-0.00022985638387329477,2213.110760017116,0.005114018154152689,2201.850456808269,-0.029466109395228868,2268.7002258480893,-0.03227052232275929,2380.655256738094,0.04482981798403185,2332.96304079412,0.019082609466539502,2451.932938965485,-0.003523304022925,2248.123450157273,2322.568464693215,0.022699343072047597,0.022699343072047597,0.6089817820769609,-0.8556662109294444
2019-09-09,2550.090351922705,6631,153647.39608455327,2108.447454912165,7559,181838.9714997588,98.9782275094086,62.92105180446081,-0.047073357310565944,2212.602062380707,-0.00022985638387329477,2213.110760017116,0.005114018154152689,2201.850456808269,-0.029466109395228868,2344.353745732184,-0.015248537520568761,2287.801398940589,-0.019358061428250584,2387.1259459871103,-0.026430981022555144,2200.9421919932693,2308.6345401394674,0.024153722571841413,0.024153722571841413,0.6426855477487013,-1.4790481657972434
2019-09-10,2574.7101062868587,6632,152522.86438028567,1975.663897619387,14538,196398.59330196932,99.10882768357928,62.470850983626256,-0.06297693451331932,2108.447454912165,-0.047073357310565944,2212.602062380707,-0.00022985638387329477,2213.110760017116,0.005114018154152689,2268.7002258480893,-0.03227052232275929,2313.121831413117,0.011067583263238312,2389.904797232533,0.0011640991335601925,2142.334926347529,2287.9224951588103,0.027227881652425977,0.027227881652425977,0.6784698711977102,-1.5323731647193166
2019-09-11,2528.2570093615504,13839,151989.06200405967,2004.1941297955943,18763,192280.66952561823,99.13076593371568,62.16322794529289,0.014440832881840615,1975.663897619387,-0.06297693451331932,2108.447454912165,-0.047073357310565944,2212.602062380707,-0.00022985638387329477,2201.850456808269,-0.029466109395228868,2290.791971397059,-0.009653559839697734,2410.4462387935614,0.008595087797980572,2102.803660944994,2267.609889708912,0.027458403837708586,0.027458403837708586,0.7305913728900807,-0.27461674684666215
2019-09-12,2504.5757732488496,14557,154817.6692026055,1993.1380849568195,7535,192508.78252974345,99.0896732106323,62.00188454138574,-0.005516454057223674,2004.1941297955943,0.014440832881840615,1975.663897619387,-0.06297693451331932,2108.447454912165,-0.047073357310565944,2213.110760017116,0.005114018154152689,2278.5100652386604,-0.0053614236088440625,2463.80091643778,0.02213477188809776,2058.809125932935,2244.076748134864,0.02649692118089344,0.02649692118089344,0.7797956536197027,-0.4316049931746868
2019-09-13,2481.4566153991677,5305,156596.74976183058,1978.1868097269733,13177,193406.58134971667,99.20030208163828,62.37041078506979,-0.007501374512228098,1993.1380849568195,-0.005516454057223674,2004.1941297955943,0.014440832881840615,1975.663897619387,-0.06297693451331932,2212.602062380707,-0.00022985638387329477,2380.655256738094,0.04482981798403185,2328.228216784307,-0.05502583376317893,2011.9260754021877,2226.5746777819977,0.0243063251525442,0.0243063251525442,0.8371661539065383,-0.4962863342360026
2019-09-16,2499.127568911254,17689,153885.6848572627,1992.884355970776,13897,193862.6198157155,99.24317772548444,62.17855976780355,0.007429807018999979,1978.1868097269733,-0.007501374512228098,1993.1380849568195,-0.005516454057223674,2004.1941297955943,0.014440832881840615,2108.447454912165,-0.047073357310565944,2344.353745732184,-0.015248537520568761,2357.4940951563453,0.012570021341146598,1988.8134556139098,2208.3441908227187,0.02410562362320708,0.02410562362320708,0.8872274785779642,-0.48239550411204246
2019-09-17,2517.6909254422403,12425,152618.73500285228,1955.6358375461637,8969,195845.99149485808,99.39675332468404,62.37062386560217,-0.01869075760116934,1992.884355970776,0.007429807018999979,1978.1868097269733,-0.007501374512228098,1993.1380849568195,-0.005516454057223674,1975.663897619387,-0.06297693451331932,2268.7002258480893,-0.03227052232275929,2351.603976152604,-0.002498466068629024,1984.8078435992654,2188.5457838923967,0.024179883908209646,0.024179883908209646,0.9398944535669435,-0.5679007912779394
2019-09-18,2515.3869596768623,8868,154560.70620917142,1916.9160965507267,19006,197786.0178569507,99.41507676840624,62.2091290047437,-0.019799054738136035,1955.6358375461637,-0.01869075760116934,1992.884355970776,0.007429807018999979,1978.1868097269733,-0.007501374512228098,2004.1941297955943,0.014440832881840615,2201.850456808269,-0.029466109395228868,2349.0266425628506,-0.0010959896376643297,1967.3522369502916,2166.940256591791,0.02422398390994842,0.02422398390994842,0.9919766097481751,-0.5724997793532615
2019-09-19,2511.8100923020024,8600,155055.00124508457,1935.4486450503216,18271,194930.0013875998,99.2926298652342,62.28351327299927,0.009667897584532792,1916.9160965507267,-0.019799054738136035,1955.6358375461637,-0.01869075760116934,1992.884355970776,0.007429807018999979,1993.1380849568195,-0.005516454057223674,2213.110760017116,0.005114018154152689,2289.277649449203,-0.025435638758213308,1955.8143489689924,2149.2488063718465,0.024305409026436357,0.024305409026436357,1.035171916783903,-0.15626586714234986
2019-09-20,2518.548727596946,12592,152975.4669722805,1910.75500336675,8568,197751.61653007704,99.15581394530962,62.24109462235612,-0.012758613744013547,1935.4486450503216,0.009667897584532792,1916.9160965507267,-0.019799054738136035,1955.6358375461637,-0.01869075760116934,1978.1868097269733,-0.007501374512228098,2212.602062380707,-0.00022985638387329477,2332.96304079412,0.019082609466539502,1942.3279876969477,2128.138404500478,0.02346102005368533,0.02346102005368533,1.0856295488360936,-0.5129129403760789
2019-09-23,2539.326870368552,18557,158030.05446109016,1902.606584779088,14229,197973.78908801635,99.32090673853274,62.50301160238394,-0.004264502028415218,1910.75500336675,-0.012758613744013547,1935.4486450503216,0.009667897584532792,1916.9160965507267,-0.019799054738136035,1992.884355970776,0.007429807018999979,2108.447454912165,-0.047073357310565944,2287.801398940589,-0.019358061428250584,1924.2724334586098,2108.878663792403,0.02337550611946374,0.02337550611946374,1.123174905175761,-0.3643421569898852
2019-09-24,2545.6636822214573,16500,156142.6316388798,1882.6857525087453,15699,199466.2872486608,99.49327331061107,62.34256820091838,-0.010470284518991013,1902.606584779088,-0.004264502028415218,1910.75500336675,-0.012758613744013547,1935.4486450503216,0.009667897584532792,1955.6358375461637,-0.01869075760116934,1975.663897619387,-0.06297693451331932,2313.121831413117,0.011067583263238312,1909.6824164511265,2087.3568598471843,0.022897800986045467,0.022897800986045467,1.1493701519329385,-0.4717784785232691
2019-09-25,2576.2891783598097,19074,154578.54842311997,1934.5450979297905,17951,190840.83446727035,99.4753213892828,61.870809725917645,0.027545407061130955,1882.6857525087453,-0.010470284518991013,1902.606584779088,-0.004264502028415218,1910.75500336675,-0.012758613744013547,1916.9160965507267,-0.019799054738136035,2004.1941297955943,0.014440832881840615,2290.791971397059,-0.009653559839697734,1913.2082167269389,2069.544516173821,0.024388821972687772,0.024388821972687772,1.1674114300260137,0.5011831360839039
2019-09-26,2612.729911742829,7775,154212.73887220403,1901.155909418651,18364,192653.06043195943,99.43700265716922,61.45622501650856,-0.017259452130048647,1934.5450979297905,0.027545407061130955,1882.6857525087453,-0.010470284518991013,1902.606584779088,-0.004264502028415218,1935.4486450503216,0.009667897584532792,1993.1380849568195,-0.005516454057223674,2278.5100652386604,-0.0053614236088440625,1906.3496696006048,2050.6768083828206,0.024462734098658324,0.024462734098658324,1.1849910293369754,-0.07305524561304189
2019-09-27,2609.1979835119823,10985,152667.02418299176,1880.9166614391715,14252,192216.16045751117,99.58314708639344,61.29666176832573,-0.010645759182195791,1901.155909418651,-0.017259452130048647,1934.5450979297905,0.027545407061130955,1882.6857525087453,-0.010470284518991013,1910.75500336675,-0.012758613744013547,1978.1868097269733,-0.007501374512228098,2380.655256738094,0.04482981798403185,1900.3820012150893,2025.6898786178747,0.020965870215119673,0.020965870215119673,1.19345141322989,-0.1555057737091624
2019-09-30,2621.957867962632,11184,152736.7200535138,1818.232990052143,5213,200558.43959248243,99.47244251818908,60.92194377712231,-0.033326129047666964,1880.9166614391715,-0.010645759182195791,1901.155909418651,-0.017259452130048647,1934.5450979297905,0.027545407061130955,1902.606584779088,-0.004264502028415218,1992.884355970776,0.007429807018999979,2344.353745732184,-0.015248537520568761,1883.5072822697002,1999.3838408338725,0.02151844091065253,0.02151844091065253,1.2015029426461006,-0.8735207497631379
2019-10-01,2599.333323552578,6802,152685.91846054254,1775.5941626268072,7005,204663.5648200111,99.3829698162935,61.04500738182618,-0.0234506950751745,1818.232990052143,-0.033326129047666964,1880.9166614391715,-0.010645759182195791,1901.155909418651,-0.017259452130048647,1882.6857525087453,-0.010470284518991013,1955.6358375461637,-0.01869075760116934,2268.7002258480893,-0.03227052232275929,1862.0889642933125,1974.7285376728082,0.02117751858924067,0.02117751858924067,1.2079387318029136,-0.8316558185745369
2019-10-02,2588.301353507613,13893,152935.27162339856,1764.649944259346,5786,206709.98941443785,99.4473024957624,60.90527693236876,-0.006163693594976927,1775.5941626268072,-0.0234506950751745,1818.232990052143,-0.033326129047666964,1880.9166614391715,-0.010645759182195791,1934.5450979297905,0.027545407061130955,1916.9160965507267,-0.019799054738136035,2201.850456808269,-0.029466109395228868,1828.1099335592237,1952.8685120453622,0.020801461049765328,0.020801461049765328,1.2180516712081553,-0.9108094694274201
2019-10-03,2611.395263028236,6741,149552.88165588523,1687.7423135502502,6014,212233.27185662463,99.40784198347644,61.617658897376685,-0.04358237222021688,1764.649944259346,-0.006163693594976927,1775.5941626268072,-0.0234506950751745,1818.232990052143,-0.033326129047666964,1901.155909418651,-0.017259452130048647,1935.4486450503216,0.009667897584532792,2213.110760017116,0.005114018154152689,1785.4272143855437,1926.6000897220188,0.02167283267499405,0.02167283267499405,1.2114873091110723,-1.4213440887724145
2019-10-04,2630.0627619802426,16810,151643.4732148055,1622.1250951416491,19648,219314.28571472268,99.40732979680443,61.09634451883554,-0.03887869485867901,1687.7423135502502,-0.04358237222021688,1764.649944259346,-0.006163693594976927,1775.5941626268072,-0.0234506950751745,1880.9166614391715,-0.010645759182195791,1910.75500336675,-0.012758613744013547,2212.602062380707,-0.00022985638387329477,1733.6689011260391,1897.076241360066,0.02216990499869359,0.02216990499869359,1.1893830799964855,-1.7920975730144015
2019-10-07,2621.5784276229647,6112,149457.28522239003,1583.77258970281,15323,224099.57176408856,99.390985506952,61.157434472448486,-0.023643371003695735,1622.1250951416491,-0.03887869485867901,1687.7423135502502,-0.04358237222021688,1764.649944259346,-0.006163693594976927,1818.232990052143,-0.033326129047666964,1902.606584779088,-0.004264502028415218,2108.447454912165,-0.047073357310565944,1686.7768210561724,1870.8424980995983,0.02098222289612779,0.02098222289612779,1.1624257127249624,-1.8785825209523035
2019-10-08,2640.65737372266,13601,149010.5801072174,1560.8876652417105,13119,224138.8410794905,99.42474296183188,60.819048565396784,-0.014449627812660792,1583.77258970281,-0.023643371003695735,1622.1250951416491,-0.03887869485867901,1687.7423135502502,-0.04358237222021688,1775.5941626268072,-0.0234506950751745,1882.6857525087453,-0.010470284518991013,1975.663897619387,-0.06297693451331932,1643.8355215791532,1850.1036864807145,0.017543601154466768,0.017543601154466768,1.1498623153116054,-1.6152227308342995
2019-10-09,2660.4707373409706,12507,147554.37175291582,1574.1852376839,5287,220402.4982364836,99.56549114796326,60.67102816328198,0.008519237314960959,1560.8876652417105,-0.014449627812660792,1583.77258970281,-0.023643371003695735,1622.1250951416491,-0.03887869485867901,1764.649944259346,-0.006163693594976927,1934.5450979297905,0.027545407061130955,2004.1941297955943,0.014440832881840615,1605.742580264064,1828.60324187513,0.017126604212691993,0.017126604212691993,1.1324232414353268,-0.8971963823013069
2019-10-10,2661.8121482994275,7191,143439.34658547695,1540.0116051276204,5549,223007.10450357475,99.57454963865342,60.71345400528415,-0.02170877463351084,1574.1852376839,0.008519237314960959,1560.8876652417105,-0.014449627812660792,1583.77258970281,-0.023643371003695735,1687.7423135502502,-0.04358237222021688,1901.155909418651,-0.017259452130048647,1993.1380849568195,-0.005516454057223674,1576.196438579538,1805.9469178836698,0.017193445461718526,0.017193445461718526,1.1239439720486712,-1.309952072433167
2019-10-11,2645.6837264548926,18631,148176.71992003135,1560.298368511127,14176,219937.0754783101,99.63894351798112,60.015842592821855,0.013173123706314849,1540.0116051276204,-0.02170877463351084,1574.1852376839,0.008519237314960959,1560.8876652417105,-0.014449627812660792,1622.1250951416491,-0.03887869485867901,1880.9166614391715,-0.010645759182195791,1978.1868097269733,-0.007501374512228098,1563.8310932534337,1785.0524958228773,0.018117338414251862,0.018117338414251862,1.0931394068040363,-0.5998879374425157
2019-10-14,2650.353140062764,17457,146654.8414967877,1621.9326645968508,16849,211900.0168330991,99.433926307878,60.086890427858265,0.0395016090060627,1560.298368511127,0.013173123706314849,1540.0116051276204,-0.02170877463351084,1574.1852376839,0.008519237314960959,1583.77258970281,-0.023643371003695735,1818.232990052143,-0.033326129047666964,1992.884355970776,0.007429807018999979,1571.4631082322417,1766.5049112541808,0.02107225359225695,0.02107225359225695,1.0390579565866656,0.20609472457461703
2019-10-15,2651.986446051786,14992,145997.86694432326,1744.0343908381983,19276,193383.979272515,99.429054467685,60.65776266654052,0.07528162475949474,1621.9326645968508,0.0395016090060627,1560.298368511127,0.013173123706314849,1540.0116051276204,-0.02170877463351084,1560.8876652417105,-0.014449627812660792,1775.5941626268072,-0.0234506950751745,1955.6358375461637,-0.01869075760116934,1608.0924533515395,1755.9248389187826,0.028283411410678954,0.028283411410678954,0.9301416495864407,1.7545289155870902
2019-10-16,2690.015700034495,17166,143568.12748299877,1727.7181136616252,9718,195481.14336958996,99.3447314406557,60.52173117702994,-0.009355479033146374,1744.0343908381983,0.07528162475949474,1621.9326645968508,0.0395016090060627,1560.298368511127,0.013173123706314849,1574.1852376839,0.008519237314960959,1764.649944259346,-0.006163693594976927,1916.9160965507267,-0.019799054738136035,1638.7990285470846,1746.4649397743276,0.028098127378134902,0.028098127378134902,0.8355506629528339,0.6337345350103329
2019-10-17,2725.1537371759878,11946,139150.33057360814,1766.3063181568757,11015,190975.20560997355,99.22285013461337,60.59967353407159,0.022334780303639334,1727.7181136616252,-0.009355479033146374,1744.0343908381983,0.07528162475949474,1621.9326645968508,0.0395016090060627,1540.0116051276204,-0.02170877463351084,1687.7423135502502,-0.04358237222021688,1935.4486450503216,0.009667897584532792,1684.0579711529354,1738.0078234296557,0.02858034325892271,0.02858034325892271,0.7590260056699893,1.1013407959337562
2019-10-18,2716.595984967726,15843,138282.63881783307,1776.0625814659224,17471,190041.14912880387,99.13503489792048,60.907150042009214,0.005523539834940694,1766.3063181568757,0.022334780303639334,1727.7181136616252,-0.009355479033146374,1744.0343908381983,0.07528162475949474,1560.298368511127,0.013173123706314849,1622.1250951416491,-0.03887869485867901,1910.75500336675,-0.012758613744013547,1727.2108137438947,1731.2732023346143,0.028583894671179746,0.028583894671179746,0.6882059061507961,0.8934843183684926
2019-10-21,2717.636502473885,10917,138208.07156802202,1800.769877728226,17190,185113.2877758809,99.1016225538504,60.85796399200112,0.01391127571749795,1776.0625814659224,0.005523539834940694,1766.3063181568757,0.022334780303639334,1727.7181136616252,-0.009355479033146374,1621.9326645968508,0.0395016090060627,1583.77258970281,-0.023643371003695735,1902.606584779088,-0.004264502028415218,1762.9782563701697,1726.1813669820708,0.02883828287276903,0.02883828287276903,0.6299776679224404,1.1952774024772959
2019-10-22,2713.85830869603,15994,136788.86424122434,1810.8097350613004,16343,183500.16253908863,99.193212808086,60.68367593544167,0.005575313901707624,1800.769877728226,0.01391127571749795,1776.0625814659224,0.005523539834940694,1766.3063181568757,0.022334780303639334,1744.0343908381983,0.07528162475949474,1560.8876652417105,-0.014449627812660792,1882.6857525087453,-0.010470284518991013,1776.3333252147902,1722.5875661096986,0.028823887911487742,0.028823887911487742,0.5924528296694554,0.9933983466322737
2019-10-23,2723.827529122383,14286,136343.6950781,1762.3848989510675,11494,191066.3171768328,99.06057353631203,60.00095501432514,-0.026742089559505078,1810.8097350613004,0.005575313901707624,1800.769877728226,0.01391127571749795,1776.0625814659224,0.005523539834940694,1727.7181136616252,-0.009355479033146374,1574.1852376839,0.008519237314960959,1934.5450979297905,0.027545407061130955,1783.2666822726783,1713.9795561607625,0.02849351085964904,0.02849351085964904,0.5656949266525914,0.3125561372533824
2019-10-24,2724.167731650773,11836,138970.3952992537,1795.1086001862525,15867,189233.3753780471,99.06363668557148,60.19325223014364,0.018567851582626194,1762.3848989510675,-0.026742089559505078,1810.8097350613004,0.005575313901707624,1800.769877728226,0.01391127571749795,1766.3063181568757,0.022334780303639334,1540.0116051276204,-0.02170877463351084,1901.155909418651,-0.017259452130048647,1789.027138678554,1708.6771906991428,0.028758827847299898,0.028758827847299898,0.5662178085585624,0.7963896913185009
2019-10-25,2730.396170666694,12497,136535.79289675565,1737.5601664647852,7246,194020.78380437623,99.01521974223812,60.15930170722497,-0.0320584691731165,1795.1086001862525,0.018567851582626194,1762.3848989510675,-0.026742089559505078,1810.8097350613004,0.005575313901707624,1776.0625814659224,0.005523539834940694,1560.298368511127,0.013173123706314849,1880.9166614391715,-0.010645759182195791,1781.3266556783262,1701.5093659504232,0.029468719936299223,0.029468719936299223,0.590074231526421,0.3347844881688136
2019-10-28,2734.523543203387,14753,133132.1180427599,1702.5557743867798,16966,200807.002902638,98.98245243280192,59.855496551808514,-0.02014571509729346,1737.5601664647852,-0.0320584691731165,1795.1086001862525,0.018567851582626194,1762.3848989510675,-0.026742089559505078,1800.769877728226,0.01391127571749795,1621.9326645968508,0.0395016090060627,1818.232990052143,-0.033326129047666964,1761.683835010037,1695.7255051671552,0.028909822771852556,0.028909822771852556,0.6257800208845932,-0.03843558179480111
2019-10-29,2747.976154358703,8248,132008.2351158457,1720.9935104684089,16991,197285.16191096013,99.0827282153324,59.89347556489183,0.010829446153251432,1702.5557743867798,-0.02014571509729346,1737.5601664647852,-0.0320584691731165,1795.1086001862525,0.018567851582626194,1810.8097350613004,0.005575313901707624,1744.0343908381983,0.07528162475949474,1775.5941626268072,-0.0234506950751745,1743.720590091459,1692.9954725592354,0.028641588903583853,0.028641588903583853,0.6888867364673912,0.5289738464544275
2019-10-30,2743.2705450683698,19981,133298.26462395917,1726.8272116181602,18845,194333.51053199783,99.1365397590328,59.71837145784997,0.003389728731843622,1720.9935104684089,0.010829446153251432,1702.5557743867798,-0.02014571509729346,1737.5601664647852,-0.0320584691731165,1762.3848989510675,-0.026742089559505078,1727.7181136616252,-0.009355479033146374,1764.649944259346,-0.006163693594976927,1736.6090526248772,1691.104335927176,0.028633682770197514,0.028633682770197514,0.754090372817665,0.5548665314280062
2019-10-31,2765.806748182237,7199,133131.4909496681,1687.7774095424456,15451,200650.6137394268,99.27027956977706,59.55984361851532,-0.022613612880886924,1726.8272116181602,0.003389728731843622,1720.9935104684089,0.010829446153251432,1702.5557743867798,-0.02014571509729346,1795.1086001862525,0.018567851582626194,1766.3063181568757,0.022334780303639334,1687.7423135502502,-0.04358237222021688,1715.142814496116,1691.1060907267856,0.027335250130927725,0.027335250130927725,0.8132279618918746,-0.12895991208456617
2019-11-01,2822.845636071958,19623,126922.56682333276,1666.8604351452816,5782,203267.0462605109,99.25482900185206,59.74173096534793,-0.012393206757539521,1687.7774095424456,-0.022613612880886924,1726.8272116181602,0.003389728731843622,1720.9935104684089,0.010829446153251432,1737.5601664647852,-0.0320584691731165,1776.0625814659224,0.005523539834940694,1622.1250951416491,-0.03887869485867901,1701.0028682322154,1693.3428577269674,0.025940717718097663,0.025940717718097663,0.8601416207361386,-0.1394139400411188
2019-11-04,2845.985301843637,16783,120721.37309299788,1698.191955779132,17904,203549.318646014,99.185234740685,59.34021624195077,0.018796727052387885,1666.8604351452816,-0.012393206757539521,1687.7774095424456,-0.022613612880886924,1726.8272116181602,0.003389728731843622,1702.5557743867798,-0.02014571509729346,1800.769877728226,0.01391127571749795,1583.77258970281,-0.023643371003695735,1700.1301045106854,1699.0638260307835,0.025492603010042022,0.025492603010042022,0.9089375183847681,-0.12909669395025783
2019-11-05,2843.5088427718574,7796,122917.34231749488,1681.6244962680162,18818,204494.4309466572,99.16284885899694,59.6544108277729,-0.009755940401634189,1698.191955779132,0.018796727052387885,1666.8604351452816,-0.012393206757539521,1687.7774095424456,-0.022613612880886924,1720.9935104684089,0.010829446153251432,1810.8097350613004,0.005575313901707624,1560.8876652417105,-0.014449627812660792,1692.2563016706074,1705.100667582099,0.02533691488662057,0.02533691488662057,0.9471439650348541,-0.2705210083050702
2019-11-06,2817.1756094851203,8505,126433.49617343736,1632.6053792756402,9102,210040.18218264423,99.18709853812406,59.23510497883738,-0.02914985902094247,1681.6244962680162,-0.009755940401634189,1698.191955779132,0.018796727052387885,1666.8604351452816,-0.012393206757539521,1726.8272116181602,0.003389728731843622,1762.3848989510675,-0.026742089559505078,1574.1852376839,0.008519237314960959,1673.4119352021032,1708.0216746616857,0.02636499301674505,0.02636499301674505,0.9649385153100101,-0.7581948035456921
2019-11-07,2842.762143916892,14561,127857.44229567172,1608.437007319278,9763,213863.6713135197,99.20475587396945,59.0362945563308,-0.014803560164113327,1632.6053792756402,-0.02914985902094247,1681.6244962680162,-0.009755940401634189,1698.191955779132,0.018796727052387885,1687.7774095424456,-0.022613612880886924,1795.1086001862525,0.018567851582626194,1540.0116051276204,-0.02170877463351084,1657.5438547574697,1711.4429447712687,0.026079805235446257,0.026079805235446257,0.9740166335742612,-0.9438889903720697
2019-11-08,2847.261806004933,8182,125774.11946257636,1679.563899781087,19048,204902.60739961197,99.0963170667461,59.61317841455077,0.04422112407146961,1608.437007319278,-0.014803560164113327,1632.6053792756402,-0.02914985902094247,1681.6244962680162,-0.009755940401634189,1666.8604351452816,-0.012393206757539521,1737.5601664647852,-0.0320584691731165,1560.298368511127,0.013173123706314849,1660.084547684631,1717.4062213347668,0.027627140500248237,0.027627140500248237,0.9790468782262063,0.11077881240519366
2019-11-11,2860.610446607864,18013,126170.08261630962,1652.9119763306198,17319,206717.7486659402,99.10536604490888,59.9513848430435,-0.015868359312760316,1679.563899781087,0.04422112407146961,1608.437007319278,-0.014803560164113327,1632.6053792756402,-0.02914985902094247,1698.191955779132,0.018796727052387885,1702.5557743867798,-0.02014571509729346,1621.9326645968508,0.0395016090060627,1651.0285517949283,1718.9551869214552,0.02664393047049105,0.02664393047049105,0.9728530984265469,-0.7081120068932909
2019-11-12,2851.0194382414275,17806,129065.18931892964,1667.4499021192062,17758,204391.204536943,99.12818887792278,59.98066604079214,0.00879534179482433,1652.9119763306198,-0.015868359312760316,1679.563899781087,0.04422112407146961,1608.437007319278,-0.014803560164113327,1681.6244962680162,-0.009755940401634189,1720.9935104684089,0.010829446153251432,1744.0343908381983,0.07528162475949474,1648.1936329651664,1715.1259624855054,0.0203223176769851,0.0203223176769851,0.9666331951031297,-0.9880312441371031
2019-11-13,2852.2311513711675,5901,125442.78405323916,1714.203128089359,17238,198191.17974435943,99.37993628167617,59.69850697614177,0.02803875901202968,1667.4499021192062,0.00879534179482433,1652.9119763306198,-0.015868359312760316,1679.563899781087,0.04422112407146961,1632.6053792756402,-0.02914985902094247,1726.8272116181602,0.003389728731843622,1727.7181136616252,-0.009355479033146374,1664.51318272791,1714.4502132068924,0.021310687019100726,0.021310687019100726,0.9510063828303698,-0.10920241358771954
2019-11-14,2902.4440629782544,14824,124250.88852705428,1675.544687269393,9847,202175.5229026226,99.56762074280434,59.539725284131805,-0.022551843586386733,1714.203128089359,0.02803875901202968,1667.4499021192062,0.00879534179482433,1652.9119763306198,-0.015868359312760316,1608.437007319278,-0.014803560164113327,1687.7774095424456,-0.022613612880886924,1766.3063181568757,0.022334780303639334,1677.934718717933,1709.912131662518,0.021178246144906814,0.021178246144906814,0.9483489428009441,-0.8635257223501183
2019-11-15,2878.005008040347,13624,129028.96666558756,1680.5997620499627,14370,200985.97118571048,99.48229640774844,59.56170787850751,0.003016974013869911,1675.544687269393,-0.022551843586386733,1714.203128089359,0.02803875901202968,1667.4499021192062,0.00879534179482433,1679.563899781087,0.04422112407146961,1666.8604351452816,-0.012393206757539521,1776.0625814659224,0.005523539834940694,1678.1418911717083,1705.13899069172,0.021136128204875704,0.021136128204875704,0.9369064188270555,-0.35895861283466635
2019-11-18,2904.1457617957813,11587,128546.92323358593,1614.260645513928,19280,205290.6612098021,99.45355807159352,59.57296484820939,-0.03947347728712969,1680.5997620499627,0.003016974013869911,1675.544687269393,-0.022551843586386733,1714.203128089359,0.02803875901202968,1652.9119763306198,-0.015868359312760316,1698.191955779132,0.018796727052387885,1800.769877728226,0.01391127571749795,1670.4116250083698,1695.8135290810053,0.022287800626738914,0.022287800626738914,0.9303026481331541,-0.9035358284604116
2019-11-19,2920.261596450601,6732,128693.13358158658,1663.5268058308382,17816,200413.5756405528,99.30721387140984,59.5457035693216,0.03051933431804965,1614.260645513928,-0.03947347728712969,1680.5997620499627,0.003016974013869911,1675.544687269393,-0.022551843586386733,1667.4499021192062,0.00879534179482433,1681.6244962680162,-0.009755940401634189,1810.8097350613004,0.005575313901707624,1669.627005750696,1688.4493826194819,0.023583712794406988,0.023583712794406988,0.9216700569977077,0.1644770882120829
2019-11-20,2926.912093002838,7010,129899.89459224738,1657.3758815027663,8920,199405.6497440828,99.24814317001348,59.53645381509634,-0.0036975204165704545,1663.5268058308382,0.03051933431804965,1614.260645513928,-0.03947347728712969,1680.5997620499627,0.003016974013869911,1714.203128089359,0.02803875901202968,1632.6053792756402,-0.02914985902094247,1762.3848989510675,-0.026742089559505078,1658.2615564333778,1683.198931747067,0.022967423279265823,0.022967423279265823,0.9181269740365929,-0.0015142885279229579
2019-11-21,2913.1648229419447,7753,130471.9532703252,1691.7504136765274,16083,194268.46709947824,99.27970367037253,59.47214128218481,0.020740335706220803,1657.3758815027663,-0.0036975204165704545,1663.5268058308382,0.03051933431804965,1614.260645513928,-0.03947347728712969,1675.544687269393,-0.022551843586386733,1608.437007319278,-0.014803560164113327,1795.1086001862525,0.018567851582626194,1661.5027017148045,1678.0310224215805,0.023078752480372455,0.023078752480372455,0.9088270552045791,0.8677365342834338
2019-11-22,2883.666013415821,6460,129753.37859378329,1668.1426511140862,5463,195033.07221094644,99.40028903246134,59.0395476614928,-0.013954636790149522,1691.7504136765274,0.020740335706220803,1657.3758815027663,-0.0036975204165704545,1663.5268058308382,0.03051933431804965,1680.5997620499627,0.003016974013869911,1679.563899781087,0.04422112407146961,1737.5601664647852,-0.0320584691731165,1659.011279527629,1674.5601466540459,0.02220550398015598,0.02220550398015598,0.8920963482150219,0.4025064823758186
2019-11-25,2880.499828350211,10387,128270.04938682418,1657.7795782317085,7822,195407.5846677585,99.32738064868698,58.88459443884456,-0.006212342137200677,1668.1426511140862,-0.013954636790149522,1691.7504136765274,0.020740335706220803,1657.3758815027663,-0.0036975204165704545,1614.260645513928,-0.03947347728712969,1652.9119763306198,-0.015868359312760316,1702.5557743867798,-0.02014571509729346,1667.7150660711854,1672.3213368462923,0.021814871599980058,0.021814871599980058,0.8840766678830362,0.27793717361729914
2019-11-26,2886.874701478629,8902,127641.64896954175,1631.1864153309116,14811,200112.5540948081,99.2619660046802,59.15898165504061,-0.016041434729919146,1657.7795782317085,-0.006212342137200677,1668.1426511140862,-0.013954636790149522,1691.7504136765274,0.020740335706220803,1663.5268058308382,0.03051933431804965,1667.4499021192062,0.00879534179482433,1720.9935104684089,0.010829446153251432,1661.2469879712,1667.8309820894174,0.02186847798352214,0.02186847798352214,0.8717478113605669,-0.39075964177644273
2019-11-27,2862.8029186573176,13350,127780.4114621019,1618.1122429720467,18328,203743.9149184341,99.04723710170634,58.74848136577528,-0.008015130726927056,1631.1864153309116,-0.016041434729919146,1657.7795782317085,-0.006212342137200677,1668.1426511140862,-0.013954636790149522,1657.3758815027663,-0.0036975204165704545,1714.203128089359,0.02803875901202968,1726.8272116181602,0.003389728731843622,1653.3942602650561,1662.3952336571117,0.02185688359737917,0.02185688359737917,0.8661256103854575,-0.5837591028378422
2019-11-28,2876.407618096265,9447,129069.41367543374,1617.7536649136991,7778,203896.8289746578,99.03097050965184,58.691614712313495,-0.00022160271013649258,1618.1122429720467,-0.008015130726927056,1631.1864153309116,-0.016041434729919146,1657.7795782317085,-0.006212342137200677,1691.7504136765274,0.020740335706220803,1675.544687269393,-0.022551843586386733,1687.7774095424456,-0.022613612880886924,1638.5949105124903,1658.8940464256743,0.02136844737395298,0.02136844737395298,0.8744334847081319,-0.3880223061762452
2019-11-29,2912.41831331312,13121,125907.53192073356,1642.5269325876975,17007,200619.90683878463,98.9247290684659,58.44568853368224,0.015313374471829677,1617.7536649136991,-0.00022160271013649258,1618.1122429720467,-0.008015130726927056,1631.1864153309116,-0.016041434729919146,1668.1426511140862,-0.013954636790149522,1680.5997620499627,0.003016974013869911,1666.8604351452816,-0.012393206757539521,1633.4717668072128,1657.6773712977952,0.021549745448033886,0.021549745448033886,0.9105970570660865,0.19872074553036434
2019-12-02,2895.0934468145674,8538,127065.68639305553,1624.2848319977682,6462,201292.6080950583,98.87178512572928,58.47909366250168,-0.011106119618501498,1642.5269325876975,0.015313374471829677,1617.7536649136991,-0.00022160271013649258,1618.1122429720467,-0.008015130726927056,1657.7795782317085,-0.006212342137200677,1614.260645513928,-0.03947347728712969,1698.191955779132,0.018796727052387885,1626.7728175604248,1653.9820151087272,0.021173404215613634,0.021173404215613634,0.8941749465425333,-0.15465886297398546
2019-12-03,2928.037817206213,12559,121413.761872274,1616.8686613531756,16451,201132.7264869361,98.78409904791252,58.36250370818163,-0.004565806746758216,1624.2848319977682,-0.011106119618501498,1642.5269325876975,0.015313374471829677,1617.7536649136991,-0.00022160271013649258,1631.1864153309116,-0.016041434729919146,1663.5268058308382,0.03051933431804965,1681.6244962680162,-0.009755940401634189,1623.9092667648774,1650.744223362985,0.021105171445908538,0.021105171445908538,0.8763597923055958,-0.0810797692818297
2019-12-04,2882.0123346481,7612,125594.02019711844,1608.324768046207,16883,202146.45368859693,98.77467279248728,58.80572180767403,-0.0052842222198914435,1616.8686613531756,-0.004565806746758216,1624.2848319977682,-0.011106119618501498,1642.5269325876975,0.015313374471829677,1618.1122429720467,-0.008015130726927056,1657.3758815027663,-0.0036975204165704545,1632.6053792756402,-0.02914985902094247,1621.9517717797096,1649.5301928015135,0.020126489815317172,0.020126489815317172,0.8347536349038287,-0.37970302013886115
2019-12-05,2869.51438933225,19358,125243.27316166874,1602.0682075213638,9088,202091.6552192933,98.5988999533516,58.9576967539311,-0.0038901101625412604,1608.324768046207,-0.0052842222198914435,1616.8686613531756,-0.004565806746758216,1624.2848319977682,-0.011106119618501498,1617.7536649136991,-0.00022160271013649258,1691.7504136765274,0.020740335706220803,1608.437007319278,-0.014803560164113327,1618.8146803012426,1649.2117528116173,0.019866181302737224,0.019866181302737224,0.7788916003269323,-0.4275898865943244
2019-12-06,2884.030623847409,15539,127466.75143222208,1579.0012322573812,11679,202474.88197478864,98.45219542881252,58.56415580419794,-0.014398247937065456,1602.0682075213638,-0.0038901101625412604,1608.324768046207,-0.0052842222198914435,1616.8686613531756,-0.004565806746758216,1642.5269325876975,0.015313374471829677,1668.1426511140862,-0.013954636790149522,1679.563899781087,0.04422112407146961,1606.109540235179,1644.1836194354323,0.01713297346448313,0.01713297346448313,0.7045287621315233,-0.6880905491927276
2019-12-09,2855.8576300442937,12640,126138.084845371,1579.1400442189938,8986,202058.7373143177,98.66512014001536,58.76552420768205,8.791124337137468e-05,1579.0012322573812,-0.014398247937065456,1602.0682075213638,-0.0038901101625412604,1608.324768046207,-0.0052842222198914435,1624.2848319977682,-0.011106119618501498,1657.7795782317085,-0.006212342137200677,1652.9119763306198,-0.015868359312760316,1597.0805826794244,1640.4950228298512,0.016868879765693037,0.016868879765693037,0.5987337404815151,-0.6574231916583788
2019-12-10,2899.245677562014,11678,123943.4342483928,1575.7521190389189,6161,199877.13961146248,98.53637788188794,58.53312865080344,-0.002145424145551633,1579.1400442189938,8.791124337137468e-05,1579.0012322573812,-0.014398247937065456,1602.0682075213638,-0.0038901101625412604,1616.8686613531756,-0.004565806746758216,1631.1864153309116,-0.016041434729919146,1667.4499021192062,0.00879534179482433,1588.857274216573,1635.9101336758367,0.016671668975042596,0.016671668975042596,0.49064546977719803,-0.0862634669260588
2019-12-11,2922.8132385670947,15996,121717.08995934918,1583.3767223323814,19041,202553.54978704877,98.42669932404247,58.36002973939017,0.004838707307665224,1575.7521190389189,-0.002145424145551633,1579.1400442189938,8.791124337137468e-05,1579.0012322573812,-0.014398247937065456,1608.324768046207,-0.0052842222198914435,1618.1122429720467,-0.008015130726927056,1714.203128089359,0.02803875901202968,1583.8676650738078,1629.3688133879878,0.015159439321581829,0.015159439321581829,0.4097081433286812,-0.9918822019639904
2019-12-12,2946.3975681119064,16103,119611.2781531226,1603.9546064281328,17600,200042.7294807956,98.6103906768746,58.45417544542231,0.012996202233817922,1583.3767223323814,0.004838707307665224,1575.7521190389189,-0.002145424145551633,1579.1400442189938,8.791124337137468e-05,1602.0682075213638,-0.0038901101625412604,1617.7536649136991,-0.00022160271013649258,1675.544687269393,-0.022551843586386733,1584.2449448551615,1625.7893093459247,0.014933823422775569,0.014933823422775569,0.31591024998820405,-0.008607999425000512
2019-12-13,2964.6891492261866,10014,122046.43006624668,1604.0258183397834,8522,198401.61248432583,98.90089739379864,58.30665121950327,4.439771011299776e-05,1603.9546064281328,0.012996202233817922,1583.3767223323814,0.004838707307665224,1575.7521190389189,-0.002145424145551633,1579.0012322573812,-0.014398247937065456,1642.5269325876975,0.015313374471829677,1680.5997620499627,0.003016974013869911,1589.249862071642,1621.9606121604158,0.014895224253684128,0.014895224253684128,0.24596649791383352,0.19692997113083055
2019-12-16,2992.104357866442,5201,122355.82815624164,1623.9732514798852,15111,196362.80652022903,98.78374073091612,58.57450796440016,0.012435855403342577,1604.0258183397834,4.439771011299776e-05,1603.9546064281328,0.012996202233817922,1583.3767223323814,0.004838707307665224,1579.1400442189938,8.791124337137468e-05,1624.2848319977682,-0.011106119618501498,1614.260645513928,-0.03947347728712969,1598.2165035238202,1622.4462424587136,0.012371596547172296,0.012371596547172296,0.18896633029330687,0.5038410576371698
2019-12-17,2966.614506286972,16165,122579.61197700477,1626.3525656172253,13621,194112.84711147196,98.7469158352373,58.342154945946135,0.0014651190437846573,1623.9732514798852,0.012435855403342577,1604.0258183397834,4.439771011299776e-05,1603.9546064281328,0.012996202233817922,1575.7521190389189,-0.002145424145551633,1616.8686613531756,-0.004565806746758216,1663.5268058308382,0.03051933431804965,1608.336592839482,1620.5875304480328,0.010152022407102479,0.010152022407102479,0.15343767990469015,0.8033540573927322
2019-12-18,2996.119777061941,11934,123619.4569847919,1621.9402389359018,13950,193709.31465602852,98.78107139033136,58.15647098016873,-0.002713019780953174,1626.3525656172253,0.0014651190437846573,1623.9732514798852,0.012435855403342577,1604.0258183397834,4.439771011299776e-05,1583.3767223323814,0.004838707307665224,1608.324768046207,-0.0052842222198914435,1657.3758815027663,-0.0036975204165704545,1616.0492961601856,1618.8157483196896,0.010141046223084116,0.010141046223084116,0.12271589924201141,0.5517415751802004
2019-12-19,2983.317000639968,16218,123382.45071509844,1619.486925011923,14559,196677.62521666737,98.95394115477193,57.95955971210429,-0.0015125797270979513,1621.9402389359018,-0.002713019780953174,1626.3525656172253,0.0014651190437846573,1623.9732514798852,0.012435855403342577,1603.9546064281328,0.012996202233817922,1602.0682075213638,-0.0038901101625412604,1691.7504136765274,0.020740335706220803,1619.1557598769436,1615.2025738864595,0.008752271930772848,0.008752271930772848,0.12496273086055529,-0.27226988440844996
2019-12-20,2948.2177763515365,8387,127553.83568304566,1617.659497716871,11232,199014.12865872387,98.85525544692908,57.78986808759778,-0.0011283989187120813,1619.486925011923,-0.0015125797270979513,1621.9402389359018,-0.002713019780953174,1626.3525656172253,0.0014651190437846573,1604.0258183397834,4.439771011299776e-05,1579.0012322573812,-0.014398247937065456,1668.1426511140862,-0.013954636790149522,1621.8824957523614,1612.6784162165989,0.00829951348863718,0.00829951348863718,0.16059845247569762,-0.4441323062889865
2019-12-23,2979.728264334105,15043,122108.68670642017,1624.3691366941996,14917,195327.29336451244,98.83072766233488,58.11962555426213,0.004147744928273411,1617.659497716871,-0.0011283989187120813,1619.486925011923,-0.0015125797270979513,1621.9402389359018,-0.002713019780953174,1623.9732514798852,0.012435855403342577,1579.1400442189938,8.791124337137468e-05,1657.7795782317085,-0.006212342137200677,1621.961672795224,1611.0078941397235,0.008313386854867212,0.008313386854867212,0.2051742425932489,0.9760170653373762
2019-12-24,2986.106558986948,11923,121265.80960633208,1617.3933897323118,19863,193499.68353272483,98.90846141994106,58.30826444234522,-0.004294434561890492,1624.3691366941996,0.004147744928273411,1617.659497716871,-0.0011283989187120813,1619.486925011923,-0.0015125797270979513,1626.3525656172253,0.0014651190437846573,1575.7521190389189,-0.002145424145551633,1631.1864153309116,-0.016041434729919146,1620.1698376182414,1610.3182428597934,0.007575874704773712,0.007575874704773712,0.2610120132798176,0.8367713784261295
2019-12-25,2992.422300982657,16314,120502.0781639662,1633.6947970776398,15888,190023.4263417942,98.95193802738773,58.82124762854884,0.01007881412698608,1617.3933897323118,-0.004294434561890492,1624.3691366941996,0.004147744928273411,1617.659497716871,-0.0011283989187120813,1621.9402389359018,-0.002713019780953174,1583.3767223323814,0.004838707307665224,1618.1122429720467,-0.008015130726927056,1622.5207492465893,1611.0973705650729,0.007697680321571738,0.007697680321571738,0.354062227816603,1.297912071462693
2019-12-26,3014.418893510268,12014,118620.30447744006,1628.0821407965184,15392,194818.9293954847,98.91432242026472,59.50154088971861,-0.0034355598678292854,1633.6947970776398,0.01007881412698608,1617.3933897323118,-0.004294434561890492,1624.3691366941996,0.004147744928273411,1619.486925011923,-0.0015125797270979513,1603.9546064281328,0.012996202233817922,1617.7536649136991,-0.00022160271013649258,1624.239792403508,1611.613794359214,0.0077470891894295645,0.0077470891894295645,0.3876473016609118,-0.35007339781639024
2019-12-27,3037.510392072348,13585,114165.2383588719,1608.5307640528583,17955,196897.5406465989,98.9009401238131,59.19232578013892,-0.012008839267836247,1628.0821407965184,-0.0034355598678292854,1633.6947970776398,0.01007881412698608,1617.3933897323118,-0.004294434561890492,1617.659497716871,-0.0011283989187120813,1604.0258183397834,4.439771011299776e-05,1642.5269325876975,0.015313374471829677,1622.4140456707057,1609.9139859324719,0.007368724159326013,0.007368724159326013,0.3551158146928801,-0.27024153460270284
2019-12-30,3042.3524537108187,18321,110354.25737115828,1605.3795297750562,16115,197337.6131602184,98.7634505429761,59.213451518337095,-0.0019590761633071496,1608.5307640528583,-0.012008839267836247,1628.0821407965184,-0.0034355598678292854,1633.6947970776398,0.01007881412698608,1624.3691366941996,0.004147744928273411,1623.9732514798852,0.012435855403342577,1624.2848319977682,-0.011106119618501498,1618.616124286877,1608.9687208213363,0.006983520027224217,0.006983520027224217,0.29188734200392674,-0.13175695682405963
2019-12-31,3038.926014750361,17834,110896.53237846291,1592.2597069278827,12806,197480.9869611048,98.73963316857864,58.86059142334407,-0.008172411946109626,1605.3795297750562,-0.0019590761633071496,1608.5307640528583,-0.012008839267836247,1628.0821407965184,-0.0034355598678292854,1617.3933897323118,-0.004294434561890492,1626.3525656172253,0.0014651190437846573,1616.8686613531756,-0.004565806746758216,1613.589387725991,1607.7382731000719,0.0071372214111850634,0.0071372214111850634,0.209537641777362,-0.12292872284492629
2020-01-01,3065.217442985989,13200,110729.4769970992,1613.0558256820152,16368,197050.1641259901,98.71299441957774,58.62730964501959,0.013060758030646102,1592.2597069278827,-0.008172411946109626,1605.3795297750562,-0.0019590761633071496,1608.5307640528583,-0.012008839267836247,1633.6947970776398,0.01007881412698608,1621.9402389359018,-0.002713019780953174,1608.324768046207,-0.0052842222198914435,1609.4615934468661,1607.9748259818623,0.007680905866316781,0.007680905866316781,0.16431996855614206,-0.025386359083940893
2020-01-02,3070.236949935157,17488,110818.00833461244,1621.7175773291028,6542,197435.4206448175,98.73621140854036,58.438284891942885,0.005369777976174772,1613.0558256820152,0.013060758030646102,1592.2597069278827,-0.008172411946109626,1605.3795297750562,-0.0019590761633071496,1628.0821407965184,-0.0034355598678292854,1619.486925011923,-0.0015125797270979513,1602.0682075213638,-0.0038901101625412604,1608.188680753383,1608.957294472249,0.007702035634437572,0.007702035634437572,0.16764859516459735,-0.20934151790841024
2020-01-03,3080.6390515166604,13483,109803.74128740883,1619.3658172917162,8352,193793.35279323297,98.68067868665848,58.1211384297014,-0.0014501662128246773,1621.7175773291028,0.005369777976174772,1613.0558256820152,0.013060758030646102,1592.2597069278827,-0.008172411946109626,1608.5307640528583,-0.012008839267836247,1617.659497716871,-0.0011283989187120813,1579.0012322573812,-0.014398247937065456,1610.3556914011547,1610.9755237239658,0.0068709849597491535,0.0068709849597491535,0.29842917121121426,0.8827797475704805
2020-01-06,3098.141411875333,6445,106003.32431306515,1653.6541608963696,8120,187426.22753275972,98.72783253891298,57.80557224783188,0.021173933177123905,1619.3658172917162,-0.0014501662128246773,1621.7175773291028,0.005369777976174772,1613.0558256820152,0.013060758030646102,1605.3795297750562,-0.0019590761633071496,1624.3691366941996,0.004147744928273411,1579.1400442189938,8.791124337137468e-05,1620.0106176254171,1614.7012295578347,0.008172136674106753,0.008172136674106753,0.44461095069428314,2.1246592699883364
2020-01-07,3099.654823391222,15004,105761.3149650306,1649.831703634615,15676,183850.5357879569,98.82910412069496,57.76228693427581,-0.00231152156971115,1653.6541608963696,0.021173933177123905,1619.3658172917162,-0.0014501662128246773,1621.7175773291028,0.005369777976174772,1592.2597069278827,-0.008172411946109626,1617.3933897323118,-0.004294434561890492,1575.7521190389189,-0.002145424145551633,1631.5250169667638,1618.4052087876194,0.008177017341501005,0.008177017341501005,0.46838692317286285,1.978165041225414
2020-01-08,3055.3853609244484,11725,107899.48172072804,1641.0588080898465,17086,182252.61178403007,98.8446470534618,57.397271408759885,-0.005317448758828891,1649.831703634615,-0.00231152156971115,1653.6541608963696,0.021173933177123905,1619.3658172917162,-0.0014501662128246773,1613.0558256820152,0.013060758030646102,1633.6947970776398,0.01007881412698608,1583.3767223323814,0.004838707307665224,1637.1256134483301,1621.2893130754926,0.00832708586591624,0.00832708586591624,0.5118313155938942,1.5639436561720834
2020-01-09,3052.896272002494,7007,106997.72086377992,1662.3046153494051,17334,177709.69253445475,98.87982269430174,57.64990949650117,0.012946402136732926,1641.0588080898465,-0.005317448758828891,1649.831703634615,-0.00231152156971115,1653.6541608963696,0.021173933177123905,1621.7175773291028,0.005369777976174772,1628.0821407965184,-0.0034355598678292854,1603.9546064281328,0.012996202233817922,1645.2430210523903,1624.2068135215563,0.008323575806201713,0.008323575806201713,0.516877184170716,2.0049625260236357
2020-01-10,3070.3445304163542,6810,106597.4497593382,1639.258528719827,8836,177530.84577010167,98.88513822905952,57.37458343527592,-0.013863937100802692,1662.3046153494051,0.012946402136732926,1641.0588080898465,-0.005317448758828891,1649.831703634615,-0.00231152156971115,1619.3658172917162,-0.0014501662128246773,1608.5307640528583,-0.012008839267836247,1604.0258183397834,4.439771011299776e-05,1649.2215633380124,1625.9684490405584,0.009030778678286392,0.009030778678286392,0.5031413068305332,1.3123854797033823
2020-01-13,3094.4634194389005,9937,105764.08749358496,1644.9028328263355,18460,175290.2382999936,98.88514666836866,58.21745412630484,0.0034432055759481273,1639.258528719827,-0.013863937100802692,1662.3046153494051,0.012946402136732926,1641.0588080898465,-0.005317448758828891,1653.6541608963696,0.021173933177123905,1605.3795297750562,-0.0019590761633071496,1623.9732514798852,0.012435855403342577,1647.4712977240058,1627.014928107881,0.008654020813404675,0.008654020813404675,0.4760697626818845,1.4575727181126386
2020-01-14,3077.642175845831,19258,108055.6316456886,1626.2782281043762,11035,178684.14794757444,98.81299086501436,58.08203879101552,-0.01132261696574366,1644.9028328263355,0.0034432055759481273,1639.258528719827,-0.013863937100802692,1662.3046153494051,0.012946402136732926,1649.831703634615,-0.00231152156971115,1592.2597069278827,-0.008172411946109626,1626.3525656172253,0.0014651190437846573,1642.7606026179578,1627.0112112322386,0.009055719749342795,0.009055719749342795,0.4268232099326093,0.653145077820422
2020-01-15,3055.743028701064,10051,109341.8033593494,1629.997614022493,17706,180192.92076278743,98.8446402911817,58.10364408359063,0.0022870538717425504,1626.2782281043762,-0.01132261696574366,1644.9028328263355,0.0034432055759481273,1639.258528719827,-0.013863937100802692,1641.0588080898465,-0.005317448758828891,1613.0558256820152,0.013060758030646102,1621.9402389359018,-0.002713019780953174,1640.5483638044873,1627.4140799865681,0.00904482965919008,0.00904482965919008,0.40685057541824343,0.6830413552393627
2020-01-16,3030.442533491768,11523,109692.01205964638,1635.469184726488,16784,179444.52176314025,98.83491163134036,57.71504172825082,0.003356796756586844,1629.997614022493,0.0022870538717425504,1626.2782281043762,-0.01132261696574366,1644.9028328263355,0.0034432055759481273,1662.3046153494051,0.012946402136732926,1621.7175773291028,0.005369777976174772,1619.486925011923,-0.0015125797270979513,1635.1812776799038,1628.2131929722964,0.009059377463216327,0.009059377463216327,0.39804470508936773,0.7683293750379775
2020-01-17,2956.37420846455,17023,114544.88292528788,1659.9617463513987,14269,177608.91644998704,99.04422846223342,58.22686925568912,0.014975862494778003,1635.469184726488,0.003356796756586844,1629.997614022493,0.0022870538717425504,1626.2782281043762,-0.01132261696574366,1639.258528719827,-0.013863937100802692,1619.3658172917162,-0.0014501662128246773,1617.659497716871,-0.0011283989187120813,1639.3219212062183,1630.3283054040228,0.009603560890247761,0.009603560890247761,0.40055560322814454,0.8303019529822323
2020-01-20,2949.111216334029,8301,114724.70344282695,1684.27672952617,6704,171688.95403475105,99.20156395248094,58.56271945993,0.014647917777753428,1659.9617463513987,0.014975862494778003,1635.469184726488,0.003356796756586844,1629.997614022493,0.0022870538717425504,1644.9028328263355,0.0034432055759481273,1653.6541608963696,0.021173933177123905,1624.3691366941996,0.004147744928273411,1647.1967005461852,1633.3236850456212,0.010042395039204661,0.010042395039204661,0.4204488044534951,1.540235739759782
2020-01-21,2914.7244978117005,18419,114076.6331018846,1682.4502005334823,13914,174636.04797947124,99.2401486077366,58.65179422115082,-0.0010844589613260291,1684.27672952617,0.014647917777753428,1659.9617463513987,0.014975862494778003,1635.469184726488,0.003356796756586844,1626.2782281043762,-0.01132261696574366,1649.831703634615,-0.00231152156971115,1617.3933897323118,-0.004294434561890492,1658.4310950320064,1636.57652558568,0.009964200111648017,0.009964200111648017,0.4513035331976352,0.5022424147561739
2020-01-22,2902.5502725737306,17564,114528.06555905683,1694.4175432929308,14325,177555.12602650843,99.16384288676711,58.24775345651695,0.0071130442705844565,1682.4502005334823,-0.0010844589613260291,1684.27672952617,0.014647917777753428,1659.9617463513987,0.014975862494778003,1629.997614022493,0.0022870538717425504,1641.0588080898465,-0.005317448758828891,1633.6947970776398,0.01007881412698608,1671.3150808860937,1639.6126628964444,0.00985948518633448,0.00985948518633448,0.49977715110727267,0.3622632184845411
2020-01-23,2911.835253298869,7227,110869.84896697928,1688.6374132409949,5949,177670.52825432344,99.05260173956876,58.31095351983434,-0.0034112784507074334,1694.4175432929308,0.0071130442705844565,1682.4502005334823,-0.0010844589613260291,1684.27672952617,0.014647917777753428,1635.469184726488,0.003356796756586844,1662.3046153494051,0.012946402136732926,1628.0821407965184,-0.0034355598678292854,1681.9487265889954,1642.6404265186684,0.009858798644244314,0.009858798644244314,0.5332201725367001,0.35604823222624515
2020-01-24,2892.5087861162947,6308,108590.13311951108,1711.7755900612538,15162,175796.39118547778,99.17171603487766,57.974524206029166,0.013702276544879988,1688.6374132409949,-0.0034112784507074334,1694.4175432929308,0.0071130442705844565,1682.4502005334823,-0.0010844589613260291,1659.9617463513987,0.014975862494778003,1639.258528719827,-0.013863937100802692,1608.5307640528583,-0.012008839267836247,1692.3114953309662,1647.802667819088,0.009626887062741403,0.009626887062741403,0.5754856272596891,0.5365171584467083
2020-01-27,2936.960323573383,7617,104234.35290032036,1703.7688589548166,8345,177185.63764582414,99.19799095739238,58.41323078507117,-0.004677442039088042,1711.7755900612538,0.013702276544879988,1688.6374132409949,-0.0034112784507074334,1694.4175432929308,0.0071130442705844565,1684.27672952617,0.014647917777753428,1644.9028328263355,0.0034432055759481273,1605.3795297750562,-0.0019590761633071496,1696.2099212166954,1652.7221342780763,0.009721676534932068,0.009721676534932068,0.633413004449749,0.08633422713989902
2020-01-28,2944.8481189637087,7311,102818.71756246184,1698.0091471960495,7737,173247.4057879485,99.24600529773151,58.655989204627126,-0.003380571095952689,1703.7688589548166,-0.004677442039088042,1711.7755900612538,0.013702276544879988,1688.6374132409949,-0.0034112784507074334,1682.4502005334823,-0.0010844589613260291,1626.2782281043762,-0.01132261696574366,1592.2597069278827,-0.008172411946109626,1699.321710549209,1658.0096062914843,0.009487461342727672,0.009487461342727672,0.6733269687222551,0.8674569180295759
2020-01-29,2944.9029769133126,18275,104632.38468865052,1700.4937307677965,5339,174758.5556826301,99.07154669903412,58.68462091617344,0.001463233325833313,1698.0091471960495,-0.003380571095952689,1703.7688589548166,-0.004677442039088042,1711.7755900612538,0.013702276544879988,1694.4175432929308,0.0071130442705844565,1629.997614022493,0.0022870538717425504,1613.0558256820152,0.013060758030646102,1700.5369480441823,1662.3815015457735,0.009207381771406419,0.009207381771406419,0.7121980037403688,0.22878062895068824
2020-01-30,2912.1969131399765,15182,106638.73334893462,1686.4486835041762,19021,177117.82460700403,99.16429054718994,57.95370821719925,-0.008259393733418108,1700.4937307677965,0.001463233325833313,1698.0091471960495,-0.003380571095952689,1703.7688589548166,-0.004677442039088042,1688.6374132409949,-0.0034112784507074334,1635.469184726488,0.003356796756586844,1621.7175773291028,0.005369777976174772,1700.0992020968183,1665.6180568545271,0.009497842627008231,0.009497842627008231,0.7643623081330552,0.03580614545541691
2020-01-31,2963.538076711509,5527,104557.38059027432,1678.105027044038,12980,174591.76752758198,99.20973258101137,57.65868342360154,-0.004947471299750039,1686.4486835041762,-0.008259393733418108,1700.4937307677965,0.001463233325833313,1698.0091471960495,-0.003380571095952689,1711.7755900612538,0.013702276544879988,1659.9617463513987,0.014975862494778003,1619.3658172917162,-0.0014501662128246773,1693.3650894933755,1668.555017342143,0.009596419929334498,0.009596419929334498,0.7464752134993194,0.7505577703914947
2020-02-03,2964.3961207211264,12611,107793.69918528554,1695.3691501043136,15010,171445.56602538604,99.09868951256992,57.8650117630815,0.010287868030933733,1678.105027044038,-0.004947471299750039,1686.4486835041762,-0.008259393733418108,1700.4937307677965,0.001463233325833313,1703.7688589548166,-0.004677442039088042,1684.27672952617,0.014647917777753428,1653.6541608963696,0.021173933177123905,1691.6851477232747,1670.6407668025404,0.00870899231324627,0.00870899231324627,0.772400263896648,0.8885058865718545
2020-02-04,2968.0358240183214,5475,108161.28948745225,1686.9395797556472,9098,174541.37046384823,99.05153703182492,58.22887687059845,-0.004972114980473563,1695.3691501043136,0.010287868030933733,1678.105027044038,-0.004947471299750039,1686.4486835041762,-0.008259393733418108,1698.0091471960495,-0.003380571095952689,1682.4502005334823,-0.0010844589613260291,1649.831703634615,-0.00231152156971115,1689.4712342351945,1672.496160608592,0.008786751436007675,0.008786751436007675,0.7531329230491786,-0.17854926599487
2020-02-05,2962.844151905499,9009,109640.39838637692,1699.3075397879072,12625,173976.9176197327,99.07790875226058,58.56162781404609,0.007331596330232282,1686.9395797556472,-0.004972114980473563,1695.3691501043136,0.010287868030933733,1678.105027044038,-0.004947471299750039,1700.4937307677965,0.001463233325833313,1694.4175432929308,0.0071130442705844565,1641.0588080898465,-0.005317448758828891,1689.2339960392164,1675.408597193495,0.008751943764297733,0.008751943764297733,0.7119147998313126,0.2574712702092453
2020-02-06,2980.522704038649,9912,107417.14155957484,1701.550025546653,7494,170713.86701418017,99.0831554320962,58.08402391337365,0.0013196468009701867,1699.3075397879072,0.007331596330232282,1686.9395797556472,-0.004972114980473563,1695.3691501043136,0.010287868030933733,1686.4486835041762,-0.008259393733418108,1688.6374132409949,-0.0034112784507074334,1662.3046153494051,0.012946402136732926,1692.2542644477119,1677.3708677033574,0.008348148279249692,0.008348148279249692,0.6843289420845688,0.9420020653951234
2020-02-07,3022.0413376036176,13644,106650.9506383658,1706.1267135288574,11543,168818.76580602623,99.05393831351584,58.17448960541752,0.0026897169718733682,1701.550025546653,0.0013196468009701867,1699.3075397879072,0.007331596330232282,1686.9395797556472,-0.004972114980473563,1678.105027044038,-0.004947471299750039,1711.7755900612538,0.013702276544879988,1639.258528719827,-0.013863937100802692,1697.8586017446755,1680.7142769438087,0.007559311577259536,0.007559311577259536,0.6112964961285545,0.9597147458050519
2020-02-10,3015.2729425498937,16172,107599.31849847556,1696.8308763442217,7101,168336.9103547944,99.04358948670924,58.4791441703624,-0.005448503391291881,1706.1267135288574,0.0026897169718733682,1701.550025546653,0.0013196468009701867,1699.3075397879072,0.007331596330232282,1695.3691501043136,0.010287868030933733,1703.7688589548166,-0.004677442039088042,1644.9028328263355,0.0034432055759481273,1698.1509469926573,1683.310679119703,0.0077312263739158305,0.0077312263739158305,0.6463595200735514,0.6871403032922926
2020-02-11,2995.4853622760397,8110,109416.50038865872,1697.7619468265314,7223,168344.60203477758,99.01839174888856,57.98164350068773,0.0005487114215623201,1696.8308763442217,-0.005448503391291881,1706.1267135288574,0.0026897169718733682,1701.550025546653,0.0013196468009701867,1686.9395797556472,-0.004972114980473563,1698.0091471960495,-0.003380571095952689,1626.2782281043762,-0.01132261696574366,1700.3154204068342,1686.884865055811,0.007119729793362634,0.007119729793362634,0.5889217013487368,0.35251277902363287
2020-02-12,2988.326827700208,13440,107992.9233532748,1699.9503680887915,17867,166485.31708522906,99.0336480000988,57.97927214607576,0.0012890036005051009,1697.7619468265314,0.0005487114215623201,1696.8308763442217,-0.005448503391291881,1706.1267135288574,0.0026897169718733682,1699.3075397879072,0.007331596330232282,1700.4937307677965,0.001463233325833313,1629.997614022493,0.0022870538717425504,1700.4439860670107,1690.3825027591258,0.0071224159243601926,0.0071224159243601926,0.5330737573781945,0.7125780752454776
2020-02-13,3032.971177933754,9638,103501.51941562133,1699.9949495194676,13372,166405.80943925696,99.18079719739812,58.0614248655683,2.622513663519399e-05,1699.9503680887915,0.0012890036005051009,1697.7619468265314,0.0005487114215623201,1696.8308763442217,-0.005448503391291881,1701.550025546653,0.0013196468009701867,1686.4486835041762,-0.008259393733418108,1635.469184726488,0.003356796756586844,1700.132970861574,1693.608790998775,0.007131084887894505,0.007131084887894505,0.44960518320200166,0.46524737977128755
2020-02-14,3025.591807308272,14132,103055.18034296011,1689.7650282941238,15740,167090.92860053066,98.924131353305,57.97119549011428,-0.006017618598358476,1699.9949495194676,2.622513663519399e-05,1699.9503680887915,0.0012890036005051009,1697.7619468265314,0.0005487114215623201,1706.1267135288574,0.0026897169718733682,1678.105027044038,-0.004947471299750039,1659.9617463513987,0.014975862494778003,1696.860633814627,1695.0989550959112,0.006642833838965159,0.006642833838965159,0.3987702849165692,0.25531841497660757
2020-02-17,2980.610702273492,14165,106655.03144248322,1701.978728871508,18640,162500.55155851846,98.90044632685402,57.41554693349392,0.007228046724173431,1689.7650282941238,-0.006017618598358476,1699.9949495194676,2.622513663519399e-05,1699.9503680887915,0.0012890036005051009,1696.8308763442217,-0.005448503391291881,1695.3691501043136,0.010287868030933733,1684.27672952617,0.014647917777753428,1697.8902043200844,1695.984055063178,0.006012562810393942,0.006012562810393942,0.3564544478556768,1.209532781694033
2020-02-18,3003.877515161128,11159,107658.62724434948,1690.8678472063318,19358,164488.9841263657,98.91809756899129,57.3178375004718,-0.006528214176062752,1701.978728871508,0.007228046724173431,1689.7650282941238,-0.006017618598358476,1699.9949495194676,2.622513663519399e-05,1697.7619468265314,0.0005487114215623201,1686.9395797556472,-0.004972114980473563,1682.4502005334823,-0.0010844589613260291,1696.5113843960448,1696.4049373968205,0.006209952376451542,0.006209952376451542,0.34837792668248674,0.036810296980481105
2020-02-19,2993.019579986317,18243,105722.89638703354,1711.6492583584625,19306,162393.96928493195,98.94769696795998,57.21964587139529,0.01229038164423435,1690.8678472063318,-0.006528214176062752,1701.978728871508,0.007228046724173431,1689.7650282941238,-0.006017618598358476,1699.9503680887915,0.0012890036005051009,1699.3075397879072,0.007331596330232282,1694.4175432929308,0.0071130442705844565,1698.8511624499788,1697.266523150097,0.006605624106111252,0.006605624106111252,0.344414140143544,0.6000126751337189
2020-02-20,3009.4406860516383,17325,104284.62372568644,1727.846237895396,9359,158995.71514679692,98.91050550982786,57.17522415003096,0.009462791198511677,1711.6492583584625,0.01229038164423435,1690.8678472063318,-0.006528214176062752,1701.978728871508,0.007228046724173431,1699.9949495194676,2.622513663519399e-05,1701.550025546653,0.0013196468009701867,1688.6374132409949,-0.0034112784507074334,1704.4214201251646,1699.2269643828172,0.0068253011030699196,0.0068253011030699196,0.31944048703520833,1.0223286668662581
2020-02-21,3019.7230398838105,15547,103386.30321242395,1728.2099419967735,6817,160338.25088515566,98.73483333158,57.006182722403445,0.00021049564098984952,1727.846237895396,0.009462791198511677,1711.6492583584625,0.01229038164423435,1690.8678472063318,-0.006528214176062752,1689.7650282941238,-0.006017618598358476,1706.1267135288574,0.0026897169718733682,1711.7755900612538,0.013702276544879988,1712.1104028656944,1700.0486819795933,0.006155366824210763,0.006155366824210763,0.30969091000457194,0.2558746603856413
2020-02-24,3021.050225750985,16541,108268.253229821,1702.8402714375077,14244,167747.3546106842,98.7676328799514,56.87327907643101,-0.01467973881110396,1728.2099419967735,0.00021049564098984952,1727.846237895396,0.009462791198511677,1711.6492583584625,0.01229038164423435,1701.978728871508,0.007228046724173431,1696.8308763442217,-0.005448503391291881,1703.7688589548166,-0.004677442039088042,1712.2827113788942,1700.0022526037276,0.006952526650335637,0.006952526650335637,0.3173465099470959,-0.5083908965832654
2020-02-25,3004.0366648992003,14648,109357.89058674332,1713.8454535913206,15654,163093.39585146055,98.94036790136782,56.86136719172691,0.006462838786706948,1702.8402714375077,-0.01467973881110396,1728.2099419967735,0.00021049564098984952,1727.846237895396,0.009462791198511677,1690.8678472063318,-0.006528214176062752,1697.7619468265314,0.0005487114215623201,1698.0091471960495,-0.003380571095952689,1716.8782326558921,1700.7940679234912,0.007048683572491189,0.007048683572491189,0.32660436500932577,1.1515402781770823
2020-02-26,2961.935167828323,10623,111438.18915620488,1706.053524111882,9335,164299.90706932644,98.78698176087622,56.99410357321782,-0.004546459812412307,1713.8454535913206,0.006462838786706948,1702.8402714375077,-0.01467973881110396,1728.2099419967735,0.00021049564098984952,1711.6492583584625,0.01229038164423435,1699.9503680887915,0.0012890036005051009,1700.4937307677965,0.001463233325833313,1715.759085806576,1701.0720575906955,0.0071325135634758095,0.0071325135634758095,0.33749133772188344,0.39121159766800717
2020-02-27,2949.4828196635717,16199,114100.60787379633,1728.2419451702676,7888,163222.13979440153,98.87336456224602,56.90277554436082,0.013005700433657896,1706.053524111882,-0.004546459812412307,1713.8454535913206,0.006462838786706948,1702.8402714375077,-0.01467973881110396,1727.846237895396,0.009462791198511677,1699.9949495194676,2.622513663519399e-05,1686.4486835041762,-0.008259393733418108,1715.8382272615504,1703.161720674,0.007387517724449831,0.007387517724449831,0.3372727230940946,0.6335801768498178
2020-02-28,2954.182331096505,11186,111865.44515583142,1710.1525880769248,12844,165237.51408386303,98.84051203993374,56.77988086585042,-0.010466912427334218,1728.2419451702676,0.013005700433657896,1706.053524111882,-0.004546459812412307,1713.8454535913206,0.006462838786706948,1728.2099419967735,0.00021049564098984952,1689.7650282941238,-0.006017618598358476,1678.105027044038,-0.004947471299750039,1712.2267564775807,1704.7640987256443,0.007726557891772434,0.007726557891772434,0.3431510809514442,0.10545689758527962
2020-03-02,2929.488779645031,10675,114945.26753044814,1705.1157421293506,14962,164500.76746485484,98.83437960535086,56.80758707732676,-0.002945261132071386,1710.1525880769248,-0.010466912427334218,1728.2419451702676,0.013005700433657896,1706.053524111882,-0.004546459812412307,1702.8402714375077,-0.01467973881110396,1701.978728871508,0.007228046724173431,1695.3691501043136,0.010287868030933733,1712.6818506159493,1705.2514283268963,0.007448661969140873,0.007448661969140873,0.3477751634054496,0.39638712674249266
2020-03-03,2920.6143882270503,15037,112493.5394198801,1707.6408897722686,14326,168453.20940923493,98.72908975428048,56.231312299558205,0.001480924479510426,1705.1157421293506,-0.002945261132071386,1710.1525880769248,-0.010466912427334218,1728.2419451702676,0.013005700433657896,1713.8454535913206,0.006462838786706948,1690.8678472063318,-0.006528214176062752,1686.9395797556472,-0.004972114980473563,1711.4409378521389,1706.2864938277276,0.007346743084240474,0.007346743084240474,0.3705842967695667,-0.6125625765924778
2020-03-04,2887.727234665222,19714,119111.4027646018,1740.7765624648073,18457,163369.73821830924,98.69564413704488,56.374422837726144,0.01940435655470729,1707.6408897722686,0.001480924479510426,1705.1157421293506,-0.002945261132071386,1710.1525880769248,-0.010466912427334218,1706.053524111882,-0.004546459812412307,1711.6492583584625,0.01229038164423435,1699.3075397879072,0.007331596330232282,1718.3855455227235,1708.3599449615726,0.00835293414818735,0.00835293414818735,0.36777018352873514,1.0681920145409114
2020-03-05,2911.802473821922,12217,117604.24506332957,1747.704098355263,17319,162166.49867367628,98.82564859651475,56.37425390858925,0.003979566384238797,1740.7765624648073,0.01940435655470729,1707.6408897722686,0.001480924479510426,1705.1157421293506,-0.002945261132071386,1728.2419451702676,0.013005700433657896,1727.846237895396,0.009462791198511677,1701.550025546653,0.0013196468009701867,1722.277976159723,1710.6676486020028,0.008375426083668187,0.008375426083668187,0.34165517570396653,0.7926865891870766
2020-03-06,2906.779994895514,14168,117358.89791335378,1759.019742584272,13254,159427.89723755288,98.88391412071354,56.38616196656852,0.006474576697312662,1747.704098355263,0.003979566384238797,1740.7765624648073,0.01940435655470729,1707.6408897722686,0.001480924479510426,1710.1525880769248,-0.010466912427334218,1728.2099419967735,0.00021049564098984952,1706.1267135288574,0.0026897169718733682,1732.0514070611923,1713.3123000547737,0.0084491944252432,0.0084491944252432,0.3250873105763336,1.3114582944549398
2020-03-09,2911.617983954824,5575,114664.35273036438,1767.6273134522507,18758,160779.04351810127,99.05714528125452,56.67438225884686,0.004893390710517531,1759.019742584272,0.006474576697312662,1747.704098355263,0.003979566384238797,1740.7765624648073,0.01940435655470729,1705.1157421293506,-0.002945261132071386,1702.8402714375077,-0.01467973881110396,1696.8308763442217,-0.005448503391291881,1744.5537213257726,1716.852121910175,0.008312962326762662,0.008312962326762662,0.30717201208097034,0.6289361849318248
2020-03-10,2863.618501764963,8863,117953.39351002476,1747.9121603300537,16700,158601.60567525783,99.1748864701523,56.08853759983239,-0.011153455806072965,1767.6273134522507,0.004893390710517531,1759.019742584272,0.006474576697312662,1747.704098355263,0.003979566384238797,1707.6408897722686,0.001480924479510426,1713.8454535913206,0.006462838786706948,1697.7619468265314,0.0005487114215623201,1752.6079754373295,1719.3596325853512,0.008822525469580452,0.008822525469580452,0.2945364220025333,1.2332365705495136
2020-03-11,2905.826070230431,9614,115433.3699123802,1745.4872879342438,17199,156986.32230068935,99.21879513804528,55.4963874388747,-0.0013872964848256064,1747.9121603300537,-0.011153455806072965,1767.6273134522507,0.004893390710517531,1759.019742584272,0.006474576697312662,1740.7765624648073,0.01940435655470729,1706.053524111882,-0.004546459812412307,1699.9503680887915,0.0012890036005051009,1753.5501205312169,1721.6364785776236,0.008846055822289482,0.008846055822289482,0.275973286690578,1.2697024743378702
2020-03-12,2933.4149472984486,5539,112359.80549091594,1747.7367565218503,8864,155730.88115682075,99.39318859066204,55.57852859247176,0.0012887338699949513,1745.4872879342438,-0.0013872964848256064,1747.9121603300537,-0.011153455806072965,1767.6273134522507,0.004893390710517531,1747.704098355263,0.003979566384238797,1728.2419451702676,0.013005700433657896,1699.9949495194676,2.622513663519399e-05,1753.5566521645342,1724.0235689277429,0.0088405421083208,0.0088405421083208,0.26485639233761826,1.2374904917421723
2020-03-13,2883.3687568040305,19867,118475.18951070373,1766.5879498691763,7511,154135.71880537845,99.43708790653588,55.5763935359332,0.010786059901172651,1747.7367565218503,0.0012887338699949513,1745.4872879342438,-0.0013872964848256064,1747.9121603300537,-0.011153455806072965,1759.019742584272,0.006474576697312662,1710.1525880769248,-0.010466912427334218,1689.7650282941238,-0.006017618598358476,1755.0702936215148,1727.8647150064953,0.00889452734086302,0.00889452734086302,0.2654683270218378,1.2890418587026342
2020-03-16,2874.2970026763514,6676,118704.16106903378,1735.8442089249386,9657,158255.42187457203,99.51988672421558,55.62744661889078,-0.017402892930699854,1766.5879498691763,0.010786059901172651,1747.7367565218503,0.0012887338699949513,1745.4872879342438,-0.0013872964848256064,1767.6273134522507,0.004893390710517531,1705.1157421293506,-0.002945261132071386,1701.978728871508,0.007228046724173431,1748.7136727160528,1729.5579890091672,0.009827197768629137,0.009827197768629137,0.25670160463197855,0.19197194374139415
2020-03-17,2892.9186916724684,7133,117851.40936843929,1726.3235265413946,5741,161244.66537488264,99.49022962886212,55.48880849633905,-0.005484756255540013,1735.8442089249386,-0.017402892930699854,1766.5879498691763,0.010786059901172651,1747.7367565218503,0.0012887338699949513,1747.9121603300537,-0.011153455806072965,1707.6408897722686,0.001480924479510426,1690.8678472063318,-0.006528214176062752,1744.3959459583207,1731.33077297592,0.009787641036064885,0.009787641036064885,0.23762702025620203,-0.09011214317690386
2020-03-18,2881.3375364474546,7977,119486.0622135007,1732.3330092955005,10172,160177.5093121415,99.49688421044804,55.68811459861102,0.0034810872132093884,1726.3235265413946,-0.005484756255540013,1735.8442089249386,-0.017402892930699854,1766.5879498691763,0.010786059901172651,1745.4872879342438,-0.0013872964848256064,1740.7765624648073,0.01940435655470729,1711.6492583584625,0.01229038164423435,1741.7650902305718,1732.3649605227718,0.009449135714186792,0.009449135714186792,0.24961450389822187,0.4030407456534593
2020-03-19,2861.8119343924586,14388,123812.1781393792,1727.472296342258,9829,159152.59711998835,99.427141828118,55.96790625150836,-0.0028058767726300005,1732.3330092955005,0.0034810872132093884,1726.3235265413946,-0.005484756255540013,1735.8442089249386,-0.017402892930699854,1747.7367565218503,0.0012887338699949513,1747.704098355263,0.003979566384238797,1727.846237895396,0.009462791198511677,1737.7121981946536,1732.3462634451153,0.009242413022896691,0.009242413022896691,0.26272862584461515,0.4662197575200583
2020-03-20,2840.8529288216987,16015,124719.43344488846,1742.839965835102,19774,157144.05144315862,99.52610022157748,56.11310093969382,0.008896043962837163,1727.472296342258,-0.0028058767726300005,1732.3330092955005,0.0034810872132093884,1726.3235265413946,-0.005484756255540013,1766.5879498691763,0.010786059901172651,1759.019742584272,0.006474576697312662,1728.2099419967735,0.00021049564098984952,1732.9626013878387,1733.0777646370316,0.009453009166409697,0.009453009166409697,0.25280354396604937,0.793960651781754
2020-03-23,2816.404595230124,9645,126780.04694355914,1747.0478142497443,18051,154834.73191007867,99.408269859266,56.03485240217245,0.0024143630494646295,1742.839965835102,0.008896043962837163,1727.472296342258,-0.0028058767726300005,1732.3330092955005,0.0034810872132093884,1735.8442089249386,-0.017402892930699854,1767.6273134522507,0.004893390710517531,1702.8402714375077,-0.01467973881110396,1735.2033224528,1735.2881417776437,0.00875901900347119,0.00875901900347119,0.22460868693226502,0.3065723554962181
2020-03-24,2822.69773864234,17217,127100.61864465322,1745.8258828336227,18444,153842.61381326997,99.48650489350776,55.40254558588812,-0.0006994264302069286,1747.0478142497443,0.0024143630494646295,1742.839965835102,0.008896043962837163,1727.472296342258,-0.0028058767726300005,1726.3235265413946,-0.005484756255540013,1747.9121603300537,-0.011153455806072965,1713.8454535913206,0.006462838786706948,1739.1037937112455,1736.8871632397586,0.008683723902818272,0.008683723902818272,0.17870849645318065,0.24359304561994
2020-03-25,2804.690146982862,12119,129781.41776341296,1735.815140882139,14555,153981.05389092682,99.46743978775724,55.63331644829926,-0.005734101006244274,1745.8258828336227,-0.0006994264302069286,1747.0478142497443,0.0024143630494646295,1742.839965835102,0.008896043962837163,1732.3330092955005,0.0034810872132093884,1745.4872879342438,-0.0013872964848256064,1706.053524111882,-0.004546459812412307,1739.8002200285732,1738.3752440782714,0.008727316462337846,0.008727316462337846,0.1581031151645524,0.10632825464064605
2020-03-26,2824.091081709561,18881,124878.91370713318,1726.2519035146104,16168,155645.59698505807,99.58456449710398,55.99983504816454,-0.005509363953738022,1735.815140882139,-0.005734101006244274,1745.8258828336227,-0.0006994264302069286,1747.0478142497443,0.0024143630494646295,1727.472296342258,-0.0028058767726300005,1747.7367565218503,0.0012887338699949513,1728.2419451702676,0.013005700433657896,1739.5561414630436,1738.2757419954887,0.008349574665173415,0.008349574665173415,0.15206996479977342,-0.21379684832470575
2020-03-27,2800.554183616634,10269,129049.44938689098,1738.0226104325052,13011,155883.24858131917,99.65965139597712,56.19320257175973,0.006818649638520302,1726.2519035146104,-0.005509363953738022,1735.815140882139,-0.005734101006244274,1745.8258828336227,-0.0006994264302069286,1742.839965835102,0.008896043962837163,1766.5879498691763,0.010786059901172651,1710.1525880769248,-0.010466912427334218,1738.5926703825244,1739.6692431132676,0.008102755045034908,0.008102755045034908,0.1368268602794313,-0.09755262666901937
2020-03-30,2811.5348053563293,14643,128183.50647374144,1754.834560161333,14114,151673.61114565123,99.84171601174178,55.92930984354948,0.009673032806313264,1738.0226104325052,0.006818649638520302,1726.2519035146104,-0.005509363953738022,1735.815140882139,-0.005734101006244274,1747.0478142497443,0.0024143630494646295,1735.8442089249386,-0.017402892930699854,1705.1157421293506,-0.002945261132071386,1740.1500195648418,1742.155184014867,0.0082818039286211,0.0082818039286211,0.1446950012096239,0.9931104311120309
2020-03-31,2805.1298841943867,16972,127366.70735063095,1725.6121960777534,7411,153784.86558475427,99.91479348085564,56.13144816164981,-0.016652489497866352,1754.834560161333,0.009673032806313264,1738.0226104325052,0.006818649638520302,1726.2519035146104,-0.005509363953738022,1745.8258828336227,-0.0006994264302069286,1726.3235265413946,-0.005484756255540013,1707.6408897722686,0.001480924479510426,1736.107282213668,1743.053749330141,0.00922007366920064,0.00922007366920064,0.20705413610217188,-0.12299937121281795
2020-04-01,2789.290005346606,9459,128616.7850767395,1743.2611577227271,17739,151642.31081659187,99.75758945529032,56.389607074038246,0.010227652357284622,1725.6121960777534,-0.016652489497866352,1754.834560161333,0.009673032806313264,1738.0226104325052,0.006818649638520302,1735.815140882139,-0.005734101006244274,1732.3330092955005,0.0034810872132093884,1740.7765624648073,0.01940435655470729,1737.596485581786,1743.177979093037,0.008427405615236017,0.008427405615236017,0.22182562512572232,0.6772082722616211
2020-04-02,2752.02966589728,10333,127613.683638679,1737.2406940132064,5464,152334.7635451053,99.7508941380005,56.85725194837797,-0.0034535638466157703,1743.2611577227271,0.010227652357284622,1725.6121960777534,-0.016652489497866352,1754.834560161333,0.009673032806313264,1726.2519035146104,-0.005509363953738022,1727.472296342258,-0.0028058767726300005,1747.704098355263,0.003979566384238797,1739.7942436815051,1742.6548088759343,0.008411437336045045,0.008411437336045045,0.2789633229869997,0.17358017712354018
2020-04-03,2740.494447195643,17583,127097.64575109056,1738.3182730158553,5410,151668.1173801942,99.63369341874102,56.59441897110958,0.0006202819254479408,1737.2406940132064,-0.0034535638466157703,1743.2611577227271,0.010227652357284622,1725.6121960777534,-0.016652489497866352,1738.0226104325052,0.006818649638520302,1742.839965835102,0.008896043962837163,1759.019742584272,0.006474576697312662,1739.853376198175,1741.619735397513,0.008265095047911418,0.008265095047911418,0.28996559816799927,0.42177857702577104
2020-04-06,2663.238703547481,10437,133299.1380963456,1729.8662818489802,8940,153769.4648793378,99.5818654345044,56.52648259574634,-0.004862165518292327,1738.3182730158553,0.0006202819254479408,1737.2406940132064,-0.0034535638466157703,1743.2611577227271,0.010227652357284622,1754.834560161333,0.009673032806313264,1747.0478142497443,0.0024143630494646295,1767.6273134522507,0.004893390710517531,1734.8597205357044,1739.7316838173497,0.008214077840022496,0.008214077840022496,0.30508020935424573,-0.3032161980037315
2020-04-07,2652.4231316082955,19302,136957.07557558978,1722.0093155188292,6487,154195.11923370408,99.73298827783206,56.75066421108938,-0.004541950099029024,1729.8662818489802,-0.004862165518292327,1738.3182730158553,0.0006202819254479408,1737.2406940132064,-0.0034535638466157703,1725.6121960777534,-0.016652489497866352,1745.8258828336227,-0.0006994264302069286,1747.9121603300537,-0.011153455806072965,1734.1391444239198,1738.4365415767886,0.007913475203147441,0.007913475203147441,0.31020032025612226,-0.1419326064738366
2020-04-08,2640.671992657985,11273,137769.82328027452,1737.196183597989,5209,148887.959140537,99.79674165892185,56.76788723252083,0.008819271732327438,1722.0093155188292,-0.004541950099029024,1729.8662818489802,-0.004862165518292327,1738.3182730158553,0.0006202819254479408,1743.2611577227271,0.010227652357284622,1735.815140882139,-0.005734101006244274,1745.4872879342438,-0.0013872964848256064,1732.9261495989722,1738.021986359976,0.008192130097648003,0.008192130097648003,0.33056152914941317,1.4917657393034478
2020-04-09,2592.4327600433057,15453,142300.19341455246,1724.345971831469,11622,153001.39484148123,99.72684861606396,56.43268895190545,-0.007397098777816469,1737.196183597989,0.008819271732327438,1722.0093155188292,-0.004541950099029024,1729.8662818489802,-0.004862165518292327,1737.2406940132064,-0.0034535638466157703,1726.2519035146104,-0.005509363953738022,1747.7367565218503,0.0012887338699949513,1730.3472051626245,1736.8524471254568,0.008337654530956745,0.008337654530956745,0.38774770077801424,-0.2266157848088517
2020-04-10,2570.1147909685683,9159,143473.76928553218,1715.5526573677737,7477,151480.20879956495,99.62547687941992,56.557073837413455,-0.005099507063745179,1724.345971831469,-0.007397098777816469,1737.196183597989,0.008819271732327438,1722.0093155188292,-0.004541950099029024,1738.3182730158553,0.0006202819254479408,1738.0226104325052,0.006818649638520302,1766.5879498691763,0.010786059901172651,1725.7940820330082,1734.3006825003868,0.00793896609285139,0.00793896609285139,0.41992522999261234,0.665893215317992
2020-04-13,2602.7179496013337,6085,142690.16890273837,1728.067989629108,19804,153267.55455610628,99.62875508870756,56.730672327558,0.007295218953253801,1715.5526573677737,-0.005099507063745179,1724.345971831469,-0.007397098777816469,1737.196183597989,0.008819271732327438,1729.8662818489802,-0.004862165518292327,1754.834560161333,0.009673032806313264,1735.8442089249386,-0.017402892930699854,1725.4344235890337,1733.911871535595,0.00721198561015464,0.00721198561015464,0.43533952083952626,-0.13311382169307848
2020-04-14,2591.3157669779166,12859,142805.52181468383,1725.3942248454532,6769,154059.726955678,99.50709907376944,56.75706119645731,-0.0015472567050031083,1728.067989629108,0.007295218953253801,1715.5526573677737,-0.005099507063745179,1724.345971831469,-0.007397098777816469,1722.0093155188292,-0.004541950099029024,1725.6121960777534,-0.016652489497866352,1726.3235265413946,-0.005484756255540013,1726.1114054543584,1733.865406450798,0.0071131870174798275,0.0071131870174798275,0.45827547252264844,-0.258643624876686
2020-04-15,2567.930863352788,11164,145569.78331596998,1744.3689827616224,16110,152460.39537094784,99.43998504602978,56.82293667461129,0.010997346370432481,1725.3942248454532,-0.0015472567050031083,1728.067989629108,0.007295218953253801,1715.5526573677737,-0.005099507063745179,1737.196183597989,0.008819271732327438,1743.2611577227271,0.010227652357284622,1732.3330092955005,0.0034810872132093884,1727.545965287085,1734.4672051241043,0.0074952374503665644,0.0074952374503665644,0.4508584295184157,0.3467695038528066
2020-04-16,2568.505096818068,13612,144865.97942010377,1747.0308629594415,17512,149187.985746975,99.4711859931849,56.74532490410557,0.0015259845962205532,1744.3689827616224,0.010997346370432481,1725.3942248454532,-0.0015472567050031083,1728.067989629108,0.007295218953253801,1724.345971831469,-0.007397098777816469,1737.2406940132064,-0.0034535638466157703,1727.472296342258,-0.0028058767726300005,1732.0829435126798,1735.4451334549635,0.007461054588276333,0.007461054588276333,0.44170050569303365,1.325990966386466
2020-04-17,2588.5484129569936,8734,141387.6649627348,1741.5675877453425,9597,150356.01119032575,99.58671719679558,57.18880858482039,-0.0031271772754170035,1747.0308629594415,0.0015259845962205532,1744.3689827616224,0.010997346370432481,1725.3942248454532,-0.0015472567050031083,1715.5526573677737,-0.005099507063745179,1738.3182730158553,0.0006202819254479408,1742.839965835102,0.008896043962837163,1737.2859295881935,1735.3815145504752,0.007237575960389673,0.007237575960389673,0.4456118016582688,0.511174877025351
2020-04-20,2581.024727942272,19616,140035.7001331384,1766.8056795325715,16556,147034.75111321255,99.64759334401802,56.918600929706585,0.014491594793574869,1741.5675877453425,-0.0031271772754170035,1747.0308629594415,0.0015259845962205532,1744.3689827616224,0.010997346370432481,1728.067989629108,0.007295218953253801,1729.8662818489802,-0.004862165518292327,1747.0478142497443,0.0024143630494646295,1745.0334675688864,1736.3694078146164,0.007922095538959607,0.007922095538959607,0.43006621781052773,1.7144422847372653
2020-04-21,2565.194382776157,19088,140039.84507359282,1758.0445210151674,17408,146370.36681467306,99.4184643931582,56.74240470087745,-0.004958756143302545,1766.8056795325715,0.014491594793574869,1741.5675877453425,-0.0031271772754170035,1747.0308629594415,0.0015259845962205532,1725.3942248454532,-0.0015472567050031083,1722.0093155188292,-0.004541950099029024,1745.8258828336227,-0.0006994264302069286,1751.563526802829,1736.9803397236942,0.008015348680810013,0.008015348680810013,0.4280366263013501,1.2739588259885344
2020-04-22,2553.023942483753,18606,143378.51014400524,1753.1186198699654,13796,148056.7375863243,99.44890106606124,56.74570035493571,-0.0028019205920665202,1758.0445210151674,-0.004958756143302545,1766.8056795325715,0.014491594793574869,1741.5675877453425,-0.0031271772754170035,1744.3689827616224,0.010997346370432481,1737.196183597989,0.008819271732327438,1735.815140882139,-0.005734101006244274,1753.3134542244977,1737.8455136730852,0.00792393841417485,0.00792393841417485,0.4320538268227836,0.628952622329069
2020-04-23,2573.555653469617,17166,148193.2866696519,1749.5567224183612,5000,149972.3507933356,99.45610442338447,57.00938656324598,-0.0020317492560020245,1753.1186198699654,-0.0028019205920665202,1758.0445210151674,-0.004958756143302545,1766.8056795325715,0.014491594793574869,1747.0308629594415,0.0015259845962205532,1724.345971831469,-0.007397098777816469,1726.2519035146104,-0.005509363953738022,1753.8186261162816,1739.0107546182728,0.007822032794033791,0.007822032794033791,0.42581222301177923,0.21547687328589696
2020-04-24,2591.3456402787,15544,146397.65866149357,1753.759505768811,13674,151859.00597402325,99.49749345192176,56.560174612217615,0.0024021989665132804,1749.5567224183612,-0.0020317492560020245,1753.1186198699654,-0.0028019205920665202,1758.0445210151674,-0.004958756143302545,1741.5675877453425,-0.0031271772754170035,1715.5526573677737,-0.005099507063745179,1738.0226104325052,0.006818649638520302,1756.2570097209755,1739.797599385088,0.007701613185112429,0.007701613185112429,0.4210905671654748,-0.1481216114890876
2020-04-27,2618.2399053968834,6048,142854.1917924172,1772.298754118155,5477,147277.38719397498,99.65911442008688,56.16708558728799,0.010571146322150282,1753.759505768811,0.0024021989665132804,1749.5567224183612,-0.0020317492560020245,1753.1186198699654,-0.0028019205920665202,1766.8056795325715,0.014491594793574869,1728.067989629108,0.007295218953253801,1754.834560161333,0.009673032806313264,1757.3556246380922,1740.6708090829293,0.007760436130123325,0.007760436130123325,0.42648439847390957,1.5274216751477476
2020-04-28,2624.5107281314204,18058,143484.95432372595,1739.585472233952,6657,149420.86708784406,99.4527905924064,55.55576703496757,-0.018458108040864896,1772.298754118155,0.010571146322150282,1753.759505768811,0.0024021989665132804,1749.5567224183612,-0.0020317492560020245,1758.0445210151674,-0.004958756143302545,1725.3942248454532,-0.0015472567050031083,1725.6121960777534,-0.016652489497866352,1753.6638148818488,1741.369472890739,0.007978220683855765,0.007978220683855765,0.4163114870951883,0.24452383109431358
2020-04-29,2600.869949135885,14141,146304.63362278536,1742.1404128110091,9276,151898.67943989811,99.3936802498873,55.56557560254355,0.001468706549828891,1739.585472233952,-0.018458108040864896,1772.298754118155,0.010571146322150282,1753.759505768811,0.0024021989665132804,1753.1186198699654,-0.0028019205920665202,1744.3689827616224,0.010997346370432481,1743.2611577227271,0.010227652357284622,1751.4681734700578,1741.313435645153,0.00764577502731604,0.00764577502731604,0.39835003589651863,-0.26453045502927763
2020-04-30,2606.9741516087465,8325,144787.20959043506,1772.5818231211852,15864,149430.27475916868,99.45277088216665,55.23008385738159,0.01747356876995787,1742.1404128110091,0.001468706549828891,1739.585472233952,-0.018458108040864896,1772.298754118155,0.010571146322150282,1749.5567224183612,-0.0020317492560020245,1747.0308629594415,0.0015259845962205532,1737.2406940132064,-0.0034535638466157703,1756.0731936106226,1743.0804921005517,0.008529774529172474,0.008529774529172474,0.4021623197084147,0.8005891258847948
2020-05-01,2619.7031193242287,19777,147684.16004157637,1770.772230742026,16466,151255.85442341655,99.29461144222124,55.11471882437621,-0.0010208794626883622,1772.5818231211852,0.01747356876995787,1742.1404128110091,0.001468706549828891,1739.585472233952,-0.018458108040864896,1753.759505768811,0.0024021989665132804,1741.5675877453425,-0.0031271772754170035,1738.3182730158553,0.0006202819254479408,1759.4757386052654,1744.7031899868605,0.00854193035947491,0.00854193035947491,0.4038769262015811,-0.03532247230686619
2020-05-04,2616.4756768503707,19916,149686.28925112513,1786.2053383813177,14092,148459.1936831122,99.44220634702658,55.31313228134373,0.008715467394033283,1770.772230742026,-0.0010208794626883622,1772.5818231211852,0.01747356876995787,1742.1404128110091,0.001468706549828891,1772.298754118155,0.010571146322150282,1766.8056795325715,0.014491594793574869,1729.8662818489802,-0.004862165518292327,1762.2570554578979,1747.5201428134774,0.008594248530846168,0.008594248530846168,0.40315573739589583,0.9978452738008331
2020-05-05,2605.920265217082,12857,152367.18885508098,1793.3244683601451,10175,148386.54169814457,99.47904200829666,55.12066946510887,0.003985616785402213,1786.2053383813177,0.008715467394033283,1770.772230742026,-0.0010208794626883622,1772.5818231211852,0.01747356876995787,1739.585472233952,-0.018458108040864896,1758.0445210151674,-0.004958756143302545,1722.0093155188292,-0.004541950099029024,1773.0048546831367,1751.0859004555434,0.008482275233568669,0.008482275233568669,0.4004753956949267,0.6650393128430496
2020-05-06,2626.298438513646,10035,150894.25360275625,1780.1521160084242,12504,151504.24794162923,99.563700406881,55.19005407193188,-0.007345214200844552,1793.3244683601451,0.003985616785402213,1786.2053383813177,0.008715467394033283,1770.772230742026,-0.0010208794626883622,1742.1404128110091,0.001468706549828891,1753.1186198699654,-0.0028019205920665202,1737.196183597989,0.008819271732327438,1780.6071953226196,1753.233697076065,0.008574454756391351,0.008574454756391351,0.39976588835244375,-0.6279433179142806
2020-05-07,2651.6878165920016,18341,149200.5110332331,1760.4688229614928,5584,151278.76817094034,99.5066060407288,55.100252699606365,-0.011057084880513823,1780.1521160084242,-0.007345214200844552,1793.3244683601451,0.003985616785402213,1786.2053383813177,0.008715467394033283,1772.5818231211852,0.01747356876995787,1749.5567224183612,-0.0020317492560020245,1724.345971831469,-0.007397098777816469,1778.1845952906813,1755.039839632566,0.008804835392527167,0.008804835392527167,0.36477019341301614,-0.4959025025577967
2020-05-08,2624.6818896744085,7485,153183.57054426955,1770.3681276456464,18939,148802.30809400545,99.58798240972544,55.301886994135295,0.005623107069570699,1760.4688229614928,-0.011057084880513823,1780.1521160084242,-0.007345214200844552,1793.3244683601451,0.003985616785402213,1770.772230742026,-0.0010208794626883622,1753.759505768811,0.0024021989665132804,1715.5526573677737,-0.005099507063745179,1778.1037746714053,1757.78061314646,0.008735323705923313,0.008735323705923313,0.3335301078669178,0.41289639247204457
2020-05-11,2600.187984412435,17184,152221.60016568276,1783.6505837537848,12359,147825.8899989902,99.69482956532434,55.4444254143397,0.007502652075985106,1770.3681276456464,0.005623107069570699,1760.4688229614928,-0.011057084880513823,1780.1521160084242,-0.007345214200844552,1786.2053383813177,0.008715467394033283,1772.298754118155,0.010571146322150282,1728.067989629108,0.007295218953253801,1777.5928237458986,1760.5597428526937,0.008742549217746006,0.008742549217746006,0.317947155489995,0.3400987707504501
2020-05-12,2625.6429080377598,19555,148620.85655489573,1753.4503995893265,11821,153989.18172898146,99.71811736733804,55.236845305487314,-0.016931670608320792,1783.6505837537848,0.007502652075985106,1770.3681276456464,0.005623107069570699,1760.4688229614928,-0.011057084880513823,1793.3244683601451,0.003985616785402213,1739.585472233952,-0.018458108040864896,1725.3942248454532,-0.0015472567050031083,1769.618009991735,1761.9625515898874,0.009664161540837955,0.009664161540837955,0.2764119409858747,-1.377220542645011
2020-05-13,2613.301947071364,12073,149745.61741962787,1745.3661285447752,12132,154048.65702810197,99.74155745660792,55.186249779467175,-0.004610493143373029,1753.4503995893265,-0.016931670608320792,1783.6505837537848,0.007502652075985106,1770.3681276456464,0.005623107069570699,1780.1521160084242,-0.007345214200844552,1742.1404128110091,0.001468706549828891,1744.3689827616224,0.010997346370432481,1762.6608124990048,1762.0124088790449,0.009429045871312752,0.009429045871312752,0.23903838801916422,-0.6879262985196886
2020-05-14,2617.8062343630863,5929,146467.12710939103,1729.9677367239974,14873,157124.1616352556,99.7685917805361,55.49937279878333,-0.00882244221939632,1745.3661285447752,-0.004610493143373029,1753.4503995893265,-0.016931670608320792,1783.6505837537848,0.007502652075985106,1760.4688229614928,-0.011057084880513823,1772.5818231211852,0.01747356876995787,1747.0308629594415,0.0015259845962205532,1756.560595251506,1761.1592525672727,0.009626853716539301,0.009626853716539301,0.2306885672655426,-1.3789126196111592
2020-05-15,2621.148694248227,11630,149532.50527333055,1725.2925052605203,6551,155960.6315230379,99.68225725406216,55.61738585985955,-0.0027024963322902495,1729.9677367239974,-0.00882244221939632,1745.3661285447752,-0.004610493143373029,1753.4503995893265,-0.016931670608320792,1770.3681276456464,0.005623107069570699,1770.772230742026,-0.0010208794626883622,1741.5675877453425,-0.0031271772754170035,1747.5454707744807,1760.3454984430318,0.009621096526972711,0.009621096526972711,0.23838148960989816,-0.5464013497859435
2020-05-18,2609.925084931256,16308,149143.34213278032,1705.7476632310113,16812,155839.47441910687,99.66750438603812,55.19829724253422,-0.011328422264581639,1725.2925052605203,-0.0027024963322902495,1729.9677367239974,-0.00882244221939632,1745.3661285447752,-0.004610493143373029,1783.6505837537848,0.007502652075985106,1786.2053383813177,0.008715467394033283,1766.8056795325715,0.014491594793574869,1731.9648866699258,1757.2925976279537,0.009238857236372671,0.009238857236372671,0.25028346949212055,-0.7350067090988113
2020-05-19,2613.6592538936,7424,148004.05978710277,1714.647042654115,16858,156015.84807767774,99.6522521327929,55.39498266088563,0.005217289529358959,1705.7476632310113,-0.011328422264581639,1725.2925052605203,-0.0027024963322902495,1729.9677367239974,-0.00882244221939632,1753.4503995893265,-0.016931670608320792,1793.3244683601451,0.003985616785402213,1758.0445210151674,-0.004958756143302545,1724.204215282884,1755.122723709901,0.009330644224145663,0.009330644224145663,0.27964389791421057,-0.7446524492572731
2020-05-20,2596.6085188717184,5959,149976.23806965596,1719.5437719038043,6058,153394.06047568328,99.69059151922824,55.06959947415476,0.0028558234598006216,1714.647042654115,0.005217289529358959,1705.7476632310113,-0.011328422264581639,1725.2925052605203,-0.0027024963322902495,1745.3661285447752,-0.004610493143373029,1780.1521160084242,-0.007345214200844552,1753.1186198699654,-0.0028019205920665202,1719.0397439546898,1753.4439813115928,0.00936546241830019,0.00936546241830019,0.3060703898080462,0.12007283847303178
2020-05-21,2601.352433718229,10317,152628.5802243736,1698.194584774061,13842,155959.55910120308,99.79057394391928,55.49335339514306,-0.012415611325849785,1719.5437719038043,0.0028558234598006216,1714.647042654115,0.005217289529358959,1705.7476632310113,-0.011328422264581639,1729.9677367239974,-0.00882244221939632,1760.4688229614928,-0.011057084880513823,1749.5567224183612,-0.0020317492560020245,1712.6851135647023,1750.875874429378,0.009711499290358801,0.009711499290358801,0.38711327927617056,-0.794098078023599
2020-05-22,2580.895856039796,12429,154088.70875058614,1684.9196351182793,14825,156396.4143172178,99.68472033572142,55.80058304709537,-0.007817095740855762,1698.194584774061,-0.012415611325849785,1719.5437719038043,0.0028558234598006216,1714.647042654115,0.005217289529358959,1725.2925052605203,-0.0027024963322902495,1770.3681276456464,0.005623107069570699,1753.759505768811,0.0024021989665132804,1704.6105395362542,1747.4338808968514,0.009767173210896998,0.009767173210896998,0.4776795531720816,-0.611782519576041
2020-05-25,2600.38221612913,7870,151000.86031585024,1690.1607067149196,10104,156769.9612059525,99.67221943268947,55.88754868987089,0.0031105766040124827,1684.9196351182793,-0.007817095740855762,1698.194584774061,-0.012415611325849785,1719.5437719038043,0.0028558234598006216,1705.7476632310113,-0.011328422264581639,1783.6505837537848,0.007502652075985106,1772.298754118155,0.010571146322150282,1701.4931482330358,1743.3269785266893,0.009399135954986801,0.009399135954986801,0.5820235635512732,-0.9541740412597863
2020-05-26,2585.046548840052,14338,150302.0427705132,1690.3258660280935,10393,154224.08469310732,99.82036498745536,55.93471854290175,9.771811196279678e-05,1690.1607067149196,0.0031105766040124827,1684.9196351182793,-0.007817095740855762,1698.194584774061,-0.012415611325849785,1714.647042654115,0.005217289529358959,1753.4503995893265,-0.016931670608320792,1739.585472233952,-0.018458108040864896,1696.6289129078316,1740.8639982163968,0.008605423813360007,0.008605423813360007,0.6993188107684228,-0.0830248666815677
2020-05-27,2584.070629840744,17685,150839.74052497355,1682.857184287964,18614,152330.84769928048,99.74600616457413,55.87200886609352,-0.004418486334637595,1690.3258660280935,9.771811196279678e-05,1690.1607067149196,0.0031105766040124827,1684.9196351182793,-0.007817095740855762,1719.5437719038043,0.0028558234598006216,1745.3661285447752,-0.004610493143373029,1742.1404128110091,0.001468706549828891,1689.2915953846634,1737.8998367902445,0.008602818911620834,0.008602818911620834,0.789362931107848,0.11206015110139933
2020-05-28,2576.9599983116686,6114,150221.54569966532,1697.324404100682,19560,147821.29664121725,99.66378116284508,56.07556605151353,0.008596819711019776,1682.857184287964,-0.004418486334637595,1690.3258660280935,9.771811196279678e-05,1690.1607067149196,0.0031105766040124827,1698.194584774061,-0.012415611325849785,1729.9677367239974,-0.00882244221939632,1772.5818231211852,0.01747356876995787,1689.1175592499876,1734.136965839219,0.007748411198371306,0.007748411198371306,0.8408700606355405,1.29118490787212
2020-05-29,2571.951506195869,14051,155357.62216667004,1706.613913201982,16608,146385.24863419263,99.6840117820282,55.96433260067492,0.005473031012137142,1697.324404100682,0.008596819711019776,1682.857184287964,-0.004418486334637595,1690.3258660280935,9.771811196279678e-05,1684.9196351182793,-0.007817095740855762,1725.2925052605203,-0.0027024963322902495,1770.772230742026,-0.0010208794626883622,1693.4564148667282,1730.9290499622173,0.007931595946145146,0.007931595946145146,0.8609760282856201,0.9864259710758301
2020-06-01,2566.9343571543745,13616,158212.5153197584,1707.964052738657,15386,148823.29749767546,99.76845030107673,56.03500356186688,0.0007911218385310281,1706.613913201982,0.005473031012137142,1697.324404100682,0.008596819711019776,1682.857184287964,-0.004418486334637595,1690.1607067149196,0.0031105766040124827,1705.7476632310113,-0.011328422264581639,1786.2053383813177,0.008715467394033283,1697.0170840714757,1727.0169856800844,0.007567515351835071,0.007567515351835071,0.8812640926296679,0.21636932191491526
2020-06-02,2561.2728247774016,19043,152233.50152218793,1719.9279196862017,7250,149089.3372488384,99.7695929066328,56.29658387182272,0.007004753366068206,1707.964052738657,0.0007911218385310281,1706.613913201982,0.005473031012137142,1697.324404100682,0.008596819711019776,1690.3258660280935,9.771811196279678e-05,1714.647042654115,0.005217289529358959,1793.3244683601451,0.003985616785402213,1702.937494803097,1723.347158246387,0.0077260574324914105,0.0077260574324914105,0.8767422097046395,0.4661895983507067
2020-06-03,2547.9116532092485,5691,151394.94380106183,1714.8711917321111,19587,150096.55659736943,99.9024889656765,56.12804190876504,-0.0029400813232993706,1719.9279196862017,0.007004753366068206,1707.964052738657,0.0007911218385310281,1706.613913201982,0.005473031012137142,1682.857184287964,-0.004418486334637595,1719.5437719038043,0.0028558234598006216,1780.1521160084242,-0.007345214200844552,1709.3402962919267,1720.0831120325715,0.007629608468194593,0.007629608468194593,0.884743252573631,0.06455908945319094
2020-06-04,2517.1312829176045,11155,154503.6112805816,1715.3770532634232,14568,149784.57686207304,99.98816836393314,55.94318408676783,0.000294985147427429,1714.8711917321111,-0.0029400813232993706,1719.9279196862017,0.007004753366068206,1707.964052738657,0.0007911218385310281,1697.324404100682,0.008596819711019776,1698.194584774061,-0.012415611325849785,1760.4688229614928,-0.011057084880513823,1712.950826124475,1717.8285235476676,0.00732384240753679,0.00732384240753679,0.8930807495151384,0.24390418944007825
2020-06-05,2515.6818234649527,12075,159203.38648085418,1718.5353736859936,6272,151840.7877865081,100.07235037062216,55.58487444255049,0.0018411814571972496,1715.3770532634232,0.000294985147427429,1714.8711917321111,-0.0029400813232993706,1719.9279196862017,0.007004753366068206,1706.613913201982,0.005473031012137142,1684.9196351182793,-0.007817095740855762,1770.3681276456464,0.005623107069570699,1715.3351182212773,1715.2368858496852,0.007183962055924409,0.007183962055924409,0.92437663496153,-0.33344681714536456
2020-06-08,2491.6355577973195,15525,156984.2575779954,1720.780908865535,5465,151383.03929161094,100.12776202075456,55.26553261871264,0.0013066563621120242,1718.5353736859936,0.0018411814571972496,1715.3770532634232,0.000294985147427429,1714.8711917321111,-0.0029400813232993706,1707.964052738657,0.0007911218385310281,1690.1607067149196,0.0031105766040124827,1783.6505837537848,0.007502652075985106,1717.8984894466528,1712.0934021052726,0.006905307332833965,0.006905307332833965,0.925869270270192,0.061941263299967464
2020-06-09,2492.8551992115945,14781,155930.5949470757,1703.40087849612,19121,155465.56736483853,100.36052733078915,54.71701402528019,-0.010100083212146505,1720.780908865535,0.0013066563621120242,1718.5353736859936,0.0018411814571972496,1715.3770532634232,0.000294985147427429,1719.9279196862017,0.007004753366068206,1690.3258660280935,9.771811196279678e-05,1753.4503995893265,-0.016931670608320792,1714.5930812086365,1709.5909260506123,0.006254095341553243,0.006254095341553243,0.927625188744528,-1.4650768668804983
2020-06-10,2528.790896523866,17497,155398.55558368572,1706.4045631634206,12923,157753.237178367,100.34001116190257,54.935962661984846,0.0017633457310133327,1703.40087849612,-0.010100083212146505,1720.780908865535,0.0013066563621120242,1718.5353736859936,0.0018411814571972496,1714.8711917321111,-0.0029400813232993706,1682.857184287964,-0.004418486334637595,1745.3661285447752,-0.004610493143373029,1712.8997554948987,1707.6428477815448,0.006245794146094743,0.006245794146094743,0.9303101749257316,-1.332278602120121
2020-06-11,2505.419125010381,19858,155806.0075819069,1716.5748796798052,10116,157839.40242319598,100.13965893269592,55.47863702460968,0.0059600851614756145,1706.4045631634206,0.0017633457310133327,1703.40087849612,-0.010100083212146505,1720.780908865535,0.0013066563621120242,1715.3770532634232,0.000294985147427429,1697.324404100682,0.008596819711019776,1729.9677367239974,-0.00882244221939632,1713.1393207781748,1706.973204929335,0.006159094433224012,0.006159094433224012,0.9405989879230605,-1.1085979612671002
2020-06-12,2531.750542225514,5193,153788.7887619236,1734.7071503768043,19028,156445.71616645227,100.30008436884764,55.90623570765077,0.010563052571514575,1716.5748796798052,0.0059600851614756145,1706.4045631634206,0.0017633457310133327,1703.40087849612,-0.010100083212146505,1718.5353736859936,0.0018411814571972496,1706.613913201982,0.005473031012137142,1725.2925052605203,-0.0027024963322902495,1716.3736761163368,1707.443937185149,0.006593691531811506,0.006593691531811506,0.936350844058567,-0.6299157037449805
2020-06-15,2522.798271888207,18339,153457.12377864926,1729.539121473162,14850,157757.63929767086,100.25431442575194,55.41841036106282,-0.002979193867114538,1734.7071503768043,0.010563052571514575,1716.5748796798052,0.0059600851614756145,1706.4045631634206,0.0017633457310133327,1720.780908865535,0.0013066563621120242,1707.964052738657,0.0007911218385310281,1705.7476632310113,-0.011328422264581639,1718.1253186378624,1708.6335100972567,0.006062072329288035,0.006062072329288035,0.9426138227036555,-1.0960509633008377
2020-06-16,2408.22330544193,9842,163848.8369820467,1735.4693507455213,10548,156844.27408965272,100.26510247018624,55.63586676252967,0.0034287916351427583,1729.539121473162,-0.002979193867114538,1734.7071503768043,0.010563052571514575,1716.5748796798052,0.0059600851614756145,1703.40087849612,-0.010100083212146505,1719.9279196862017,0.007004753366068206,1714.647042654115,0.005217289529358959,1724.5390130877427,1709.6746255018272,0.0060050109930959395,0.0060050109930959395,0.9534353062620082,-0.6054881242562586
2020-06-17,2411.7200151627594,6819,161221.50387527546,1724.13588487038,17689,158646.8471702791,100.39605753867232,56.062498667506745,-0.00653049036577491,1735.4693507455213,0.0034287916351427583,1729.539121473162,-0.002979193867114538,1734.7071503768043,0.010563052571514575,1706.4045631634206,0.0017633457310133327,1714.8711917321111,-0.0029400813232993706,1719.5437719038043,0.0028558234598006216,1728.0852774291347,1709.9042311501557,0.006185231852122557,0.006185231852122557,0.9605108963646969,-1.1754297867999495
2020-06-18,2441.585854382177,11543,158678.5144398797,1743.7196112131717,17679,154564.3611212557,100.2358315845664,55.92545567328514,0.011358574758893791,1724.13588487038,-0.00653049036577491,1735.4693507455213,0.0034287916351427583,1729.539121473162,-0.002979193867114538,1716.5748796798052,0.0059600851614756145,1715.3770532634232,0.000294985147427429,1698.194584774061,-0.012415611325849785,1733.514223735808,1712.1804824721116,0.005921805602202105,0.005921805602202105,0.9804537698348791,0.28100458444804954
2020-06-19,2442.918769288952,5578,155572.2950908674,1722.977744419106,17129,155243.40009416186,100.1106668631558,55.95588990248016,-0.011895184673431869,1743.7196112131717,0.011358574758893791,1724.13588487038,-0.00653049036577491,1735.4693507455213,0.0034287916351427583,1734.7071503768043,0.010563052571514575,1718.5353736859936,0.0018411814571972496,1684.9196351182793,-0.007817095740855762,1731.1683425442684,1714.0833879371526,0.006311127044338626,0.006311127044338626,0.9853758350476965,-0.449749934194601
2020-06-22,2465.369915564452,18929,155632.71114574533,1720.179982823502,14047,158608.34298732836,99.9505390694439,55.35352198723876,-0.0016237943900704321,1722.977744419106,-0.011895184673431869,1743.7196112131717,0.011358574758893791,1724.13588487038,-0.00653049036577491,1729.539121473162,-0.002979193867114538,1720.780908865535,0.0013066563621120242,1690.1607067149196,0.0031105766040124827,1729.2965148143362,1715.584351742582,0.00632195989760969,0.00632195989760969,0.9896470625701397,-1.0259307802274868
2020-06-23,2461.906170332428,11905,157067.9351841284,1724.4242217248964,17004,157792.3759621859,99.87112544044138,55.43354283763175,0.0024673225730877935,1720.179982823502,-0.0016237943900704321,1722.977744419106,-0.011895184673431869,1743.7196112131717,0.011358574758893791,1735.4693507455213,0.0034287916351427583,1703.40087849612,-0.010100083212146505,1690.3258660280935,9.771811196279678e-05,1727.0874890102114,1717.2892695274218,0.0063283412644344565,0.0063283412644344565,0.9858546010906287,-0.4075554307445838
2020-06-24,2461.0280526333154,18057,156995.73345327354,1741.4684824577716,7900,152404.4226956564,99.91508910104308,55.114474918801335,0.009884029995720134,1724.4242217248964,0.0024673225730877935,1720.179982823502,-0.0016237943900704321,1722.977744419106,-0.011895184673431869,1724.13588487038,-0.00653049036577491,1706.4045631634206,0.0017633457310133327,1682.857184287964,-0.004418486334637595,1730.5540085276893,1720.2198344359124,0.0064877606335627955,0.0064877606335627955,0.9885928302086576,1.0891606059736496
2020-06-25,2457.574805421279,17726,157280.3807864635,1740.5752344183245,18976,155153.77426210043,99.96750788532437,55.17436542417479,-0.0005129280537919945,1741.4684824577716,0.009884029995720134,1724.4242217248964,0.0024673225730877935,1720.179982823502,-0.0016237943900704321,1743.7196112131717,0.011358574758893791,1716.5748796798052,0.0059600851614756145,1697.324404100682,0.008596819711019776,1729.9251331687203,1722.3823759517945,0.006297522505695089,0.006297522505695089,0.9886103495564753,-0.33243059880061077
2020-06-26,2469.8684895415845,6267,156261.84945892578,1716.1659561750243,17625,160578.48485079373,99.9951353032572,54.70600454751813,-0.014023684676553128,1740.5752344183245,-0.0005129280537919945,1741.4684824577716,0.009884029995720134,1724.4242217248964,0.0024673225730877935,1722.977744419106,-0.011895184673431869,1734.7071503768043,0.010563052571514575,1706.613913201982,0.005473031012137142,1728.5627755199039,1722.8599781004464,0.007074954979764386,0.007074954979764386,0.9806089306882719,-1.0000614066449085
2020-06-29,2462.9050370972022,8732,156024.43264431664,1736.0880059359988,17985,159036.51772403077,99.85385871486795,54.868862014861406,0.011608463441016292,1716.1659561750243,-0.014023684676553128,1740.5752344183245,-0.0005129280537919945,1741.4684824577716,0.009884029995720134,1720.179982823502,-0.0016237943900704321,1729.539121473162,-0.002979193867114538,1707.964052738657,0.0007911218385310281,1731.7443801424029,1724.2661757603134,0.00751409529484243,0.00751409529484243,0.976115785254914,0.03858592655384063
2020-06-30,2458.031889929979,19331,156673.9315494765,1742.1412419668563,10498,155817.61875949777,99.6228483712047,55.17621581748941,0.003486710356940703,1736.0880059359988,0.011608463441016292,1716.1659561750243,-0.014023684676553128,1740.5752344183245,-0.0005129280537919945,1724.4242217248964,0.0024673225730877935,1735.4693507455213,0.0034287916351427583,1719.9279196862017,0.007004753366068206,1735.287784190795,1725.3768418743464,0.007402629908066848,0.007402629908066848,0.9583217415892891,0.7921504068887979
2020-07-01,2474.456855202256,5619,156004.50488774036,1725.919771916831,16473,161440.5827043019,99.62828372974374,54.94126185897486,-0.009311225553509939,1742.1412419668563,0.003486710356940703,1736.0880059359988,0.011608463441016292,1716.1659561750243,-0.014023684676553128,1741.4684824577716,0.009884029995720134,1724.13588487038,-0.00653049036577491,1714.8711917321111,-0.0029400813232993706,1732.1780420826071,1725.9292708835824,0.007697283702104283,0.007697283702104283,0.9507127565282771,-0.8438185569903719
2020-07-02,2475.6889887010398,14403,155707.26793426657,1739.1675110554977,11848,161924.36483610322,99.58110612637992,54.60018508455173,0.0076757560543812,1725.919771916831,-0.009311225553509939,1742.1412419668563,0.003486710356940703,1736.0880059359988,0.011608463441016292,1740.5752344183245,-0.0005129280537919945,1743.7196112131717,0.011358574758893791,1715.3770532634232,0.000294985147427429,1731.8964974100418,1727.118793773186,0.00786954528614653,0.00786954528614653,0.9342647066702214,-0.4320799856572539
2020-07-03,2450.575197431451,7074,156489.93016329638,1758.6465446194422,16154,161992.15911612284,99.62704470355156,53.95337817178674,0.011200205523689277,1739.1675110554977,0.0076757560543812,1725.919771916831,-0.009311225553509939,1742.1412419668563,0.003486710356940703,1716.1659561750243,-0.014023684676553128,1722.977744419106,-0.011895184673431869,1718.5353736859936,0.0018411814571972496,1740.3926150989253,1729.1243523198586,0.008210691793275165,0.008210691793275165,0.9162746022258372,-0.4011099962025504
2020-07-06,2476.03761411068,6079,153533.8384922492,1761.8234060150196,16866,161023.89579503195,99.69724006617368,53.873454111564186,0.001806424039723531,1758.6465446194422,0.011200205523689277,1739.1675110554977,0.0076757560543812,1725.919771916831,-0.009311225553509939,1736.0880059359988,0.011608463441016292,1720.179982823502,-0.0016237943900704321,1720.780908865535,0.0013066563621120242,1745.5396951147293,1731.176477177333,0.008211837713691167,0.008211837713691167,0.9050223270411645,-0.13785358592648167
2020-07-07,2466.1841458876547,19350,153377.36452057713,1766.5416160396887,5133,161199.18284497815,99.71106420937956,53.698975931279705,0.002678026644759468,1761.8234060150196,0.001806424039723531,1758.6465446194422,0.011200205523689277,1739.1675110554977,0.0076757560543812,1742.1412419668563,0.003486710356940703,1724.4242217248964,0.0024673225730877935,1703.40087849612,-0.010100083212146505,1750.4197699292959,1734.3335140545114,0.0077706971852424785,0.0077706971852424785,0.8992658542757377,-0.3402964678994208
2020-07-08,2471.3189444468057,15351,153835.52036080102,1774.469389942983,7174,159647.22302465996,99.78707751791714,53.233670107575286,0.004487736847698542,1766.5416160396887,0.002678026644759468,1761.8234060150196,0.001806424039723531,1758.6465446194422,0.011200205523689277,1725.919771916831,-0.009311225553509939,1741.4684824577716,0.009884029995720134,1706.4045631634206,0.0017633457310133327,1760.1296935345265,1737.7367553934896,0.007792941555280537,0.007792941555280537,0.8994634386642534,0.10267947287731152
2020-07-09,2466.409133080289,8142,154503.50061307946,1784.4102583369831,19466,157963.0893236711,99.80999865532866,53.36957573446894,0.0056021639202914475,1774.469389942983,0.004487736847698542,1766.5416160396887,0.002678026644759468,1761.8234060150196,0.001806424039723531,1739.1675110554977,0.0076757560543812,1740.5752344183245,-0.0005129280537919945,1716.5748796798052,0.0059600851614756145,1769.1782429908235,1741.1285243263483,0.00778374154872045,0.00778374154872045,0.9067872386213742,0.4129042452113013
2020-07-10,2442.494227873828,17830,160343.67910045237,1798.1916675819737,7672,154037.70680944753,99.8630051258888,53.23458461990954,0.007723229106424423,1784.4102583369831,0.0056021639202914475,1774.469389942983,0.004487736847698542,1766.5416160396887,0.002678026644759468,1758.6465446194422,0.011200205523689277,1716.1659561750243,-0.014023684676553128,1734.7071503768043,0.010563052571514575,1777.0872675833295,1744.3027501866068,0.007643344458379332,0.007643344458379332,0.9180676822291375,1.330780468998447
2020-07-13,2440.800863065837,16523,160032.42551947755,1783.5468969360393,5999,154080.46548796317,99.79253779960182,52.91186383231597,-0.008144165558072625,1798.1916675819737,0.007723229106424423,1784.4102583369831,0.0056021639202914475,1774.469389942983,0.004487736847698542,1761.8234060150196,0.001806424039723531,1736.0880059359988,0.011608463441016292,1729.539121473162,-0.002979193867114538,1781.4319657675337,1747.0031389597505,0.00789730030231276,0.00789730030231276,0.9417164025887846,0.8210686829555908
2020-07-14,2452.8775524479124,8882,159093.41461253716,1784.0221297744522,5086,152979.69907120036,99.77457665821866,52.74549211062384,0.0002664537945311629,1783.5468969360393,-0.008144165558072625,1798.1916675819737,0.007723229106424423,1784.4102583369831,0.0056021639202914475,1766.5416160396887,0.002678026644759468,1742.1412419668563,0.003486710356940703,1735.4693507455213,0.0034287916351427583,1784.9280685144863,1749.4307779111973,0.007889743616959289,0.007889743616959289,0.9590808488942826,1.0248978751123359
2020-07-15,2475.9693022855317,5064,155861.18413599345,1777.9464510641114,10828,153700.68772419888,99.79425426788436,53.06688347230272,-0.0034056072561773343,1784.0221297744522,0.0002664537945311629,1783.5468969360393,-0.008144165558072625,1798.1916675819737,0.007723229106424423,1774.469389942983,0.004487736847698542,1725.919771916831,-0.009311225553509939,1724.13588487038,-0.00653049036577491,1785.6234807387118,1752.1213062208833,0.007753988248396831,0.007753988248396831,0.9704058148122107,0.628826108875188
2020-07-16,2476.55978933044,9839,155957.27152859914,1782.307100519584,6950,155107.58377488644,99.8763071154261,53.24776455542929,0.0024526326160514422,1777.9464510641114,-0.0034056072561773343,1784.0221297744522,0.0002664537945311629,1783.5468969360393,-0.008144165558072625,1784.4102583369831,0.0056021639202914475,1739.1675110554977,0.0076757560543812,1743.7196112131717,0.011358574758893791,1785.2028491752321,1754.0506806862043,0.007410148532767836,0.007410148532767836,0.991628752343575,0.2714064784555983
2020-07-17,2467.4702803302766,16352,155742.39670177977,1817.4703490306213,19232,152196.04905834806,99.83693299820364,53.208756736979744,0.019729062685541754,1782.307100519584,0.0024526326160514422,1777.9464510641114,-0.0034056072561773343,1784.0221297744522,0.0002664537945311629,1798.1916675819737,0.007723229106424423,1758.6465446194422,0.011200205523689277,1722.977744419106,-0.011895184673431869,1789.0585854649617,1758.77531091678,0.007847634225621023,0.007847634225621023,1.00596253064073,1.1284547550641422
2020-07-20,2485.301141491135,9165,152521.40967118056,1854.5285775396924,19676,144540.0445924828,99.88904972377686,53.3944882425192,0.020390004452527588,1817.4703490306213,0.019729062685541754,1782.307100519584,0.0024526326160514422,1777.9464510641114,-0.0034056072561773343,1783.5468969360393,-0.008144165558072625,1761.8234060150196,0.001806424039723531,1720.179982823502,-0.0016237943900704321,1803.254921585692,1765.4927406525894,0.008705804286528306,0.008705804286528306,0.9615990657662026,2.3515727552724943
2020-07-21,2477.6110700177137,15351,153438.15304582502,1859.3966826673416,11366,146099.08138797886,99.86246584458532,53.04621465560318,0.0026249825355117995,1854.5285775396924,0.020390004452527588,1817.4703490306213,0.019729062685541754,1782.307100519584,0.0024526326160514422,1784.0221297744522,0.0002664537945311629,1766.5416160396887,0.002678026644759468,1724.4242217248964,0.0024673225730877935,1818.32983216427,1772.241363699712,0.008704602459932343,0.008704602459932343,0.9689276540039747,1.1557243913265718
2020-07-22,2479.368660172657,15537,156444.46398088118,1861.204914562736,9420,142963.9501284026,99.8507116278525,53.055925685821286,0.0009724831243649312,1859.3966826673416,0.0026249825355117995,1854.5285775396924,0.020390004452527588,1817.4703490306213,0.019729062685541754,1777.9464510641114,-0.0034056072561773343,1774.469389942983,0.004487736847698542,1741.4684824577716,0.009884029995720134,1834.9815248639948,1778.22818530496,0.008604879693294565,0.008604879693294565,0.995207356608302,1.5632060475991103
2020-07-23,2510.713830337304,16099,152120.77655508355,1850.6516469735925,11518,145110.56467385654,99.93366353205492,53.10012238496723,-0.0056701266510585935,1861.204914562736,0.0009724831243649312,1859.3966826673416,0.0026249825355117995,1854.5285775396924,0.020390004452527588,1782.307100519584,0.0024526326160514422,1784.4102583369831,0.0056021639202914475,1740.5752344183245,-0.0005129280537919945,1848.6504341547966,1783.7320059327235,0.008802224469598621,0.008802224469598621,0.9831461665280646,0.7204597406325536
2020-07-24,2586.5702274929126,15774,144754.22908007816,1836.0004775454815,5283,146340.47289850216,99.73435749494948,52.959171432417605,-0.007916762429099111,1850.6516469735925,-0.0056701266510585935,1861.204914562736,0.0009724831243649312,1859.3966826673416,0.0026249825355117995,1817.4703490306213,0.019729062685541754,1798.1916675819737,0.007723229106424423,1716.1659561750243,-0.014023684676553128,1852.3564598577686,1789.7237320012464,0.008266280252907737,0.008266280252907737,0.9502414407339463,0.2151697946637425
2020-07-27,2578.8335179732085,9317,145325.59213756485,1832.3775264508376,7782,146884.62152778797,99.60471026214202,53.08980893320484,-0.001973284396683428,1836.0004775454815,-0.007916762429099111,1850.6516469735925,-0.0056701266510585935,1861.204914562736,0.0009724831243649312,1854.5285775396924,0.020390004452527588,1783.5468969360393,-0.008144165558072625,1736.0880059359988,0.011608463441016292,1847.9262496399976,1794.5382080269883,0.008114038566761171,0.008114038566761171,0.8942361115674063,0.17470820697316639
2020-07-28,2594.351749449619,16615,144675.58170597957,1841.1408690773424,14066,144997.96180102043,99.45649172239774,52.8556788968115,0.00478249842076961,1832.3775264508376,-0.001973284396683428,1836.0004775454815,-0.007916762429099111,1850.6516469735925,-0.0056701266510585935,1859.3966826673416,0.0026249825355117995,1784.0221297744522,0.0002664537945311629,1742.1412419668563,0.003486710356940703,1844.275086921998,1799.4881893825125,0.008125532603577096,0.008125532603577096,0.8436960105124763,0.4535392506316771
2020-07-29,2580.764057693837,15206,148376.35764347747,1839.017621511916,5814,143178.3702669499,99.22313011041292,53.00862510914433,-0.0011532238521706484,1841.1408690773424,0.00478249842076961,1832.3775264508376,-0.001973284396683428,1836.0004775454815,-0.007916762429099111,1861.204914562736,0.0009724831243649312,1777.9464510641114,-0.0034056072561773343,1725.919771916831,-0.009311225553509939,1839.8376283118341,1805.143081862267,0.007678075219782232,0.007678075219782232,0.7854715575326071,0.18493024398971314
2020-07-30,2581.8133729035403,18815,147014.34733892124,1842.1501219152965,9461,146079.97346319832,99.1553036663974,53.174182740603726,0.001703355295097797,1839.017621511916,-0.0011532238521706484,1841.1408690773424,0.00478249842076961,1832.3775264508376,-0.001973284396683428,1850.6516469735925,-0.0056701266510585935,1782.307100519584,0.0024526326160514422,1739.1675110554977,0.0076757560543812,1838.1373233001748,1810.2922124052566,0.00761095040837854,0.00761095040837854,0.7443411808047956,-0.427138950327425
2020-07-31,2610.555397089778,7678,144536.10004679346,1846.4840536411416,10462,140807.49455538532,99.23024705637016,52.299034776394606,0.0023526485025764377,1842.1501219152965,0.001703355295097797,1839.017621511916,-0.0011532238521706484,1841.1408690773424,0.00478249842076961,1836.0004775454815,-0.007916762429099111,1817.4703490306213,0.019729062685541754,1758.6465446194422,0.011200205523689277,1840.2340385193068,1814.6840878563416,0.007356468959299208,0.007356468959299208,0.6959111946646651,1.0245057521142085
2020-08-03,2590.1029877381766,7727,144560.6086557695,1793.8419488009092,19803,144825.41750877988,99.20175864973191,52.65612648744764,-0.028509374200348825,1846.4840536411416,0.0023526485025764377,1842.1501219152965,0.001703355295097797,1839.017621511916,-0.0011532238521706484,1832.3775264508376,-0.001973284396683428,1854.5285775396924,0.020390004452527588,1761.8234060150196,0.001806424039723531,1832.5269229893213,1816.2850149956362,0.010108065289545503,0.010108065289545503,0.6022125432432688,-0.09516108663548713
2020-08-04,2595.326242480812,10240,142451.33369633832,1785.3095243270511,7312,148402.10543451013,99.22153765792608,51.74183671784181,-0.004756508498177103,1793.8419488009092,-0.028509374200348825,1846.4840536411416,0.0023526485025764377,1842.1501219152965,0.001703355295097797,1841.1408690773424,0.00478249842076961,1859.3966826673416,0.0026249825355117995,1766.5416160396887,0.002678026644759468,1821.360654039263,1817.2234104100044,0.010177622096755724,0.010177622096755724,0.513617413979262,-0.21739104695751038
2020-08-05,2600.985615858516,15623,141131.7066943961,1838.4749701980456,17284,142405.20095808274,99.33045940759716,51.557022010174975,0.02977939967638643,1785.3095243270511,-0.004756508498177103,1793.8419488009092,-0.028509374200348825,1846.4840536411416,0.0023526485025764377,1839.017621511916,-0.0011532238521706484,1861.204914562736,0.0009724831243649312,1774.469389942983,0.004487736847698542,1821.252123776489,1820.4236894227574,0.012082071724902508,0.012082071724902508,0.4685999874075811,1.3487181197876543
2020-08-06,2609.977688519933,5450,138281.0713188783,1858.2363296188707,15512,140330.36041358532,99.46322802082396,51.864626420452296,0.010748778058532027,1838.4749701980456,0.02977939967638643,1785.3095243270511,-0.004756508498177103,1793.8419488009092,-0.028509374200348825,1842.1501219152965,0.001703355295097797,1850.6516469735925,-0.0056701266510585935,1784.4102583369831,0.0056021639202914475,1824.4693653172035,1824.114992986852,0.012220377915910099,0.012220377915910099,0.4006692800136898,1.1157003395646403
2020-08-07,2582.2368680214463,14685,141397.5427324222,1885.5725371374515,14606,135763.33373346087,99.45631422735131,51.76944040287657,0.014710834721538113,1858.2363296188707,0.010748778058532027,1838.4749701980456,0.02977939967638643,1785.3095243270511,-0.004756508498177103,1846.4840536411416,0.0023526485025764377,1836.0004775454815,-0.007916762429099111,1798.1916675819737,0.007723229106424423,1832.2870620164656,1828.4840364646257,0.012486600543988478,0.012486600543988478,0.3283600404400805,1.6416254720752104
2020-08-10,2587.525408003078,16876,143154.31583776357,2015.1738213922767,11220,119892.39491582836,99.59167281630826,51.3295846081357,0.06873312041952895,1885.5725371374515,0.014710834721538113,1858.2363296188707,0.010748778058532027,1838.4749701980456,0.02977939967638643,1793.8419488009092,-0.028509374200348825,1832.3775264508376,-0.001973284396683428,1783.5468969360393,-0.008144165558072625,1876.553436534739,1840.0653826874375,0.019123175391603797,0.019123175391603797,0.1917623888359499,3.25004996095837
2020-08-11,2583.610431453764,8939,142464.65364497952,2087.6058671838005,16545,114137.32891334088,99.60088548215168,51.001463489620704,0.03594332410564993,2015.1738213922767,0.06873312041952895,1885.5725371374515,0.014710834721538113,1858.2363296188707,0.010748778058532027,1785.3095243270511,-0.004756508498177103,1841.1408690773424,0.00478249842076961,1784.0221297744522,0.0002664537945311629,1937.0127051060888,1855.244569557905,0.02016693037421408,0.02016693037421408,0.13448931955547488,2.2208740090914194
2020-08-12,2610.316024121799,14979,139035.98281521155,2082.3515094544578,5121,114624.49225173796,99.51714565976891,51.309535213516895,-0.002516929949248903,2087.6058671838005,0.03594332410564993,2015.1738213922767,0.06873312041952895,1885.5725371374515,0.014710834721538113,1838.4749701980456,0.02977939967638643,1839.017621511916,-0.0011532238521706484,1777.9464510641114,-0.0034056072561773343,1985.7880129573714,1870.4648224774223,0.02014126202769383,0.02014126202769383,0.17047616356689804,1.4312401436583209
2020-08-13,2594.608195532534,19629,142961.15369346782,2149.755799348595,19488,109132.24073650489,99.45770562454906,50.7330838543523,0.03236931401259713,2082.3515094544578,-0.002516929949248903,2087.6058671838005,0.03594332410564993,2015.1738213922767,0.06873312041952895,1858.2363296188707,0.010748778058532027,1842.1501219152965,0.001703355295097797,1782.307100519584,0.0024526326160514422,2044.091906903316,1888.837257418873,0.02079830148854659,0.02079830148854659,0.27448888825567996,1.7112912918047
2020-08-14,2602.3069722400887,13878,141970.92425225466,2114.713412981593,6058,114274.21899060374,99.30965197329256,51.07178118464091,-0.016300635810644115,2149.755799348595,0.03236931401259713,2082.3515094544578,-0.002516929949248903,2087.6058671838005,0.03594332410564993,1885.5725371374515,0.014710834721538113,1846.4840536411416,0.0023526485025764377,1817.4703490306213,0.019729062685541754,2089.9200820721444,1903.6994106164213,0.021427225160299358,0.021427225160299358,0.35474987917253725,0.7785743239896403
2020-08-17,2595.491482783134,12154,145505.83933917916,2150.409543108053,7377,107821.05108618572,99.2208385879192,51.05525055492822,0.016879890157849298,2114.713412981593,-0.016300635810644115,2149.755799348595,0.03236931401259713,2082.3515094544578,-0.002516929949248903,2015.1738213922767,0.06873312041952895,1793.8419488009092,-0.028509374200348825,1854.5285775396924,0.020390004452527588,2116.9672264153,1918.4934588948395,0.021332979056408866,0.021332979056408866,0.4599050323678355,1.5028355179186403
2020-08-18,2639.7505644202683,14664,136308.6279619607,2107.07000393779,6268,110179.76414098912,99.18503691911177,50.6975319557955,-0.020154086141016325,2150.409543108053,0.016879890157849298,2114.713412981593,-0.016300635810644115,2149.755799348595,0.03236931401259713,2087.6058671838005,0.03594332410564993,1785.3095243270511,-0.004756508498177103,1859.3966826673416,0.0026249825355117995,2120.8600537660977,1930.877124958362,0.022205083648184056,0.022205083648184056,0.5183179107029746,0.7695777734746647
2020-08-19,2641.3200478202334,19232,135950.9217630477,2120.205857521312,14196,107961.19035003698,99.2653954210496,50.52259743410468,0.006234179955565411,2107.07000393779,-0.020154086141016325,2150.409543108053,0.016879890157849298,2114.713412981593,-0.016300635810644115,2082.3515094544578,-0.002516929949248903,1838.4749701980456,0.02977939967638643,1861.204914562736,0.0009724831243649312,2128.4309233794684,1943.8271721062906,0.022167269610119705,0.022167269610119705,0.5809765813220582,0.9960434469872991
2020-08-20,2657.14282807106,12351,132811.71958917016,2118.6491130501586,9268,108926.06832777154,99.4374724041662,50.217430131774194,-0.0007342421329659121,2120.205857521312,0.006234179955565411,2107.07000393779,-0.020154086141016325,2150.409543108053,0.016879890157849298,2149.755799348595,0.03236931401259713,1858.2363296188707,0.010748778058532027,1850.6516469735925,-0.0056701266510585935,2122.2095861197813,1957.2270454101192,0.022048706626951804,0.022048706626951804,0.6345666567970593,0.668001270418151
2020-08-21,2633.3782644594303,19576,133657.4433011664,2167.179179625716,14806,106083.96455745307,99.2992542526285,50.47729769203176,0.022906136875912475,2118.6491130501586,-0.0007342421329659121,2120.205857521312,0.006234179955565411,2107.07000393779,-0.020154086141016325,2114.713412981593,-0.016300635810644115,1885.5725371374515,0.014710834721538113,1836.0004775454815,-0.007916762429099111,2132.702739448606,1973.7859805141306,0.02202758016061545,0.02202758016061545,0.708485287705183,0.8725143379284666
2020-08-24,2615.4416189927542,11809,136747.4209848323,2142.74011635887,10201,106680.70814931027,99.33853699945448,50.6970260349606,-0.011276900173554982,2167.179179625716,0.022906136875912475,2118.6491130501586,-0.0007342421329659121,2120.205857521312,0.006234179955565411,2150.409543108053,0.016879890157849298,2015.1738213922767,0.06873312041952895,1832.3775264508376,-0.001973284396683428,2131.1688540987698,1989.304110009532,0.022357327902059288,0.022357327902059288,0.7550072238943281,0.5685540968022516
2020-08-25,2639.166668382424,18500,137179.16812437304,2224.6670299683988,15973,98985.90146806509,99.23448260553874,50.181277694797785,0.03823464776901919,2142.74011635887,-0.011276900173554982,2167.179179625716,0.022906136875912475,2118.6491130501586,-0.0007342421329659121,2107.07000393779,-0.020154086141016325,2087.6058671838005,0.03594332410564993,1841.1408690773424,0.00478249842076961,2154.6882593048913,2008.4804180540855,0.023327367533053898,0.023327367533053898,0.8235864777569227,1.2067295974073329
2020-08-26,2636.5462918445346,6579,137108.15484193192,2099.923833965946,18078,110442.25816500682,99.28195231438508,50.06020005924199,-0.056072749010095624,2224.6670299683988,0.03823464776901919,2142.74011635887,-0.011276900173554982,2167.179179625716,0.022906136875912475,2120.205857521312,0.006234179955565411,2082.3515094544578,-0.002516929949248903,1839.017621511916,-0.0011532238521706484,2150.631854593818,2021.5257286767865,0.027532913966689672,0.027532913966689672,0.8180281054772756,-0.013975511376515093
2020-08-27,2635.493065786716,11892,139138.78868334866,2124.7544790625857,14468,108201.4570514502,99.2688436493163,49.8012443605387,0.011824545583514867,2099.923833965946,-0.056072749010095624,2224.6670299683988,0.03823464776901919,2142.74011635887,-0.011276900173554982,2118.6491130501586,-0.0007342421329659121,2149.755799348595,0.03236931401259713,1842.1501219152965,0.001703355295097797,2151.8529277963034,2035.655946534151,0.02752318450635309,0.02752318450635309,0.8026121556439537,0.6538098379297435
2020-08-28,2606.991212594845,17951,139118.0594152034,2069.996819609576,9953,116809.90835587685,99.08575306673154,50.18929735107652,-0.025771287926484532,2124.7544790625857,0.011824545583514867,2099.923833965946,-0.056072749010095624,2224.6670299683988,0.03823464776901919,2167.179179625716,0.022906136875912475,2114.713412981593,-0.016300635810644115,1846.4840536411416,0.0023526485025764377,2132.4164557930753,2046.8315848325728,0.02850211036344915,0.02850211036344915,0.7653292809720906,-0.09464245945000016
2020-08-31,2600.7419180669217,9196,140196.7412659508,2070.556879850598,18416,115566.87573276732,99.17858276588838,49.7842676156386,0.00027056091860444553,2069.996819609576,-0.025771287926484532,2124.7544790625857,0.011824545583514867,2099.923833965946,-0.056072749010095624,2142.74011635887,-0.011276900173554982,2150.409543108053,0.016879890157849298,1793.8419488009092,-0.028509374200348825,2117.979808491421,2060.6673313850574,0.027365954357001822,0.027365954357001822,0.7350508277237479,0.31760502419944986
2020-09-01,2598.363438632849,16592,140115.78894732468,2191.919063440598,14569,104455.18296978314,99.11808269460752,50.2655363470441,0.05861330580725577,2070.556879850598,0.00027056091860444553,2069.996819609576,-0.025771287926484532,2124.7544790625857,0.011824545583514867,2224.6670299683988,0.03823464776901919,2107.07000393779,-0.020154086141016325,1785.3095243270511,-0.004756508498177103,2111.4302151858606,2080.9978083407345,0.029454614870110224,0.029454614870110224,0.7181908798992229,1.1649280138455773
2020-09-02,2623.983918071523,13786,134787.94217372415,2232.860025161186,10550,96532.09114823048,99.06469267077016,50.25554792518902,0.01867813570466592,2191.919063440598,0.05861330580725577,2070.556879850598,0.00027056091860444553,2069.996819609576,-0.025771287926484532,2099.923833965946,-0.056072749010095624,2120.205857521312,0.006234179955565411,1838.4749701980456,0.02977939967638643,2138.017453424909,2100.7170610888916,0.02917988244711758,0.02917988244711758,0.6726350145255003,1.3229341491372792
2020-09-03,2595.268438313348,18675,138880.07024340195,2317.922259840186,5957,89166.94390905829,98.9577174296412,49.90696760327499,0.03809564133912047,2232.860025161186,0.01867813570466592,2191.919063440598,0.05861330580725577,2070.556879850598,0.00027056091860444553,2124.7544790625857,0.011824545583514867,2118.6491130501586,-0.0007342421329659121,1858.2363296188707,0.010748778058532027,2176.6510095804288,2123.701357599957,0.029841844603501092,0.029841844603501092,0.6100038003968609,1.6222004316180223
2020-09-04,2566.931999947008,11743,139777.7950626345,2387.720590586533,6121,83930.60565832212,98.89228910197244,49.7037853480722,0.030112455432892427,2317.922259840186,0.03809564133912047,2232.860025161186,0.01867813570466592,2191.919063440598,0.05861330580725577,2069.996819609576,-0.025771287926484532,2167.179179625716,0.022906136875912475,1885.5725371374515,0.014710834721538113,2240.19576377582,2148.8087602724113,0.03012553091857719,0.03012553091857719,0.5356046545679959,1.7183354526403356
2020-09-07,2570.2766690712965,19368,140432.37518532304,2445.0726782008105,17765,81128.09057984929,98.93507814604192,49.46329969584167,0.024019597535986925,2387.720590586533,0.030112455432892427,2317.922259840186,0.03809564133912047,2232.860025161186,0.01867813570466592,2070.556879850598,0.00027056091860444553,2142.74011635887,-0.011276900173554982,2015.1738213922767,0.06873312041952895,2315.0989234458625,2170.3037031128383,0.027238128790385587,0.027238128790385587,0.4845907635377951,1.2926825351625337
2020-09-08,2591.712498374689,12023,137277.38582987964,2406.629699003033,9420,83890.96310413962,98.91615371194828,49.08091417523702,-0.01572263251743733,2445.0726782008105,0.024019597535986925,2387.720590586533,0.030112455432892427,2317.922259840186,0.03809564133912047,2191.919063440598,0.05861330580725577,2224.6670299683988,0.03823464776901919,2087.6058671838005,0.03594332410564993,2358.0410505583495,2186.2548947038,0.02710459951813371,0.02710459951813371,0.46550999019068495,0.7375231415265507
2020-09-09,2583.6950504071333,16452,138322.5226541496,2343.760131817388,17200,88613.98755515816,98.94901991217652,49.10936223315613,-0.026123490128825866,2406.629699003033,-0.01572263251743733,2445.0726782008105,0.024019597535986925,2387.720590586533,0.030112455432892427,2232.860025161186,0.01867813570466592,2099.923833965946,-0.056072749010095624,2082.3515094544578,-0.002516929949248903,2380.22107188959,2199.3253258219465,0.0280602072771274,0.0280602072771274,0.43300093426334013,0.40539770094892313
2020-09-10,2581.254670224537,8661,139804.66196701786,2351.63881345895,18397,86106.3842043501,98.98521209756942,48.74098756794858,0.003361556302032165,2343.760131817388,-0.026123490128825866,2406.629699003033,-0.01572263251743733,2445.0726782008105,0.024019597535986925,2317.922259840186,0.03809564133912047,2124.7544790625857,0.011824545583514867,2149.755799348595,0.03236931401259713,2386.9643826133424,2209.419476527464,0.027383553670737474,0.027383553670737474,0.40375647068478404,0.7786214268695659
2020-09-11,2585.399875098531,17123,139530.2987945527,2369.8668266478235,16018,84145.3304614406,99.11727826312224,48.086877705327126,0.0077511959253906415,2351.63881345895,0.003361556302032165,2343.760131817388,-0.026123490128825866,2406.629699003033,-0.01572263251743733,2387.720590586533,0.030112455432892427,2069.996819609576,-0.025771287926484532,2114.713412981593,-0.016300635810644115,2383.393629825601,2222.1771472107757,0.026930011370136456,0.026930011370136456,0.3868789388248085,0.6692139711553813
2020-09-14,2580.410645476536,17633,139017.5827091521,2551.7632634608917,12164,74113.79914352848,99.0829996480358,47.972974764072674,0.07675386429640052,2369.8668266478235,0.0077511959253906415,2351.63881345895,0.003361556302032165,2343.760131817388,-0.026123490128825866,2445.0726782008105,0.024019597535986925,2070.556879850598,0.00027056091860444553,2150.409543108053,0.016879890157849298,2404.7317468776173,2242.2448332284175,0.03118791333720232,0.03118791333720232,0.3929992147043963,1.3967298731979767
2020-09-15,2572.049831849264,17800,140938.09466178325,2635.662507653018,16934,64845.23981119569,98.93531386635122,47.43211790514731,0.03287892940285375,2551.7632634608917,0.07675386429640052,2369.8668266478235,0.0077511959253906415,2351.63881345895,0.003361556302032165,2406.629699003033,-0.01572263251743733,2191.919063440598,0.05861330580725577,2107.07000393779,-0.020154086141016325,2450.5383086076145,2268.674458414179,0.030826632975379402,0.030826632975379402,0.39657319659997925,1.494948611315784
2020-09-16,2556.053910769818,15960,142649.39900417384,2603.589631616117,6087,64695.25399678522,99.04203610800842,47.20646964472705,-0.01216880990785918,2635.662507653018,0.03287892940285375,2551.7632634608917,0.07675386429640052,2369.8668266478235,0.0077511959253906415,2343.760131817388,-0.026123490128825866,2232.860025161186,0.01867813570466592,2120.205857521312,0.006234179955565411,2502.5042085673604,2292.8436471189193,0.03126989275645812,0.03126989275645812,0.42558449207554444,0.890413331068312
2020-09-17,2558.3871436446884,17134,141654.87258871927,2525.816408501758,17002,71659.79681445406,99.0088872907987,46.93373877814604,-0.029871536654600628,2603.589631616117,-0.01216880990785918,2635.662507653018,0.03287892940285375,2551.7632634608917,0.07675386429640052,2351.63881345895,0.003361556302032165,2317.922259840186,0.03809564133912047,2118.6491130501586,-0.0007342421329659121,2537.3397275759216,2313.2020118914993,0.03248961533384491,0.03248961533384491,0.4243174350629308,0.3865966664126008
2020-09-18,2573.7845388252213,17979,140578.33141111425,2456.480212247267,14077,76005.82979356908,99.12034653525645,46.67237395653829,-0.027451003968898546,2525.816408501758,-0.029871536654600628,2603.589631616117,-0.01216880990785918,2635.662507653018,0.03287892940285375,2369.8668266478235,0.0077511959253906415,2387.720590586533,0.030112455432892427,2167.179179625716,0.022906136875912475,2554.6624046958104,2327.667063522577,0.03332229195573563,0.03332229195573563,0.3897423576971968,0.4014438843775405
2020-09-21,2590.439348710239,18114,139172.58719137832,2516.78037558347,11087,74249.54093789782,99.15868424657468,47.27266288701534,0.024547384113075443,2456.480212247267,-0.027451003968898546,2525.816408501758,-0.029871536654600628,2603.589631616117,-0.01216880990785918,2551.7632634608917,0.07675386429640052,2445.0726782008105,0.024019597535986925,2142.74011635887,-0.011276900173554982,2547.665827120326,2346.369076483807,0.03326185323806441,0.03326185323806441,0.3880370612058579,0.6752490477373092
2020-09-22,2560.895575447312,12973,140839.50445603402,2478.9000300476546,9645,74974.55302670012,99.14557049355436,47.289586357166215,-0.015051112883472495,2516.78037558347,0.024547384113075443,2456.480212247267,-0.027451003968898546,2525.816408501758,-0.029871536654600628,2635.662507653018,0.03287892940285375,2406.629699003033,-0.01572263251743733,2224.6670299683988,0.03823464776901919,2516.313331599253,2359.0807264877694,0.032895087957180234,0.032895087957180234,0.3714126299994406,0.4332189080551699
2020-09-23,2577.645774922641,18856,141386.32926036822,2476.840154448486,5180,79111.32671739013,99.18044808295896,47.36319765986481,-0.0008309635621445155,2478.9000300476546,-0.015051112883472495,2516.78037558347,0.024547384113075443,2456.480212247267,-0.027451003968898546,2603.589631616117,-0.01216880990785918,2343.760131817388,-0.026123490128825866,2099.923833965946,-0.056072749010095624,2490.963436165727,2377.9265425118965,0.02956529312965842,0.02956529312965842,0.3540550783394337,-0.32264273124674747
2020-09-24,2592.6647319373947,6389,143744.9311677894,2417.893734143296,6369,83647.36468069685,99.3755493389716,46.83027817096212,-0.023799040967306673,2476.840154448486,-0.0008309635621445155,2478.9000300476546,-0.015051112883472495,2516.78037558347,0.024547384113075443,2525.816408501758,-0.029871536654600628,2351.63881345895,0.003361556302032165,2124.7544790625857,0.011824545583514867,2469.3789012940347,2392.583505265932,0.030427393679447537,0.030427393679447537,0.32218106902111543,-0.4034087138958989
2020-09-25,2611.310290098952,9666,141310.05764504967,2494.05720196592,15791,74668.42699096524,99.58324739187698,46.63408923087104,0.03149992356864684,2417.893734143296,-0.023799040967306673,2476.840154448486,-0.0008309635621445155,2478.9000300476546,-0.015051112883472495,2456.480212247267,-0.027451003968898546,2369.8668266478235,0.0077511959253906415,2069.996819609576,-0.025771287926484532,2476.894299237765,2413.786524383749,0.02987937718041547,0.02987937718041547,0.3014979945747838,0.413601426482854
2020-09-28,2567.8741598313472,17934,144450.8638333086,2474.0914562138364,18411,72561.58224971869,99.59018550539024,46.6986800198535,-0.00800532791964259,2494.05720196592,0.03149992356864684,2417.893734143296,-0.023799040967306673,2476.840154448486,-0.0008309635621445155,2516.78037558347,0.024547384113075443,2551.7632634608917,0.07675386429640052,2070.556879850598,0.00027056091860444553,2468.3565153638388,2433.963253201911,0.03007464445899081,0.03007464445899081,0.28140112733207256,0.1489645043720528
2020-09-29,2575.261340885156,6765,142016.23286566514,2442.5925500895896,18984,74037.6522824382,99.60620456472196,46.39132134597959,-0.012731504344811184,2474.0914562138364,-0.00800532791964259,2494.05720196592,0.03149992356864684,2417.893734143296,-0.023799040967306673,2478.9000300476546,-0.015051112883472495,2635.662507653018,0.03287892940285375,2191.919063440598,0.05861330580725577,2461.0950193722256,2446.4969275343606,0.028091458921234658,0.028091458921234658,0.2673127981647774,-0.265325619448996
2020-09-30,2589.464055686373,6038,138296.71470768942,2385.1449142445967,13879,78161.02795993396,99.7138285804686,46.66374019903499,-0.023519123499695316,2442.5925500895896,-0.012731504344811184,2474.0914562138364,-0.00800532791964259,2494.05720196592,0.03149992356864684,2476.840154448486,-0.0008309635621445155,2603.589631616117,-0.01216880990785918,2232.860025161186,0.01867813570466592,2442.7559713314477,2454.111171988531,0.028652147882629497,0.028652147882629497,0.27047885626892615,-0.6799965742003348
2020-10-01,2590.548639475576,11377,140564.1928403887,2419.5234549660454,10608,76665.59538435654,99.62926247719189,46.30293122326468,0.014413606702105453,2385.1449142445967,-0.023519123499695316,2442.5925500895896,-0.012731504344811184,2474.0914562138364,-0.00800532791964259,2417.893734143296,-0.023799040967306673,2525.816408501758,-0.029871536654600628,2317.922259840186,0.03809564133912047,2443.0819154959972,2459.1912317448246,0.027626306832344964,0.027626306832344964,0.2802344771794941,-0.31192521491484637
2020-10-02,2570.4349371451567,7317,140836.4782657153,2393.590992323609,11709,76927.70584988131,99.6625695144537,46.21702138250513,-0.010718004237243561,2419.5234549660454,0.014413606702105453,2385.1449142445967,-0.023519123499695316,2442.5925500895896,-0.012731504344811184,2494.05720196592,0.03149992356864684,2456.480212247267,-0.027451003968898546,2387.720590586533,0.030112455432892427,2422.9886735675354,2459.484751831678,0.0269797356252263,0.0269797356252263,0.30670475539325565,-0.44052045030921105
2020-10-05,2560.819741949986,19288,142322.68898267316,2388.8823657686285,12243,84066.43308342053,99.65998322965832,46.04120589051246,-0.0019671809302764798,2393.590992323609,-0.010718004237243561,2419.5234549660454,0.014413606702105453,2385.1449142445967,-0.023519123499695316,2474.0914562138364,-0.00800532791964259,2516.78037558347,0.024547384113075443,2445.0726782008105,0.024019597535986925,2405.946855478494,2456.6752362100688,0.026405117692512196,0.026405117692512196,0.3418350959083422,-1.218424299648624
2020-10-06,2572.984972880349,19161,138707.77552404164,2350.9657217537683,13933,89522.69099196323,99.69137405080406,46.09050208832704,-0.015872126881668502,2388.8823657686285,-0.0019671809302764798,2393.590992323609,-0.010718004237243561,2419.5234549660454,0.014413606702105453,2442.5925500895896,-0.012731504344811184,2478.9000300476546,-0.015051112883472495,2406.629699003033,-0.01572263251743733,2387.6214898113294,2453.8920373476058,0.026409573857969416,0.026409573857969416,0.4053695133613542,-1.3844086824851587
2020-10-07,2590.775393377802,19901,136128.5596145239,2315.64522110031,16969,92717.46290937184,99.60803717020912,45.89835506677041,-0.015023826305349042,2350.9657217537683,-0.015872126881668502,2388.8823657686285,-0.0019671809302764798,2393.590992323609,-0.010718004237243561,2385.1449142445967,-0.023519123499695316,2476.840154448486,-0.0008309635621445155,2343.760131817388,-0.026123490128825866,2373.721551182472,2452.4862918117515,0.025963259700140663,0.025963259700140663,0.4964933721277091,-1.4191974003811365
2020-10-08,2591.61654423955,13422,137116.50537940953,2281.593858575211,16047,95081.57115482504,99.44908042087825,45.81708697864913,-0.01470491343614344,2315.64522110031,-0.015023826305349042,2350.9657217537683,-0.015872126881668502,2388.8823657686285,-0.0019671809302764798,2419.5234549660454,0.014413606702105453,2417.893734143296,-0.023799040967306673,2351.63881345895,0.003361556302032165,2346.1356319043057,2448.9840440675644,0.02614318531171917,0.02614318531171917,0.6010235665132372,-1.3641537409911657
2020-10-09,2586.858791152819,11125,138529.5682823297,2327.667864151926,9614,96916.62568309248,99.2417820772791,45.74624795111573,0.02019378050284848,2281.593858575211,-0.01470491343614344,2315.64522110031,-0.015023826305349042,2350.9657217537683,-0.015872126881668502,2393.590992323609,-0.010718004237243561,2494.05720196592,0.03149992356864684,2369.8668266478235,0.0077511959253906415,2332.9510062699687,2446.87409594277,0.02651268155351119,0.02651268155351119,0.6865147600389917,-1.2713033134020881
2020-10-12,2563.6190854271977,15124,140877.2132474149,2371.4251083930817,9528,92126.25932951692,99.13004366598014,45.52593162389834,0.018798749132148407,2327.667864151926,0.02019378050284848,2281.593858575211,-0.01470491343614344,2315.64522110031,-0.015023826305349042,2388.8823657686285,-0.0019671809302764798,2474.0914562138364,-0.00800532791964259,2551.7632634608917,0.07675386429640052,2329.4595547948593,2437.8571881893795,0.019978403684142575,0.019978403684142575,0.7419211837730871,-0.6153148081683055
2020-10-13,2538.2034982774794,17412,143735.50806495472,2270.922793387749,18982,102652.09914709398,99.0841761374862,45.67145978444748,-0.042380556168368555,2371.4251083930817,0.018798749132148407,2327.667864151926,0.02019378050284848,2281.593858575211,-0.01470491343614344,2350.9657217537683,-0.015872126881668502,2442.5925500895896,-0.012731504344811184,2635.662507653018,0.03287892940285375,2313.450969121656,2419.620202476116,0.01985913228160185,0.01985913228160185,0.8051050226121579,-1.9625661141186725
2020-10-14,2556.432899532529,17314,142763.91807686037,2319.6053935210666,19498,101752.68221809076,99.05485697882132,45.7429762968987,0.021437364702607598,2270.922793387749,-0.042380556168368555,2371.4251083930817,0.018798749132148407,2327.667864151926,0.02019378050284848,2315.64522110031,-0.015023826305349042,2385.1449142445967,-0.023519123499695316,2603.589631616117,-0.01216880990785918,2314.2430036058067,2405.4209905713633,0.020818026768128998,0.020818026768128998,0.8439830530122945,-1.0034378217312692
2020-10-15,2570.226292259053,6365,143730.35501854887,2254.986336949265,6515,105922.9615553491,99.24858009506428,45.71639211332276,-0.027857779927693893,2319.6053935210666,0.021437364702607598,2270.922793387749,-0.042380556168368555,2371.4251083930817,0.018798749132148407,2281.593858575211,-0.01470491343614344,2419.5234549660454,0.014413606702105453,2525.816408501758,-0.029871536654600628,2308.921499280618,2391.8794869937387,0.020698739857944244,0.020698739857944244,0.8832677716056081,-1.413656364587203
2020-10-16,2617.215632665891,14968,143500.8467722917,2248.8486549181707,15491,108043.27640440484,99.35917943205502,45.587254613284166,-0.0027218267049005096,2254.986336949265,-0.027857779927693893,2319.6053935210666,0.021437364702607598,2270.922793387749,-0.042380556168368555,2327.667864151926,0.02019378050284848,2393.590992323609,-0.010718004237243561,2456.480212247267,-0.027451003968898546,2293.1576574338665,2381.497909127284,0.020043629385847653,0.020043629385847653,0.91436142078151,-1.2219887518387134
2020-10-19,2601.805714476611,15497,145838.36579289383,2140.7933928549905,5655,117057.20729811098,99.26297032042083,45.82621782244016,-0.04804914809490013,2248.8486549181707,-0.0027218267049005096,2254.986336949265,-0.027857779927693893,2319.6053935210666,0.021437364702607598,2371.4251083930817,0.018798749132148407,2388.8823657686285,-0.0019671809302764798,2516.78037558347,0.024547384113075443,2247.0313143262483,2362.69855999086,0.021106115445282254,0.021106115445282254,0.9387611614728646,-1.7188822170854676
2020-10-20,2620.673152638235,11659,144173.91914177706,2173.715398569241,18528,117061.0828492966,99.29774116566594,45.75546754929591,0.01537841336026613,2140.7933928549905,-0.04804914809490013,2248.8486549181707,-0.0027218267049005096,2254.986336949265,-0.027857779927693893,2270.922793387749,-0.042380556168368555,2350.9657217537683,-0.015872126881668502,2478.9000300476546,-0.015051112883472495,2227.5898353625466,2347.439328416939,0.021649069140331156,0.021649069140331156,0.9614023903130939,-0.9656983274135363
2020-10-21,2644.1331237736945,17364,140354.61835334176,2180.666689950924,15648,119633.85589671334,99.25703334203092,45.66345836294813,0.003197884776571236,2173.715398569241,0.01537841336026613,2140.7933928549905,-0.04804914809490013,2248.8486549181707,-0.0027218267049005096,2319.6053935210666,0.021437364702607598,2315.64522110031,-0.015023826305349042,2476.840154448486,-0.0008309635621445155,2199.8020946485185,2332.630655192061,0.021721484262167336,0.021721484262167336,0.980335411040403,-1.087186034149534
2020-10-22,2639.550841963281,13144,139792.87408303752,2214.684605779148,6945,117891.61367744936,99.2285969582269,45.69486537191456,0.015599777804185866,2180.666689950924,0.003197884776571236,2173.715398569241,0.01537841336026613,2140.7933928549905,-0.04804914809490013,2254.986336949265,-0.027857779927693893,2281.593858575211,-0.01470491343614344,2417.893734143296,-0.023799040967306673,2191.741748414495,2322.470198773854,0.021820249298665214,0.021820249298665214,0.9958465894273613,-0.6471356270456861
2020-10-23,2618.7839124916823,17126,140788.03908339393,2224.83011226329,6986,117608.75256015232,99.24712952316844,46.20384137680582,0.004581016392883885,2214.684605779148,0.015599777804185866,2180.666689950924,0.003197884776571236,2173.715398569241,0.01537841336026613,2248.8486549181707,-0.0027218267049005096,2327.667864151926,0.02019378050284848,2494.05720196592,0.03149992356864684,2186.938039883519,2309.0088442887222,0.020281361521272467,0.020281361521272467,1.0071259343262629,-0.8900494212359041
2020-10-26,2639.248626623604,10977,142163.25303944357,2250.279489926017,10400,113204.12102229762,99.30904663486598,45.801734514399456,0.011438795943317093,2224.83011226329,0.004581016392883885,2214.684605779148,0.015599777804185866,2180.666689950924,0.003197884776571236,2140.7933928549905,-0.04804914809490013,2371.4251083930817,0.018798749132148407,2474.0914562138364,-0.00800532791964259,2208.835259297724,2297.8182459743316,0.02061806248183029,0.02061806248183029,1.0107324264155302,-0.3160725261856229
2020-10-27,2632.295147289146,17195,139640.47984419652,2242.9080246821254,11535,119108.54746445992,99.27512078647756,46.03269158231606,-0.0032757998625913,2250.279489926017,0.011438795943317093,2224.83011226329,0.004581016392883885,2214.684605779148,0.015599777804185866,2173.715398569241,0.01537841336026613,2270.922793387749,-0.042380556168368555,2442.5925500895896,-0.012731504344811184,2222.673784520301,2287.8340197039583,0.020528202707444414,0.020528202707444414,1.0236699362040773,-1.1320736615997373
2020-10-28,2625.25971442741,13657,138652.00159863938,2245.2231463660155,18067,122229.49590987687,99.381505939751,45.46474023394464,0.0010321964424815366,2242.9080246821254,-0.0032757998625913,2250.279489926017,0.011438795943317093,2224.83011226329,0.004581016392883885,2180.666689950924,0.003197884776571236,2319.6053935210666,0.021437364702607598,2385.1449142445967,-0.023519123499695316,2235.585075803319,2280.837931310029,0.02003090187033911,0.02003090187033911,1.04124784728323,-0.9593841986066116
2020-10-29,2574.991254676234,15808,140499.75276475123,2187.4246459984606,9902,129095.05053097112,99.26731211713675,45.52992218141323,-0.025742875696388667,2245.2231463660155,0.0010321964424815366,2242.9080246821254,-0.0032757998625913,2250.279489926017,0.011438795943317093,2214.684605779148,0.015599777804185866,2254.986336949265,-0.027857779927693893,2419.5234549660454,0.014413606702105453,2230.1330838471818,2269.23299086165,0.02022366718786078,0.02022366718786078,1.0733732050398812,-1.3271331880006818
2020-10-30,2567.3253271769463,5033,142886.24056235334,2202.1524647485267,19738,130952.36168911825,99.267946023373,46.00244702969584,0.006732949076443839,2187.4246459984606,-0.025742875696388667,2245.2231463660155,0.0010321964424815366,2242.9080246821254,-0.0032757998625913,2224.83011226329,0.004581016392883885,2248.8486549181707,-0.0027218267049005096,2393.590992323609,-0.010718004237243561,2225.597554344229,2259.661064482896,0.02033255338183499,0.02033255338183499,1.1104270922590724,-0.9582324689302592
2020-11-02,2571.840524604472,18103,141178.05713359904,2147.4168679610866,15504,136155.4242980895,99.52771339603258,46.14904758703604,-0.02485549827436251,2202.1524647485267,0.006732949076443839,2187.4246459984606,-0.025742875696388667,2245.2231463660155,0.0010321964424815366,2250.279489926017,0.011438795943317093,2140.7933928549905,-0.04804914809490013,2388.8823657686285,-0.0019671809302764798,2205.025029951243,2247.5877895925187,0.02085196809307486,0.02085196809307486,1.1148570207378683,-1.3281632741906906
2020-11-03,2571.786016390251,12623,137561.4910990772,2121.0452407617818,19744,136520.11789714207,99.55002137029513,46.20023511059797,-0.012280627759222118,2147.4168679610866,-0.02485549827436251,2202.1524647485267,0.006732949076443839,2187.4246459984606,-0.025742875696388667,2242.9080246821254,-0.0032757998625913,2173.715398569241,0.01537841336026613,2350.9657217537683,-0.015872126881668502,2180.6524731671743,2236.0917655429193,0.020769661833451636,0.020769661833451636,1.109338196539029,-0.9009090945213886
2020-11-04,2519.312466804133,7717,137617.7394710072,2133.455222063353,12176,137373.01767355655,99.69334282095572,46.032100269957056,0.005850880058133168,2121.0452407617818,-0.012280627759222118,2147.4168679610866,-0.02485549827436251,2202.1524647485267,0.006732949076443839,2245.2231463660155,0.0010321964424815366,2180.666689950924,0.003197884776571236,2315.64522110031,-0.015023826305349042,2158.298888306642,2226.9822655910716,0.02075996634128019,0.02075996634128019,1.1030341392234226,-0.8757916447962997
2020-11-05,2554.309602696389,5357,135534.9656153944,2176.286604493431,19347,131562.5863768168,99.70249483877303,46.041414430103615,0.020076063461343052,2133.455222063353,0.005850880058133168,2121.0452407617818,-0.012280627759222118,2147.4168679610866,-0.02485549827436251,2187.4246459984606,-0.025742875696388667,2214.684605779148,0.015599777804185866,2281.593858575211,-0.01470491343614344,2156.0712800056363,2221.7169028869826,0.021256418128266865,0.021256418128266865,1.096865464492848,0.043690768509157686
2020-11-06,2548.8269351126264,12313,132796.29707560243,2246.513423729915,6175,124238.95878076312,99.76057254830604,45.96579558548261,0.032269104212416355,2176.286604493431,0.020076063461343052,2133.455222063353,0.005850880058133168,2121.0452407617818,-0.012280627759222118,2202.1524647485267,0.006732949076443839,2224.83011226329,0.004581016392883885,2327.667864151926,0.02019378050284848,2164.9434718019133,2217.659180865882,0.022079789267149486,0.022079789267149486,1.073583614170271,0.7146643168225558
2020-11-09,2531.052035913071,6645,136511.46126188943,2283.8879305081928,5215,122680.70354504636,99.75489422886676,45.7300026031032,0.016636671912792167,2246.513423729915,0.032269104212416355,2176.286604493431,0.020076063461343052,2133.455222063353,0.005850880058133168,2147.4168679610866,-0.02485549827436251,2250.279489926017,0.011438795943317093,2371.4251083930817,0.018798749132148407,2192.2376843113348,2213.2823219716374,0.021980043618754403,0.021980043618754403,1.0482977532576463,0.3601020337850919
2020-11-10,2502.35483740887,17175,140985.6889060049,2305.64255908868,13095,117915.03788501568,99.73785347075034,45.64303991846074,0.009525260977077288,2283.8879305081928,0.016636671912792167,2246.513423729915,0.032269104212416355,2176.286604493431,0.020076063461343052,2121.0452407617818,-0.012280627759222118,2242.9080246821254,-0.0032757998625913,2270.922793387749,-0.042380556168368555,2229.1571479767144,2215.018310256684,0.01988145630756304,0.01988145630756304,1.0158859295789768,0.5909672377093627
2020-11-11,2475.9609534568526,17695,140861.10064135052,2289.9375314004837,8602,119662.9312487674,99.6599052310778,45.70255426664868,-0.006811562193926535,2305.64255908868,0.009525260977077288,2283.8879305081928,0.016636671912792167,2246.513423729915,0.032269104212416355,2133.455222063353,0.005850880058133168,2245.2231463660155,0.0010321964424815366,2319.6053935210666,0.021437364702607598,2260.4536098441404,2213.534917150655,0.019345483169682858,0.019345483169682858,0.982189048819559,0.11889006739801264
2020-11-12,2475.8250851036164,8949,140224.64737082223,2325.449422721669,13505,116282.14576477316,99.70293536697356,45.47238914608948,0.015507799157939095,2289.9375314004837,-0.006811562193926535,2305.64255908868,0.009525260977077288,2283.8879305081928,0.016636671912792167,2176.286604493431,0.020076063461343052,2187.4246459984606,-0.025742875696388667,2254.986336949265,-0.027857779927693893,2290.2861734897883,2217.0580714392754,0.01852642534417314,0.01852642534417314,0.9407673987695923,0.7168785588968267
2020-11-13,2482.5450208773077,14890,139758.9427468295,2345.6478590772977,10544,112565.6665333984,99.61778164805496,45.23050459988407,0.008685820537859046,2325.449422721669,0.015507799157939095,2289.9375314004837,-0.006811562193926535,2305.64255908868,0.009525260977077288,2246.513423729915,0.032269104212416355,2202.1524647485267,0.006732949076443839,2248.8486549181707,-0.0027218267049005096,2310.113060559265,2221.8980316472316,0.01855855687322476,0.01855855687322476,0.9097489434702734,1.038528300119828
2020-11-16,2533.2635620531314,13864,132722.0959836073,2352.7724697584504,19307,109914.95379520612,99.68434017168632,44.82243156860642,0.0030373743669926956,2345.6478590772977,0.008685820537859046,2325.449422721669,0.015507799157939095,2289.9375314004837,-0.006811562193926535,2283.8879305081928,0.016636671912792167,2147.4168679610866,-0.02485549827436251,2140.7933928549905,-0.04804914809490013,2323.889968409316,2232.4969854924047,0.014293106595704954,0.014293106595704954,0.8723050747935466,0.7244208999169073
2020-11-17,2532.555922465249,7732,130412.23785499117,2468.2504407943084,8573,100068.96256521688,99.79286887213092,44.93964907643309,0.04908165686234578,2352.7724697584504,0.0030373743669926956,2345.6478590772977,0.008685820537859046,2325.449422721669,0.015507799157939095,2305.64255908868,0.009525260977077288,2121.0452407617818,-0.012280627759222118,2173.715398569241,0.01537841336026613,2356.411544750442,2247.223737603658,0.01727755591446007,0.01727755591446007,0.8637551616907766,1.9002410086470307
2020-11-18,2527.843347395456,11678,129639.21978061886,2458.4386778019866,18910,100778.9048418072,99.82952201285462,45.103246055023206,-0.00397518940143049,2468.2504407943084,0.04908165686234578,2352.7724697584504,0.0030373743669926956,2345.6478590772977,0.008685820537859046,2289.9375314004837,-0.006811562193926535,2133.455222063353,0.005850880058133168,2180.666689950924,0.003197884776571236,2390.1117740307427,2261.112336996211,0.017423854783160678,0.017423854783160678,0.8186428962789698,0.9622039650163134
2020-11-19,2529.8008798261203,16208,129536.44585134913,2540.561502809452,19316,94915.99348401494,99.80089713949906,45.17274418829416,0.03340446347064829,2458.4386778019866,-0.00397518940143049,2468.2504407943084,0.04908165686234578,2352.7724697584504,0.0030373743669926956,2325.449422721669,0.015507799157939095,2176.286604493431,0.020076063461343052,2214.684605779148,0.015599777804185866,2433.134190048299,2277.4061818477267,0.01836139842347625,0.01836139842347625,0.7956483972910227,1.5646920369131445
2020-11-20,2543.4974049893617,17956,129126.38354976762,2462.028022169714,17851,98661.10149164496,99.84629369742991,45.46229533611276,-0.03091185966287091,2540.561502809452,0.03340446347064829,2458.4386778019866,-0.00397518940143049,2468.2504407943084,0.04908165686234578,2345.6478590772977,0.008685820537859046,2246.513423729915,0.032269104212416355,2224.83011226329,0.004581016392883885,2456.4102226667824,2289.2660773430475,0.02023208566617335,0.02023208566617335,0.7805581131487228,0.7698837006626857
2020-11-23,2532.2494348176724,12136,126381.78443973226,2518.0874186368383,7959,94793.96069001542,99.81542639187528,45.48865562723698,0.02276960130523653,2462.028022169714,-0.03091185966287091,2540.561502809452,0.03340446347064829,2458.4386778019866,-0.00397518940143049,2352.7724697584504,0.0030373743669926956,2283.8879305081928,0.016636671912792167,2250.279489926017,0.011438795943317093,2489.47321244246,2302.6564737785884,0.020569704510035532,0.020569704510035532,0.8015315268983677,1.2643652054094554
2020-11-24,2573.092938266517,9379,123786.74447833277,2485.5405321508674,17985,95408.60354386292,99.9089811044218,45.60625890844671,-0.012925240897152857,2518.0874186368383,0.02276960130523653,2462.028022169714,-0.03091185966287091,2540.561502809452,0.03340446347064829,2468.2504407943084,0.04908165686234578,2305.64255908868,0.009525260977077288,2242.9080246821254,-0.0032757998625913,2492.9312307137716,2314.7880991520256,0.020905150408658976,0.020905150408658976,0.8313154825958952,0.6425746284099191
2020-11-25,2583.193743167021,7022,122946.840199917,2397.4961658931084,18791,101422.93954004702,99.72584049600027,45.697410136137975,-0.035422623416874965,2485.5405321508674,-0.012925240897152857,2518.0874186368383,0.02276960130523653,2462.028022169714,-0.03091185966287091,2458.4386778019866,-0.00397518940143049,2289.9375314004837,-0.006811562193926535,2245.2231463660155,0.0010321964424815366,2480.742728331996,2322.4017501283806,0.022804877917046044,0.022804877917046044,0.8422828388579577,0.18257843113046998
2020-11-26,2612.8178576183936,7975,120305.64223477192,2303.838712656852,11604,111662.1655993158,99.69227975918842,45.66994813031252,-0.03906469364524201,2397.4961658931084,-0.035422623416874965,2485.5405321508674,-0.012925240897152857,2518.0874186368383,0.02276960130523653,2540.561502809452,0.03340446347064829,2325.449422721669,0.015507799157939095,2187.4246459984606,-0.025742875696388667,2433.398170301476,2328.2224534612997,0.023874440539411363,0.023874440539411363,0.809126034801612,-0.195203785727314
2020-11-27,2603.054923035192,18945,120338.8919680461,2340.966499384488,18071,107464.1664562318,99.49319855967605,45.51070158187362,0.016115618911889618,2303.838712656852,-0.03906469364524201,2397.4961658931084,-0.035422623416874965,2485.5405321508674,-0.012925240897152857,2462.028022169714,-0.03091185966287091,2345.6478590772977,0.008685820537859046,2202.1524647485267,0.006732949076443839,2409.185865744431,2335.1631551930977,0.02404598333961746,0.02404598333961746,0.8086681952287061,0.7268243496247158
2020-11-30,2597.0558042189164,17252,123061.28258681926,2316.616928092737,18173,108982.47800671856,99.3436924766533,46.17494736661119,-0.01040150352350333,2340.966499384488,0.016115618911889618,2303.838712656852,-0.03906469364524201,2397.4961658931084,-0.035422623416874965,2518.0874186368383,0.02276960130523653,2352.7724697584504,0.0030373743669926956,2147.4168679610866,-0.02485549827436251,2368.8917676356104,2343.623158199681,0.023361573936947797,0.023361573936947797,0.8170762744482735,0.13435432145720166
2020-12-01,2595.339750877656,6692,126495.63633316325,2343.909825833001,9941,105409.38132481863,99.4800786996347,46.039362072655145,0.011781359882720999,2316.616928092737,-0.01040150352350333,2340.966499384488,0.016115618911889618,2303.838712656852,-0.03906469364524201,2485.5405321508674,-0.012925240897152857,2468.2504407943084,0.04908165686234578,2121.0452407617818,-0.012280627759222118,2340.565626372037,2354.7663874532414,0.023093896765997306,0.023093896765997306,0.8334194673679226,0.5244309152976331
2020-12-02,2601.819658090069,12772,125224.10868123232,2293.278478789592,9238,110158.89903159236,99.56959719783188,45.83959875931902,-0.021601235032757682,2343.909825833001,0.011781359882720999,2316.616928092737,-0.01040150352350333,2340.966499384488,0.016115618911889618,2397.4961658931084,-0.035422623416874965,2458.4386778019866,-0.00397518940143049,2133.455222063353,0.005850880058133168,2319.722088951334,2362.7575502895534,0.023860128362123856,0.023860128362123856,0.8662309891492677,-0.11556803217236244
2020-12-03,2614.5669579576934,5296,124058.4639979257,2308.1545420376674,16620,110933.82940650378,99.4976491745034,45.96980170635405,0.00648681064496226,2293.278478789592,-0.021601235032757682,2343.909825833001,0.011781359882720999,2316.616928092737,-0.01040150352350333,2303.838712656852,-0.03906469364524201,2540.561502809452,0.03340446347064829,2176.286604493431,0.020076063461343052,2320.585254827497,2369.350947166765,0.02356658959849867,0.02356658959849867,0.9354125411958457,-0.056144528631732166
2020-12-04,2634.8569977457914,17272,119498.0673997548,2199.3160443098072,7363,120058.01519402748,99.3473988288993,46.04535803094255,-0.04715390401535946,2308.1545420376674,0.00648681064496226,2293.278478789592,-0.021601235032757682,2343.909825833001,0.011781359882720999,2340.966499384488,0.016115618911889618,2462.028022169714,-0.03091185966287091,2246.513423729915,0.032269104212416355,2292.255163812561,2366.9910781957597,0.02505666328885915,0.02505666328885915,1.0124146516481007,-0.8695026460869075
2020-12-07,2609.3130677229256,8849,120842.63207806564,2194.872620511544,13508,122093.76858799746,99.05094594511512,45.62392056665945,-0.002020366199646295,2199.3160443098072,-0.04715390401535946,2308.1545420376674,0.00648681064496226,2293.278478789592,-0.021601235032757682,2316.616928092737,-0.01040150352350333,2518.0874186368383,0.02276960130523653,2283.8879305081928,0.016636671912792167,2267.9063022963223,2362.5403126959272,0.024719867576566905,0.024719867576566905,1.0011222432423956,-0.6017322898957844
2020-12-08,2591.944681254426,13597,123746.5716627058,2208.7825202681647,17333,118496.681006165,98.99659639432188,45.96072404302856,0.00633745194442259,2194.872620511544,-0.002020366199646295,2199.3160443098072,-0.04715390401535946,2308.1545420376674,0.00648681064496226,2343.909825833001,0.011781359882720999,2485.5405321508674,-0.012925240897152857,2305.64255908868,0.009525260977077288,2240.880841183355,2357.6973107549015,0.024653904940545857,0.024653904940545857,1.0053886414838797,-0.12136913464974747
2020-12-09,2609.383507024452,6302,122368.36243372978,2232.7631731038564,17691,117565.26441401902,99.2386378955466,45.93246567042331,0.01085695518487717,2208.7825202681647,0.00633745194442259,2194.872620511544,-0.002020366199646295,2199.3160443098072,-0.04715390401535946,2293.278478789592,-0.021601235032757682,2397.4961658931084,-0.035422623416874965,2289.9375314004837,-0.006811562193926535,2228.7777800462077,2354.8385928400703,0.024783131010855348,0.024783131010855348,1.012486104162018,-0.27984604937542223
2020-12-10,2598.439188182946,16238,124105.55461603464,2237.083807909762,14742,117284.0480183761,99.28212632269296,45.5991863418586,0.0019351066239146064,2232.7631731038564,0.01085695518487717,2208.7825202681647,0.00633745194442259,2194.872620511544,-0.002020366199646295,2308.1545420376674,0.00648681064496226,2303.838712656852,-0.03906469364524201,2325.449422721669,0.015507799157939095,2214.563633220627,2350.4203120994744,0.02449227919888267,0.02449227919888267,1.0113738580634617,-0.3414182154739208
2020-12-11,2603.037281042994,5250,123702.41365442106,2142.977585544167,15796,126171.73101182024,99.22616909408802,45.95582157616476,-0.04206647155232146,2237.083807909762,0.0019351066239146064,2232.7631731038564,0.01085695518487717,2208.7825202681647,0.00633745194442259,2199.3160443098072,-0.04715390401535946,2340.966499384488,0.016115618911889618,2345.6478590772977,0.008685820537859046,2203.2959414674992,2340.2867984228183,0.02595087919539947,0.02595087919539947,1.03008963069735,-1.0642502175678186
2020-12-14,2572.2241714629718,16872,126445.38521664868,2180.3979419054235,13840,121067.70188113874,99.27267711503804,46.1435242476436,0.01746185149750601,2142.977585544167,-0.04206647155232146,2237.083807909762,0.0019351066239146064,2232.7631731038564,0.01085695518487717,2194.872620511544,-0.002020366199646295,2316.616928092737,-0.01040150352350333,2352.7724697584504,0.0030373743669926956,2200.4010057462747,2331.668072030167,0.026359446145887186,0.026359446145887186,1.0419428912977378,0.09657211407246008
2020-12-15,2540.453207262702,14798,130404.04700565824,2139.751059331695,14779,123852.7619165832,99.1165812797386,45.76416165005923,-0.018641956035881924,2180.3979419054235,0.01746185149750601,2142.977585544167,-0.04206647155232146,2237.083807909762,0.0019351066239146064,2208.7825202681647,0.00633745194442259,2343.909825833001,0.011781359882720999,2468.2504407943084,0.04908165686234578,2186.5947135589804,2315.2431029570366,0.02344239230619923,0.02344239230619923,1.0572598053566595,-0.7849207506115738
2020-12-16,2568.626983540886,9167,129837.711826178,2178.406700183252,8888,121118.25542652528,99.08684894346884,46.29731650213655,0.01806548508667638,2139.751059331695,-0.018641956035881924,2180.3979419054235,0.01746185149750601,2142.977585544167,-0.04206647155232146,2232.7631731038564,0.01085695518487717,2293.278478789592,-0.021601235032757682,2458.4386778019866,-0.00397518940143049,2175.7234189748597,2301.2415040761,0.02409375944161572,0.02409375944161572,1.0625766191593724,-0.23449436343130448
2020-12-17,2579.6522816217253,6979,125218.59641995995,2173.4753199121906,10967,119496.68789507006,99.09679669077042,46.4949557126464,-0.0022637555561348943,2178.406700183252,0.01806548508667638,2139.751059331695,-0.018641956035881924,2180.3979419054235,0.01746185149750601,2237.083807909762,0.0019351066239146064,2308.1545420376674,0.00648681064496226,2540.561502809452,0.03340446347064829,2163.001721375346,2282.887194931236,0.022296050790174948,0.022296050790174948,1.071591005702349,-0.35257587175273575
2020-12-18,2567.6552138099646,6797,125902.4608137756,2235.6825258457256,7890,115618.89234877752,99.08818662558832,46.491896877958894,0.028621077664709116,2173.4753199121906,-0.0022637555561348943,2178.406700183252,0.01806548508667638,2139.751059331695,-0.018641956035881924,2142.977585544167,-0.04206647155232146,2199.3160443098072,-0.04715390401535946,2462.028022169714,-0.03091185966287091,2181.5427094356573,2271.5699201150373,0.022974266508691776,0.022974266508691776,1.0539688820443294,0.0695521403477505
2020-12-21,2592.1901529862826,13458,118359.54518498956,2242.439846688521,8182,114480.32380623445,99.16726723775732,46.96896251964542,0.003022486763964327,2235.6825258457256,0.028621077664709116,2173.4753199121906,-0.0022637555561348943,2178.406700183252,0.01806548508667638,2180.3979419054235,0.01746185149750601,2194.872620511544,-0.002020366199646295,2518.0874186368383,0.02276960130523653,2193.951090392277,2257.7875415176213,0.022147529814110323,0.022147529814110323,1.0360755422004224,-0.06096166282302992
2020-12-22,2590.068417892468,14480,118818.12182160042,2284.7242465695667,14595,111970.55899016371,99.20173176038092,47.01675185479432,0.018856425488286144,2242.439846688521,0.003022486763964327,2235.6825258457256,0.028621077664709116,2173.4753199121906,-0.0022637555561348943,2139.751059331695,-0.018641956035881924,2208.7825202681647,0.00633745194442259,2485.5405321508674,-0.012925240897152857,2222.9457278398513,2247.746727238556,0.02272273958547261,0.02272273958547261,1.0093511760488885,0.28459628119290037
2020-12-23,2593.706759062964,8638,117713.41391576278,2258.224930623684,9148,112411.8650349932,99.26856436219173,47.0083269322631,-0.011598474514231016,2284.7242465695667,0.018856425488286144,2242.439846688521,0.003022486763964327,2235.6825258457256,0.028621077664709116,2178.406700183252,0.01806548508667638,2232.7631731038564,0.01085695518487717,2397.4961658931084,-0.035422623416874965,2238.909373927938,2240.783165475085,0.02158210400144661,0.02158210400144661,0.9979930281813812,-0.02454558654843625
2020-12-24,2577.746758528595,6491,118041.01035648794,2240.657416924891,18378,111095.74989875872,99.19972713396864,46.810236897456505,-0.00777934627350918,2258.224930623684,-0.011598474514231016,2284.7242465695667,0.018856425488286144,2242.439846688521,0.003022486763964327,2173.4753199121906,-0.0022637555561348943,2237.083807909762,0.0019351066239146064,2303.838712656852,-0.03906469364524201,2252.3457933304776,2237.624100688487,0.019879116083249736,0.019879116083249736,0.9899402968331174,-0.09761217572068603
2020-12-25,2610.854442819405,19109,118873.32962933584,2243.589180637936,8572,112503.9078737427,99.28950867480972,46.98479202924863,0.0013084390727915451,2240.657416924891,-0.00777934627350918,2258.224930623684,-0.011598474514231016,2284.7242465695667,0.018856425488286144,2235.6825258457256,0.028621077664709116,2142.977585544167,-0.04206647155232146,2340.966499384488,0.016115618911889618,2253.92712428892,2232.7552347511596,0.019471875820267767,0.019471875820267767,0.9854273228000389,-0.280086163884981
2020-12-28,2581.645506448222,10579,122105.08958951427,2234.878022841789,14129,115027.97601483148,99.45240236957213,47.12777291944583,-0.0038826884490813507,2243.589180637936,0.0013084390727915451,2240.657416924891,-0.00777934627350918,2258.224930623684,-0.011598474514231016,2242.439846688521,0.003022486763964327,2180.3979419054235,0.01746185149750601,2316.616928092737,-0.01040150352350333,2252.414759519573,2228.6682894886117,0.01937710676357383,0.01937710676357383,0.9851659226618344,-0.46059226709632034
2020-12-29,2558.6795434774567,8237,126396.00724132468,2196.525208471685,14652,118724.39588827395,99.35538741760696,47.13217696141274,-0.017161032493995365,2234.878022841789,-0.0038826884490813507,2243.589180637936,0.0013084390727915451,2240.657416924891,-0.00777934627350918,2284.7242465695667,0.018856425488286144,2139.751059331695,-0.018641956035881924,2343.909825833001,0.011781359882720999,2234.7749518999967,2221.299058620546,0.019404800971826112,0.019404800971826112,0.9799271637926891,-0.7909818005685648
2020-12-30,2554.073997038264,7173,128220.17483250664,2189.026008212098,16541,121029.32721970172,99.26661785203552,46.89518105525246,-0.003414119824650119,2196.525208471685,-0.017161032493995365,2234.878022841789,-0.0038826884490813507,2243.589180637936,0.0013084390727915451,2258.224930623684,-0.011598474514231016,2178.406700183252,0.01806548508667638,2293.278478789592,-0.021601235032757682,2220.9351674176796,2216.0864350916713,0.018910064618565085,0.018910064618565085,0.9734062314221213,-0.8871542652324718
2020-12-31,2542.110822766016,12809,132723.72298682094,2198.8704988317468,7534,120394.1498345655,99.40019628566752,46.93416001150228,0.004497201304469289,2189.026008212098,-0.003414119824650119,2196.525208471685,-0.017161032493995365,2234.878022841789,-0.0038826884490813507,2240.657416924891,-0.00777934627350918,2173.4753199121906,-0.0022637555561348943,2308.1545420376674,0.00648681064496226,2212.577783799051,2210.6222329313755,0.01886741443209486,0.01886741443209486,0.9775440591072556,-0.5040870143643301
2021-01-01,2523.732626127035,19474,133834.18704310618,2197.243665021633,13865,122158.96981950676,99.38106188699804,46.91322037577363,-0.0007398497596733389,2198.8704988317468,0.004497201304469289,2189.026008212098,-0.003414119824650119,2196.525208471685,-0.017161032493995365,2243.589180637936,0.0013084390727915451,2235.6825258457256,0.028621077664709116,2199.3160443098072,-0.04715390401535946,2203.3086806757906,2210.5186139669668,0.01563044446057926,0.01563044446057926,0.9747104058348124,-1.052777901816217
2021-01-04,2541.2684016586204,16024,132083.98317747074,2177.640199661814,10951,124514.8068556092,99.52144402620468,46.51317808015338,-0.008921844068498386,2197.243665021633,-0.0007398497596733389,2198.8704988317468,0.004497201304469289,2189.026008212098,-0.003414119824650119,2234.878022841789,-0.0038826884490813507,2242.439846688521,0.003022486763964327,2194.872620511544,-0.002020366199646295,2191.8611160397954,2209.65699292448,0.015754704134072435,0.015754704134072435,0.9785090021925416,-1.28089650605333
2021-01-05,2524.897305791358,9811,133355.12488653066,2260.901390259666,19252,115188.51130238996,99.47719045501546,46.07163437475612,0.03823459477409652,2177.640199661814,-0.008921844068498386,2197.243665021633,-0.0007398497596733389,2198.8704988317468,0.004497201304469289,2196.525208471685,-0.017161032493995365,2284.7242465695667,0.018856425488286144,2208.7825202681647,0.00633745194442259,2204.736352397392,2212.262936424055,0.017924430315070926,0.017924430315070926,0.9751125784769981,0.8724035159595598
2021-01-06,2534.4659089783854,9666,137648.238244411,2222.153996709998,15133,121175.25253993412,99.62269501264254,46.24118038839906,-0.017138028981095066,2260.901390259666,0.03823459477409652,2177.640199661814,-0.008921844068498386,2197.243665021633,-0.0007398497596733389,2189.026008212098,-0.003414119824650119,2258.224930623684,-0.011598474514231016,2232.7631731038564,0.01085695518487717,2211.3619500969717,2211.732477604362,0.018230902691236412,0.018230902691236412,0.9915473100976783,-0.8521673613013044
2021-01-07,2529.9335469966445,6089,137248.11987340095,2132.0501984875364,12143,127648.9643258471,99.63584359432308,45.46061389388355,-0.04054795408232936,2222.153996709998,-0.017138028981095066,2260.901390259666,0.03823459477409652,2177.640199661814,-0.008921844068498386,2198.8704988317468,0.004497201304469289,2240.657416924891,-0.00777934627350918,2237.083807909762,0.0019351066239146064,2197.9978900281294,2206.480797133251,0.02033700770170466,0.02033700770170466,0.9897095925667432,-1.3250592894692086
2021-01-08,2522.2678936871584,17476,138026.95924319836,2113.496932940747,15614,134131.8872684396,99.66166647665536,45.52223705197193,-0.008702077258758378,2132.0501984875364,-0.04054795408232936,2222.153996709998,-0.017138028981095066,2260.901390259666,0.03823459477409652,2197.243665021633,-0.0007398497596733389,2243.589180637936,0.0013084390727915451,2142.977585544167,-0.04206647155232146,2181.2485436119523,2205.00676450308,0.01814540619007154,0.01814540619007154,0.977439263864547,-1.8008829384225755
2021-01-11,2511.3000202014478,5551,141758.38595686594,2068.294925942027,8588,138274.73706658563,99.81813827882236,45.37881213464578,-0.02138730664530708,2113.496932940747,-0.008702077258758378,2132.0501984875364,-0.04054795408232936,2222.153996709998,-0.017138028981095066,2177.640199661814,-0.008921844068498386,2234.878022841789,-0.0038826884490813507,2180.3979419054235,0.01746185149750601,2159.379488867995,2199.4016137049102,0.018196641063508576,0.018196641063508576,0.9620259580997508,-1.6122176899382805
2021-01-12,2512.558534848719,9709,143581.27534409333,2095.1996399884656,13165,133936.67487613598,99.78196123107791,45.77128611670975,0.01300816131634841,2068.294925942027,-0.02138730664530708,2113.496932940747,-0.008702077258758378,2132.0501984875364,-0.04054795408232936,2260.901390259666,0.03823459477409652,2196.525208471685,-0.017161032493995365,2139.751059331695,-0.018641956035881924,2126.2391388137544,2197.1740427377486,0.018092945217162353,0.018092945217162353,0.9580953273262189,-0.5251693268476159
2021-01-13,2508.6155743752065,10013,142963.53219730864,2085.083150229385,19765,134637.84898315405,99.68784902148543,45.62324565396359,-0.00482841327671113,2095.1996399884656,0.01300816131634841,2068.294925942027,-0.02138730664530708,2113.496932940747,-0.008702077258758378,2222.153996709998,-0.017138028981095066,2189.026008212098,-0.003414119824650119,2178.406700183252,0.01806548508667638,2098.824969517632,2192.5078652400553,0.01754610787133591,0.01754610787133591,0.9518920257274385,-0.8403381515872982
2021-01-14,2490.9003673734023,10817,147931.0613569347,2089.897614169928,10285,134463.22588927904,99.6429926006826,45.82109091823915,0.0023090033316002234,2085.083150229385,-0.00482841327671113,2095.1996399884656,0.01300816131634841,2068.294925942027,-0.02138730664530708,2132.0501984875364,-0.04054795408232936,2198.8704988317468,0.004497201304469289,2173.4753199121906,-0.0022637555561348943,2090.3944526541104,2188.328979952942,0.01757282281446408,0.01757282281446408,0.9432603339553346,-0.6719158616032885
2021-01-15,2474.304563312458,5573,150243.21857277426,1984.2503652713056,7176,145010.97376340712,99.6882259957469,45.70201676586782,-0.05055139935196484,2089.897614169928,0.0023090033316002234,2085.083150229385,-0.00482841327671113,2095.1996399884656,0.01300816131634841,2113.496932940747,-0.008702077258758378,2197.243665021633,-0.0007398497596733389,2235.6825258457256,0.028621077664709116,2064.5451391202223,2175.757371924221,0.019198671899774932,0.019198671899774932,0.9248339440506694,-1.5186175181307155
2021-01-18,2482.005513326812,11455,152510.85757850105,1948.3477582090409,7148,149808.5357509547,99.53165008852883,45.73614121191366,-0.01809378881346746,1984.2503652713056,-0.05055139935196484,2089.897614169928,0.0023090033316002234,2085.083150229385,-0.00482841327671113,2068.294925942027,-0.02138730664530708,2177.640199661814,-0.008921844068498386,2242.439846688521,0.003022486763964327,2040.555705573625,2161.0527675002472,0.019270143100714045,0.019270143100714045,0.9033715993004644,-1.0788716251229924
2021-01-19,2500.28947790928,7756,152222.85342650808,1872.3833259070257,7762,156427.87455465208,99.59539717879396,45.95719217118968,-0.03898915477586162,1948.3477582090409,-0.01809378881346746,1984.2503652713056,-0.05055139935196484,2089.897614169928,0.0023090033316002234,2095.1996399884656,0.01300816131634841,2260.901390259666,0.03823459477409652,2284.7242465695667,0.018856425488286144,1995.9924427573374,2140.43572146712,0.019551461888210032,0.019551461888210032,0.8766170630290272,-1.1818207088939066
2021-01-20,2526.77492664698,11283,151637.31987420114,1910.385642292585,14747,148202.61710470897,99.5415200470322,45.8184254562923,0.0202962266645641,1872.3833259070257,-0.03898915477586162,1948.3477582090409,-0.01809378881346746,1984.2503652713056,-0.05055139935196484,2085.083150229385,-0.00482841327671113,2222.153996709998,-0.017138028981095066,2258.224930623684,-0.011598474514231016,1961.0529411699767,2123.043757050565,0.020659450824159615,0.020659450824159615,0.8587793211659178,0.40215910257984844
2021-01-21,2511.281837268337,12551,151362.2323984201,1930.4725703264896,6371,144428.99364151128,99.65630131310554,46.11739192164183,0.010514593278558637,1910.385642292585,0.0202962266645641,1872.3833259070257,-0.03898915477586162,1948.3477582090409,-0.01809378881346746,2089.897614169928,0.0023090033316002234,2132.0501984875364,-0.04054795408232936,2240.657416924891,-0.00777934627350918,1929.1679324012894,2107.534514720645,0.021076297986752982,0.021076297986752982,0.8142370640919565,0.25689621311825506
2021-01-22,2513.6820370343294,14119,153993.99307176334,1964.122565140461,8066,141889.44661058576,99.4168752826155,45.81928255850988,0.017430962413664375,1930.4725703264896,0.010514593278558637,1910.385642292585,0.0202962266645641,1872.3833259070257,-0.03898915477586162,1984.2503652713056,-0.05055139935196484,2113.496932940747,-0.008702077258758378,2243.589180637936,0.0013084390727915451,1925.1423723751202,2093.5611839457715,0.02171780231157249,0.02171780231157249,0.7709069797000364,0.26077638174037376
2021-01-25,2503.12983383353,15271,153391.69730704874,2003.659714831021,13077,140204.34232081313,99.33821870510508,45.90766041127739,0.020129675404310987,1964.122565140461,0.017430962413664375,1930.4725703264896,0.010514593278558637,1910.385642292585,0.0202962266645641,1948.3477582090409,-0.01809378881346746,2068.294925942027,-0.02138730664530708,2234.878022841789,-0.0038826884490813507,1936.2047636995164,2082.0002685452328,0.0225136375329972,0.0225136375329972,0.6933809028632987,0.2563033451078265
2021-01-26,2516.33733472876,8393,152456.25424218678,2048.045154210892,11075,131916.11948722755,99.16957188998168,46.18445232811375,0.022152184351130977,2003.659714831021,0.020129675404310987,1964.122565140461,0.017430962413664375,1930.4725703264896,0.010514593278558637,1872.3833259070257,-0.03898915477586162,2095.1996399884656,0.01300816131634841,2196.525208471685,-0.017161032493995365,1971.3371293602897,2074.5762658321933,0.023122587863744777,0.023122587863744777,0.601091133132405,0.9998895039209856
2021-01-27,2516.257143444556,16013,154612.54444508604,2096.9707824761863,11781,127553.29435993644,99.08694894334528,46.382463575650846,0.023888940224145117,2048.045154210892,0.022152184351130977,2003.659714831021,0.020129675404310987,1964.122565140461,0.017430962413664375,1910.385642292585,0.0202962266645641,2085.083150229385,-0.00482841327671113,2189.026008212098,-0.003414119824650119,2008.6541573970098,2069.9735045453976,0.023904352576854235,0.023904352576854235,0.505265458043896,0.9441617196177833
2021-01-28,2534.9529700804346,9938,152401.6110714533,2111.625736207638,17501,128644.33471779268,99.11171553345618,46.95739703867147,0.006988630387184891,2096.9707824761863,0.023888940224145117,2048.045154210892,0.022152184351130977,2003.659714831021,0.020129675404310987,1930.4725703264896,0.010514593278558637,2089.897614169928,0.0023090033316002234,2198.8704988317468,0.004497201304469289,2044.8847905732396,2065.611266414192,0.023945746380733057,0.023945746380733057,0.4315162053818362,0.5910993051505742
2021-01-29,2545.524818507843,8111,151782.3055120083,2116.9268121838986,8335,125576.92363122568,99.0937928709112,46.72836524347828,0.002510424023236757,2111.625736207638,0.006988630387184891,2096.9707824761863,0.023888940224145117,2048.045154210892,0.022152184351130977,1964.122565140461,0.017430962413664375,1984.2503652713056,-0.05055139935196484,2197.243665021633,-0.0007398497596733389,2075.4456399819273,2061.5954237723054,0.023963966308398144,0.023963966308398144,0.38892607770750925,0.9390322817658349
2021-02-01,2546.298896125264,8434,151720.24666821602,2181.740298241475,16833,123149.6485118281,99.0684551140164,46.3146204680737,0.03061678168774873,2116.9268121838986,0.002510424023236757,2111.625736207638,0.006988630387184891,2096.9707824761863,0.023888940224145117,2003.659714831021,0.020129675404310987,1948.3477582090409,-0.01809378881346746,2177.640199661814,-0.008921844068498386,2111.0617566640185,2061.8004287012886,0.02493793211213332,0.02493793211213332,0.37852186418021255,0.9795210839484045
2021-02-02,2548.55033962125,7439,151839.6797592597,2137.3402114257697,8976,125982.93928740275,99.0525366268784,46.01631993552516,-0.02035076624449428,2181.740298241475,0.03061678168774873,2116.9268121838986,0.002510424023236757,2111.625736207638,0.006988630387184891,2048.045154210892,0.022152184351130977,1872.3833259070257,-0.03898915477586162,2260.901390259666,0.03823459477409652,2128.920768106994,2055.6223697595938,0.023667331343876725,0.023667331343876725,0.3968021365115827,0.5253581506002434
2021-02-03,2550.9560342557443,9154,152813.135997211,2190.168694298185,7972,121083.55856889611,99.0728754509404,46.21445270548969,0.02471692741754694,2137.3402114257697,-0.02035076624449428,2181.740298241475,0.03061678168774873,2116.9268121838986,0.002510424023236757,2096.9707824761863,0.023888940224145117,1910.385642292585,0.0202962266645641,2222.153996709998,-0.017138028981095066,2147.560350471393,2054.023104639003,0.02415380254273663,0.02415380254273663,0.45623623332129104,1.1626397804409205
2021-02-04,2557.851992523017,17618,149248.12592681035,2153.7683862595995,15246,123744.24863101174,98.97202184674607,46.3638295857705,-0.01661986500553536,2190.168694298185,0.02471692741754694,2137.3402114257697,-0.02035076624449428,2181.740298241475,0.03061678168774873,2111.625736207638,0.006988630387184891,1930.4725703264896,0.010514593278558637,2132.0501984875364,-0.04054795408232936,2155.9888804817856,2055.1090140276065,0.022605822667861326,0.022605822667861326,0.519433920963845,0.4906082699515267
2021-02-05,2554.474612279279,16441,148471.41679586557,2203.577350919404,19034,122993.1946503074,99.04270681083598,46.394506583664736,0.023126425746412993,2153.7683862595995,-0.01661986500553536,2190.168694298185,0.02471692741754694,2137.3402114257697,-0.02035076624449428,2116.9268121838986,0.002510424023236757,1964.122565140461,0.017430962413664375,2113.496932940747,-0.008702077258758378,2173.318988228887,2059.6130349265395,0.023021757045903393,0.023021757045903393,0.6161988314431486,0.5715046107632435
2021-02-08,2563.8237488122045,6875,151885.62456444916,2205.8832925081992,11197,124893.73593130973,99.10897340787452,46.05761946893259,0.0010464536621930254,2203.577350919404,0.023126425746412993,2153.7683862595995,-0.01661986500553536,2190.168694298185,0.02471692741754694,2181.740298241475,0.03061678168774873,2003.659714831021,0.020129675404310987,2068.294925942027,-0.02138730664530708,2178.1475870822314,2066.4924532548475,0.022341130420413566,0.022341130420413566,0.7101803706222665,0.2176554384735654
2021-02-09,2544.353181467512,14439,149478.29374461583,2182.068658352648,16805,127616.94999624215,99.14747720164014,46.28767965693131,-0.010795962885449262,2205.8832925081992,0.0010464536621930254,2203.577350919404,0.023126425746412993,2153.7683862595995,-0.01661986500553536,2137.3402114257697,-0.02035076624449428,2048.045154210892,0.022152184351130977,2095.1996399884656,0.01300816131634841,2187.093276467607,2070.835904173057,0.022439828484041406,0.022439828484041406,0.7553667856639477,0.013901142763166133
2021-02-10,2550.2424255951423,17748,147746.74803272716,2187.3847181234414,8141,126680.77812905396,99.20313054591526,45.92026822363615,0.0024362477094588275,2182.068658352648,-0.010795962885449262,2205.8832925081992,0.0010464536621930254,2203.577350919404,0.023126425746412993,2190.168694298185,0.02471692741754694,2096.9707824761863,0.023888940224145117,2085.083150229385,-0.00482841327671113,2186.536481232658,2075.9509825677596,0.022377505672744043,0.022377505672744043,0.7965711760178965,0.23846581748676005
2021-02-11,2543.9713600727114,19441,149858.00236086504,2102.103321216506,5320,131375.6740057795,99.23277234599612,46.26795309834922,-0.0389878361133007,2187.3847181234414,0.0024362477094588275,2182.068658352648,-0.010795962885449262,2205.8832925081992,0.0010464536621930254,2153.7683862595995,-0.01661986500553536,2111.625736207638,0.006988630387184891,2089.897614169928,0.0023090033316002234,2176.20346822404,2076.5612679200885,0.024237469334041507,0.024237469334041507,0.7880407611381108,-0.29887264782513506
2021-02-12,2549.656404297363,11604,145730.43274851018,2030.2423958104791,6855,137851.67506196751,99.43627967626924,47.12518462529118,-0.03418524897455588,2102.103321216506,-0.0389878361133007,2187.3847181234414,0.0024362477094588275,2182.068658352648,-0.010795962885449262,2203.577350919404,0.023126425746412993,2116.9268121838986,0.002510424023236757,1984.2503652713056,-0.05055139935196484,2141.536477202255,2078.860869447047,0.02264447564218058,0.02264447564218058,0.752041926411495,-0.9730033598386756
2021-02-15,2536.215436428352,19251,145103.91815463445,2047.7043483098355,15775,135075.8007285396,99.427570259164,47.23511996926264,0.008600920035652049,2030.2423958104791,-0.03418524897455588,2102.103321216506,-0.0389878361133007,2187.3847181234414,0.0024362477094588275,2205.8832925081992,0.0010464536621930254,2181.740298241475,0.03061678168774873,1948.3477582090409,-0.01809378881346746,2109.900688362582,2083.828698952087,0.022218220603837015,0.022218220603837015,0.7491998975573076,-0.3421835124398339
2021-02-16,2544.105294496232,10320,142923.5856554274,2036.721835936496,12037,136084.63609457205,99.39686193733051,47.41005240995997,-0.00536332912629911,2047.7043483098355,0.008600920035652049,2030.2423958104791,-0.03418524897455588,2102.103321216506,-0.0389878361133007,2182.068658352648,-0.010795962885449262,2137.3402114257697,-0.02035076624449428,1872.3833259070257,-0.03898915477586162,2080.8313238793517,2092.045624453561,0.02006314171522925,0.02006314171522925,0.7578595650060341,-0.9012883462651425
2021-02-17,2511.9891530712584,8076,148653.67499371985,2030.8108166479908,16812,133003.195884518,99.3215091792948,47.262194479291296,-0.0029022221808641113,2036.721835936496,-0.00536332912629911,2047.7043483098355,0.008600920035652049,2030.2423958104791,-0.03418524897455588,2187.3847181234414,0.0024362477094588275,2190.168694298185,0.02471692741754694,1910.385642292585,0.0202962266645641,2049.516543584262,2098.066883171331,0.019764589532203114,0.019764589532203114,0.7521620083725505,-0.45695060261125664
2021-02-18,2476.979681751595,10669,149717.12708214088,1998.1431985512197,5431,138966.93116822097,99.218282912237,46.719130482965255,-0.01608599768573793,2030.8108166479908,-0.0029022221808641113,2036.721835936496,-0.00536332912629911,2047.7043483098355,0.008600920035652049,2102.103321216506,-0.0389878361133007,2153.7683862595995,-0.01661986500553536,1930.4725703264896,0.010514593278558637,2028.724519051204,2101.4504145825676,0.020141271289130673,0.020141271289130673,0.7514041815984118,-1.513655569287336
2021-02-19,2460.666780917006,8149,152301.22530023157,1925.331004154176,11482,148229.5328527359,99.0938357334769,46.53831467405619,-0.03643992805412399,1998.1431985512197,-0.01608599768573793,2030.8108166479908,-0.0029022221808641113,2036.721835936496,-0.00536332912629911,2030.2423958104791,-0.03418524897455588,2203.577350919404,0.023126425746412993,1964.122565140461,0.017430962413664375,2007.7422407199435,2099.510836533253,0.021512890287071585,0.021512890287071585,0.7445801889997169,-2.0292821132619623
2021-02-22,2422.13224887892,16188,154150.5066496067,1886.87289768724,5146,155490.79687629337,99.0049560021538,46.21044610172656,-0.01997480245420513,1925.331004154176,-0.03643992805412399,1998.1431985512197,-0.01608599768573793,2030.8108166479908,-0.0029022221808641113,2047.7043483098355,0.008600920035652049,2205.8832925081992,0.0010464536621930254,2003.659714831021,0.020129675404310987,1975.5759505954243,2093.671495676064,0.021330016728440447,0.021330016728440447,0.747013668592009,-1.879678100995255
2021-02-23,2437.8156252482354,18614,152834.89842724474,1883.2304000970175,17349,154682.96696527078,98.9978879639886,45.77634472880206,-0.0019304414169535322,1886.87289768724,-0.01997480245420513,1925.331004154176,-0.03643992805412399,1998.1431985512197,-0.01608599768573793,2036.721835936496,-0.00536332912629911,2182.068658352648,-0.010795962885449262,2048.045154210892,0.022152184351130977,1944.8776634275287,2085.43075797037,0.020512485172163163,0.020512485172163163,0.7731269847772091,-1.1577226496756448
2021-02-24,2449.915515994005,19145,149548.0838543074,1932.2500342176172,8332,149395.15832660376,99.03131747683835,46.29305271140076,0.026029546951915394,1883.2304000970175,-0.0019304414169535322,1886.87289768724,-0.01997480245420513,1925.331004154176,-0.03643992805412399,2030.8108166479908,-0.0029022221808641113,2187.3847181234414,0.0024362477094588275,2096.9707824761863,0.023888940224145117,1925.1655069414542,2077.194720557442,0.0206705578583068,0.0206705578583068,0.7954387681682339,-0.4463925249422094
2021-02-25,2489.9628600504025,7084,143340.90546294846,1893.47331874827,7027,150993.26828028465,99.0364316826936,46.37491146680848,-0.020068166532623777,1932.2500342176172,0.026029546951915394,1883.2304000970175,-0.0019304414169535322,1886.87289768724,-0.01997480245420513,1998.1431985512197,-0.01608599768573793,2102.103321216506,-0.0389878361133007,2111.625736207638,0.006988630387184891,1904.2315309808641,2066.2870996844736,0.020806869648644834,0.020806869648644834,0.8341718367082254,-0.9067541664891587
2021-02-26,2515.6276848982625,5823,140409.09864320146,1935.3954096623256,11033,148371.99269829158,98.95987815495062,46.48881774099269,0.022140312461212508,1893.47331874827,-0.020068166532623777,1932.2500342176172,0.026029546951915394,1883.2304000970175,-0.0019304414169535322,1925.331004154176,-0.03643992805412399,2030.2423958104791,-0.03418524897455588,2116.9268121838986,0.002510424023236757,1906.2444120824941,2057.2105295583947,0.021637667921677428,0.021637667921677428,0.8459328168464215,-0.42037242217985066
2021-03-01,2510.3616023793074,16417,138171.3253709597,1938.3105779575023,10365,147681.04914350584,99.0498966113526,46.39611103143381,0.0015062391285123322,1935.3954096623256,0.022140312461212508,1893.47331874827,-0.020068166532623777,1932.2500342176172,0.026029546951915394,1886.87289768724,-0.01997480245420513,2047.7043483098355,0.008600920035652049,2181.740298241475,0.03061678168774873,1916.5319481365466,2045.0390435441961,0.020092787092897874,0.020092787092897874,0.8542006573929186,-0.4864764981361418
2021-03-02,2541.177604059741,5274,135481.6113788884,1945.2581896478305,15581,150388.32755065503,99.1238378785827,46.34424970670078,0.003584364533391282,1938.3105779575023,0.0015062391285123322,1935.3954096623256,0.022140312461212508,1893.47331874827,-0.020068166532623777,1883.2304000970175,-0.0019304414169535322,2036.721835936496,-0.00536332912629911,2137.3402114257697,-0.02035076624449428,1928.937506046709,2035.434942455299,0.019886301348556547,0.019886301348556547,0.8625902300548021,-0.7852381422130656
2021-03-03,2532.0615674508763,7876,136580.8158294642,1899.597402371963,10661,156593.5170983735,99.10787304784051,46.633614911372575,-0.023472867261972064,1945.2581896478305,0.003584364533391282,1938.3105779575023,0.0015062391285123322,1935.3954096623256,0.022140312461212508,1932.2500342176172,0.026029546951915394,2030.8108166479908,-0.0029022221808641113,2190.168694298185,0.02471692741754694,1922.406979677578,2020.906377858988,0.019061204710373758,0.019061204710373758,0.8846034782486928,-1.2509144576194662
2021-03-04,2555.1733254181604,8269,135707.0376590886,1953.4514133692817,19710,152447.03879519057,99.04258143337404,46.62391377576401,0.028350223542142672,1899.597402371963,-0.023472867261972064,1945.2581896478305,0.003584364533391282,1938.3105779575023,0.0015062391285123322,1893.47331874827,-0.020068166532623777,1998.1431985512197,-0.01608599768573793,2153.7683862595995,-0.01661986500553536,1934.4025986017805,2010.8905292144723,0.020457722334654805,0.020457722334654805,0.8938496235152632,-0.1633682316181178
2021-03-05,2555.03020124984,7145,138915.4034402772,1908.120454454419,15394,158210.33160690323,99.09742422545702,46.78312195717143,-0.0232055727645033,1953.4514133692817,0.028350223542142672,1899.597402371963,-0.023472867261972064,1945.2581896478305,0.003584364533391282,1935.3954096623256,0.022140312461212508,1925.331004154176,-0.03643992805412399,2203.577350919404,0.023126425746412993,1928.9476075601992,1996.1176843912228,0.019755755555688818,0.019755755555688818,0.8976276513740201,-0.9877562476632183
2021-03-08,2579.692550051359,11828,139932.36777344244,1870.728017314903,16187,159130.36160356193,99.11622158420565,46.72432066781792,-0.01959647623514804,1908.120454454419,-0.0232055727645033,1953.4514133692817,0.028350223542142672,1899.597402371963,-0.023472867261972064,1938.3105779575023,0.0015062391285123322,1886.87289768724,-0.01997480245420513,2205.8832925081992,0.0010464536621930254,1915.4310954316795,1979.3599206315582,0.019853024341593032,0.019853024341593032,0.9003835978920469,-0.6152748515901836
2021-03-09,2542.444125271522,11588,140712.49431861786,1925.2645956416131,10406,154716.00471244982,98.97140885826413,46.62167480059831,0.029152596113350526,1870.728017314903,-0.01959647623514804,1908.120454454419,-0.0232055727645033,1953.4514133692817,0.028350223542142672,1945.2581896478305,0.003584364533391282,1883.2304000970175,-0.0019304414169535322,2182.068658352648,-0.010795962885449262,1911.4323766304358,1966.5197174960063,0.021500128136874175,0.021500128136874175,0.9105354828075428,0.11807668185902398
2021-03-10,2484.8186045284783,19892,143838.5163431538,1987.1304219702236,11273,145059.78598353683,98.96461083266568,46.19960055091775,0.03213367475237505,1925.2645956416131,0.029152596113350526,1870.728017314903,-0.01959647623514804,1908.120454454419,-0.0232055727645033,1899.597402371963,-0.023472867261972064,1932.2500342176172,0.026029546951915394,2187.3847181234414,0.0024362477094588275,1928.938980550088,1956.5070026883454,0.02308222093197761,0.02308222093197761,0.9019679129096269,1.2484246657568598
2021-03-11,2463.2745409412064,15260,149012.57933654444,2054.2868525122867,9793,139002.02258424275,98.99081441387312,45.606275832207615,0.033795683363087026,1987.1304219702236,0.03213367475237505,1925.2645956416131,0.029152596113350526,1870.728017314903,-0.01959647623514804,1953.4514133692817,0.028350223542142672,1893.47331874827,-0.020068166532623777,2102.103321216506,-0.0389878361133007,1949.106068378689,1954.1161792531343,0.023102141769876905,0.023102141769876905,0.8846463338279045,1.4034759646595933
2021-03-12,2467.0456867308176,15762,148605.65488692734,2032.222310159893,10455,142494.98251431045,98.90084493522434,45.52780726188769,-0.010740730938043064,2054.2868525122867,0.033795683363087026,1987.1304219702236,0.03213367475237505,1925.2645956416131,0.029152596113350526,1908.120454454419,-0.0232055727645033,1935.3954096623256,0.022140312461212508,2030.2423958104791,-0.03418524897455588,1973.9264395197838,1954.2151749706052,0.02188698175122706,0.02188698175122706,0.8789685751142269,0.5163899842980098
2021-03-15,2457.6844748718545,17662,148605.450138189,2039.8741107103476,18571,139542.0234399847,98.91982927450807,45.54475626948566,0.0037652379428176896,2032.222310159893,-0.010740730938043064,2054.2868525122867,0.033795683363087026,1987.1304219702236,0.03213367475237505,1870.728017314903,-0.01959647623514804,1938.3105779575023,0.0015062391285123322,2047.7043483098355,0.008600920035652049,2007.7556581988727,1953.8236630906308,0.02181676969414019,0.02181676969414019,0.8785791936402957,1.0721679103262565
2021-03-16,2461.8784959012505,13179,150418.5737127667,2065.8185079349805,15106,135882.3497463704,98.77434702598232,45.15891725847303,0.012718626648777986,2039.8741107103476,0.0037652379428176896,2032.222310159893,-0.010740730938043064,2054.2868525122867,0.033795683363087026,1925.2645956416131,0.029152596113350526,1945.2581896478305,0.003584364533391282,2036.721835936496,-0.00536332912629911,2035.8664406575463,1955.2784966905551,0.021955556658445438,0.021955556658445438,0.8789202269923796,1.3183171978247004
2021-03-17,2475.2885563232862,8122,148073.9068434917,2028.4854899051911,18782,139333.9340441253,98.90796563598352,45.14857479896263,-0.018071780210308974,2065.8185079349805,0.012718626648777986,2039.8741107103476,0.0037652379428176896,2032.222310159893,-0.010740730938043064,1987.1304219702236,0.03213367475237505,1899.597402371963,-0.023472867261972064,2030.8108166479908,-0.0029022221808641113,2044.1374542445399,1955.162230353415,0.022353617976523753,0.022353617976523753,0.8750431601477044,0.7360803026653691
2021-03-18,2489.67319173837,15882,148796.34059051514,2022.40649702206,6345,140625.92909521758,99.03276063448946,45.16470056785978,-0.0029968135899336446,2028.4854899051911,-0.018071780210308974,2065.8185079349805,0.012718626648777986,2039.8741107103476,0.0037652379428176896,2054.2868525122867,0.033795683363087026,1953.4514133692817,0.028350223542142672,1998.1431985512197,-0.01608599768573793,2037.7613831464944,1956.375395276957,0.02204177499068762,0.02204177499068762,0.8690677308290491,0.6788811139806457
2021-03-19,2457.829140179354,6495,150760.8240669555,2042.6832361167387,19694,139349.4988654882,99.00750890105915,44.51789816604197,0.010026045270590034,2022.40649702206,-0.0029968135899336446,2028.4854899051911,-0.018071780210308974,2065.8185079349805,0.012718626648777986,2032.222310159893,-0.010740730938043064,1908.120454454419,-0.0232055727645033,1925.331004154176,-0.03643992805412399,2039.8535683378636,1962.243006875085,0.02028501610655848,0.02028501610655848,0.8640124749897783,0.6265024825109945
2021-03-22,2479.029691347407,8891,151615.71333469127,1968.6122572361571,14088,146821.30547051725,99.04385433484308,44.24336076819812,-0.03626160805108236,2042.6832361167387,0.010026045270590034,2022.40649702206,-0.0029968135899336446,2028.4854899051911,-0.018071780210308974,2039.8741107103476,0.0037652379428176896,1870.728017314903,-0.01959647623514804,1886.87289768724,-0.01997480245420513,2025.6011976430254,1966.329974852531,0.021549999443036174,0.021549999443036174,0.8397256432223118,-0.4808401834761277
2021-03-23,2466.286034568658,16890,152335.07742637492,1961.5038670440315,19975,145862.47972965008,98.8028621382631,44.36553993631876,-0.0036108635237827036,1968.6122572361571,-0.03626160805108236,2042.6832361167387,0.010026045270590034,2022.40649702206,-0.0029968135899336446,2065.8185079349805,0.012718626648777986,1925.2645956416131,0.029152596113350526,1883.2304000970175,-0.0019304414169535322,2004.7382694648356,1970.2436481998818,0.0215708035157144,0.0215708035157144,0.8171874799037022,0.1088287704507566
2021-03-24,2438.8505567271973,16617,156174.3226575283,1940.266404330475,15174,148672.61142408237,98.68722737223656,44.48165755513749,-0.010827132727278865,1961.5038670440315,-0.0036108635237827036,1968.6122572361571,-0.03626160805108236,2042.6832361167387,0.010026045270590034,2028.4854899051911,-0.018071780210308974,1987.1304219702236,0.03213367475237505,1932.2500342176172,0.026029546951915394,1987.0944523498924,1970.6444667055246,0.020999962864334518,0.020999962864334518,0.7981717943884109,-0.37378084939633843
2021-03-25,2449.295186417616,11765,157372.11301447102,1890.2589344929345,14691,158878.0919311659,98.65784948022134,44.13555508021756,-0.02577350704311998,1940.266404330475,-0.010827132727278865,1961.5038670440315,-0.0036108635237827036,1968.6122572361571,-0.03626160805108236,2022.40649702206,-0.0029968135899336446,2054.2868525122867,0.033795683363087026,1893.47331874827,-0.020068166532623777,1960.6649398440672,1970.4837474927579,0.02132904195889099,0.02132904195889099,0.7727163010303805,-1.196409896762871
2021-03-26,2440.9041706864014,12725,161213.36586611826,1916.252310146208,11397,154921.6311544757,98.55063617807866,44.18308949536748,0.013751224860760303,1890.2589344929345,-0.02577350704311998,1940.266404330475,-0.010827132727278865,1961.5038670440315,-0.0036108635237827036,2042.6832361167387,0.010026045270590034,2032.222310159893,-0.010740730938043064,1935.3954096623256,0.022140312461212508,1935.3787546499614,1969.5265925169522,0.0209525915862619,0.0209525915862619,0.7625713591929644,-0.040775830152285114
2021-03-29,2429.971435047272,14143,160402.200746723,1926.8772679770816,17991,157001.03532350884,98.62207582634171,44.489811662975626,0.005544654936417537,1916.252310146208,0.013751224860760303,1890.2589344929345,-0.02577350704311998,1940.266404330475,-0.010827132727278865,1968.6122572361571,-0.03626160805108236,2039.8741107103476,0.0037652379428176896,1938.3105779575023,0.0015062391285123322,1927.0317567981463,1968.954927017931,0.020990224974309343,0.020990224974309343,0.7557117658466377,-0.4924437671087569
2021-03-30,2421.5188248502704,17994,160224.84023184027,2040.103510469702,7105,142817.78063873792,98.82180547941653,44.72293355067289,0.05876152278836644,1926.8772679770816,0.005544654936417537,1916.252310146208,0.013751224860760303,1890.2589344929345,-0.02577350704311998,1961.5038670440315,-0.0036108635237827036,2065.8185079349805,0.012718626648777986,1945.2581896478305,0.003584364533391282,1942.7516854832804,1973.6971930590248,0.024781803220180663,0.024781803220180663,0.7482438377537387,1.5029590770168015
2021-03-31,2423.1619694188425,13763,157151.13689452194,1945.8274701024516,18262,150878.26693938504,98.7041440074736,44.69434781456872,-0.04621140049190198,2040.103510469702,0.05876152278836644,1926.8772679770816,0.005544654936417537,1916.252310146208,0.013751224860760303,1940.266404330475,-0.010827132727278865,2028.4854899051911,-0.018071780210308974,1899.597402371963,-0.023472867261972064,1943.8638986376754,1976.008696445549,0.02650601046245061,0.02650601046245061,0.7630235381127655,-0.16940309576134366
2021-04-01,2417.771753893873,12561,154076.9000548682,2017.8034771675077,19649,146170.22115265112,98.62039766706508,44.55395492057143,0.03698992237028409,1945.8274701024516,-0.04621140049190198,2040.103510469702,0.05876152278836644,1926.8772679770816,0.005544654936417537,1890.2589344929345,-0.02577350704311998,2022.40649702206,-0.0029968135899336446,1953.4514133692817,0.028350223542142672,1969.3728071725902,1979.2262996354602,0.027031232612672255,0.027031232612672255,0.7636913055365535,0.6872468947689212
2021-04-02,2454.4397178983063,16412,150006.95735379265,2086.582602283571,14607,141127.0409304123,98.64394250389608,44.36515157527107,0.03408613667997629,2017.8034771675077,0.03698992237028409,1945.8274701024516,-0.04621140049190198,2040.103510469702,0.05876152278836644,1916.252310146208,0.013751224860760303,2042.6832361167387,0.010026045270590034,1908.120454454419,-0.0232055727645033,2003.4388656000629,1988.1494070269177,0.027257937319558445,0.027257937319558445,0.7475406690218419,0.8996901724016118
2021-04-05,2461.577921614871,10774,149742.67189721938,2008.0556253010611,15859,152003.84062993908,98.80505411874604,44.50549751014397,-0.03763425272336174,2086.582602283571,0.03408613667997629,2017.8034771675077,0.03698992237028409,1945.8274701024516,-0.04621140049190198,1926.8772679770816,0.005544654936417537,1968.6122572361571,-0.03626160805108236,1870.728017314903,-0.01959647623514804,2019.6745370648587,1995.0157874262259,0.02838389359440683,0.02838389359440683,0.7448551881829568,-0.5198771150877767
2021-04-06,2478.3268805553616,19843,150889.0491556894,1970.6082415406015,12609,156948.43403109384,98.68281668749204,44.56402870208684,-0.01864857889822913,2008.0556253010611,-0.03763425272336174,2086.582602283571,0.03408613667997629,2017.8034771675077,0.03698992237028409,2040.103510469702,0.05876152278836644,1961.5038670440315,-0.0036108635237827036,1925.2645956416131,0.029152596113350526,2005.7754832790386,1997.2829697211753,0.028159895838937715,0.028159895838937715,0.7459966041558147,-0.6175977467285692
2021-04-07,2508.0108307585683,14661,147650.82341515686,1955.4519827613613,16299,157216.47873982633,98.70772029972274,44.75284990391749,-0.00769115771452944,1970.6082415406015,-0.01864857889822913,2008.0556253010611,-0.03763425272336174,2086.582602283571,0.03408613667997629,1945.8274701024516,-0.04621140049190198,1940.266404330475,-0.010827132727278865,1987.1304219702236,0.03213367475237505,2007.7003858108205,1995.699047760732,0.027276884109789644,0.027276884109789644,0.7607711516309907,-0.46062912876341644
2021-04-08,2497.5752321962336,14721,152326.47792318245,2033.4268552266171,10548,149342.42899621776,98.88985018480405,44.79241204785384,0.039875626276000276,1955.4519827613613,-0.00769115771452944,1970.6082415406015,-0.01864857889822913,2008.0556253010611,-0.03763425272336174,2017.8034771675077,0.03698992237028409,1890.2589344929345,-0.02577350704311998,2054.2868525122867,0.033795683363087026,2010.8250614226424,1994.6560478964486,0.02770910760489094,0.02770910760489094,0.7974017367177085,0.49777483684881463
2021-04-09,2506.1778825182246,15176,151976.51781314076,1976.9099041811023,8236,154034.6696584681,98.72467426998612,45.03804123295807,-0.02779394346063957,2033.4268552266171,0.039875626276000276,1955.4519827613613,-0.00769115771452944,1970.6082415406015,-0.01864857889822913,2086.582602283571,0.03408613667997629,1916.252310146208,0.013751224860760303,2032.222310159893,-0.010740730938043064,1988.8905218021487,1991.8904275975092,0.02830814364024632,0.02830814364024632,0.782122130517367,-0.39746323057873967
2021-04-12,2554.7563768442383,10478,149839.93555850632,1924.457388942229,5387,161421.7772482456,98.59656734930154,45.066418992845385,-0.026532577497810017,1976.9099041811023,-0.02779394346063957,2033.4268552266171,0.039875626276000276,1955.4519827613613,-0.00769115771452944,2008.0556253010611,-0.03763425272336174,1926.8772679770816,0.005544654936417537,2039.8741107103476,0.0037652379428176896,1972.1708745303822,1986.119591509103,0.02884529505376031,0.02884529505376031,0.7363444270680203,-0.8901368641808929
2021-04-13,2531.2816738839547,16993,151164.53166790458,1971.4866487363647,19550,157673.11932556937,98.55420668865546,45.30182560768489,0.02443767269899655,1924.457388942229,-0.026532577497810017,1976.9099041811023,-0.02779394346063957,2033.4268552266171,0.039875626276000276,1970.6082415406015,-0.01864857889822913,2040.103510469702,0.05876152278836644,2065.8185079349805,0.012718626648777986,1972.3465559695348,1981.4029985491725,0.029286682892547166,0.029286682892547166,0.6938582708172759,-0.10165571377244542
2021-04-14,2504.835068515324,7623,150723.9469452596,1947.0582933771375,17414,162599.81011412636,98.50214784736993,45.56307243879488,-0.01239082971973704,1971.4866487363647,0.02443767269899655,1924.457388942229,-0.026532577497810017,1976.9099041811023,-0.02779394346063957,1955.4519827613613,-0.00769115771452944,1945.8274701024516,-0.04621140049190198,2028.4854899051911,-0.018071780210308974,1970.6678180926901,1977.3316387227696,0.0291491025686104,0.0291491025686104,0.6678589011912633,-0.7717970523271583
2021-04-15,2520.235716324771,18013,152651.57233764802,1877.7061645482977,16733,168232.6906177794,98.58340797614528,45.32171444972744,-0.03561892782806708,1947.0582933771375,-0.01239082971973704,1971.4866487363647,0.02443767269899655,1924.457388942229,-0.026532577497810017,2033.4268552266171,0.039875626276000276,2017.8034771675077,0.03698992237028409,2022.40649702206,-0.0029968135899336446,1939.5236799570262,1970.0966220990817,0.03012511117595859,0.03012511117595859,0.6491491220339044,-1.020929725359006
2021-04-16,2499.800278275134,6543,153662.18457471934,1890.8685583500685,12792,166158.69544579534,98.60757394812735,44.779271235666215,0.007009826164647626,1877.7061645482977,-0.03561892782806708,1947.0582933771375,-0.01239082971973704,1971.4866487363647,0.02443767269899655,1976.9099041811023,-0.02779394346063957,2086.582602283571,0.03408613667997629,2042.6832361167387,0.010026045270590034,1922.3154107908194,1962.5058882107483,0.03006249847899892,0.03006249847899892,0.6536158543460251,-0.46971220573678485
2021-04-19,2480.7504016764037,12833,157369.51630183015,1868.431938381453,6571,167525.07258103185,98.43007774216316,45.24231909247058,-0.01186577452437687,1890.8685583500685,0.007009826164647626,1877.7061645482977,-0.03561892782806708,1947.0582933771375,-0.01239082971973704,1924.457388942229,-0.026532577497810017,2008.0556253010611,-0.03763425272336174,1968.6122572361571,-0.03626160805108236,1911.110320678664,1957.4968722680128,0.029140911436426383,0.029140911436426383,0.670570649490832,-0.6781448205160476
2021-04-20,2494.1984150761714,15373,155467.26397441092,1856.6189477144956,14310,167893.40083215488,98.48161878245322,45.31931671168425,-0.00632240887360902,1868.431938381453,-0.01186577452437687,1890.8685583500685,0.007009826164647626,1877.7061645482977,-0.03561892782806708,1971.4866487363647,0.02443767269899655,1970.6082415406015,-0.01864857889822913,1961.5038670440315,-0.0036108635237827036,1888.1367804742906,1952.2526263015359,0.029154090767674043,0.029154090767674043,0.6865079329426804,-0.5822158494450576
2021-04-21,2491.494544346199,6124,156797.48572931,1880.218547609561,16662,164868.22841512968,98.42386489371766,44.80497094303541,0.012711062721899147,1856.6189477144956,-0.00632240887360902,1868.431938381453,-0.01186577452437687,1890.8685583500685,0.007009826164647626,1947.0582933771375,-0.01239082971973704,1955.4519827613613,-0.00769115771452944,1940.266404330475,-0.010827132727278865,1874.7688313207752,1949.2502334654903,0.029268437084649955,0.029268437084649955,0.692381434981122,-0.19410441730529465
2021-04-22,2496.453630858596,8826,156006.50117899067,1821.1366541121351,14430,173585.15458291536,98.55130961541178,44.5908250938698,-0.03142288622380651,1880.218547609561,0.012711062721899147,1856.6189477144956,-0.00632240887360902,1868.431938381453,-0.01186577452437687,1877.7061645482977,-0.03561892782806708,2033.4268552266171,0.039875626276000276,1890.2589344929345,-0.02577350704311998,1863.4549292335428,1945.7941194464504,0.029544385154509915,0.029544385154509915,0.7022173052946893,-1.2083366178459056
2021-04-23,2493.50771834668,7826,155482.3828867976,1829.4546162013692,11865,172740.23882807512,98.48855086176808,44.822387381580754,0.0045674563028821336,1821.1366541121351,-0.03142288622380651,1880.218547609561,0.012711062721899147,1856.6189477144956,-0.00632240887360902,1890.8685583500685,0.007009826164647626,1976.9099041811023,-0.02779394346063957,1916.252310146208,0.013751224860760303,1851.172140803803,1941.4542347492084,0.02936654981598287,0.02936654981598287,0.7075548906451518,-0.6689445568225888
2021-04-26,2467.236891699404,9164,157228.90929361322,1816.7651943461203,6380,176283.36041815195,98.42488933345788,44.73848433224089,-0.00693617745030306,1829.4546162013692,0.0045674563028821336,1821.1366541121351,-0.03142288622380651,1880.218547609561,0.012711062721899147,1868.431938381453,-0.01186577452437687,1924.457388942229,-0.026532577497810017,1926.8772679770816,0.005544654936417537,1840.838791996736,1935.9486310676607,0.02933244706462851,0.02933244706462851,0.6901206064039533,-0.9910615722900522
2021-04-27,2453.828921959609,19726,159599.66196545487,1763.8477354907004,19106,182276.9037051616,98.47900249453832,44.584865906445145,-0.029127296703009398,1816.7651943461203,-0.00693617745030306,1829.4546162013692,0.0045674563028821336,1821.1366541121351,-0.03142288622380651,1856.6189477144956,-0.00632240887360902,1971.4866487363647,0.02443767269899655,2040.103510469702,0.05876152278836644,1822.2845495519773,1922.1358423187103,0.026068471403650786,0.026068471403650786,0.6999369850957484,-1.8994550822449119
2021-04-28,2478.572624128049,11650,155061.42559164786,1737.2971566913077,19831,181399.55179947504,98.555295142772,45.00513046453904,-0.015052647836411137,1763.8477354907004,-0.029127296703009398,1816.7651943461203,-0.00693617745030306,1829.4546162013692,0.0045674563028821336,1880.218547609561,0.012711062721899147,1947.0582933771375,-0.01239082971973704,1945.8274701024516,-0.04621140049190198,1793.7002713683264,1911.709326648153,0.02447973436703757,0.02447973436703757,0.6941498803236477,-1.2525999745382703
2021-04-29,2481.774954378354,13473,152794.71148436362,1762.5967044509832,13777,175400.1216710358,98.60010507916564,44.69094432062389,0.014562590897148953,1737.2971566913077,-0.015052647836411137,1763.8477354907004,-0.029127296703009398,1816.7651943461203,-0.00693617745030306,1821.1366541121351,-0.03142288622380651,1877.7061645482977,-0.03561892782806708,2017.8034771675077,0.03698992237028409,1781.9922814360962,1898.9489880123267,0.0228999846607123,0.0228999846607123,0.7017664376881579,-0.510658198372516
2021-04-30,2487.8894478986954,12913,154230.4594052168,1701.2414736868573,15039,181761.7999046495,98.43154534742716,44.45149831329744,-0.034809568524205914,1762.5967044509832,0.014562590897148953,1737.2971566913077,-0.015052647836411137,1763.8477354907004,-0.029127296703009398,1829.4546162013692,0.0045674563028821336,1890.8685583500685,0.007009826164647626,2086.582602283571,0.03408613667997629,1756.3496529331937,1879.6819315824912,0.021621273388200378,0.021621273388200378,0.6998854932984258,-1.429912210906418
2021-05-03,2502.21841020012,18050,151555.09461813534,1714.2351611366155,16090,182257.6446540212,98.48534879141998,44.51491425581192,0.007637767859961064,1701.2414736868573,-0.034809568524205914,1762.5967044509832,0.014562590897148953,1737.2971566913077,-0.015052647836411137,1816.7651943461203,-0.00693617745030306,1868.431938381453,-0.01186577452437687,2008.0556253010611,-0.03763425272336174,1735.8436462912928,1864.9909083742689,0.020927327478075384,0.020927327478075384,0.6997811813617162,-1.1067591660660652
2021-05-04,2533.414208767236,11242,149400.2501049109,1685.702486851994,15274,185292.38111647769,98.38191798625256,44.63205073542809,-0.016644550836130922,1714.2351611366155,0.007637767859961064,1701.2414736868573,-0.034809568524205914,1762.5967044509832,0.014562590897148953,1763.8477354907004,-0.029127296703009398,1856.6189477144956,-0.00632240887360902,1970.6082415406015,-0.01864857889822913,1720.2145965635514,1850.7456206398388,0.020876733955827155,0.020876733955827155,0.7195836659741174,-1.271979864185417
2021-05-05,2531.653105648483,16459,146833.47950652157,1691.3044835633375,16294,181323.35943731855,98.40544559741136,44.78095364573031,0.0033232416485338145,1685.702486851994,-0.016644550836130922,1714.2351611366155,0.007637767859961064,1701.2414736868573,-0.034809568524205914,1737.2971566913077,-0.015052647836411137,1880.218547609561,0.012711062721899147,1955.4519827613613,-0.00769115771452944,1711.0160619379574,1837.5382456799373,0.02101817760359625,0.02101817760359625,0.7585956193293139,-0.5046598195907405
2021-05-06,2509.643966927873,19335,148155.86917642836,1697.5409855978112,6459,180531.84045537427,98.26307215387146,45.05432505910099,0.0036873916524682304,1691.3044835633375,0.0033232416485338145,1685.702486851994,-0.016644550836130922,1714.2351611366155,0.007637767859961064,1762.5967044509832,0.014562590897148953,1821.1366541121351,-0.03142288622380651,2033.4268552266171,0.039875626276000276,1698.0049181673232,1820.7439521984973,0.018127485331017816,0.018127485331017816,0.7802133765028028,-0.66137037820616
2021-05-07,2519.5456844147607,17787,149565.89179512142,1689.531785828901,8423,180678.1101560756,98.30770436862576,45.11389864530544,-0.004718118641529934,1697.5409855978112,0.0036873916524682304,1691.3044835633375,0.0033232416485338145,1685.702486851994,-0.016644550836130922,1701.2414736868573,-0.034809568524205914,1829.4546162013692,0.0045674563028821336,1976.9099041811023,-0.02779394346063957,1695.6629805957316,1806.3750462808869,0.017583059553445187,0.017583059553445187,0.8025406944863689,-0.6805014052285755
2021-05-10,2537.151592022345,9471,148322.77934683813,1658.6656663790316,16199,185209.2599210828,98.22704447819504,45.260713826986965,-0.018269037439107016,1689.531785828901,-0.004718118641529934,1697.5409855978112,0.0036873916524682304,1691.3044835633375,0.0033232416485338145,1714.2351611366155,0.007637767859961064,1816.7651943461203,-0.00693617745030306,1924.457388942229,-0.026532577497810017,1684.549081644215,1793.0854601527274,0.01720974434269249,0.01720974434269249,0.8342397233663761,-1.214529893397628
2021-05-11,2560.193374949965,9713,146920.11774511446,1623.0170734493468,5896,190831.6251308524,98.09878101316896,45.18295104919244,-0.021492331849798152,1658.6656663790316,-0.018269037439107016,1689.531785828901,-0.004718118641529934,1697.5409855978112,0.0036873916524682304,1685.702486851994,-0.016644550836130922,1763.8477354907004,-0.029127296703009398,1971.4866487363647,0.02443767269899655,1672.0119989636855,1775.661981388376,0.015760510205824207,0.015760510205824207,0.8690283166539483,-1.5082621244588776
2021-05-12,2559.9613891557706,14030,146161.01185623422,1607.2241986742515,16006,192948.98153191188,98.17016302681722,45.201760540163455,-0.009730566014029107,1623.0170734493468,-0.021492331849798152,1658.6656663790316,-0.018269037439107016,1689.531785828901,-0.004718118641529934,1691.3044835633375,0.0033232416485338145,1737.2971566913077,-0.015052647836411137,1947.0582933771375,-0.01239082971973704,1655.1959419858686,1758.670276653232,0.015746568458711054,0.015746568458711054,0.9103468368271649,-1.2567129331591271
2021-05-13,2558.4542625385943,5766,146492.11430728168,1593.2215430450742,10062,192978.17240356663,98.19432747898487,45.23402079417954,-0.008712322550100793,1607.2241986742515,-0.009730566014029107,1623.0170734493468,-0.021492331849798152,1658.6656663790316,-0.018269037439107016,1697.5409855978112,0.0036873916524682304,1762.5967044509832,0.014562590897148953,1877.7061645482977,-0.03561892782806708,1634.332053475321,1744.4460455780707,0.014490198515769773,0.014490198515769773,0.9390284131576767,-0.9979298071871676
2021-05-14,2525.981955182717,5243,145475.49858328313,1535.1429247295728,12664,197768.39854596893,98.1329297988456,45.29855023492526,-0.03645357330813992,1593.2215430450742,-0.008712322550100793,1607.2241986742515,-0.009730566014029107,1623.0170734493468,-0.021492331849798152,1689.531785828901,-0.004718118641529934,1701.2414736868573,-0.034809568524205914,1890.8685583500685,0.007009826164647626,1603.4542812554553,1726.6597638970459,0.015342125965833215,0.015342125965833215,0.929803289866371,-1.4702415408915943
2021-05-17,2551.627869850566,10059,140193.5186960054,1532.648078512858,10908,196909.72020069108,98.27804768374772,45.53031217720009,-0.00162515566239807,1535.1429247295728,-0.03645357330813992,1593.2215430450742,-0.008712322550100793,1607.2241986742515,-0.009730566014029107,1658.6656663790316,-0.018269037439107016,1714.2351611366155,0.007637767859961064,1868.431938381453,-0.01186577452437687,1578.2507636822206,1709.8705709036162,0.015455945598540525,0.015455945598540525,0.9104812258815685,-0.8572922650797627
2021-05-18,2545.9717892006347,5956,141525.36628925326,1541.7420923272546,10821,195114.6482933776,98.23398244159074,45.696855881783534,0.005933530300850531,1532.648078512858,-0.00162515566239807,1535.1429247295728,-0.03645357330813992,1593.2215430450742,-0.008712322550100793,1623.0170734493468,-0.021492331849798152,1685.702486851994,-0.016644550836130922,1856.6189477144956,-0.00632240887360902,1561.9957674578022,1694.126728134254,0.015836901120098505,0.015836901120098505,0.8868066029912605,-0.6059857364449586
2021-05-19,2524.7181621758045,15313,139714.49825012073,1421.3754442958543,18548,211013.582898971,98.23719320898785,45.71012098265359,-0.07807184394226874,1541.7420923272546,0.005933530300850531,1532.648078512858,-0.00162515566239807,1535.1429247295728,-0.03645357330813992,1607.2241986742515,-0.009730566014029107,1691.3044835633375,0.0033232416485338145,1880.218547609561,0.012711062721899147,1524.8260165821227,1671.184572968569,0.02131156327271739,0.02131156327271739,0.8677461195089179,-2.0841811815847717
2021-05-20,2536.696850349303,7984,141449.6136386872,1385.956845971939,18011,214479.69603773745,98.2640845537557,45.46738318717128,-0.024918538213147268,1421.3754442958543,-0.07807184394226874,1541.7420923272546,0.005933530300850531,1532.648078512858,-0.00162515566239807,1593.2215430450742,-0.008712322550100793,1697.5409855978112,0.0036873916524682304,1821.1366541121351,-0.03142288622380651,1483.373077167496,1649.425582561559,0.02107466839705186,0.02107466839705186,0.8357986758079935,-1.2650829600986926
2021-05-21,2488.9470885302585,14951,146962.614428105,1391.8707982692974,11754,211714.87765987625,98.20211796034285,45.4876845645901,0.004267053707008639,1385.956845971939,-0.024918538213147268,1421.3754442958543,-0.07807184394226874,1541.7420923272546,0.005933530300850531,1535.1429247295728,-0.03645357330813992,1689.531785828901,-0.004718118641529934,1829.4546162013692,0.0045674563028821336,1454.7186518754406,1627.5463916649553,0.021061334809590767,0.021061334809590767,0.827270763285411,-0.5645204772746484
2021-05-24,2504.604563099551,9220,143291.62835539595,1379.2787350261983,13828,213901.62764698776,98.24923158968282,45.479279229121374,-0.00904686215039252,1391.8707982692974,0.004267053707008639,1385.956845971939,-0.024918538213147268,1421.3754442958543,-0.07807184394226874,1532.648078512858,-0.00162515566239807,1658.6656663790316,-0.018269037439107016,1816.7651943461203,-0.00693617745030306,1424.0447831781087,1605.6720686989595,0.021032733997630604,0.021032733997630604,0.8273381867512687,-0.796517510208602
2021-05-25,2495.3381043853287,17945,139694.01722256927,1390.8192901486018,15122,213238.45020107983,98.19588635496636,45.537233703065326,0.008367094213327597,1379.2787350261983,-0.00904686215039252,1391.8707982692974,0.004267053707008639,1385.956845971939,-0.024918538213147268,1541.7420923272546,0.005933530300850531,1623.0170734493468,-0.021492331849798152,1763.8477354907004,-0.029127296703009398,1393.8602227423783,1587.0206464318544,0.021233088111282116,0.021233088111282116,0.8290635318958627,-0.514961696566834
2021-05-26,2476.5666424552915,11994,136416.19639904692,1304.9107627027793,10976,225529.37165085107,98.15472252274472,46.19919129520745,-0.061768288701721685,1390.8192901486018,0.008367094213327597,1379.2787350261983,-0.00904686215039252,1391.8707982692974,0.004267053707008639,1421.3754442958543,-0.07807184394226874,1607.2241986742515,-0.009730566014029107,1737.2971566913077,-0.015052647836411137,1370.5672864237633,1565.401326732428,0.024020765690121956,0.024020765690121956,0.8359084870270914,-1.2900192880316903
2021-05-27,2492.7341499809754,11101,135823.74112920227,1238.41947405378,8378,232914.03370416505,98.29098678672506,46.04205946164508,-0.05095466337581589,1304.9107627027793,-0.061768288701721685,1390.8192901486018,0.008367094213327597,1379.2787350261983,-0.00904686215039252,1385.956845971939,-0.024918538213147268,1593.2215430450742,-0.008712322550100793,1762.5967044509832,0.014562590897148953,1341.0598120401314,1539.1924652125676,0.024395956809225842,0.024395956809225842,0.849815266608348,-1.1226979906050503
2021-05-28,2454.346348366173,13613,138813.9801463178,1281.8283877286844,9038,224462.65004641865,98.18692818147382,46.168746167382686,0.0350518661764998,1238.41947405378,-0.05095466337581589,1304.9107627027793,-0.061768288701721685,1390.8192901486018,0.008367094213327597,1391.8707982692974,0.004267053707008639,1535.1429247295728,-0.03645357330813992,1701.2414736868573,-0.034809568524205914,1319.051329932009,1518.2218109146593,0.02664011268983711,0.02664011268983711,0.8723357615609459,0.25924845525472245
2021-05-31,2484.171015849536,10974,139148.3964181217,1349.7973456922225,14131,217459.1885908106,97.94565014838086,46.48928478755597,0.0530250060103401,1281.8283877286844,0.0350518661764998,1238.41947405378,-0.05095466337581589,1304.9107627027793,-0.061768288701721685,1379.2787350261983,-0.00904686215039252,1532.648078512858,-0.00162515566239807,1714.2351611366155,0.007637767859961064,1313.1550520652136,1499.9999201424394,0.0302435451323369,0.0302435451323369,0.8818652589610637,0.4296988109115751
2021-06-01,2500.350527716012,7488,138853.7696507738,1359.657995058256,14582,213182.42101482223,98.10674384788206,46.518685361785785,0.007305281342790293,1349.7973456922225,0.0530250060103401,1281.8283877286844,0.0350518661764998,1238.41947405378,-0.05095466337581589,1390.8192901486018,0.008367094213327597,1541.7420923272546,0.005933530300850531,1685.702486851994,-0.016644550836130922,1306.9227930471445,1483.6976955527527,0.03049958478960792,0.03049958478960792,0.8614544356598197,0.39636980349872486
2021-06-02,2541.7089311609143,14643,138730.85284187517,1355.4673538997408,18014,212447.8484350705,98.36167664314276,47.22003889753744,-0.003082128868984846,1359.657995058256,0.007305281342790293,1349.7973456922225,0.0530250060103401,1281.8283877286844,0.0350518661764998,1304.9107627027793,-0.061768288701721685,1421.3754442958543,-0.07807184394226874,1691.3044835633375,0.0033232416485338145,1317.0341112865367,1466.9058390695727,0.030383072152425417,0.030383072152425417,0.8213071816974743,0.21197008907612389
2021-06-03,2554.1871036042703,13679,139570.15080325952,1431.4966384226211,8853,202446.36778607013,98.32114971659784,47.106627110018,0.05609082675738408,1355.4673538997408,-0.003082128868984846,1359.657995058256,0.007305281342790293,1349.7973456922225,0.0530250060103401,1238.41947405378,-0.05095466337581589,1385.956845971939,-0.024918538213147268,1697.5409855978112,0.0036873916524682304,1355.649544160305,1453.6036217108133,0.03374951185723631,0.03374951185723631,0.7460261016021945,1.0493904872207893
2021-06-04,2477.0606596017224,11237,143775.241220777,1379.4631381878364,8630,207273.26542481783,98.1274659125358,47.20385387671401,-0.03634902020595787,1431.4966384226211,0.05609082675738408,1355.4673538997408,-0.003082128868984846,1359.657995058256,0.007305281342790293,1281.8283877286844,0.0350518661764998,1391.8707982692974,0.004267053707008639,1689.531785828901,-0.004718118641529934,1375.1764942521354,1438.10018932876,0.034326772508051405,0.034326772508051405,0.6980721555116585,0.20114324056293786
2021-06-07,2466.0589260101247,6227,144307.9411887378,1370.7544381205744,5160,207342.6506679801,98.0964175149162,46.96421215324612,-0.00631310821302733,1379.4631381878364,-0.03634902020595787,1431.4966384226211,0.05609082675738408,1355.4673538997408,-0.003082128868984846,1349.7973456922225,0.0530250060103401,1379.2787350261983,-0.00904686215039252,1658.6656663790316,-0.018269037439107016,1379.367912737806,1423.7046279158371,0.034270480202075196,0.034270480202075196,0.6560973457399195,0.4086882837265688
2021-06-08,2494.7733513117705,9644,140297.06418005432,1438.9009966859348,19614,199407.802054524,98.06779521993217,46.85875473270313,0.049714636458733974,1370.7544381205744,-0.00631310821302733,1379.4631381878364,-0.03634902020595787,1431.4966384226211,0.05609082675738408,1359.657995058256,0.007305281342790293,1390.8192901486018,0.008367094213327597,1623.0170734493468,-0.021492331849798152,1395.2165130633416,1414.4988240776668,0.036520966937832716,0.036520966937832716,0.6341526710615573,1.1184416047396468
2021-06-09,2516.789421653637,10884,137947.87029865864,1460.7027141323786,5274,197848.9865841272,98.04880283582992,46.933434905822125,0.015151645246377132,1438.9009966859348,0.049714636458733974,1370.7544381205744,-0.00631310821302733,1379.4631381878364,-0.03634902020595787,1355.4673538997408,-0.003082128868984846,1304.9107627027793,-0.061768288701721685,1607.2241986742515,-0.009730566014029107,1416.263585109869,1407.172749850573,0.036787215402203484,0.036787215402203484,0.611662306607958,0.886948400044781
2021-06-10,2532.5023859706957,19350,135735.86141002298,1436.3223741038375,13613,197117.38111897343,97.93746403163772,47.18732612451445,-0.016690829552557074,1460.7027141323786,0.015151645246377132,1438.9009966859348,0.049714636458733974,1370.7544381205744,-0.00631310821302733,1431.4966384226211,0.05609082675738408,1238.41947405378,-0.05095466337581589,1593.2215430450742,-0.008712322550100793,1417.2287322461125,1399.3277914035111,0.036882778571470175,0.036882778571470175,0.6138289084952461,0.8832679358293474
2021-06-11,2575.1747008288603,16971,131990.5474774337,1444.4035989084907,9546,196737.86083205763,97.9954201458854,47.28305457472152,0.0056263307947808094,1436.3223741038375,-0.016690829552557074,1460.7027141323786,0.015151645246377132,1438.9009966859348,0.049714636458733974,1379.4631381878364,-0.03634902020595787,1281.8283877286844,0.0350518661764998,1535.1429247295728,-0.03645357330813992,1430.2168243902431,1394.7908251124568,0.03615825464101659,0.03615825464101659,0.6562773270307974,0.8319566091298624
2021-06-14,2573.455241333141,18573,134967.54658169608,1411.363016937324,17723,200213.22814456432,98.047870883414,47.66078902952194,-0.02287489590591918,1444.4035989084907,0.0056263307947808094,1436.3223741038375,-0.016690829552557074,1460.7027141323786,0.015151645246377132,1370.7544381205744,-0.00631310821302733,1349.7973456922225,0.0530250060103401,1532.648078512858,-0.00162515566239807,1438.338540153593,1388.7265720336802,0.03644491255833966,0.03644491255833966,0.674447989684476,0.5129866235978461
2021-06-15,2566.980034029179,12124,134460.65579319288,1408.0236097632544,14918,197414.17086686345,97.89843032143206,47.63229943634414,-0.0023660866368144795,1411.363016937324,-0.02287489590591918,1444.4035989084907,0.0056263307947808094,1436.3223741038375,-0.016690829552557074,1438.9009966859348,0.049714636458733974,1359.657995058256,0.007305281342790293,1541.7420923272546,0.005933530300850531,1432.163062769057,1382.0406479054802,0.03637931440020311,0.03637931440020311,0.7132304012564913,0.9370786440037333
2021-06-16,2573.862986600933,5885,131632.56939715924,1409.7277592350013,5360,198837.2117916604,97.96834999460155,47.53264887739244,0.001210313136747354,1408.0236097632544,-0.0023660866368144795,1411.363016937324,-0.02287489590591918,1444.4035989084907,0.0056263307947808094,1460.7027141323786,0.015151645246377132,1355.4673538997408,-0.003082128868984846,1421.3754442958543,-0.07807184394226874,1421.9680717895817,1381.4582636524376,0.03191659326626507,0.03191659326626507,0.7608366291409431,0.28792788689411813
2021-06-17,2521.461371608661,14991,134567.35503068694,1428.6185501356208,8498,194630.6828734812,98.17361849279614,48.343844409576256,0.013400311355769023,1409.7277592350013,0.001210313136747354,1408.0236097632544,-0.0023660866368144795,1411.363016937324,-0.02287489590591918,1436.3223741038375,-0.016690829552557074,1431.4966384226211,0.05609082675738408,1385.956845971939,-0.024918538213147268,1420.4273069959381,1383.5913488606218,0.03148465639616563,0.03148465639616563,0.8327396270508102,0.6786135901844401
2021-06-18,2548.997996343351,9475,131525.32454350454,1427.315205456974,5810,194292.51013634595,98.19081452603984,48.46211570440887,-0.0009123111823818864,1428.6185501356208,0.013400311355769023,1409.7277592350013,0.001210313136747354,1408.0236097632544,-0.0023660866368144795,1444.4035989084907,0.0056263307947808094,1379.4631381878364,-0.03634902020595787,1391.8707982692974,0.004267053707008639,1417.0096283056348,1385.3635692200055,0.03148622667019263,0.03148622667019263,0.921761859503678,0.4071439698267313
2021-06-21,2581.708954314742,8353,127921.69426549276,1407.4572733381635,14108,194928.8260221957,98.157082009833,48.2462712406153,-0.01391278677820329,1427.315205456974,-0.0009123111823818864,1428.6185501356208,0.013400311355769023,1409.7277592350013,0.001210313136747354,1411.363016937324,-0.02287489590591918,1370.7544381205744,-0.00631310821302733,1379.2787350261983,-0.00904686215039252,1416.2284795858027,1386.772496135604,0.03159249731532859,0.03159249731532859,1.0005490714281489,0.23894455000585113
2021-06-22,2548.776011228824,13146,130299.77634587332,1419.748743047256,15860,194333.0645297903,98.14288168839224,48.03799211194088,0.008733103264968012,1407.4572733381635,-0.01391278677820329,1427.315205456974,-0.0009123111823818864,1428.6185501356208,0.013400311355769023,1408.0236097632544,-0.0023660866368144795,1438.9009966859348,0.049714636458733974,1390.8192901486018,0.008367094213327597,1418.5735062426031,1388.2189687805364,0.03159679882633173,0.03159679882633173,1.0638856534542636,0.2555669878873401
2021-06-23,2465.8739789241336,15612,136086.56362844037,1425.0773610663384,8271,194967.7445773004,98.2044073650891,47.75518813758148,0.0037532119997834013,1419.748743047256,0.008733103264968012,1407.4572733381635,-0.01391278677820329,1427.315205456974,-0.0009123111823818864,1409.7277592350013,0.001210313136747354,1460.7027141323786,0.015151645246377132,1304.9107627027793,-0.061768288701721685,1421.6434266088704,1394.2272986987143,0.027867907623739693,0.027867907623739693,1.150488979477888,-0.19549239303256116
2021-06-24,2312.714433664158,6262,150823.45042769666,1428.0051098418216,11119,195718.58300808663,98.03134020453838,48.03615894433851,0.0020544490113101332,1425.0773610663384,0.0037532119997834013,1419.748743047256,0.008733103264968012,1407.4572733381635,-0.01391278677820329,1428.6185501356208,0.013400311355769023,1436.3223741038375,-0.016690829552557074,1238.41947405378,-0.05095466337581589,1421.5207385501108,1403.7065804881165,0.024619555056239018,0.024619555056239018,1.1835852732802967,-0.34040155182077003
2021-06-25,2382.184273956075,19764,146583.42919432346,1423.5127724251947,12522,200723.09660810832,98.0477792748361,47.92684575647054,-0.0031458832924796676,1428.0051098418216,0.0020544490113101332,1425.0773610663384,0.0037532119997834013,1419.748743047256,0.008733103264968012,1427.315205456974,-0.0009123111823818864,1444.4035989084907,0.0056263307947808094,1281.8283877286844,0.0350518661764998,1420.7602519437546,1410.790799722942,0.023833099663708366,0.023833099663708366,1.221937247411285,-0.8906017152305026
2021-06-28,2488.251145882276,17845,136138.4613322528,1408.7133279586517,13420,203581.9908006711,98.00873287988982,47.965054499167486,-0.01039642548575781,1423.5127724251947,-0.0031458832924796676,1428.0051098418216,0.0020544490113101332,1425.0773610663384,0.0037532119997834013,1407.4572733381635,-0.01391278677820329,1411.363016937324,-0.02287489590591918,1349.7973456922225,0.0530250060103401,1421.0114628678525,1413.7365988362635,0.02126019733873765,0.02126019733873765,1.242111441083602,-0.9642385825500591
2021-06-29,2500.793845706324,14764,137193.21680424668,1406.9697957554845,9627,202724.7412052436,98.19351538118543,47.94600189683601,-0.0012376770834515716,1408.7133279586517,-0.01039642548575781,1423.5127724251947,-0.0031458832924796676,1428.0051098418216,0.0020544490113101332,1419.748743047256,0.008733103264968012,1408.0236097632544,-0.0023660866368144795,1359.657995058256,0.007305281342790293,1418.455673409498,1416.102188871125,0.021241206796536214,0.021241206796536214,1.266467577474953,-0.6316017028479111
2021-06-30,2550.5554831965774,6659,136100.3194799822,1403.7034826437773,12891,203821.09765214872,98.17609810780492,48.165449619218286,-0.0023215232633713168,1406.9697957554845,-0.0012376770834515716,1408.7133279586517,-0.01039642548575781,1423.5127724251947,-0.0031458832924796676,1425.0773610663384,0.0037532119997834013,1409.7277592350013,0.001210313136747354,1355.4673538997408,-0.003082128868984846,1414.1808977249862,1418.5139953083267,0.02123245365383356,0.02123245365383356,1.2800666545788077,-0.9828322113052897
2021-07-01,2525.080105823665,19707,138205.74019447624,1408.8967831348184,13044,203338.83947210797,98.34288686891688,47.91142639135308,0.0036997133335168186,1403.7034826437773,-0.0023215232633713168,1406.9697957554845,-0.0012376770834515716,1408.7133279586517,-0.01039642548575781,1428.0051098418216,0.0020544490113101332,1428.6185501356208,0.013400311355769023,1431.4966384226211,0.05609082675738408,1410.3592323835853,1417.3840025439365,0.01701584130431397,0.01701584130431397,1.296722594435922,-0.8045667904017582
2021-07-02,2431.586477083481,9777,144002.66573925497,1409.007449384222,12810,204374.203116636,98.23251279913868,47.58875470551017,7.85481596154991e-05,1408.8967831348184,0.0036997133335168186,1403.7034826437773,-0.0023215232633713168,1406.9697957554845,-0.0012376770834515716,1423.5127724251947,-0.0031458832924796676,1427.315205456974,-0.0009123111823818864,1379.4631381878364,-0.03634902020595787,1407.4581677753908,1418.8612181037558,0.014799795094766774,0.014799795094766774,1.3008318429486283,-1.1435747881549703
2021-07-05,2483.9538911636228,17508,140591.80379737323,1425.4014910131366,8308,196920.11180563463,98.29123871581896,47.65604389766465,0.011635170300965614,1409.007449384222,7.85481596154991e-05,1408.8967831348184,0.0036997133335168186,1403.7034826437773,-0.0023215232633713168,1408.7133279586517,-0.01039642548575781,1407.4572733381635,-0.01391278677820329,1370.7544381205744,-0.00631310821302733,1410.7958003862877,1421.593570748384,0.014866650265528978,0.014866650265528978,1.3042609858690124,0.6347607452637267
2021-07-06,2591.2261881944432,12426,131856.11702891957,1421.8147191875073,16006,198843.1643953084,98.32317874219808,47.83633168307462,-0.00251632389066736,1425.4014910131366,0.011635170300965614,1409.007449384222,7.85481596154991e-05,1408.8967831348184,0.0036997133335168186,1406.9697957554845,-0.0012376770834515716,1419.748743047256,0.008733103264968012,1438.9009966859348,0.049714636458733974,1413.7647850726921,1420.7392568734626,0.009768095394351108,0.009768095394351108,1.3136537505369874,-0.5462924936137765
2021-07-07,2667.492584754512,16523,126793.67726137256,1417.6651867969338,10539,203171.96756005829,98.23627401741162,47.93609137700392,-0.002918476180176821,1421.8147191875073,-0.00251632389066736,1425.4014910131366,0.011635170300965614,1409.007449384222,7.85481596154991e-05,1403.7034826437773,-0.0023215232633713168,1425.0773610663384,0.0037532119997834013,1460.7027141323786,0.015151645246377132,1416.5571259033236,1418.5873805066904,0.009048355154184874,0.009048355154184874,1.3175694426745175,-1.2715053792871125
2021-07-08,2742.068807344526,5074,119281.20569242982,1410.6195132187652,16749,205609.7338087044,98.2540136288753,47.69325525827472,-0.004969913660705427,1417.6651867969338,-0.002918476180176821,1421.8147191875073,-0.00251632389066736,1425.4014910131366,0.011635170300965614,1408.8967831348184,0.0036997133335168186,1428.0051098418216,0.0020544490113101332,1436.3223741038375,-0.016690829552557074,1416.901671920113,1417.3022374624368,0.008363263764542899,0.008363263764542899,1.32034226764061,-1.2453415461818906
2021-07-09,2703.221955324073,12187,126589.16237219652,1396.4676531160655,15516,206066.775248876,98.37526551255849,47.89650071090213,-0.010032372280465496,1410.6195132187652,-0.004969913660705427,1417.6651867969338,-0.002918476180176821,1421.8147191875073,-0.00251632389066736,1409.007449384222,7.85481596154991e-05,1423.5127724251947,-0.0031458832924796676,1444.4035989084907,0.0056263307947808094,1414.3937126664816,1414.9054401728158,0.008455630175218923,0.008455630175218923,1.3206416324531252,-0.9709170772312874
2021-07-12,2739.8880758512423,9950,123691.01446960532,1394.5281586919164,11799,210363.1861154833,98.3428863421298,47.673342432773445,-0.0013888573930240788,1396.4676531160655,-0.010032372280465496,1410.6195132187652,-0.004969913660705427,1417.6651867969338,-0.002918476180176821,1425.4014910131366,0.011635170300965614,1408.7133279586517,-0.01039642548575781,1411.363016937324,-0.02287489590591918,1408.2190462022377,1414.0636972605453,0.006824996938538179,0.006824996938538179,1.3202371806101834,-1.6322451423819593
2021-07-13,2698.23427558436,13611,128032.13980681756,1396.8678814315551,12466,211279.12129617183,98.17369007721284,47.51688083933753,0.001677788092736332,1394.5281586919164,-0.0013888573930240788,1396.4676531160655,-0.010032372280465496,1410.6195132187652,-0.004969913660705427,1421.8147191875073,-0.00251632389066736,1406.9697957554845,-0.0012376770834515716,1408.0236097632544,-0.0023660866368144795,1403.2296786510474,1413.5059108439602,0.006829125937997179,0.006829125937997179,1.3169588929857845,-1.1878014704953426
2021-07-14,2860.5801764656344,9732,115006.5168461813,1399.649944815937,16609,214730.22982604612,98.17193379456508,47.23369478192093,0.001991643892284678,1396.8678814315551,0.001677788092736332,1394.5281586919164,-0.0013888573930240788,1396.4676531160655,-0.010032372280465496,1417.6651867969338,-0.002918476180176821,1403.7034826437773,-0.0023215232633713168,1409.7277592350013,0.001210313136747354,1399.626630254848,1413.002020123007,0.00684089982898343,0.00684089982898343,1.314441564155747,-1.5018820669750639
2021-07-15,2849.7781120290647,8707,116405.39340470546,1402.870147423199,10971,215982.21112556977,98.08169148508584,47.62404228651654,0.0023007199901581288,1399.649944815937,0.001991643892284678,1396.8678814315551,0.001677788092736332,1394.5281586919164,-0.0013888573930240788,1410.6195132187652,-0.004969913660705427,1408.8967831348184,0.0036997133335168186,1428.6185501356208,0.013400311355769023,1398.0767570957346,1411.714599987386,0.006075215990124356,0.006075215990124356,1.3058999216478397,-1.2085694440083061
2021-07-16,2908.7486686807883,15199,108000.34016777023,1405.8881403038504,11621,214700.92160256376,98.04745739121944,47.814068748824745,0.002151298811365443,1402.870147423199,0.0023007199901581288,1399.649944815937,0.001991643892284678,1396.8678814315551,0.001677788092736332,1396.4676531160655,-0.010032372280465496,1409.007449384222,7.85481596154991e-05,1427.315205456974,-0.0009123111823818864,1399.9608545332917,1410.6432467297298,0.006113165657210224,0.006113165657210224,1.2952867351059554,-0.7138606952329326
2021-07-19,2811.519970801189,18118,112489.20434884986,1396.538127529111,16702,212545.8684893644,98.03929861425092,47.99556676152841,-0.006650609324237222,1405.8881403038504,0.002151298811365443,1402.870147423199,0.0023007199901581288,1399.649944815937,0.001991643892284678,1394.5281586919164,-0.0013888573930240788,1425.4014910131366,0.011635170300965614,1407.4572733381635,-0.01391278677820329,1400.3628483007305,1410.0972894392771,0.005471434956199591,0.005471434956199591,1.2796334238288805,-0.39606670077435213
2021-07-20,2894.624677487424,10604,101996.84667456785,1396.0243545329483,10835,212664.2502189701,97.86873339264936,48.36973018787114,-0.00036789041848195314,1396.538127529111,-0.006650609324237222,1405.8881403038504,0.002151298811365443,1402.870147423199,0.0023007199901581288,1396.8678814315551,0.001677788092736332,1421.8147191875073,-0.00251632389066736,1419.748743047256,0.008733103264968012,1400.1941429210092,1408.9110700135618,0.0050351099522319125,0.0050351099522319125,1.2549561619350538,-0.6047387518882673
2021-07-21,2871.6327163100527,5201,106035.84760280496,1393.4364846529008,11744,213956.83697412824,97.70716755871732,49.21352496234276,-0.001853742645423484,1396.0243545329483,-0.00036789041848195314,1396.538127529111,-0.006650609324237222,1405.8881403038504,0.002151298811365443,1399.649944815937,0.001991643892284678,1417.6651867969338,-0.002918476180176821,1425.0773610663384,0.0037532119997834013,1398.951450888402,1407.32902619289,0.004921289523497501,0.004921289523497501,1.2272537634611407,-0.7692311212832099
2021-07-22,2897.8086951949604,19585,101870.58268394203,1380.3197834188693,6427,214905.15196938373,97.75537424226988,48.70075713116972,-0.009413203528468639,1393.4364846529008,-0.001853742645423484,1396.0243545329483,-0.00036789041848195314,1396.538127529111,-0.006650609324237222,1402.870147423199,0.0023007199901581288,1410.6195132187652,-0.004969913660705427,1428.0051098418216,0.0020544490113101332,1394.441378087536,1404.9447598717422,0.005193644573476684,0.005193644573476684,1.182673121271281,-0.7441716030894491
2021-07-23,2788.720754149456,16961,106761.97707890144,1377.6259725162813,7177,212509.8326040317,97.70310237265288,48.47924415690659,-0.0019515846508522117,1380.3197834188693,-0.009413203528468639,1393.4364846529008,-0.001853742645423484,1396.0243545329483,-0.00036789041848195314,1405.8881403038504,0.002151298811365443,1396.4676531160655,-0.010032372280465496,1423.5127724251947,-0.0031458832924796676,1388.788944530022,1402.6504198762966,0.005182804968628156,0.005182804968628156,1.1296949046323252,-0.19673726561980004
2021-07-26,2732.650951160055,11224,113473.7539364384,1382.069449258723,7452,213418.34448385471,97.44662793847084,48.29439163165423,0.0032254594723744034,1377.6259725162813,-0.0019515846508522117,1380.3197834188693,-0.009413203528468639,1393.4364846529008,-0.001853742645423484,1396.538127529111,-0.006650609324237222,1394.5281586919164,-0.0013888573930240788,1408.7133279586517,-0.01039642548575781,1385.8952088759445,1401.3182259413002,0.004853956410440467,0.004853956410440467,1.0508573813061366,-0.6359527388899912
2021-07-27,2663.889657573809,19100,117894.2999457746,1385.3574789809277,12397,211326.10709617412,97.52511234213164,48.03914574493942,0.0023790625890531825,1382.069449258723,0.0032254594723744034,1377.6259725162813,-0.0019515846508522117,1380.3197834188693,-0.009413203528468639,1396.0243545329483,-0.00036789041848195314,1396.8678814315551,0.001677788092736332,1406.9697957554845,-0.0012376770834515716,1383.7618337655404,1400.2376101025723,0.004909458387465398,0.004909458387465398,0.9697625378275114,-0.05944350943055779
2021-07-28,2592.499048182288,13780,123249.99120126326,1385.548199667154,14132,214010.52118917296,97.55234931765908,47.71587077065831,0.00013766893319600015,1385.3574789809277,0.0023790625890531825,1382.069449258723,0.0032254594723744034,1377.6259725162813,-0.0019515846508522117,1393.4364846529008,-0.001853742645423484,1399.649944815937,0.001991643892284678,1403.7034826437773,-0.0023215232633713168,1382.184176768391,1399.3298459537411,0.0048991353369264405,0.0048991353369264405,0.8695421669958655,-0.750393827051456
2021-07-29,2714.599527646268,9977,116258.08971503054,1399.6995491371192,16034,210743.5101879213,97.48096183525544,47.6259748514417,0.0102135382034092,1385.548199667154,0.00013766893319600015,1385.3574789809277,0.0023790625890531825,1382.069449258723,0.0032254594723744034,1380.3197834188693,-0.009413203528468639,1402.870147423199,0.0023007199901581288,1408.8967831348184,0.0036997133335168186,1386.0601299120412,1398.8699842538563,0.005394268467552388,0.005394268467552388,0.7458323695208712,0.3806661808130736
2021-07-30,2750.177986281438,14369,114970.47903997806,1438.6556665576147,5933,205845.08812036223,97.3492788141496,47.26099373685488,0.027831771071521016,1399.6995491371192,0.0102135382034092,1385.548199667154,0.00013766893319600015,1385.3574789809277,0.0023790625890531825,1377.6259725162813,-0.0019515846508522117,1405.8881403038504,0.002151298811365443,1409.007449384222,7.85481596154991e-05,1398.2660687203077,1400.3523951125258,0.008291913583942767,0.008291913583942767,0.6067232405319951,1.2235094182026982
2021-08-02,2616.914113220791,16999,125655.25617772355,1404.700256040727,10559,209886.2313744432,97.43285960378104,47.3615064471161,-0.023602180359206804,1438.6556665576147,0.027831771071521016,1399.6995491371192,0.0102135382034092,1385.548199667154,0.00013766893319600015,1382.069449258723,0.0032254594723744034,1396.538127529111,-0.006650609324237222,1425.4014910131366,0.011635170300965614,1402.7922300767086,1399.3173333639054,0.009574244081151536,0.009574244081151536,0.47149274388098317,-0.5636043104576578
2021-08-03,2530.465337108103,5246,133835.6334031397,1428.9723595054456,12917,207159.91476360764,97.46779466603708,47.37701594354469,0.017279204841274654,1404.700256040727,-0.023602180359206804,1438.6556665576147,0.027831771071521016,1399.6995491371192,0.0102135382034092,1385.3574789809277,0.0023790625890531825,1396.0243545329483,-0.00036789041848195314,1421.8147191875073,-0.00251632389066736,1411.515206181612,1399.6752153798022,0.010365768213939995,0.010365768213939995,0.33828681524461773,0.7644201741814346
2021-08-04,2729.491889138204,11439,114390.74418952352,1453.7905904731017,12238,204722.3044453356,97.7060548943055,47.52132454297379,0.017367887351050992,1428.9723595054456,0.017279204841274654,1404.700256040727,-0.023602180359206804,1438.6556665576147,0.027831771071521016,1385.548199667154,0.00013766893319600015,1393.4364846529008,-0.001853742645423484,1417.6651867969338,-0.002918476180176821,1425.1636843428016,1401.4814855636107,0.011006771714738241,0.011006771714738241,0.21799503802472625,0.9561446607582373
2021-08-05,2604.6937803060773,16336,126502.5181547775,1474.7599612796205,13292,197580.3342070452,97.74807375417798,47.67364307846526,0.014423928001690234,1453.7905904731017,0.017367887351050992,1428.9723595054456,0.017279204841274654,1404.700256040727,-0.023602180359206804,1399.6995491371192,0.0102135382034092,1380.3197834188693,-0.009413203528468639,1410.6195132187652,-0.004969913660705427,1440.1757667713018,1404.6885079666533,0.011274842573579065,0.011274842573579065,0.12330694973255571,2.499369064826288
2021-08-06,2586.2688046462386,17854,130836.9087615352,1517.3175590192811,16579,190474.8333017389,97.7868440683042,47.854545134493264,0.028857304820463225,1474.7599612796205,0.014423928001690234,1453.7905904731017,0.017367887351050992,1428.9723595054456,0.017279204841274654,1438.6556665576147,0.027831771071521016,1377.6259725162813,-0.0019515846508522117,1396.4676531160655,-0.010032372280465496,1455.908145263635,1410.7310032618143,0.012341613061805225,0.012341613061805225,0.10746080730828668,2.7134148013289536
2021-08-09,2589.953512605302,17637,134470.16181049962,1568.4719836427869,9229,182695.00108706372,97.77015127529332,47.7425224534461,0.033713723484864566,1517.3175590192811,0.028857304820463225,1474.7599612796205,0.014423928001690234,1453.7905904731017,0.017367887351050992,1404.700256040727,-0.023602180359206804,1382.069449258723,0.0032254594723744034,1394.5281586919164,-0.0013888573930240788,1488.6624907840471,1419.4281945093576,0.013898256910228318,0.013898256910228318,0.16411447734819679,2.5765751611189467
2021-08-10,2618.9195269355064,14435,128224.5697470744,1659.168151190362,8851,170109.3947623652,97.8518288620134,48.37886547423619,0.05782453782625607,1568.4719836427869,0.033713723484864566,1517.3175590192811,0.028857304820463225,1474.7599612796205,0.014423928001690234,1428.9723595054456,0.017279204841274654,1385.3574789809277,0.0023790625890531825,1396.8678814315551,0.001677788092736332,1534.7016491210304,1432.5432079972982,0.018036754727261444,0.018036754727261444,0.30218569335785894,2.9110542896970855
2021-08-11,2594.875676171872,17637,128608.29509724812,1653.4429107475655,14832,170932.91727250713,97.91433738213824,48.44919480918082,-0.0034506692035337627,1659.168151190362,0.05782453782625607,1568.4719836427869,0.033713723484864566,1517.3175590192811,0.028857304820463225,1453.7905904731017,0.017367887351050992,1385.548199667154,0.00013766893319600015,1399.649944815937,0.001991643892284678,1574.6321131759232,1445.2328562938794,0.018185206766023233,0.018185206766023233,0.4073591377143663,1.4138295257846576
2021-08-12,2630.730948198191,5836,124965.87688130152,1695.2779183400494,17824,168413.8929753012,98.03950988299474,47.89044938339339,0.025301755095716638,1653.4429107475655,-0.0034506692035337627,1659.168151190362,0.05782453782625607,1568.4719836427869,0.033713723484864566,1474.7599612796205,0.014423928001690234,1399.6995491371192,0.0102135382034092,1402.870147423199,0.0023007199901581288,1618.735704588009,1459.853244839722,0.018495790868252315,0.018495790868252315,0.5310658971322477,1.4210452662112107
2021-08-13,2671.060354288986,16540,125599.10738197278,1693.3382681314197,17821,166899.83328701498,97.987377591131,47.58973665966352,-0.0011441488074881434,1695.2779183400494,0.025301755095716638,1653.4429107475655,-0.0034506692035337627,1659.168151190362,0.05782453782625607,1517.3175590192811,0.028857304820463225,1438.6556665576147,0.027831771071521016,1405.8881403038504,0.002151298811365443,1653.9398464104368,1474.2257512311003,0.018580789390604015,0.018580789390604015,0.6616097457516587,1.1844228423241798
2021-08-16,2682.2457597867487,10634,126175.38852820425,1687.3498142729416,8990,168993.19864218918,97.94383684383662,47.067585762955176,-0.003536478192916692,1693.3382681314197,-0.0011441488074881434,1695.2779183400494,0.025301755095716638,1653.4429107475655,-0.0034506692035337627,1568.4719836427869,0.033713723484864566,1404.700256040727,-0.023602180359206804,1396.538127529111,-0.006650609324237222,1677.7154125364675,1488.7663355682919,0.018450864636120053,0.018450864636120053,0.7959967001572209,0.7739428385122156
2021-08-17,2598.922477468413,15311,136216.4720383222,1674.4126040864012,13902,170002.28322788893,97.8959265267454,47.07278615170057,-0.00766717729608124,1687.3498142729416,-0.003536478192916692,1693.3382681314197,-0.0011441488074881434,1695.2779183400494,0.025301755095716638,1659.168151190362,0.05782453782625607,1428.9723595054456,0.017279204841274654,1396.0243545329483,-0.00036789041848195314,1680.7643031156754,1502.6857480459646,0.018729779910499424,0.018729779910499424,0.9421357003135611,0.7238946761796292
2021-08-18,2523.766988274433,5288,143083.98004527655,1679.8570364551374,11700,168206.06087906714,97.97500669886333,47.03624458448457,0.003251547650471087,1674.4126040864012,-0.00766717729608124,1687.3498142729416,-0.003536478192916692,1693.3382681314197,-0.0011441488074881434,1653.4429107475655,-0.0034506692035337627,1453.7905904731017,0.017367887351050992,1393.4364846529008,-0.001853742645423484,1686.04712825719,1517.0067756360763,0.018604180902816785,0.018604180902816785,1.0038823258458676,0.8373888872656096
2021-08-19,2437.135355769311,5730,148780.3235179255,1695.3597318339755,7064,163640.04616741717,98.124844142893,46.89571687511473,0.009228580196057656,1679.8570364551374,0.003251547650471087,1674.4126040864012,-0.00766717729608124,1687.3498142729416,-0.003536478192916692,1695.2779183400494,0.025301755095716638,1474.7599612796205,0.014423928001690234,1380.3197834188693,-0.009413203528468639,1686.063490955975,1532.7587730568316,0.018063108106072985,0.018063108106072985,1.1030482570884188,1.0264651429204021
2021-08-20,2373.47861569676,16239,151462.99730877843,1667.911559299511,11299,165627.9331430182,98.07896009357806,47.498994708834886,-0.016190176054713845,1695.3597318339755,0.009228580196057656,1679.8570364551374,0.003251547650471087,1674.4126040864012,-0.00766717729608124,1693.3382681314197,-0.0011441488074881434,1517.3175590192811,0.028857304820463225,1377.6259725162813,-0.0019515846508522117,1680.9781491895933,1547.273052395993,0.01884280953932507,0.01884280953932507,1.162757223547419,0.4714854439984749
2021-08-23,2361.6682046855203,11627,151348.91495482606,1667.6522344648529,6018,163735.1886546995,98.03648272079874,47.66368957105796,-0.00015547876817101347,1667.911559299511,-0.016190176054713845,1695.3597318339755,0.009228580196057656,1679.8570364551374,0.003251547650471087,1687.3498142729416,-0.003536478192916692,1568.4719836427869,0.033713723484864566,1382.069449258723,0.0032254594723744034,1677.0386332279754,1561.5521916562998,0.018919644201740474,0.018919644201740474,1.195224214733204,0.6923009319819478
2021-08-24,2416.8641709928397,18062,149508.88206244004,1672.2498733120797,9354,164363.25038536315,98.06789044318572,47.88151907949186,0.0027569530098714434,1667.6522344648529,-0.00015547876817101347,1667.911559299511,-0.016190176054713845,1695.3597318339755,0.009228580196057656,1674.4126040864012,-0.00766717729608124,1659.168151190362,0.05782453782625607,1385.3574789809277,0.0023790625890531825,1676.6060870731112,1575.8968113728574,0.0189122371781058,0.0189122371781058,1.2317907225285272,0.4557370919700447
2021-08-25,2374.65466152028,5491,151351.21306497892,1677.8962728790386,10806,166997.37715169933,98.04331429318444,47.60219703310923,0.003376528625937736,1672.2498733120797,0.0027569530098714434,1667.6522344648529,-0.00015547876817101347,1667.911559299511,-0.016190176054713845,1679.8570364551374,0.003251547650471087,1653.4429107475655,-0.0034506692035337627,1385.548199667154,0.00013766893319600015,1676.2139343578915,1590.5142150334516,0.018840479621962027,0.018840479621962027,1.2580314535412218,0.18543454365007028
2021-08-26,2415.60486844193,19941,144376.60902231696,1664.2575540189112,16882,169938.6614951257,98.13851965849842,47.302453565709925,-0.008128463648545692,1677.8962728790386,0.003376528625937736,1672.2498733120797,0.0027569530098714434,1667.6522344648529,-0.00015547876817101347,1695.3597318339755,0.009228580196057656,1695.2779183400494,0.025301755095716638,1399.6995491371192,0.0102135382034092,1669.9934987948786,1603.742115277541,0.01926021522514084,0.01926021522514084,1.2760219359706833,0.1120766049884544
2021-08-27,2387.4657605645243,8024,147376.65766951928,1690.7514368903412,17707,168427.05752359008,97.91334192943653,47.31349521543901,0.01591934061374789,1664.2575540189112,-0.008128463648545692,1677.8962728790386,0.003376528625937736,1672.2498733120797,0.0027569530098714434,1667.911559299511,-0.016190176054713845,1693.3382681314197,-0.0011441488074881434,1438.6556665576147,0.027831771071521016,1674.561474313045,1616.3469037941775,0.018822073177094473,0.018822073177094473,1.3039138892171935,0.4059935775468883
2021-08-30,2427.32267646468,12895,146860.430734616,1675.8730853964405,14681,168771.5560948292,97.83067142474484,47.36539735733468,-0.00879984554161628,1690.7514368903412,0.01591934061374789,1664.2575540189112,-0.008128463648545692,1677.8962728790386,0.003376528625937736,1667.6522344648529,-0.00015547876817101347,1687.3498142729416,-0.003536478192916692,1404.700256040727,-0.023602180359206804,1676.205644499362,1629.9055452619632,0.01776407873174962,0.01776407873174962,1.3385697211413359,0.12391775776618096
2021-08-31,2439.359529290003,15965,150826.8543954934,1692.3466908316886,6621,168401.84442791855,97.75242979134867,46.808503887200345,0.009829864551677003,1675.8730853964405,-0.00879984554161628,1690.7514368903412,0.01591934061374789,1664.2575540189112,-0.008128463648545692,1672.2498733120797,0.0027569530098714434,1674.4126040864012,-0.00766717729608124,1428.9723595054456,0.017279204841274654,1680.225008003284,1643.0742618282754,0.01765938942220482,0.01765938942220482,1.3366444281185947,0.14931199162633385
2021-09-01,2476.5877416217318,10869,150322.67357468663,1701.8810252493165,13014,165802.39553297646,97.52039419011008,46.75441178034548,0.005633795054689639,1692.3466908316886,0.009829864551677003,1675.8730853964405,-0.00879984554161628,1690.7514368903412,0.01591934061374789,1677.8962728790386,0.003376528625937736,1679.8570364551374,0.003251547650471087,1453.7905904731017,0.017367887351050992,1685.0219584773397,1655.478783567086,0.017548698296604732,0.017548698296604732,1.337681986150593,0.3896730579679866
2021-09-02,2546.049763325687,18005,146704.83509216344,1686.9659697107084,10131,165943.8346695432,97.4240303456732,46.75863340520753,-0.008763864992515025,1701.8810252493165,0.005633795054689639,1692.3466908316886,0.009829864551677003,1675.8730853964405,-0.00879984554161628,1664.2575540189112,-0.008128463648545692,1695.3597318339755,0.009228580196057656,1474.7599612796205,0.014423928001690234,1689.563641615699,1666.0890839886404,0.017868643748879837,0.017868643748879837,1.3381619671465528,0.029450355556498803
2021-09-03,2575.811131531894,12868,140878.23894715405,1703.7265134248244,8614,164698.11470062967,97.3325147340886,46.69408865547619,0.00993531820739113,1686.9659697107084,-0.008763864992515025,1701.8810252493165,0.005633795054689639,1692.3466908316886,0.009829864551677003,1690.7514368903412,0.01591934061374789,1667.911559299511,-0.016190176054713845,1517.3175590192811,0.028857304820463225,1692.1586569225958,1675.4095317089177,0.01713014979276719,0.01713014979276719,1.3414921429682523,0.02805277924528915
2021-09-06,2596.33406257278,10301,138673.80822761374,1703.2665800196423,18736,163701.51856889663,97.31240426863673,46.4500715317722,-0.00026995729746404074,1703.7265134248244,0.00993531820739113,1686.9659697107084,-0.008763864992515025,1701.8810252493165,0.005633795054689639,1675.8730853964405,-0.00879984554161628,1667.6522344648529,-0.00015547876817101347,1568.4719836427869,0.033713723484864566,1697.6373558472362,1682.1492615277602,0.015870029504131293,0.015870029504131293,1.3378560014433583,0.07674527029070444
2021-09-07,2648.7132466982016,11652,134048.62357353003,1724.1010044985724,11292,162741.0906619653,97.42370085780274,46.288210977195845,0.012232039730791788,1703.2665800196423,-0.00026995729746404074,1703.7265134248244,0.00993531820739113,1686.9659697107084,-0.008763864992515025,1692.3466908316886,0.009829864551677003,1672.2498733120797,0.0027569530098714434,1659.168151190362,0.05782453782625607,1703.9882185806127,1685.395904193171,0.009933006996731652,0.009933006996731652,1.331464539573668,0.14149874505041427
2021-09-08,2663.5740471252498,5416,133410.76998566315,1732.3944821442622,7172,162316.70566302215,97.39919479268367,46.235153219124015,0.004810320059004836,1724.1010044985724,0.012232039730791788,1703.2665800196423,-0.00026995729746404074,1703.7265134248244,0.00993531820739113,1701.8810252493165,0.005633795054689639,1677.8962728790386,0.003376528625937736,1653.4429107475655,-0.0034506692035337627,1710.0909099596017,1689.3434827630056,0.009867365098663705,0.009867365098663705,1.3231230251591068,0.2676649938894202
2021-09-09,2606.762898929913,9397,136030.60500136108,1714.2922131962027,17211,164119.08636403727,97.29611342065655,46.262393226207024,-0.01044927649830274,1732.3944821442622,0.004810320059004836,1724.1010044985724,0.012232039730791788,1703.2665800196423,-0.00026995729746404074,1686.9659697107084,-0.008763864992515025,1664.2575540189112,-0.008128463648545692,1695.2779183400494,0.025301755095716638,1715.5561586567007,1690.2941975058134,0.00866111324534843,0.00866111324534843,1.3175734146198703,-0.3473656457480322
2021-09-10,2582.99377196618,9514,139631.49073066577,1709.8765123046828,15125,163708.3093197574,97.29041796653522,46.4438307009722,-0.0025758157550556104,1714.2922131962027,-0.01044927649830274,1732.3944821442622,0.004810320059004836,1724.1010044985724,0.012232039730791788,1703.7265134248244,0.00993531820739113,1690.7514368903412,0.01591934061374789,1693.3382681314197,-0.0011441488074881434,1716.7861584326724,1691.1211097144765,0.00868212120224924,0.00868212120224924,1.3048252062552397,0.1133724368779716
2021-09-13,2544.847034697009,18653,145247.24977480568,1717.3203600439404,8885,163455.55122739254,97.39533532867934,46.76808756245746,0.004353441716808071,1709.8765123046828,-0.0025758157550556104,1714.2922131962027,-0.01044927649830274,1732.3944821442622,0.004810320059004836,1703.2665800196423,-0.00026995729746404074,1675.8730853964405,-0.00879984554161628,1687.3498142729416,-0.003536478192916692,1719.5969144375322,1692.6196370030266,0.008667250136871835,0.008667250136871835,1.2962726283385102,0.11121257928604877
2021-09-14,2443.678057283372,5012,153513.06508861622,1690.3198927568642,7059,167358.1228256198,97.29773944706784,46.679783245399285,-0.015722440562217166,1717.3203600439404,0.004353441716808071,1709.8765123046828,-0.0025758157550556104,1714.2922131962027,-0.01044927649830274,1724.1010044985724,0.012232039730791788,1692.3466908316886,0.009829864551677003,1674.4126040864012,-0.00766717729608124,1712.8406920891907,1693.4150014365496,0.009254392594463996,0.009254392594463996,1.2816737657451427,-1.2491379687938526
2021-09-15,2427.345867903165,10912,154278.7530184354,1691.3538303626233,12846,167596.4124862114,97.2066819586757,46.54293638656468,0.0006116816173018513,1690.3198927568642,-0.015722440562217166,1717.3203600439404,0.004353441716808071,1709.8765123046828,-0.0025758157550556104,1732.3944821442622,0.004810320059004836,1701.8810252493165,0.005633795054689639,1679.8570364551374,0.003251547650471087,1704.6325617328628,1693.9898411319239,0.0092320858962053,0.0092320858962053,1.2673372508789593,-0.73935110385267
2021-09-16,2419.920488496111,18039,155272.715710885,1696.5158730578512,19679,169424.3461897148,97.26253685460313,46.67423308862497,0.0030520182131974494,1691.3538303626233,0.0006116816173018513,1690.3198927568642,-0.015722440562217166,1717.3203600439404,0.004353441716808071,1714.2922131962027,-0.01044927649830274,1686.9659697107084,-0.008763864992515025,1695.3597318339755,0.009228580196057656,1701.0772937051922,1694.0476481931178,0.009021470603129108,0.009021470603129108,1.259090059593279,-1.2901469977563824
2021-09-17,2381.8244215669497,18434,159172.99794789375,1692.9964503489057,8181,168877.37235776705,97.24038324303004,46.85748656354822,-0.002074500312574168,1696.5158730578512,0.0030520182131974494,1691.3538303626233,0.0006116816173018513,1690.3198927568642,-0.015722440562217166,1709.8765123046828,-0.0025758157550556104,1703.7265134248244,0.00993531820739113,1667.911559299511,-0.016190176054713845,1697.7012813140368,1695.3018927455876,0.008196647656922938,0.008196647656922938,1.2512125813652961,-0.7035451642012805
2021-09-20,2320.6877053588173,6128,165845.8684896941,1683.8662901870332,19351,167399.29727744896,97.305131712101,46.72722643357056,-0.005392899766559434,1692.9964503489057,-0.002074500312574168,1696.5158730578512,0.0030520182131974494,1691.3538303626233,0.0006116816173018513,1717.3203600439404,0.004353441716808071,1703.2665800196423,-0.00026995729746404074,1667.6522344648529,-0.00015547876817101347,1691.0104673426554,1696.1125955316966,0.008310927561139301,0.008310927561139301,1.2420551439071794,-0.17624416696557552
2021-09-21,2270.9937035827384,13497,168285.6824556978,1676.7016553995716,11897,165829.33230676793,97.30376703292148,46.964344476660415,-0.004254871559110418,1683.8662901870332,-0.005392899766559434,1692.9964503489057,-0.002074500312574168,1696.5158730578512,0.0030520182131974494,1690.3198927568642,-0.015722440562217166,1724.1010044985724,0.012232039730791788,1672.2498733120797,0.0027569530098714434,1688.2868198711972,1696.335184636071,0.008359205027701742,0.008359205027701742,1.2328145361265546,0.1835358659934253
2021-09-22,2226.5114965894045,5520,174955.73620963158,1674.9836769025176,18289,164311.7068300417,97.37393339773044,47.2582200790072,-0.0010246178808981377,1676.7016553995716,-0.004254871559110418,1683.8662901870332,-0.005392899766559434,1692.9964503489057,-0.002074500312574168,1691.3538303626233,0.0006116816173018513,1732.3944821442622,0.004810320059004836,1677.8962728790386,0.003376528625937736,1685.0127891791758,1696.189554837245,0.008328115030668966,0.008328115030668966,1.2268609778305712,0.4412188046334502
2021-09-23,2174.9687247670863,17703,179443.18501247172,1671.880562703725,11314,163092.09884292335,97.27042558632635,47.645726018704806,-0.0018526235458790064,1674.9836769025176,-0.0010246178808981377,1676.7016553995716,-0.004254871559110418,1683.8662901870332,-0.005392899766559434,1696.5158730578512,0.0030520182131974494,1714.2922131962027,-0.01044927649830274,1664.2575540189112,-0.008128463648545692,1680.0857271083507,1696.5707052714856,0.008123586451372726,0.008123586451372726,1.2236533338265534,0.5578694247931621
2021-09-24,2199.357028316406,19683,176593.11964955885,1676.5179703370602,18193,162504.3100495763,97.26921712124754,48.179222290720745,0.0027737672994030405,1671.880562703725,-0.0018526235458790064,1674.9836769025176,-0.0010246178808981377,1676.7016553995716,-0.004254871559110418,1692.9964503489057,-0.002074500312574168,1709.8765123046828,-0.0025758157550556104,1690.7514368903412,0.01591934061374789,1676.7900311059814,1695.8590319438215,0.007277653063915397,0.007277653063915397,1.2229512511417109,0.5080587829420528
2021-09-27,2359.299996624038,14984,163201.26207746967,1659.3067583443124,15943,168076.23224559464,97.24814811981122,47.91929744912292,-0.010266046828765862,1676.5179703370602,0.0027737672994030405,1671.880562703725,-0.0018526235458790064,1674.9836769025176,-0.0010246178808981377,1683.8662901870332,-0.005392899766559434,1717.3203600439404,0.004353441716808071,1675.8730853964405,-0.00879984554161628,1671.8781247374372,1695.0307155912153,0.007373501601881328,0.007373501601881328,1.2275859314322217,-1.4998898473476792
2021-09-28,2288.538672525593,5469,167700.21937105394,1638.0507166069406,10897,168818.65706347098,97.1265590274008,47.923466911922674,-0.012810194155167265,1659.3067583443124,-0.010266046828765862,1676.5179703370602,0.0027737672994030405,1671.880562703725,-0.0018526235458790064,1676.7016553995716,-0.004254871559110418,1690.3198927568642,-0.015722440562217166,1692.3466908316886,0.009829864551677003,1664.147936978911,1692.315916879978,0.0074464168387664426,0.0074464168387664426,1.2316951060723202,-0.8800697186601705
2021-09-29,2410.2962248496165,12038,158670.7991683149,1628.923816210881,5725,168439.89111906764,96.97021123261392,47.92685022090826,-0.005571805746628633,1638.0507166069406,-0.012810194155167265,1659.3067583443124,-0.010266046828765862,1676.5179703370602,0.0027737672994030405,1674.9836769025176,-0.0010246178808981377,1691.3538303626233,0.0006116816173018513,1701.8810252493165,0.005633795054689639,1654.935964840584,1688.668056428056,0.007293260051322507,0.007293260051322507,1.2419603737397749,-0.5613563233690475
2021-09-30,2480.3980277223245,11161,157097.97673910993,1643.132138990899,19230,165825.95741709933,97.0387861361414,47.89742815034852,0.008722521359573854,1628.923816210881,-0.005571805746628633,1638.0507166069406,-0.012810194155167265,1659.3067583443124,-0.010266046828765862,1671.880562703725,-0.0018526235458790064,1696.5158730578512,0.0030520182131974494,1686.9659697107084,-0.008763864992515025,1649.1862800980186,1686.4763648920657,0.007505353339412874,0.007505353339412874,1.2604130804389961,0.3465958859397321
2021-10-01,2528.653691144758,15744,154039.18481092973,1651.3444980585668,16947,163078.6438520847,97.0036908979196,47.70264927446547,0.004997990650168482,1643.132138990899,0.008722521359573854,1628.923816210881,-0.005571805746628633,1638.0507166069406,-0.012810194155167265,1676.5179703370602,0.0027737672994030405,1692.9964503489057,-0.002074500312574168,1703.7265134248244,0.00993531820739113,1644.1515856423198,1683.8572641237527,0.007191373887703251,0.007191373887703251,1.2785585340510235,0.9576266983095443
2021-10-04,2575.264868066728,17725,150752.60752821903,1645.3361105208987,6931,162526.6691430441,96.90146286975488,47.25698067349615,-0.0036384821851115356,1651.3444980585668,0.004997990650168482,1643.132138990899,0.008722521359573854,1628.923816210881,-0.005571805746628633,1659.3067583443124,-0.010266046828765862,1683.8662901870332,-0.005392899766559434,1703.2665800196423,-0.00026995729746404074,1641.3574560776374,1680.9607406488153,0.007199614279327723,0.007199614279327723,1.2999485595143794,0.8684701816662358
2021-10-05,2638.239528195164,15881,144924.91325907648,1638.9256578889467,10429,164946.946938563,96.89184497606254,47.28478450730485,-0.0038961356229655353,1645.3361105208987,-0.0036384821851115356,1651.3444980585668,0.004997990650168482,1643.132138990899,0.008722521359573854,1638.0507166069406,-0.012810194155167265,1676.7016553995716,-0.004254871559110418,1724.1010044985724,0.012232039730791788,1641.5324443340385,1676.7019733183345,0.006417251234997822,0.006417251234997822,1.3198025372882796,0.06265432565195389
2021-10-06,2639.9741666271298,5560,147863.20822847853,1625.1705761849212,5511,169382.30935316492,97.00464686179748,47.05427780944048,-0.00839274291534553,1638.9256578889467,-0.0038961356229655353,1645.3361105208987,-0.0036384821851115356,1651.3444980585668,0.004997990650168482,1628.923816210881,-0.005571805746628633,1674.9836769025176,-0.0010246178808981377,1732.3944821442622,0.004810320059004836,1640.7817963288464,1671.340778020367,0.006302606676727461,0.006302606676727461,1.334457216109115,-0.8194244207809267
2021-10-07,2603.06010368466,18040,152975.17153207766,1633.0633122464628,16334,167180.09518239397,96.77657307726028,47.080075853664766,0.004856558552807311,1625.1705761849212,-0.00839274291534553,1638.9256578889467,-0.0038961356229655353,1645.3361105208987,-0.0036384821851115356,1643.132138990899,0.008722521359573854,1671.880562703725,-0.0018526235458790064,1714.2922131962027,-0.01044927649830274,1638.7680309799591,1667.2793329728804,0.006301526131653879,0.006301526131653879,1.347182669511902,0.4619491647838624
2021-10-08,2573.6567923905413,14545,152193.4943963537,1624.57411825117,13403,168274.8882283302,96.62690920826996,46.84186279115511,-0.005198325093480394,1633.0633122464628,0.004856558552807311,1625.1705761849212,-0.00839274291534553,1638.9256578889467,-0.0038961356229655353,1651.3444980585668,0.004997990650168482,1676.5179703370602,0.0027737672994030405,1709.8765123046828,-0.0025758157550556104,1633.4139550184798,1663.0142132702047,0.006332471233065808,0.006332471233065808,1.355935149006526,-0.1750380349940951
2021-10-11,2478.685761931763,11912,161523.2256622847,1650.6366230405445,9384,167067.53718494484,96.5346205640804,46.51196528740181,0.01604266896571671,1624.57411825117,-0.005198325093480394,1633.0633122464628,0.004856558552807311,1625.1705761849212,-0.00839274291534553,1645.3361105208987,-0.0036384821851115356,1659.3067583443124,-0.010266046828765862,1717.3203600439404,0.004353441716808071,1634.474057522409,1659.680026420035,0.007443765624341139,0.007443765624341139,1.3503747817308653,0.3648678978122838
2021-10-12,2496.5941073035,10320,158638.82763439903,1645.2221552873957,9218,168553.34888144725,96.68073845075246,46.582254795514885,-0.0032802299897932707,1650.6366230405445,0.01604266896571671,1624.57411825117,-0.005198325093480394,1633.0633122464628,0.004856558552807311,1638.9256578889467,-0.0038961356229655353,1638.0507166069406,-0.012810194155167265,1690.3198927568642,-0.015722440562217166,1635.733357002099,1657.4251395465612,0.006716750962476269,0.006716750962476269,1.3391206753833313,-0.41466504504853324
2021-10-13,2602.8341808692635,12944,147693.8930249994,1654.481257470402,10078,167239.6943017024,96.70899714904438,46.62753125355683,0.005627873508297521,1645.2221552873957,-0.0032802299897932707,1650.6366230405445,0.01604266896571671,1624.57411825117,-0.005198325093480394,1625.1705761849212,-0.00839274291534553,1628.923816210881,-0.005571805746628633,1691.3538303626233,0.0006116816173018513,1641.595493259195,1655.5815109019502,0.006884620625474611,0.006884620625474611,1.3167836101506118,0.22320542133804025
2021-10-14,2555.1101716219423,8231,151243.76719497284,1644.6486895481555,13839,169325.51467920508,96.7857288730905,46.80131584495311,-0.005942991422749566,1654.481257470402,0.005627873508297521,1645.2221552873957,-0.0032802299897932707,1650.6366230405445,0.01604266896571671,1633.0633122464628,0.004856558552807311,1643.132138990899,0.008722521359573854,1696.5158730578512,0.0030520182131974494,1643.9125687195337,1652.9881517264657,0.006894351402009514,0.006894351402009514,1.2770411061309317,-0.6815901525261677
2021-10-15,2662.9095777492485,16463,141468.27910900363,1650.8121901813468,18115,168539.9622345062,96.67171278117787,47.4570749748784,0.0037476092446737663,1644.6486895481555,-0.005942991422749566,1654.481257470402,0.005627873508297521,1645.2221552873957,-0.0032802299897932707,1624.57411825117,-0.005198325093480394,1651.3444980585668,0.004997990650168482,1692.9964503489057,-0.002074500312574168,1649.160183105569,1650.8789387180877,0.00699231484068907,0.00699231484068907,1.221962726216053,-0.1577924300400585
2021-10-18,2672.3440467171995,5703,143174.14120025473,1653.2232433941897,9832,167087.91082899616,96.55975919365083,47.540261834241655,0.0014605254475241747,1650.8121901813468,0.0037476092446737663,1644.6486895481555,-0.005942991422749566,1654.481257470402,0.005627873508297521,1650.6366230405445,0.01604266896571671,1645.3361105208987,-0.0036384821851115356,1683.8662901870332,-0.005392899766559434,1649.677507176298,1649.3467863784456,0.006945738687506741,0.006945738687506741,1.1576526169220411,0.2191948482665169
2021-10-19,2763.5066683753275,12721,133891.90068791056,1638.5109830601048,13935,170062.55913095898,96.6045405653231,47.685786364360894,-0.0088991371206949,1653.2232433941897,0.0014605254475241747,1650.8121901813468,0.0037476092446737663,1644.6486895481555,-0.005942991422749566,1645.2221552873957,-0.0032802299897932707,1638.9256578889467,-0.0038961356229655353,1676.7016553995716,-0.004254871559110418,1648.3352727308397,1647.4372527614719,0.007138928323346047,0.007138928323346047,1.0826298959556762,-0.8567999861873028
2021-10-20,2777.199549940149,14251,130476.88295986998,1634.664085920934,13481,169435.7940312923,96.61036799841663,47.3625179657007,-0.002347800642743536,1638.5109830601048,-0.0088991371206949,1653.2232433941897,0.0014605254475241747,1650.8121901813468,0.0037476092446737663,1654.481257470402,0.005627873508297521,1625.1705761849212,-0.00839274291534553,1674.9836769025176,-0.0010246178808981377,1644.3718384209465,1645.4212732123929,0.007144057084367186,0.007144057084367186,0.9976879981171233,-0.23932274058110603
2021-10-21,2785.5374181199577,14305,128169.28029838912,1650.817408367359,10700,166635.49008184235,96.66524188030306,46.97644573353978,0.009881738141524377,1634.664085920934,-0.002347800642743536,1638.5109830601048,-0.0088991371206949,1653.2232433941897,0.0014605254475241747,1644.6486895481555,-0.005942991422749566,1633.0633122464628,0.004856558552807311,1671.880562703725,-0.0018526235458790064,1645.605582184787,1644.3681154955746,0.007556982322663507,0.007556982322663507,0.9029703094208653,0.685695955677279
2021-10-22,2718.870217301704,19318,132888.052253354,1639.4343054015897,10610,168792.47097560184,96.64647478121022,47.45129456757178,-0.006895434290959512,1650.817408367359,0.009881738141524377,1634.664085920934,-0.002347800642743536,1638.5109830601048,-0.0088991371206949,1650.8121901813468,0.0037476092446737663,1624.57411825117,-0.005198325093480394,1676.5179703370602,0.0027737672994030405,1643.3300052288355,1642.5139322488012,0.007638196666256918,0.007638196666256918,0.8252048679115225,-0.3023952859980977
2021-10-25,2803.8237998575382,8531,127987.61714821262,1648.8051628759176,12625,165531.84688697706,96.67428915385568,47.17425063359179,0.005715909105630468,1639.4343054015897,-0.006895434290959512,1650.817408367359,0.009881738141524377,1634.664085920934,-0.002347800642743536,1653.2232433941897,0.0014605254475241747,1650.6366230405445,0.01604266896571671,1659.3067583443124,-0.010266046828765862,1642.446389125181,1641.9888524753812,0.0074616608720569225,0.0074616608720569225,0.725970059528374,0.843021474000528
2021-10-26,2713.823311118494,19716,132439.3082059472,1624.7826325241397,17381,170028.6169301868,96.6901010623462,46.8610674121512,-0.014569659831654591,1648.8051628759176,0.005715909105630468,1639.4343054015897,-0.006895434290959512,1650.817408367359,0.009881738141524377,1638.5109830601048,-0.0088991371206949,1645.2221552873957,-0.0032802299897932707,1638.0507166069406,-0.012810194155167265,1639.700719017988,1641.3254482712412,0.0076256023579677305,0.0076256023579677305,0.6370997009660797,-0.916655699614381
2021-10-27,2674.9991381608565,19641,134017.28150717143,1626.5726121722687,10594,168519.85452711643,96.76787780125468,46.84933773578624,0.0011016733021993463,1624.7826325241397,-0.014569659831654591,1648.8051628759176,0.005715909105630468,1639.4343054015897,-0.006895434290959512,1634.664085920934,-0.002347800642743536,1654.481257470402,0.005627873508297521,1628.923816210881,-0.005571805746628633,1638.082424268255,1641.2078880693105,0.007531849486427658,0.007531849486427658,0.5797616923124342,0.19842146203182695
2021-10-28,2770.512066988664,7132,123883.83022823608,1619.519071484862,7262,167613.51473604934,96.84857862944912,46.82228001177302,-0.004336443780389665,1626.5726121722687,0.0011016733021993463,1624.7826325241397,-0.014569659831654591,1648.8051628759176,0.005715909105630468,1650.817408367359,0.009881738141524377,1644.6486895481555,-0.005942991422749566,1643.132138990899,0.008722521359573854,1631.8227568917555,1640.0272346940087,0.007294045663686965,0.007294045663686965,0.590740857211109,0.2601865408346463
2021-10-29,2742.8390478119745,14539,125735.30346211058,1611.0695942921911,6320,169888.1799153223,96.68659143000994,46.55152805984003,-0.005217275511874009,1619.519071484862,-0.004336443780389665,1626.5726121722687,0.0011016733021993463,1624.7826325241397,-0.014569659831654591,1639.4343054015897,-0.006895434290959512,1650.8121901813468,0.0037476092446737663,1651.3444980585668,0.004997990650168482,1626.1498146698757,1638.01348950569,0.0072315680733224565,0.0072315680733224565,0.7232694560962696,-0.7282524096515478
2021-11-01,2756.2968186490225,19767,122935.80464243292,1617.78685960416,16568,170482.57085107826,96.46186457447588,46.4600360942261,0.00416944453285395,1611.0695942921911,-0.005217275511874009,1619.519071484862,-0.004336443780389665,1626.5726121722687,0.0011016733021993463,1648.8051628759176,0.005715909105630468,1653.2232433941897,0.0014605254475241747,1645.3361105208987,-0.0036384821851115356,1619.9461540155241,1636.636026959853,0.007303903552052721,0.007303903552052721,0.8629272688957075,-0.7398264026982435
2021-11-02,2685.0429479137792,14758,132710.50252370385,1619.3877462181276,10904,172286.45863903096,96.56203911424102,46.82884880952113,0.0009895534782371485,1617.78685960416,0.00416944453285395,1611.0695942921911,-0.005217275511874009,1619.519071484862,-0.004336443780389665,1624.7826325241397,-0.014569659831654591,1638.5109830601048,-0.0088991371206949,1638.9256578889467,-0.0038961356229655353,1618.867176754322,1635.6591313763122,0.007277209977775573,0.007277209977775573,0.8764067634204685,-1.4288218894234153
2021-11-03,2688.744556080028,10864,136450.8176861155,1633.878456341826,6863,173226.20727754987,96.6808116235672,46.5870507268716,0.008948264649735416,1619.3877462181276,0.0009895534782371485,1617.78685960416,0.00416944453285395,1611.0695942921911,-0.005217275511874009,1626.5726121722687,0.0011016733021993463,1634.664085920934,-0.002347800642743536,1625.1705761849212,-0.00839274291534553,1620.3283455882333,1636.0945253841574,0.007329516463550203,0.007329516463550203,0.869009574624324,-1.7954931750480365
2021-11-04,2781.147943654447,16177,127832.23705497272,1630.2815884838778,14643,171804.8092319392,96.57874932161587,46.16894898156174,-0.002201429270327293,1633.878456341826,0.008948264649735416,1619.3877462181276,0.0009895534782371485,1617.78685960416,0.00416944453285395,1619.519071484862,-0.004336443780389665,1650.817408367359,0.009881738141524377,1633.0633122464628,0.004856558552807311,1622.4808489880365,1635.9554391960282,0.007267866929578297,0.007267866929578297,0.8518612577767048,-0.9447197584128577
2021-11-05,2751.7585157636886,16195,130427.2362512264,1612.86183472292,15818,173538.82006592856,96.39276578096133,46.45172706783168,-0.01068511960388252,1630.2815884838778,-0.002201429270327293,1633.878456341826,0.008948264649735416,1619.3877462181276,0.0009895534782371485,1611.0695942921911,-0.005217275511874009,1639.4343054015897,-0.006895434290959512,1624.57411825117,-0.005198325093480394,1622.8392970741822,1635.3698250196157,0.007569327087193087,0.007569327087193087,0.8382190000552785,-1.55499987353688
2021-11-08,2670.176430648037,16815,137376.55415706825,1605.7841941812217,5969,172378.3554151671,96.40266926306202,46.59941614141309,-0.004388249749188389,1612.86183472292,-0.01068511960388252,1630.2815884838778,-0.002201429270327293,1633.878456341826,0.008948264649735416,1617.78685960416,0.00416944453285395,1648.8051628759176,0.005715909105630468,1650.6366230405445,0.01604266896571671,1620.4387639895947,1633.1272035766492,0.006553219806436218,0.006553219806436218,0.8071080279778506,-0.7542760471534948
2021-11-09,2657.000581439234,9998,137379.11118607488,1612.2837517913763,9642,170186.757402545,96.49575308569707,46.4132605552185,0.004047590973747628,1605.7841941812217,-0.004388249749188389,1612.86183472292,-0.01068511960388252,1630.2815884838778,-0.002201429270327293,1619.3877462181276,0.0009895534782371485,1624.7826325241397,-0.014569659831654591,1645.2221552873957,-0.0032802299897932707,1619.0179651042442,1631.4802834018487,0.006644195162106756,0.006644195162106756,0.7643906440372387,-0.032785224512050876
2021-11-10,2697.504975935505,6438,133654.64329764713,1607.8706249492564,18106,172521.55464866545,96.67551253794052,45.93861045038042,-0.002737189925294814,1612.2837517913763,0.004047590973747628,1605.7841941812217,-0.004388249749188389,1612.86183472292,-0.01068511960388252,1633.878456341826,0.008948264649735416,1626.5726121722687,0.0011016733021993463,1654.481257470402,0.005627873508297521,1613.8163988257304,1629.1497517757912,0.006466612721121151,0.006466612721121151,0.7238304381380948,-1.0447908468607692
2021-11-11,2728.2960016955994,11254,132796.86474087863,1612.6418142275686,11599,172602.50316437442,96.72714229515066,45.71522344344885,0.0029673962595484493,1607.8706249492564,-0.002737189925294814,1612.2837517913763,0.004047590973747628,1605.7841941812217,-0.004388249749188389,1630.2815884838778,-0.002201429270327293,1619.519071484862,-0.004336443780389665,1644.6486895481555,-0.005942991422749566,1610.2884439744685,1627.549408009762,0.006444627752878274,0.006444627752878274,0.7187082898203968,-0.7554492650905548
2021-11-12,2810.7074014894124,10550,126364.77525840214,1586.4466594339324,9394,176431.95006797966,96.6899706254921,45.69881211239407,-0.01624362866107576,1612.6418142275686,0.0029673962595484493,1607.8706249492564,-0.002737189925294814,1612.2837517913763,0.004047590973747628,1612.86183472292,-0.01068511960388252,1611.0695942921911,-0.005217275511874009,1650.8121901813468,0.0037476092446737663,1605.005408916671,1624.331131472391,0.007183608989237441,0.007183608989237441,0.6577971709104713,-1.5769114995872062
2021-11-15,2790.089197040136,10106,127444.97672874936,1578.4912228345254,9484,178266.72982697276,96.6006575633336,46.048513739359215,-0.00501462595801716,1586.4466594339324,-0.01624362866107576,1612.6418142275686,0.0029673962595484493,1607.8706249492564,-0.002737189925294814,1605.7841941812217,-0.004388249749188389,1617.78685960416,0.00416944453285395,1653.2232433941897,0.0014605254475241747,1599.5468146473318,1620.594530444408,0.007167137947011437,0.007167137947011437,0.5870143734736892,-1.384463043140037
2021-11-16,2719.2440548762534,13979,132667.02659730535,1550.1258270036997,17911,181045.6917420959,96.60180269250068,45.73753914689832,-0.01796994206904079,1578.4912228345254,-0.00501462595801716,1586.4466594339324,-0.01624362866107576,1612.6418142275686,0.0029673962595484493,1612.2837517913763,0.004047590973747628,1619.3877462181276,0.0009895534782371485,1638.5109830601048,-0.0088991371206949,1587.1152296897967,1616.1752726415878,0.007861073315544228,0.007861073315544228,0.5213625970030137,-1.594523445563044
2021-11-17,2897.080167368859,5279,122211.49101373908,1551.5272225112603,16833,183302.12999589008,96.57187622211214,45.71218318244488,0.0009040527440726809,1550.1258270036997,-0.01796994206904079,1578.4912228345254,-0.00501462595801716,1586.4466594339324,-0.01624362866107576,1607.8706249492564,-0.002737189925294814,1633.878456341826,0.008948264649735416,1634.664085920934,-0.002347800642743536,1575.8465492021974,1612.018429471104,0.007903113207221613,0.007903113207221613,0.49552356762539507,-1.4357580366708855
2021-11-18,2897.155131024462,19912,121940.6232129088,1558.757794816692,12814,180360.2380823422,96.47036943153928,45.914726580413344,0.00466029354852604,1551.5272225112603,0.0009040527440726809,1550.1258270036997,-0.01796994206904079,1578.4912228345254,-0.00501462595801716,1612.6418142275686,0.0029673962595484493,1630.2815884838778,-0.002201429270327293,1650.817408367359,0.009881738141524377,1565.069745320022,1607.4154487935707,0.007548172715677668,0.007548172715677668,0.47355868819072866,-0.28815003904240305
2021-11-19,2876.6098845135,11190,124393.69871264372,1539.9137108039658,12383,184050.4178313427,96.6752449966256,45.20034637837677,-0.012089167461030836,1558.757794816692,0.00466029354852604,1551.5272225112603,0.0009040527440726809,1550.1258270036997,-0.01796994206904079,1586.4466594339324,-0.01624362866107576,1612.86183472292,-0.01068511960388252,1639.4343054015897,-0.006895434290959512,1555.7631555940286,1602.4394190636895,0.007780875979121401,0.007780875979121401,0.49414894226936656,-1.220534034662421
2021-11-22,2855.141086933828,12747,126598.92231508032,1551.9457857076754,18589,181260.34628196424,96.8537618368328,45.510482228758434,0.007813473455878128,1539.9137108039658,-0.012089167461030836,1558.757794816692,0.00466029354852604,1551.5272225112603,0.0009040527440726809,1578.4912228345254,-0.00501462595801716,1605.7841941812217,-0.004388249749188389,1648.8051628759176,0.005715909105630468,1550.4540681686585,1597.5964502052773,0.00791883649899501,0.00791883649899501,0.5128062489917999,-0.11591924538060462
2021-11-23,2819.630590100636,15811,130729.79424937164,1570.759882063951,7193,176996.95523981834,96.96736670518834,45.155747057096505,0.012122908241731123,1551.9457857076754,0.007813473455878128,1539.9137108039658,-0.012089167461030836,1558.757794816692,0.00466029354852604,1550.1258270036997,-0.01796994206904079,1612.2837517913763,0.004047590973747628,1624.7826325241397,-0.014569659831654591,1554.580879180709,1594.895312682268,0.008111961197917936,0.008111961197917936,0.49501739580702464,0.6088958811605464
2021-11-24,2835.252895475319,5037,129404.74693959967,1560.386212023852,18195,182242.10233378867,96.87528166540744,45.25534570513359,-0.00660423668732113,1570.759882063951,0.012122908241731123,1551.9457857076754,0.007813473455878128,1539.9137108039658,-0.012089167461030836,1551.5272225112603,0.0009040527440726809,1607.8706249492564,-0.002737189925294814,1626.5726121722687,0.0011016733021993463,1556.3526770832273,1591.5859926748471,0.008156869885215376,0.008156869885215376,0.5023832589903215,-0.6915987318311089
2021-11-25,2769.050802997608,15733,133275.60082191683,1571.1723939783706,12150,180061.04523163135,96.96078359783716,45.329350650016806,0.006912507859530903,1560.386212023852,-0.00660423668732113,1570.759882063951,0.012122908241731123,1551.9457857076754,0.007813473455878128,1558.757794816692,0.00466029354852604,1612.6418142275686,0.0029673962595484493,1619.519071484862,-0.004336443780389665,1558.835596915563,1589.1686587995223,0.008375324543119483,0.008375324543119483,0.5216565891753985,0.4029844564023046
2021-11-26,2650.7557155227314,19552,140589.35689228933,1573.5306731519572,10504,181054.33893235767,97.02474623878696,45.65472656745597,0.0015009678012578576,1571.1723939783706,0.006912507859530903,1560.386212023852,-0.00660423668732113,1570.759882063951,0.012122908241731123,1539.9137108039658,-0.012089167461030836,1586.4466594339324,-0.01624362866107576,1611.0695942921911,-0.005217275511874009,1565.558989385161,1587.291712742511,0.00835226945540483,0.00835226945540483,0.5194416589381385,-0.1247682974045567
2021-11-29,2679.680137944764,19151,138956.41911720746,1582.5807757902123,12916,178297.66119500398,97.06900080120737,45.82000388172403,0.005751462486668135,1573.5306731519572,0.0015009678012578576,1571.1723939783706,0.006912507859530903,1560.386212023852,-0.00660423668732113,1551.9457857076754,0.007813473455878128,1578.4912228345254,-0.00501462595801716,1617.78685960416,0.00416944453285395,1571.6859874016686,1585.5314085518135,0.008412521926270844,0.008412521926270844,0.5113970954811148,0.6425593232537097
2021-11-30,2820.3882190719414,13252,128824.09976049096,1583.8825097608149,12208,176647.9775152334,97.19396732791174,45.10681673420503,0.0008225387231515224,1582.5807757902123,0.005751462486668135,1573.5306731519572,0.0015009678012578576,1571.1723939783706,0.006912507859530903,1570.759882063951,0.012122908241731123,1550.1258270036997,-0.01796994206904079,1619.3877462181276,0.0009895534782371485,1574.3105129410415,1583.7561467289477,0.00841045697265518,0.00841045697265518,0.4729026356621711,0.6622652954646233
2021-12-01,2776.0097801687857,10898,131648.92325743387,1581.1333737895409,7899,179300.8684838522,97.25750444219788,44.87138296005824,-0.0017356943803168434,1583.8825097608149,0.0008225387231515224,1582.5807757902123,0.005751462486668135,1573.5306731519572,0.0015009678012578576,1560.386212023852,-0.00660423668732113,1551.5272225112603,0.0009040527440726809,1633.878456341826,0.008948264649735416,1578.459945294179,1581.1188926013335,0.008072899324280342,0.008072899324280342,0.4389327455249743,-0.09119115344032103
2021-12-02,2694.4090272563967,5975,138136.2664763992,1555.9835505141414,17272,183227.5501209822,97.33150586582828,44.91284449886422,-0.01590619975032359,1581.1333737895409,-0.0017356943803168434,1583.8825097608149,0.0008225387231515224,1582.5807757902123,0.005751462486668135,1571.1723939783706,0.006912507859530903,1558.757794816692,0.00466029354852604,1630.2815884838778,-0.002201429270327293,1575.4221766013334,1577.4039907028466,0.008684375986155414,0.008684375986155414,0.4107448117580383,-0.5873461233836613
2021-12-03,2765.21954996557,17188,137711.2624965168,1548.3668270032172,8711,184239.05902640824,97.39519649416552,44.85435053302828,-0.004895118273202437,1555.9835505141414,-0.01590619975032359,1581.1333737895409,-0.0017356943803168434,1583.8825097608149,0.0008225387231515224,1573.5306731519572,0.0015009678012578576,1539.9137108039658,-0.012089167461030836,1612.86183472292,-0.01068511960388252,1570.3894073715853,1574.1792403168615,0.00848411137482368,0.00848411137482368,0.3780592602271856,-0.3828753054615191
2021-12-06,2832.711791018077,10173,134511.09609270238,1567.65880294705,8715,182540.7068593788,97.42927563496572,44.99763375195531,0.012459564237223608,1548.3668270032172,-0.004895118273202437,1555.9835505141414,-0.01590619975032359,1581.1333737895409,-0.0017356943803168434,1582.5807757902123,0.005751462486668135,1551.9457857076754,0.007813473455878128,1605.7841941812217,-0.004388249749188389,1567.4050128029528,1572.272970755153,0.009052309454249176,0.009052309454249176,0.3558118876117178,0.12199391872342433
2021-12-07,2751.9107480985704,18994,136681.50187284022,1573.3765581556588,6459,182916.14474412784,97.2509145219943,45.23444371865622,0.0036473212141954203,1567.65880294705,0.012459564237223608,1548.3668270032172,-0.004895118273202437,1555.9835505141414,-0.01590619975032359,1583.8825097608149,0.0008225387231515224,1570.759882063951,0.012122908241731123,1612.2837517913763,0.004047590973747628,1565.3038224819215,1570.327611073367,0.00904062126009754,0.00904062126009754,0.3608828781760646,-0.1847922467503225
2021-12-08,2774.558008612753,19382,137755.73460700273,1561.5174177799145,15135,185977.8976065383,97.25927662973535,45.41697923958513,-0.007537382144326532,1573.3765581556588,0.0036473212141954203,1567.65880294705,0.012459564237223608,1548.3668270032172,-0.004895118273202437,1581.1333737895409,-0.0017356943803168434,1560.386212023852,-0.00660423668732113,1607.8706249492564,-0.002737189925294814,1561.3806312799964,1568.0099507149002,0.009147180195342207,0.009147180195342207,0.3678697323670239,-0.8619949976856278
2021-12-09,2798.4814111030128,6738,136423.26243924192,1557.7811115038169,7378,187263.7534247925,97.20365743385044,45.35269675681879,-0.0023927406979613597,1561.5174177799145,-0.007537382144326532,1573.3765581556588,0.0036473212141954203,1567.65880294705,0.012459564237223608,1555.9835505141414,-0.01590619975032359,1571.1723939783706,0.006912507859530903,1612.6418142275686,0.0029673962595484493,1561.7401434779315,1565.2669155787125,0.00909016145108642,0.00909016145108642,0.37479857243040127,-0.8407173349256449
2021-12-10,2679.865966741427,9968,142985.3544824118,1559.046375691143,10948,188288.23055856125,97.07567333808645,44.79879565348264,0.0008122220625108589,1557.7811115038169,-0.0023927406979613597,1561.5174177799145,-0.007537382144326532,1573.3765581556588,0.0036473212141954203,1548.3668270032172,-0.004895118273202437,1573.5306731519572,0.0015009678012578576,1586.4466594339324,-0.01624362866107576,1563.8760532155168,1563.896901391573,0.008428918695403454,0.008428918695403454,0.3945362306151103,-0.9376420057581734
2021-12-13,2596.385059165461,16468,151957.05807172504,1556.2231819863505,5041,189093.6440225361,97.24385500001654,44.6621512788262,-0.0018108465205476376,1559.046375691143,0.0008122220625108589,1557.7811115038169,-0.0023927406979613597,1561.5174177799145,-0.007537382144326532,1567.65880294705,0.012459564237223608,1582.5807757902123,0.005751462486668135,1578.4912228345254,-0.00501462595801716,1561.5889290233767,1562.7834993491642,0.008375618245675731,0.008375618245675731,0.41801101953487313,-0.9076220003619307
2021-12-14,2589.6242410642003,13333,152282.89164469767,1557.621450932686,7661,189008.75228992428,97.41675453410512,44.78706172326788,0.0008985015533251595,1556.2231819863505,-0.0018108465205476376,1559.046375691143,0.0008122220625108589,1557.7811115038169,-0.0023927406979613597,1573.3765581556588,0.0036473212141954203,1583.8825097608149,0.0008225387231515224,1550.1258270036997,-0.01796994206904079,1558.4379075787822,1563.1582805456135,0.00732153564147947,0.00732153564147947,0.4416374014776728,-0.7451120508110609
2021-12-15,2521.335956574976,10686,159552.25021696038,1560.0790201720686,9885,190692.7301178529,97.55267659413468,44.45992754750274,0.0015777705410457976,1557.621450932686,0.0008985015533251595,1556.2231819863505,-0.0018108465205476376,1559.046375691143,0.0008122220625108589,1561.5174177799145,-0.007537382144326532,1581.1333737895409,-0.0017356943803168434,1551.5272225112603,0.0009040527440726809,1558.150228057213,1563.585870428654,0.007326170690222943,0.007326170690222943,0.4686404570183026,-1.0659737992239142
2021-12-16,2604.8588052576456,9904,151587.77738573638,1551.9854639405585,11458,187265.36447465065,97.57819793582026,44.649309966539214,-0.005187914283096617,1560.0790201720686,0.0015777705410457976,1557.621450932686,0.0008985015533251595,1556.2231819863505,-0.0018108465205476376,1557.7811115038169,-0.0023927406979613597,1555.9835505141414,-0.01590619975032359,1558.757794816692,0.00466029354852604,1556.9910985445613,1563.2472538848474,0.007348635635275961,0.007348635635275961,0.4948630378810161,-0.015794542733293605
2021-12-17,2628.5265351594157,11318,151852.5933240099,1558.3429242436664,12331,187889.1788499349,97.71326044791552,44.92182795571941,0.0040963401080871265,1551.9854639405585,-0.005187914283096617,1560.0790201720686,0.0015777705410457976,1557.621450932686,0.0008985015533251595,1559.046375691143,0.0008122220625108589,1548.3668270032172,-0.004895118273202437,1539.9137108039658,-0.012089167461030836,1556.8504082550658,1564.1687145568324,0.00684334214750807,0.00684334214750807,0.5410353685473583,-0.6991670167189684
2021-12-20,2520.7959474025874,14188,159450.7790076888,1560.984232129824,8088,187421.34921563725,97.7144657659757,44.95988804860816,0.0016949465005846598,1558.3429242436664,0.0040963401080871265,1551.9854639405585,-0.005187914283096617,1560.0790201720686,0.0015777705410457976,1556.2231819863505,-0.0018108465205476376,1567.65880294705,0.012459564237223608,1551.9457857076754,0.007813473455878128,1557.8026182837607,1564.6206368779397,0.006638403243861476,0.006638403243861476,0.5547607147596795,-0.638816425686823
2021-12-21,2425.063053449925,16557,168850.12840595245,1571.0972362472348,9673,186305.99367841956,97.73474549366549,44.04075408871444,0.006478607476779308,1560.984232129824,0.0016949465005846598,1558.3429242436664,0.0040963401080871265,1551.9854639405585,-0.005187914283096617,1557.621450932686,0.0008985015533251595,1573.3765581556588,0.0036473212141954203,1570.759882063951,0.012122908241731123,1560.4977753466706,1564.6375045871039,0.006216399190917357,0.006216399190917357,0.5394981252677407,-0.5970597856073325
2021-12-22,2498.4274823467904,12296,164233.40470950666,1578.0506736288312,10142,184751.11165863893,97.62539835661929,43.657327579900894,0.004425847885905165,1571.0972362472348,0.006478607476779308,1560.984232129824,0.0016949465005846598,1558.3429242436664,0.0040963401080871265,1560.0790201720686,0.0015777705410457976,1561.5174177799145,-0.007537382144326532,1560.386212023852,-0.00660423668732113,1564.0921060380228,1565.520727667353,0.006084817930621513,0.006084817930621513,0.5248077212891356,-0.383303897641335
2021-12-23,2524.896063001236,12646,159651.93558178245,1560.4947094690392,5673,185440.8405105676,97.66509748706916,44.22318432746772,-0.01112509531738981,1578.0506736288312,0.004425847885905165,1571.0972362472348,0.006478607476779308,1560.984232129824,0.0016949465005846598,1551.9854639405585,-0.005187914283096617,1557.7811115038169,-0.0023927406979613597,1571.1723939783706,0.006912507859530903,1565.7939551437191,1564.9868434418863,0.0064242096871835255,0.0064242096871835255,0.5193037918920379,-0.6591386999563401
2021-12-24,2530.783152047692,9935,159808.58546764098,1548.4732919825108,10310,187988.9981718548,97.6711360799116,44.0592229895592,-0.007703593875443948,1560.4947094690392,-0.01112509531738981,1578.0506736288312,0.004425847885905165,1571.0972362472348,0.006478607476779308,1558.3429242436664,0.0040963401080871265,1559.046375691143,0.0008122220625108589,1573.5306731519572,0.0015009678012578576,1563.8200286914882,1563.733974383414,0.006613707252927819,0.006613707252927819,0.5116606502329479,-1.099849638414264
2021-12-27,2544.4627441964494,18949,159554.0614015321,1549.9559239557334,18278,185262.27668858148,97.54087086822815,43.4639800226205,0.0009574798486349234,1548.4732919825108,-0.007703593875443948,1560.4947094690392,-0.01112509531738981,1578.0506736288312,0.004425847885905165,1560.984232129824,0.0016949465005846598,1556.2231819863505,-0.0018108465205476376,1582.5807757902123,0.005751462486668135,1561.6143670566698,1562.10273179169,0.006449304104463982,0.006449304104463982,0.5114652877075215,0.17205129604455505
2021-12-28,2419.487875468132,6427,169146.10435950555,1544.7823628873011,18094,183807.36122815323,97.5357511570465,43.83455423911359,-0.0033378762508474713,1549.9559239557334,0.0009574798486349234,1548.4732919825108,-0.007703593875443948,1560.4947094690392,-0.01112509531738981,1571.0972362472348,0.006478607476779308,1557.621450932686,0.0008985015533251595,1583.8825097608149,0.0008225387231515224,1556.351392384683,1560.1477244480143,0.006453800756162235,0.006453800756162235,0.5065820103416007,0.35859909060224965
2021-12-29,2367.129290627637,10662,169703.09534306056,1521.9863833405543,13738,184627.80763724304,97.52777820066082,43.83856091657669,-0.01475675803557186,1544.7823628873011,-0.0033378762508474713,1549.9559239557334,0.0009574798486349234,1548.4732919825108,-0.007703593875443948,1578.0506736288312,0.004425847885905165,1560.0790201720686,0.0015777705410457976,1581.1333737895409,-0.0017356943803168434,1545.1385343270279,1557.1903749255648,0.007129037754982555,0.007129037754982555,0.48131268796499904,-0.051195496989136
2021-12-30,2410.627311079681,9244,166375.85455987894,1508.11495396824,19113,189440.62142836515,97.70753431732528,44.170043063264,-0.009114029878420138,1521.9863833405543,-0.01475675803557186,1544.7823628873011,-0.0033378762508474713,1549.9559239557334,0.0009574798486349234,1560.4947094690392,-0.01112509531738981,1551.9854639405585,-0.005187914283096617,1555.9835505141414,-0.01590619975032359,1534.6625832268678,1554.79694509827,0.006565195236882764,0.006565195236882764,0.4519483522739696,-1.5551213729881423
2021-12-31,2434.333640086977,15168,163588.41350608363,1508.5773384095717,14986,189101.49374979205,97.79695565017664,44.253130665829815,0.0003065976105569579,1508.11495396824,-0.009114029878420138,1521.9863833405543,-0.01475675803557186,1544.7823628873011,-0.0033378762508474713,1548.4732919825108,-0.007703593875443948,1558.3429242436664,0.0040963401080871265,1548.3668270032172,-0.004895118273202437,1526.6833925122803,1552.8074706685877,0.0065282415918932945,0.0065282415918932945,0.4493169994151444,-0.6333041029179227
2022-01-03,2369.678183731034,14310,171138.54100120015,1492.6380927257808,11119,190891.26471326943,97.79810019408578,44.39069840669347,-0.010565746467194659,1508.5773384095717,0.0003065976105569579,1508.11495396824,-0.009114029878420138,1521.9863833405543,-0.01475675803557186,1549.9559239557334,0.0009574798486349234,1560.984232129824,0.0016949465005846598,1567.65880294705,0.012459564237223608,1515.2198262662896,1549.0564351575242,0.005985318122293539,0.005985318122293539,0.44840768164858535,-1.2446228209757875
2022-01-04,2440.061760790208,11846,162840.49349233828,1475.174956061726,6335,190173.3708845868,97.82297892506588,44.49960118100782,-0.01169951158901783,1492.6380927257808,-0.010565746467194659,1508.5773384095717,0.0003065976105569579,1508.11495396824,-0.009114029878420138,1544.7823628873011,-0.0033378762508474713,1571.0972362472348,0.006478607476779308,1573.3765581556588,0.0036473212141954203,1501.2983449011747,1544.1463550528276,0.006146520589925339,0.006146520589925339,0.4576028426593564,-0.6394006001321253
2022-01-05,2487.501499578536,12716,160771.36250371323,1476.8070919962502,9664,189789.56828990552,97.8274001628763,44.70884767458412,0.0011064016019370904,1475.174956061726,-0.01169951158901783,1492.6380927257808,-0.010565746467194659,1508.5773384095717,0.0003065976105569579,1521.9863833405543,-0.01475675803557186,1578.0506736288312,0.004425847885905165,1561.5174177799145,-0.007537382144326532,1492.2624866323138,1539.9108387636443,0.006129293405366091,0.006129293405366091,0.4811878302846204,-0.6047738942554943
2022-01-06,2445.598721917992,7497,164288.4369140923,1478.2002192247442,9832,190933.52438198865,97.80710876439674,45.39207680915095,0.0009433373092830877,1476.8070919962502,0.0011064016019370904,1475.174956061726,-0.01169951158901783,1492.6380927257808,-0.010565746467194659,1508.11495396824,-0.009114029878420138,1560.4947094690392,-0.01112509531738981,1557.7811115038169,-0.0023927406979613597,1486.2795396836145,1535.9317941496906,0.006185153601925944,0.006185153601925944,0.5127544435544742,-1.0277866640695146
2022-01-07,2459.890332023236,11656,168044.85189065826,1470.6983992205562,7114,189486.35932804973,97.69886604465792,45.68337870993871,-0.005074968807758928,1478.2002192247442,0.0009433373092830877,1476.8070919962502,0.0011064016019370904,1475.174956061726,-0.01169951158901783,1508.5773384095717,0.0003065976105569579,1548.4732919825108,-0.007703593875443948,1559.046375691143,0.0008122220625108589,1478.7037518458114,1531.5143953261615,0.006154218418482555,0.006154218418482555,0.5539259753299046,-0.26101322884777123
2022-01-10,2412.608436887152,18163,169675.0622587791,1458.6112538366906,11456,190928.20553620963,97.68376085689722,45.20927691458505,-0.00821864319038601,1470.6983992205562,-0.005074968807758928,1478.2002192247442,0.0009433373092830877,1476.8070919962502,0.0011064016019370904,1492.6380927257808,-0.010565746467194659,1549.9559239557334,0.0009574798486349234,1556.2231819863505,-0.0018108465205476376,1471.8983840679934,1526.6337989186784,0.006260706863867893,0.006260706863867893,0.6083379432908484,-0.9643232190833353
2022-01-11,2409.066849848522,13578,171665.70535566696,1471.2976155780948,12418,189232.12557669028,97.60915103123196,45.34327536916872,0.008697561950131938,1458.6112538366906,-0.00821864319038601,1470.6983992205562,-0.005074968807758928,1478.2002192247442,0.0009433373092830877,1475.174956061726,-0.01169951158901783,1544.7823628873011,-0.0033378762508474713,1557.621450932686,0.0008985015533251595,1471.1229159712673,1522.3176071509488,0.006753861305420618,0.006753861305420618,0.6464050742860499,-0.07945616168125183
2022-01-12,2425.8750890496585,19738,168965.85702441027,1477.5582834421232,15328,189232.3368286687,97.48411947733966,45.68571959959968,0.004255201529412167,1471.2976155780948,0.008697561950131938,1458.6112538366906,-0.00821864319038601,1470.6983992205562,-0.005074968807758928,1476.8070919962502,0.0011064016019370904,1521.9863833405543,-0.01475675803557186,1560.0790201720686,0.0015777705410457976,1471.2731542604417,1518.1915703144514,0.006871238453843455,0.006871238453843455,0.6573492626992818,-0.3939291206828933
2022-01-13,2418.6663657643776,10625,167454.36389243678,1483.802464820344,17500,189941.84374773983,97.5352416587944,46.04652984156053,0.004226013584841093,1477.5582834421232,0.004255201529412167,1471.2976155780948,0.008697561950131938,1458.6112538366906,-0.00821864319038601,1478.2002192247442,0.0009433373092830877,1508.11495396824,-0.009114029878420138,1551.9854639405585,-0.005187914283096617,1472.3936033795617,1514.782420358441,0.007012190675992629,0.007012190675992629,0.6438320967690507,-0.747584896421681
2022-01-14,2393.535990269687,14487,171491.451339075,1486.4709403107468,6931,193067.66180505225,97.57436812478774,45.9185483466428,0.0017984034625024847,1483.802464820344,0.004226013584841093,1477.5582834421232,0.004255201529412167,1471.2976155780948,0.008697561950131938,1470.6983992205562,-0.005074968807758928,1508.5773384095717,0.0003065976105569579,1558.3429242436664,0.0040963401080871265,1475.5481115976,1511.1888211617947,0.0069214811284730796,0.0069214811284730796,0.6306697415848255,-1.5040540610776678
2022-01-17,2402.723569214064,12788,171697.01349384763,1484.4846923154112,6181,192930.0575677712,97.39569737365092,46.26803168019924,-0.0013362171714708104,1486.4709403107468,0.0017984034625024847,1483.802464820344,0.004226013584841093,1477.5582834421232,0.004255201529412167,1458.6112538366906,-0.00821864319038601,1492.6380927257808,-0.010565746467194659,1560.984232129824,0.0016949465005846598,1480.722799293344,1507.3638441710743,0.006861513774816098,0.006861513774816098,0.6193523233504382,-0.8626644033709394
2022-01-18,2363.426009127141,13112,176830.1881920785,1479.5896643016692,14955,193241.56386813853,97.3834289099014,46.5463544000646,-0.003297459407349601,1484.4846923154112,-0.0013362171714708104,1486.4709403107468,0.0017984034625024847,1483.802464820344,0.004226013584841093,1471.2976155780948,0.008697561950131938,1475.174956061726,-0.01169951158901783,1571.0972362472348,0.006478607476779308,1482.3812090380588,1502.788465573796,0.006529391651480475,0.006529391651480475,0.6208144627936691,-0.9899336185648482
2022-01-19,2352.706222898518,13591,174231.9231515465,1476.1599431211844,6698,192052.24081798948,97.4829990484914,47.31810963115552,-0.002318021856487884,1479.5896643016692,-0.003297459407349601,1484.4846923154112,-0.0013362171714708104,1486.4709403107468,0.0017984034625024847,1477.5582834421232,0.004255201529412167,1476.8070919962502,0.0011064016019370904,1578.0506736288312,0.004425847885905165,1482.1015409738711,1497.6939290484136,0.006297043705136899,0.006297043705136899,0.6205337694009172,-0.5092359309472089
2022-01-20,2400.26722321174,18224,167531.53140948946,1471.509971665672,14528,194154.628817385,97.58892142238103,47.09310911028096,-0.0031500458179893887,1476.1599431211844,-0.002318021856487884,1479.5896643016692,-0.003297459407349601,1484.4846923154112,-0.0013362171714708104,1483.802464820344,0.004226013584841093,1478.2002192247442,0.0009433373092830877,1560.4947094690392,-0.01112509531738981,1479.643042342937,1493.2446921582452,0.006022840852637007,0.006022840852637007,0.6247878900362107,-1.1945422451108039
2022-01-21,2418.8713752598296,15724,166966.67691769582,1489.3516761952544,11531,191235.63305440216,97.69150510666957,46.94088893736084,0.012124759514464234,1471.509971665672,-0.0031500458179893887,1476.1599431211844,-0.002318021856487884,1479.5896643016692,-0.003297459407349601,1486.4709403107468,0.0017984034625024847,1470.6983992205562,-0.005074968807758928,1548.4732919825108,-0.007703593875443948,1480.2191895198382,1490.2886113688824,0.006777622793280526,0.006777622793280526,0.6339762805401482,0.34451277731410374
2022-01-24,2444.212284382791,10935,162991.17116534486,1472.0917985839862,19448,194066.9233659485,97.69539642735973,46.849053222822846,-0.011588852980218056,1489.3516761952544,0.012124759514464234,1471.509971665672,-0.0031500458179893887,1476.1599431211844,-0.002318021856487884,1484.4846923154112,-0.0013362171714708104,1458.6112538366906,-0.00821864319038601,1549.9559239557334,0.0009574798486349234,1477.7406107735533,1486.3954051002952,0.007071277698788588,0.007071277698788588,0.6423982314330926,-1.080866453883185
2022-01-25,2419.2406610622365,19456,167530.77009784448,1480.7684372987476,9630,193818.14881749515,97.6108918945628,46.70198657781121,0.005894088074607451,1472.0917985839862,-0.011588852980218056,1489.3516761952544,0.012124759514464234,1471.509971665672,-0.0031500458179893887,1479.5896643016692,-0.003297459407349601,1471.2976155780948,0.008697561950131938,1544.7823628873011,-0.0033378762508474713,1477.976365372969,1483.1947088208676,0.0073142855166723215,0.0073142855166723215,0.6465116189615081,-0.6602158553140595
2022-01-26,2383.6878415165133,18708,173618.27933951275,1476.7466872376085,14592,193646.3532346096,97.50252201182698,46.434980352882135,-0.0027159885096387226,1480.7684372987476,0.005894088074607451,1472.0917985839862,-0.011588852980218056,1489.3516761952544,0.012124759514464234,1476.1599431211844,-0.002318021856487884,1477.5582834421232,0.004255201529412167,1521.9863833405543,-0.01475675803557186,1478.0937141962538,1480.9327240157202,0.006685152887597839,0.006685152887597839,0.6505311192796196,-0.6491934944486433
2022-01-27,2398.99100290987,8375,171832.64646486045,1480.2640152828285,9179,192392.11565053905,97.53698250230202,45.606177701180016,0.0023818086579219244,1476.7466872376085,-0.0027159885096387226,1480.7684372987476,0.005894088074607451,1472.0917985839862,-0.011588852980218056,1471.509971665672,-0.0031500458179893887,1483.802464820344,0.004226013584841093,1508.11495396824,-0.009114029878420138,1479.844522919685,1479.5401770814494,0.006486048543713168,0.006486048543713168,0.6646627602262319,-0.6331595872846395
2022-01-28,2398.4762902952134,12500,171716.2205197455,1484.7935048773509,8258,191677.0289466316,97.57491050573854,45.47576785906307,0.0030599200870642385,1480.2640152828285,0.0023818086579219244,1476.7466872376085,-0.0027159885096387226,1480.7684372987476,0.005894088074607451,1489.3516761952544,0.012124759514464234,1486.4709403107468,0.0017984034625024847,1508.5773384095717,0.0003065976105569579,1478.9328886561043,1478.3509854048384,0.006542240957271039,0.006542240957271039,0.6831510324477598,-0.3501717595100281
2022-01-31,2422.927717789838,19639,169511.0879546718,1482.4889319044528,17557,191857.604819218,97.70364361689904,45.58657527697304,-0.001552116819832472,1484.7935048773509,0.0030599200870642385,1480.2640152828285,0.0023818086579219244,1476.7466872376085,-0.0027159885096387226,1472.0917985839862,-0.011588852980218056,1484.4846923154112,-0.0013362171714708104,1492.6380927257808,-0.010565746467194659,1481.0123153201978,1477.843527363772,0.00612965385085957,0.00612965385085957,0.7076624335121671,-0.548475424626932
2022-02-01,2438.943734067915,6525,167408.006712921,1482.944077363061,9972,191498.0410285551,97.81364158193324,45.43860872332127,0.00030701440585034767,1482.4889319044528,-0.001552116819832472,1484.7935048773509,0.0030599200870642385,1480.2640152828285,0.0023818086579219244,1480.7684372987476,0.005894088074607451,1479.5896643016692,-0.003297459407349601,1475.174956061726,-0.01169951158901783,1481.4474433330604,1478.2319834288387,0.005513856890973705,0.005513856890973705,0.7415101433050648,-0.24567624089795514
2022-02-02,2432.2444890475936,19777,167707.5824424439,1469.3184650710527,11731,192635.5148987634,97.80041871628012,46.01922307838,-0.009188217209267324,1482.944077363061,0.00030701440585034767,1482.4889319044528,-0.001552116819832472,1484.7935048773509,0.0030599200870642385,1476.7466872376085,-0.0027159885096387226,1476.1599431211844,-0.002318021856487884,1476.8070919962502,0.0011064016019370904,1479.9617988997493,1477.857552082579,0.005899399923767575,0.005899399923767575,0.7773386663942515,-0.763048902382687
2022-02-03,2420.941235081013,18815,167993.8499433058,1449.4371233222143,8805,194835.7793116798,97.67599812839404,46.02323582219476,-0.013530995642851984,1469.3184650710527,-0.009188217209267324,1482.944077363061,0.00030701440585034767,1482.4889319044528,-0.001552116819832472,1480.2640152828285,0.0023818086579219244,1471.509971665672,-0.0031500458179893887,1478.2002192247442,0.0009433373092830877,1473.7964205076264,1476.4193972874523,0.006593853981563181,0.006593853981563181,0.8189634715290167,-1.4240355926894055
2022-02-04,2451.654468029408,17104,166132.62758936422,1442.0764990909431,8025,197771.4020068476,97.64408746869296,46.41054453875,-0.005078263908682157,1449.4371233222143,-0.013530995642851984,1469.3184650710527,-0.009188217209267324,1482.944077363061,0.00030701440585034767,1484.7935048773509,0.0030599200870642385,1489.3516761952544,0.012124759514464234,1470.6983992205562,-0.005074968807758928,1465.2530193503449,1474.9883022809718,0.006593962215329926,0.006593962215329926,0.8197741099373033,-1.9088215192434583
2022-02-07,2425.186105922559,10464,167463.5072630747,1432.0801572168884,15364,197514.90169984687,97.665810588174,46.48897066256899,-0.006931908175714763,1442.0764990909431,-0.005078263908682157,1449.4371233222143,-0.013530995642851984,1469.3184650710527,-0.009188217209267324,1482.4889319044528,-0.001552116819832472,1472.0917985839862,-0.011588852980218056,1458.6112538366906,-0.00821864319038601,1455.1712644128318,1473.6617474499817,0.006525348488334318,0.006525348488334318,0.8054585876116482,-1.0665986550188724
2022-02-08,2438.0749411136007,15725,165183.45624614027,1429.016856918073,11740,197654.05034372592,97.64560226363508,46.736892855536965,-0.0021390564511197807,1432.0801572168884,-0.006931908175714763,1442.0764990909431,-0.005078263908682157,1449.4371233222143,-0.013530995642851984,1482.944077363061,0.00030701440585034767,1480.7684372987476,0.005894088074607451,1471.2976155780948,0.008697561950131938,1444.3858203238342,1471.5477095169806,0.006124305166213277,0.006124305166213277,0.7754935670470497,-1.0976755452685285
2022-02-09,2461.213483054554,14642,162533.43634024588,1461.830502012313,7009,192620.8309037794,97.58781285282733,46.82066532171703,0.02296239189578797,1429.016856918073,-0.0021390564511197807,1432.0801572168884,-0.006931908175714763,1442.0764990909431,-0.005078263908682157,1469.3184650710527,-0.009188217209267324,1476.7466872376085,-0.0027159885096387226,1477.5582834421232,0.004255201529412167,1442.8882277120865,1470.76132044549,0.008137441360939354,0.008137441360939354,0.7394646471404316,1.3101339408638955
2022-02-10,2448.891310568689,6025,162184.87995981428,1443.7857594340612,10588,196755.2134379744,97.6131013343243,47.2313007112881,-0.012343936286328572,1461.830502012313,0.02296239189578797,1429.016856918073,-0.0021390564511197807,1432.0801572168884,-0.006931908175714763,1449.4371233222143,-0.013530995642851984,1480.2640152828285,0.0023818086579219244,1483.802464820344,0.004226013584841093,1441.757954934456,1468.760485176176,0.00846738637882817,0.00846738637882817,0.7216384929197657,-0.772756543241967
2022-02-11,2471.247746626583,12136,160075.9531493249,1461.9226783239585,9367,192789.2454263856,97.56270556018325,47.24808251632783,0.012562056919723785,1443.7857594340612,-0.012343936286328572,1461.830502012313,0.02296239189578797,1429.016856918073,-0.0021390564511197807,1442.0764990909431,-0.005078263908682157,1484.7935048773509,0.0030599200870642385,1486.4709403107468,0.0017984034625024847,1445.7271907810589,1467.5330720768366,0.009002021672408227,0.009002021672408227,0.7101173053967365,1.2143650933954249
2022-02-14,2469.679856658106,16701,161180.5110383664,1415.1315159080848,8048,198327.48470031648,97.49989895181068,47.39691872875446,-0.03200659180519594,1461.9226783239585,0.012562056919723785,1443.7857594340612,-0.012343936286328572,1461.830502012313,0.02296239189578797,1432.0801572168884,-0.006931908175714763,1482.4889319044528,-0.001552116819832472,1484.4846923154112,-0.0013362171714708104,1442.3374625192982,1464.06541325647,0.011393887386187705,0.011393887386187705,0.6930233600975987,-0.9833389751754855
2022-02-15,2477.6385148526715,9413,164536.5256212649,1351.696491301836,9002,205851.96387756665,97.53104423524104,47.50681860884947,-0.04482623974743638,1415.1315159080848,-0.03200659180519594,1461.9226783239585,0.012562056919723785,1443.7857594340612,-0.012343936286328572,1429.016856918073,-0.0021390564511197807,1482.944077363061,0.00030701440585034767,1479.5896643016692,-0.003297459407349601,1426.8733893960507,1457.6707546064786,0.014842267582428076,0.014842267582428076,0.5568924812395778,-1.6749501924428967
2022-02-16,2493.697646093994,14168,159837.33979302406,1362.715325173795,19731,205248.0896388608,97.49084497722812,47.42033297141128,0.00815185505242133,1351.696491301836,-0.04482623974743638,1415.1315159080848,-0.03200659180519594,1461.9226783239585,0.012562056919723785,1461.830502012313,0.02296239189578797,1469.3184650710527,-0.009188217209267324,1476.1599431211844,-0.002318021856487884,1407.050354028347,1451.9985237091091,0.015102074829238886,0.015102074829238886,0.5197840398254295,-0.5984325263858963
2022-02-17,2476.6454088400483,15159,158350.56098361692,1353.2687640705972,15825,207350.09426642372,97.51525541612595,47.54182766708868,-0.006932160318952163,1362.715325173795,0.00815185505242133,1351.696491301836,-0.04482623974743638,1415.1315159080848,-0.03200659180519594,1443.7857594340612,-0.012343936286328572,1449.4371233222143,-0.013530995642851984,1471.509971665672,-0.0031500458179893887,1388.9469549556543,1446.0864633293554,0.015116120886700229,0.015116120886700229,0.5198382967032861,-0.8991213501007703
2022-02-18,2459.718505736145,8745,159497.20317196738,1402.0630202348475,9199,200438.24617810943,97.54257581841117,48.21214354094799,0.03605658939284062,1353.2687640705972,-0.006932160318952163,1362.715325173795,0.00815185505242133,1351.696491301836,-0.04482623974743638,1461.9226783239585,0.012562056919723785,1442.0764990909431,-0.005078263908682157,1489.3516761952544,0.012124759514464234,1376.9750233378322,1441.722030531335,0.017260631390658775,0.017260631390658775,0.4793479852453627,0.6740526615725853
2022-02-21,2445.7967430483327,17420,160597.3551108215,1393.4326582216163,5327,201477.25779975223,97.428632918302,48.13102445831936,-0.0061554736760588424,1402.0630202348475,0.03605658939284062,1353.2687640705972,-0.006932160318952163,1362.715325173795,0.00815185505242133,1415.1315159080848,-0.03200659180519594,1432.0801572168884,-0.006931908175714763,1472.0917985839862,-0.011588852980218056,1372.6352518005383,1437.7890735132164,0.017158686958973993,0.017158686958973993,0.45160336218881336,-0.1694618351300723
2022-02-22,2428.3621984553643,8632,161827.2551819684,1438.9854717498906,6116,198814.6504285088,97.38050880591548,48.25686392617533,0.032691076428775334,1393.4326582216163,-0.0061554736760588424,1402.0630202348475,0.03605658939284062,1353.2687640705972,-0.006932160318952163,1351.696491301836,-0.04482623974743638,1429.016856918073,-0.0021390564511197807,1480.7684372987476,0.005894088074607451,1390.0930478901494,1435.6999252357737,0.018822529098903425,0.018822529098903425,0.37575245460178913,0.40641874964167185
2022-02-23,2415.1543101521684,5304,166541.24558622387,1466.474019716595,10784,195139.78895881624,97.52428649990712,48.63419761143616,0.01910272793322698,1438.9854717498906,0.032691076428775334,1393.4326582216163,-0.0061554736760588424,1402.0630202348475,0.03605658939284062,1362.715325173795,0.00815185505242133,1461.830502012313,0.02296239189578797,1476.7466872376085,-0.0027159885096387226,1410.8447867987093,1435.186291859723,0.019358452533821915,0.019358452533821915,0.2806092892718443,0.8340776178276417
2022-02-24,2422.647432464637,10004,162103.8180464484,1420.5123141381678,9788,197271.66013365815,97.40807854863368,48.97627359571945,-0.03134164326164435,1466.474019716595,0.01910272793322698,1438.9854717498906,0.032691076428775334,1393.4326582216163,-0.0061554736760588424,1353.2687640705972,-0.006932160318952163,1443.7857594340612,-0.012343936286328572,1480.2640152828285,0.0023818086579219244,1424.2934968122233,1432.19870680249,0.02055609521472429,0.02055609521472429,0.2442230278029407,0.13309376840882423
2022-02-25,2432.182386385337,11016,160885.4729380918,1412.7988820739513,11204,195098.0490225786,97.19641310373665,48.97978852103526,-0.005430035338268913,1420.5123141381678,-0.03134164326164435,1466.474019716595,0.01910272793322698,1438.9854717498906,0.032691076428775334,1402.0630202348475,0.03605658939284062,1461.9226783239585,0.012562056919723785,1484.7935048773509,0.0030599200870642385,1426.440669180044,1428.59897566232,0.020536873689357308,0.020536873689357308,0.20788286183694468,0.7208991668578666
2022-02-28,2440.396632962148,9817,157556.0217448221,1410.0660144295198,9462,192370.1030501898,97.0102285884124,48.26477191014805,-0.0019343642461124855,1412.7988820739513,-0.005430035338268913,1420.5123141381678,-0.03134164326164435,1466.474019716595,0.01910272793322698,1393.4326582216163,-0.0061554736760588424,1415.1315159080848,-0.03200659180519594,1482.4889319044528,-0.001552116819832472,1429.7673404216248,1424.9778297885734,0.020536337378888967,0.020536337378888967,0.19319478306305204,1.0389572473457684
2022-03-01,2438.8089052563632,15925,157005.57045271448,1393.5820637759066,8603,193474.09708158183,97.01313958307004,48.41978275574259,-0.011690197824023363,1410.0660144295198,-0.0019343642461124855,1412.7988820739513,-0.005430035338268913,1420.5123141381678,-0.03134164326164435,1438.9854717498906,0.032691076428775334,1351.696491301836,-0.04482623974743638,1482.944077363061,0.00030701440585034767,1420.686658826828,1420.5097291092156,0.020631169998259577,0.020631169998259577,0.1839093000962489,0.6108966297898527
2022-03-02,2452.3943822377587,10990,156850.8713194199,1417.7451391401023,14852,186656.58748455497,97.01623131087332,47.75394047815567,0.017338824883212034,1393.5820637759066,-0.011690197824023363,1410.0660144295198,-0.0019343642461124855,1412.7988820739513,-0.005430035338268913,1466.474019716595,0.01910272793322698,1362.715325173795,0.00815185505242133,1469.3184650710527,-0.009188217209267324,1410.9408827115296,1417.9310628126682,0.02105400177411427,0.02105400177411427,0.19119477837574866,1.8359583606907766
2022-03-03,2495.317532606977,12679,150394.7007127131,1412.2707915515948,10720,187092.56629441585,97.0044702253308,48.19492164743804,-0.003861305842196572,1417.7451391401023,0.017338824883212034,1393.5820637759066,-0.011690197824023363,1410.0660144295198,-0.0019343642461124855,1420.5123141381678,-0.03134164326164435,1353.2687640705972,-0.006932160318952163,1449.4371233222143,-0.013530995642851984,1409.292578194215,1416.072746224137,0.02087523236494343,0.02087523236494343,0.19989662798354083,1.0772803787211807
2022-03-04,2413.4590421316366,12961,158999.28882105713,1435.4898503708575,11226,180668.97279465984,97.12588920822364,48.24576380879602,0.016440939625858242,1412.2707915515948,-0.003861305842196572,1417.7451391401023,0.017338824883212034,1393.5820637759066,-0.011690197824023363,1412.7988820739513,-0.005430035338268913,1402.0630202348475,0.03605658939284062,1442.0764990909431,-0.005078263908682157,1413.8307718535962,1415.7434137881328,0.02121074349971786,0.02121074349971786,0.22579853489299093,1.8397849469709777
2022-03-07,2458.379018042212,19415,153494.6772663264,1443.2243147351614,17325,179183.63333260984,96.85860576491336,48.545666014757614,0.005388031383367631,1435.4898503708575,0.016440939625858242,1412.2707915515948,-0.003861305842196572,1417.7451391401023,0.017338824883212034,1410.0660144295198,-0.0019343642461124855,1393.4326582216163,-0.0061554736760588424,1432.0801572168884,-0.006931908175714763,1420.4624319147247,1416.3006216640465,0.021178142341631033,0.021178142341631033,0.2558853022396014,1.3363206209140737
2022-03-08,2585.2212182475023,16855,141044.2930849514,1436.285147212521,5006,178629.24437111188,96.89819915235644,48.2750326733033,-0.004808100481534461,1443.2243147351614,0.005388031383367631,1435.4898503708575,0.016440939625858242,1412.2707915515948,-0.003861305842196572,1393.5820637759066,-0.011690197824023363,1438.9854717498906,0.032691076428775334,1429.016856918073,-0.0021390564511197807,1429.0030486020473,1416.664036178769,0.021204714491762026,0.021204714491762026,0.28276780156568604,1.128683481991473
2022-03-09,2668.862636402379,7688,131371.46331109654,1417.6223143894367,14454,181919.951722906,97.0543429725368,47.80928043131328,-0.012993821497983338,1436.285147212521,-0.004808100481534461,1443.2243147351614,0.005388031383367631,1435.4898503708575,0.016440939625858242,1417.7451391401023,0.017338824883212034,1466.474019716595,0.01910272793322698,1461.830502012313,0.02296239189578797,1428.9784836519143,1414.453626797625,0.020715815094397592,0.020715815094397592,0.29855390495440426,0.5958866813317079
2022-03-10,2644.439098486553,10968,131988.5223460598,1475.0568384077774,8581,173741.53479758944,96.94156489604764,47.88750674655564,0.0405146867648436,1417.6223143894367,-0.012993821497983338,1436.285147212521,-0.004808100481534461,1443.2243147351614,0.005388031383367631,1412.2707915515948,-0.003861305842196572,1420.5123141381678,-0.03134164326164435,1443.7857594340612,-0.012343936286328572,1441.5356930231508,1416.0171807463107,0.022529139858344843,0.022529139858344843,0.37706448524024433,1.7230605821037126
2022-03-11,2584.8943151468006,13765,135187.9541295548,1472.6233653603654,11308,171960.1079902051,96.90358424486864,47.8774257145688,-0.0016497486632710556,1475.0568384077774,0.0405146867648436,1417.6223143894367,-0.012993821497983338,1436.285147212521,-0.004808100481534461,1435.4898503708575,0.016440939625858242,1412.7988820739513,-0.005430035338268913,1461.9226783239585,0.012562056919723785,1448.9623960210524,1416.5522150981312,0.02237929997588717,0.02237929997588717,0.4439036998552042,1.1990742301586712
2022-03-14,2755.8105325567067,5422,123768.79173158642,1456.7033911878057,10237,177386.93291576204,96.82829505314578,47.72996346672164,-0.010810621742826876,1472.6233653603654,-0.0016497486632710556,1475.0568384077774,0.0405146867648436,1417.6223143894367,-0.012993821497983338,1443.2243147351614,0.005388031383367631,1410.0660144295198,-0.0019343642461124855,1415.1315159080848,-0.03200659180519594,1451.6582113115812,1418.6308088621174,0.021225928287525384,0.021225928287525384,0.4978655024960348,0.3542366573701319
2022-03-15,2743.4193802332907,9042,121806.41383074169,1495.9080299885957,15601,169538.72402793364,96.73886044853802,47.75536185094148,0.026913261160751656,1456.7033911878057,-0.010810621742826876,1472.6233653603654,-0.0016497486632710556,1475.0568384077774,0.0405146867648436,1436.285147212521,-0.004808100481534461,1393.5820637759066,-0.011690197824023363,1351.696491301836,-0.04482623974743638,1463.5827878667963,1425.8413857964551,0.018889322393250113,0.018889322393250113,0.5507487536608229,1.3862353310276858
2022-03-16,2733.0307942890117,15360,123271.83723445715,1439.0919402449151,5225,175901.2686345071,96.70623424803571,48.58559261855115,-0.03798100458362652,1495.9080299885957,0.026913261160751656,1456.7033911878057,-0.010810621742826876,1472.6233653603654,-0.0016497486632710556,1417.6223143894367,-0.012993821497983338,1417.7451391401023,0.017338824883212034,1362.715325173795,0.00815185505242133,1467.8767130378917,1429.6602165500112,0.02119255918516243,0.02119255918516243,0.5512723507951134,0.25366946296879017
2022-03-17,2720.263743944445,18486,126155.9936766344,1453.6679616520212,5129,170896.8162542191,96.84898277640416,48.83595028276187,0.010128624168811218,1439.0919402449151,-0.03798100458362652,1495.9080299885957,0.026913261160751656,1456.7033911878057,-0.010810621742826876,1475.0568384077774,0.0405146867648436,1412.2707915515948,-0.003861305842196572,1353.2687640705972,-0.006932160318952163,1463.5989376867406,1434.6801764290826,0.02111738072944988,0.02111738072944988,0.5505055061334776,1.1750564305583362
2022-03-18,2683.491525255768,5024,128594.09132013602,1414.1043636975935,19555,178015.54865836733,97.03272144395292,49.15079986452086,-0.02721639260004438,1453.6679616520212,0.010128624168811218,1439.0919402449151,-0.03798100458362652,1495.9080299885957,0.026913261160751656,1472.6233653603654,-0.0016497486632710556,1435.4898503708575,0.016440939625858242,1402.0630202348475,0.03605658939284062,1451.8951373541863,1435.2822436022198,0.020766586422589318,0.020766586422589318,0.5271983668274033,0.14821094051225103
2022-03-21,2680.2303721083445,11721,130588.07095732835,1375.056300445994,7990,185077.84509904575,96.99912752144893,49.40398093198687,-0.027613282480436374,1414.1043636975935,-0.02721639260004438,1453.6679616520212,0.010128624168811218,1439.0919402449151,-0.03798100458362652,1456.7033911878057,-0.010810621742826876,1443.2243147351614,0.005388031383367631,1393.4326582216163,-0.0061554736760588424,1435.5657192058238,1434.3634257134386,0.021670361943370117,0.021670361943370117,0.47647469426408096,-0.08565092552342579
2022-03-22,2710.6150618889155,12070,127128.77053276426,1385.3590331381388,18352,183034.11121712587,97.18963354285536,49.84781957514253,0.0074925897134561215,1375.056300445994,-0.027613282480436374,1414.1043636975935,-0.02721639260004438,1453.6679616520212,0.010128624168811218,1495.9080299885957,0.026913261160751656,1436.285147212521,-0.004808100481534461,1438.9854717498906,0.032691076428775334,1413.4559198357326,1431.6821037828508,0.020334007818616332,0.020334007818616332,0.45761799604657316,0.46864999386058565
2022-03-23,2678.2947212723093,17864,130570.57238476202,1425.5269079195716,15339,172125.67568853206,97.19319119055382,49.79079807327231,0.02899455940345219,1385.3590331381388,0.0074925897134561215,1375.056300445994,-0.027613282480436374,1414.1043636975935,-0.02721639260004438,1439.0919402449151,-0.03798100458362652,1417.6223143894367,-0.012993821497983338,1466.474019716595,0.01910272793322698,1410.742913370664,1429.634748193,0.020976787160736716,0.020976787160736716,0.4500473815114489,1.6178443502824926
2022-03-24,2684.826973909552,14823,129609.43432817396,1426.968136191939,13903,173196.47303765954,97.36856029322392,49.17436968096972,0.0010110144286723521,1425.5269079195716,0.02899455940345219,1385.3590331381388,0.0074925897134561215,1375.056300445994,-0.027613282480436374,1453.6679616520212,0.010128624168811218,1475.0568384077774,0.0405146867648436,1420.5123141381678,-0.03134164326164435,1405.4029482786475,1429.9575392956883,0.019741629267808918,0.019741629267808918,0.4431304993249803,0.7532890378962206
2022-03-25,2660.7531013772423,8233,135924.4528256462,1413.9942191924622,5242,178237.30974524785,97.35923042825858,49.11779384106792,-0.00909194583286177,1426.968136191939,0.0010110144286723521,1425.5269079195716,0.02899455940345219,1385.3590331381388,0.0074925897134561215,1414.1043636975935,-0.02721639260004438,1472.6233653603654,-0.0016497486632710556,1412.7988820739513,-0.005430035338268913,1405.380919377621,1430.0173061516139,0.01981550350483233,0.01981550350483233,0.4470469296710675,0.18082918732512462
2022-03-28,2653.068660209686,14225,136075.022819251,1389.6257130228946,17417,179679.20846999148,97.3723362108632,49.36131455406687,-0.01723380890728432,1413.9942191924622,-0.00909194583286177,1426.968136191939,0.0010110144286723521,1425.5269079195716,0.02899455940345219,1375.056300445994,-0.027613282480436374,1456.7033911878057,-0.010810621742826876,1410.0660144295198,-0.0019343642461124855,1408.2948018930012,1428.9952910812829,0.020195078445543115,0.020195078445543115,0.44684370469927426,0.17894017733805284
2022-03-29,2729.0205343622,8573,129890.1336098358,1379.0433309307646,7502,181805.7122064948,97.40888365812748,49.07037443553234,-0.007615275101026886,1389.6257130228946,-0.01723380890728432,1413.9942191924622,-0.00909194583286177,1426.968136191939,0.0010110144286723521,1385.3590331381388,0.0074925897134561215,1495.9080299885957,0.026913261160751656,1393.5820637759066,-0.011690197824023363,1407.0316614515264,1428.2683544390256,0.020096943430023478,0.020096943430023478,0.4466944939580839,-0.16295440519028986
2022-03-30,2800.4683435198026,17196,125662.75762400606,1393.942250236155,11717,181058.15578413056,97.72676902606425,49.01746465038555,0.010803807952382893,1379.0433309307646,-0.007615275101026886,1389.6257130228946,-0.01723380890728432,1413.9942191924622,-0.00909194583286177,1425.5269079195716,0.02899455940345219,1439.0919402449151,-0.03798100458362652,1417.7451391401023,0.017338824883212034,1400.714729914843,1427.0782099938283,0.019846065584468987,0.019846065584468987,0.4503647546807405,-0.05640892259247288
2022-03-31,2779.986654704219,10856,126311.09504922116,1421.8673689117727,7859,176805.87922195497,97.81189758354871,48.80993372748485,0.02003319626109823,1393.942250236155,0.010803807952382893,1379.0433309307646,-0.007615275101026886,1389.6257130228946,-0.01723380890728432,1426.968136191939,0.0010110144286723521,1453.6679616520212,0.010128624168811218,1412.2707915515948,-0.003861305842196572,1399.6945764588097,1427.558038861837,0.020355839130772848,0.020355839130772848,0.4416664201916667,0.5154727992209828
2022-04-01,2656.420092578925,19168,135045.65251743744,1477.1722951142451,13563,166458.31974674325,97.74117113055355,49.26054250303779,0.03889598102585334,1421.8673689117727,0.02003319626109823,1393.942250236155,0.010803807952382893,1379.0433309307646,-0.007615275101026886,1413.9942191924622,-0.00909194583286177,1414.1043636975935,-0.02721639260004438,1435.4898503708575,0.016440939625858242,1412.3301916431665,1429.6421610990067,0.021844164568582358,0.021844164568582358,0.3957599939377976,1.8442756140935392
2022-04-04,2694.647660954427,6149,132993.90475433916,1498.7957193461568,5809,162959.4556399484,97.83807091758116,49.48537960765976,0.014638390053368422,1477.1722951142451,0.03889598102585334,1421.8673689117727,0.02003319626109823,1393.942250236155,0.010803807952382893,1389.6257130228946,-0.01723380890728432,1375.056300445994,-0.027613282480436374,1443.2243147351614,0.005388031383367631,1434.1641929078187,1432.4207313295562,0.022024484346876885,0.022024484346876885,0.3555075030691668,1.5363609611718205
2022-04-05,2747.8817074452118,9994,130963.33171348883,1502.2847975624506,7841,161089.66465868027,97.80188766387272,49.68084179385295,0.0023279211244451314,1498.7957193461568,0.014638390053368422,1477.1722951142451,0.03889598102585334,1421.8673689117727,0.02003319626109823,1379.0433309307646,-0.007615275101026886,1385.3590331381388,0.0074925897134561215,1436.285147212521,-0.004808100481534461,1458.812486234156,1435.7207138470526,0.02196404978694669,0.02196404978694669,0.34130948467193484,1.3549188510166257
2022-04-06,2830.416444071298,13777,123954.83484280355,1544.3603993865402,11733,156429.23704265806,97.7529126455826,49.86732218778924,0.028007739872199844,1502.2847975624506,0.0023279211244451314,1498.7957193461568,0.014638390053368422,1477.1722951142451,0.03889598102585334,1393.942250236155,0.010803807952382893,1425.5269079195716,0.02899455940345219,1417.6223143894367,-0.012993821497983338,1488.8961160642332,1442.0576180969078,0.02235403272196675,0.02235403272196675,0.3404387060715059,1.536982672141705
2022-04-07,2804.996807443636,15879,126132.89389002696,1568.585444804792,15588,149791.76815551493,97.8437727815718,49.8561474120236,0.01568613480886616,1544.3603993865402,0.028007739872199844,1502.2847975624506,0.0023279211244451314,1498.7957193461568,0.014638390053368422,1421.8673689117727,0.02003319626109823,1426.968136191939,0.0010110144286723521,1475.0568384077774,0.0405146867648436,1518.239731242837,1446.7340484167587,0.020891910679575684,0.020891910679575684,0.3638606053677554,1.6876579274600276
2022-04-08,2875.060508568241,13269,121033.91496741744,1511.329067115145,18286,158088.01380619462,97.84688134034892,49.91541429678185,-0.03650191825971727,1568.585444804792,0.01568613480886616,1544.3603993865402,0.028007739872199844,1502.2847975624506,0.0023279211244451314,1477.1722951142451,0.03889598102585334,1413.9942191924622,-0.00909194583286177,1472.6233653603654,-0.0016497486632710556,1525.0710856430169,1448.6693335044977,0.02270051450458353,0.02270051450458353,0.3816002849391774,0.5179593330778856
2022-04-11,2974.6023580866813,17973,115794.4430061326,1519.0210638838048,16535,157106.37837620443,97.8747389318001,49.55985892262216,0.005089557883871221,1511.329067115145,-0.03650191825971727,1568.585444804792,0.01568613480886616,1544.3603993865402,0.028007739872199844,1498.7957193461568,0.014638390053368422,1389.6257130228946,-0.01723380890728432,1456.7033911878057,-0.010810621742826876,1529.1161545505465,1451.7852171392974,0.022522812844959925,0.022522812844959925,0.40501540528323404,0.8615817063216618
2022-04-12,2950.143598448384,13718,119423.97624931308,1541.1943623917682,11307,151044.79764066447,97.87613745398664,48.90392632899699,0.014597097456483743,1519.0210638838048,0.005089557883871221,1511.329067115145,-0.03650191825971727,1568.585444804792,0.01568613480886616,1502.2847975624506,0.0023279211244451314,1379.0433309307646,-0.007615275101026886,1495.9080299885957,0.026913261160751656,1536.89806751641,1454.0495337594562,0.02197730139418375,0.02197730139418375,0.45301250226548917,1.2654301686614218
2022-04-13,2951.068216315482,17651,120474.98408474676,1440.522378959167,10990,162108.4971583105,97.90979576664718,48.948950668100494,-0.06532075764692591,1541.1943623917682,0.014597097456483743,1519.0210638838048,0.005089557883871221,1511.329067115145,-0.03650191825971727,1544.3603993865402,0.028007739872199844,1393.942250236155,0.010803807952382893,1439.0919402449151,-0.03798100458362652,1516.1304634309356,1454.121055695169,0.025191998452273753,0.025191998452273753,0.4061155476438219,0.037416988324208866
2022-04-14,2945.474541885789,6788,121681.93466598484,1441.6064605863637,15898,162871.14062361108,97.9522923563908,49.046147744982136,0.00075256146175251,1440.522378959167,-0.06532075764692591,1541.1943623917682,0.014597097456483743,1519.0210638838048,0.005089557883871221,1568.585444804792,0.01568613480886616,1421.8673689117727,0.02003319626109823,1453.6679616520212,0.010128624168811218,1490.7346665872496,1453.517980641886,0.025087583571984113,0.025087583571984113,0.35186101938956865,0.46903199308408194
2022-04-15,2948.9805939802127,16957,125311.3179707001,1446.9522864029727,17079,164476.6360859314,97.75859566312025,49.40892711550974,0.003708242133178663,1441.6064605863637,0.00075256146175251,1440.522378959167,-0.06532075764692591,1541.1943623917682,0.014597097456483743,1511.329067115145,-0.03650191825971727,1477.1722951142451,0.03889598102585334,1414.1043636975935,-0.02721639260004438,1477.8593104448153,1455.160376777155,0.024268834508095527,0.024268834508095527,0.30129951879068645,0.17941825635824832
2022-04-18,2950.4929929309365,17490,123712.0339048588,1460.9531840864572,15804,164051.22663325837,97.8252529299812,49.88032786033445,0.009676129486128282,1446.9522864029727,0.003708242133178663,1441.6064605863637,0.00075256146175251,1440.522378959167,-0.06532075764692591,1519.0210638838048,0.005089557883871221,1498.7957193461568,0.014638390053368422,1375.056300445994,-0.027613282480436374,1466.2457344853458,1459.455220959178,0.023334276970235192,0.023334276970235192,0.27095328509835553,0.038037168992671094
2022-04-19,2971.2232277947096,12825,125844.97914946926,1453.9532123617223,14231,170529.92827274365,97.72705098799815,50.35132740583414,-0.004791373057660309,1460.9531840864572,0.009676129486128282,1446.9522864029727,0.003708242133178663,1441.6064605863637,0.00075256146175251,1541.1943623917682,0.014597097456483743,1502.2847975624506,0.0023279211244451314,1385.3590331381388,0.0074925897134561215,1448.7975044793366,1462.8849299203573,0.023379668349667416,0.023379668349667416,0.22984240061923508,-0.4957163279900674
2022-04-20,2870.801279654032,14291,133923.5238755224,1470.540740911987,13729,168382.4163836684,97.58282107444222,50.05192032784598,0.011408571066273021,1453.9532123617223,-0.004791373057660309,1460.9531840864572,0.009676129486128282,1446.9522864029727,0.003708242133178663,1440.522378959167,-0.06532075764692591,1544.3603993865402,0.028007739872199844,1425.5269079195716,0.02899455940345219,1454.8011768699005,1465.1356215699782,0.02265758359323755,0.02265758359323755,0.20129856439648752,-0.34070839636991374
2022-04-21,2889.276093953229,16762,129732.15415100408,1442.878601291623,13835,169592.28745730716,97.57697995005636,49.94624081736104,-0.018810862460844735,1470.540740911987,0.011408571066273021,1453.9532123617223,-0.004791373057660309,1460.9531840864572,0.009676129486128282,1441.6064605863637,0.00075256146175251,1568.585444804792,0.01568613480886616,1426.968136191939,0.0010110144286723521,1455.0556050109524,1465.9311448249623,0.023122848906225502,0.023122848906225502,0.17282981080131007,-0.5912448524515921
2022-04-22,2835.87855469156,17723,133891.309275838,1446.177549101597,15789,168966.07563380583,97.5853780503878,50.09034110612546,0.0022863654690150614,1442.878601291623,-0.018810862460844735,1470.540740911987,0.011408571066273021,1453.9532123617223,-0.004791373057660309,1446.9522864029727,0.003708242133178663,1511.329067115145,-0.03650191825971727,1413.9942191924622,-0.00909194583286177,1454.9006575506774,1467.5403113204188,0.023006002580062464,0.023006002580062464,0.14702175498881287,-0.5585744151640114
2022-04-25,2872.1711879466698,8543,128665.27581809148,1474.9608356340011,19397,163343.83057358157,97.51602743393056,50.84991250944811,0.019903010214952666,1446.177549101597,0.0022863654690150614,1442.878601291623,-0.018810862460844735,1470.540740911987,0.011408571066273021,1460.9531840864572,0.009676129486128282,1519.0210638838048,0.005089557883871221,1389.6257130228946,-0.01723380890728432,1457.702187860186,1471.8070674509743,0.02292295768335804,0.02292295768335804,0.1258162518404779,0.08024308940096042
2022-04-26,2878.5819215900246,12937,128187.13220685133,1430.4380705416495,6245,164513.32263915922,97.59913061969738,51.29394227056228,-0.030185726981160066,1474.9608356340011,0.019903010214952666,1446.177549101597,0.0022863654690150614,1442.878601291623,-0.018810862460844735,1453.9532123617223,-0.004791373057660309,1541.1943623917682,0.014597097456483743,1379.0433309307646,-0.007615275101026886,1452.9991594961716,1474.3768044315186,0.024015007634277764,0.024015007634277764,0.12200782434190376,-0.4277911929999441
2022-04-27,2905.93998669979,12697,122447.91878628785,1424.3415568784208,6942,167249.12762206994,97.46491310306028,51.6297614191618,-0.004261990636840518,1430.4380705416495,-0.030185726981160066,1474.9608356340011,0.019903010214952666,1446.177549101597,0.0022863654690150614,1470.540740911987,0.011408571066273021,1440.522378959167,-0.06532075764692591,1393.942250236155,0.010803807952382893,1443.7593226894583,1475.896769763632,0.0239641930519394,0.0239641930519394,0.1307515375896935,-0.7262456633037677
2022-04-28,2965.336138956764,14564,120095.99634797804,1371.0276311647135,17815,172600.50627030974,97.42421872818304,51.51342503249701,-0.037430576575010366,1424.3415568784208,-0.004261990636840518,1430.4380705416495,-0.030185726981160066,1474.9608356340011,0.019903010214952666,1442.878601291623,-0.018810862460844735,1441.6064605863637,0.00075256146175251,1421.8673689117727,0.02003319626109823,1429.3891286640765,1473.354782876279,0.025028331324542467,0.025028331324542467,0.19919885410271743,-1.250614796858689
2022-04-29,3021.9290420294456,13186,115001.4121172487,1370.636219757182,8987,170576.96345660745,97.36573131468973,51.24846514315047,-0.00028548761427871217,1371.0276311647135,-0.037430576575010366,1424.3415568784208,-0.004261990636840518,1430.4380705416495,-0.030185726981160066,1446.177549101597,0.0022863654690150614,1446.9522864029727,0.003708242133178663,1477.1722951142451,0.03889598102585334,1414.2808627951933,1468.0279791084256,0.0231625094327526,0.0231625094327526,0.2735728418738253,-0.8521556882883545
2022-05-02,2951.970221402302,5816,123287.10137674706,1363.1185020772582,11094,174974.79460313468,97.3610725876558,51.48513750816544,-0.005484838042041251,1370.636219757182,-0.00028548761427871217,1371.0276311647135,-0.037430576575010366,1424.3415568784208,-0.004261990636840518,1474.9608356340011,0.019903010214952666,1460.9531840864572,0.009676129486128282,1498.7957193461568,0.014638390053368422,1391.912396083845,1461.2441182449807,0.022767958007950978,0.022767958007950978,0.3565357347598708,-1.4030412864880257
2022-05-03,2880.3102592144774,7248,126963.8347726885,1368.7835182705796,11033,172591.34566095253,97.38895901612052,51.15493912889514,0.004155923483313062,1363.1185020772582,-0.005484838042041251,1370.636219757182,-0.00028548761427871217,1371.0276311647135,-0.037430576575010366,1430.4380705416495,-0.030185726981160066,1453.9532123617223,-0.004791373057660309,1502.2847975624506,0.0023279211244451314,1379.5814856296308,1454.5690542803873,0.022800378748640635,0.022800378748640635,0.42892153342902134,-0.6948338787414889
2022-05-04,2829.698483559535,17089,130820.91983460115,1331.4432609367575,5008,176117.03334635322,97.28816972115816,51.08340822360105,-0.02727988526702929,1368.7835182705796,0.004155923483313062,1363.1185020772582,-0.005484838042041251,1370.636219757182,-0.00028548761427871217,1424.3415568784208,-0.004261990636840518,1470.540740911987,0.011408571066273021,1544.3603993865402,0.028007739872199844,1361.0018264412981,1443.9231973578983,0.022003317001979456,0.022003317001979456,0.5097141734372,-1.215601369719459
2022-05-05,2733.39367798886,17960,135107.77554239606,1272.6304478358695,14394,186309.50254389667,97.3605979889038,51.04897483890047,-0.04417222635496254,1331.4432609367575,-0.02727988526702929,1368.7835182705796,0.004155923483313062,1363.1185020772582,-0.005484838042041251,1371.0276311647135,-0.037430576575010366,1442.878601291623,-0.018810862460844735,1568.585444804792,0.01568613480886616,1341.3223897755292,1429.125447509452,0.022789933809386743,0.022789933809386743,0.582998334227347,-2.021647318257908
2022-05-06,2867.2806036187744,19793,125207.09140255024,1276.1015060827876,14806,188985.0819624252,97.36689822573726,51.52684846563732,0.002727467547881446,1272.6304478358695,-0.04417222635496254,1331.4432609367575,-0.02727988526702929,1368.7835182705796,0.004155923483313062,1370.636219757182,-0.00028548761427871217,1446.177549101597,0.0022863654690150614,1511.329067115145,-0.03650191825971727,1322.4154470406504,1417.3640694578341,0.022079396977115515,0.022079396977115515,0.6694820315799254,-1.5462078453390833
2022-05-09,2937.229707189287,11651,120667.7427993046,1298.2649680010018,19928,181400.64083328692,97.17770360040606,51.42043927474941,0.017368102625510362,1276.1015060827876,0.002727467547881446,1272.6304478358695,-0.04417222635496254,1331.4432609367575,-0.02727988526702929,1363.1185020772582,-0.005484838042041251,1474.9608356340011,0.019903010214952666,1519.0210638838048,0.005089557883871221,1309.444740225399,1406.326264663694,0.022631751987043924,0.022631751987043924,0.7142908504204224,-0.24375742309493895
2022-05-10,2986.541775329399,7232,118621.0585234526,1305.3343046237171,16454,177810.31310029063,96.98184445636636,50.68866438317762,0.005445218654863915,1298.2649680010018,0.017368102625510362,1276.1015060827876,0.002727467547881446,1272.6304478358695,-0.04417222635496254,1368.7835182705796,0.004155923483313062,1430.4380705416495,-0.030185726981160066,1541.1943623917682,0.014597097456483743,1296.7548974960268,1394.5332617752915,0.022249209075328197,0.022249209075328197,0.7320406408546766,-0.29119602778816833
2022-05-11,2921.8154645895247,10973,128216.925347818,1323.6126496084369,13963,173461.6964199454,96.98061252707345,50.83999777747636,0.01400280749534799,1305.3343046237171,0.005445218654863915,1298.2649680010018,0.017368102625510362,1276.1015060827876,0.002727467547881446,1331.4432609367575,-0.02727988526702929,1424.3415568784208,-0.004261990636840518,1440.522378959167,-0.06532075764692591,1295.1887752303624,1388.6877753077547,0.018200721027123758,0.018200721027123758,0.740907237283851,-0.10735855968251254
2022-05-12,2899.1749013397744,17071,133286.7044732214,1309.8844224299285,9878,176804.1139532171,96.9585157952948,50.63029122154519,-0.01037178602257205,1323.6126496084369,0.01400280749534799,1305.3343046237171,0.005445218654863915,1298.2649680010018,0.017368102625510362,1272.6304478358695,-0.04417222635496254,1371.0276311647135,-0.037430576575010366,1441.6064605863637,0.00075256146175251,1302.6395701491742,1382.1016733999331,0.018215772135209994,0.018215772135209994,0.7613650291398052,-0.783008424175671
2022-05-13,2891.9218174094767,13792,135530.2704046645,1239.9754738385825,8123,187663.6849141319,96.94817378393734,50.64308052887651,-0.05337031832294026,1309.8844224299285,-0.01037178602257205,1323.6126496084369,0.01400280749534799,1305.3343046237171,0.005445218654863915,1276.1015060827876,0.002727467547881446,1370.636219757182,-0.00028548761427871217,1446.9522864029727,0.003708242133178663,1295.4143637003333,1371.7528327717137,0.021087348405375947,0.021087348405375947,0.7928163715880453,-1.521132868096635
2022-05-16,2845.855873230836,13603,138220.5208617221,1231.8555140575893,9715,190792.3780531329,96.94537553828432,50.617069118623874,-0.006548484185623704,1239.9754738385825,-0.05337031832294026,1309.8844224299285,-0.01037178602257205,1323.6126496084369,0.01400280749534799,1298.2649680010018,0.017368102625510362,1363.1185020772582,-0.005484838042041251,1460.9531840864572,0.009676129486128282,1282.132472911651,1360.2979492702702,0.020701424508988497,0.020701424508988497,0.8200449036332823,-1.0731616139108335
2022-05-17,2769.567933432038,13868,143145.7406787465,1206.3873997146754,14981,191604.5114571197,96.96793152223532,50.53495791987854,-0.020674595398793794,1231.8555140575893,-0.006548484185623704,1239.9754738385825,-0.05337031832294026,1309.8844224299285,-0.01037178602257205,1305.3343046237171,0.005445218654863915,1368.7835182705796,0.004155923483313062,1453.9532123617223,-0.004791373057660309,1262.3430919298426,1347.919658637918,0.020864373534364197,0.020864373534364197,0.847241850560176,-0.9299302325708279
2022-05-18,2694.3239102542825,16959,148050.1315981682,1245.7275806949324,9558,184394.09839175892,97.06269648322017,50.77206009441396,0.032609907057684184,1206.3873997146754,-0.020674595398793794,1231.8555140575893,-0.006548484185623704,1239.9754738385825,-0.05337031832294026,1323.6126496084369,0.01400280749534799,1331.4432609367575,-0.02727988526702929,1470.540740911987,0.011408571066273021,1246.7660781471418,1336.679000627065,0.0224392368849512,0.0224392368849512,0.874003159906696,0.1989647992187016
2022-05-19,2742.991970332921,10082,142770.65107422884,1247.4036915461013,11431,186620.20801147647,96.9515859931284,50.312200630908144,0.001345487470249207,1245.7275806949324,0.032609907057684184,1206.3873997146754,-0.020674595398793794,1231.8555140575893,-0.006548484185623704,1309.8844224299285,-0.01037178602257205,1272.6304478358695,-0.04417222635496254,1442.878601291623,-0.018810862460844735,1234.269931970376,1326.9052551397892,0.022381593723709507,0.022381593723709507,0.8816757815048786,-0.4131080415405787
2022-05-20,2848.262736851183,19514,136534.64977281922,1271.6082366235332,8419,178718.93310485827,96.83438883383832,50.15709636342184,0.019403938950534494,1247.4036915461013,0.001345487470249207,1245.7275806949324,0.032609907057684184,1206.3873997146754,-0.020674595398793794,1239.9754738385825,-0.05337031832294026,1276.1015060827876,0.002727467547881446,1446.177549101597,0.0022863654690150614,1240.5964845273663,1318.176789515886,0.023072470752543192,0.023072470752543192,0.877190636626368,0.8129426181796457
2022-05-23,2965.2077637561856,15404,128374.30073546586,1213.905638695076,5475,189592.5875353523,96.7250564480496,50.36230773735705,-0.045377653483649416,1271.6082366235332,0.019403938950534494,1247.4036915461013,0.001345487470249207,1245.7275806949324,0.032609907057684184,1231.8555140575893,-0.006548484185623704,1298.2649680010018,0.017368102625510362,1474.9608356340011,0.019903010214952666,1237.0065094548638,1305.1240296689396,0.02379819892800771,0.02379819892800771,0.8862775511688944,-0.6447044181462801
2022-05-24,2988.3518201289357,14241,128117.66974943342,1226.6716494280845,5080,185407.21953760955,96.75394811476646,50.178082304753744,0.010516477002884272,1213.905638695076,-0.045377653483649416,1271.6082366235332,0.019403938950534494,1247.4036915461013,0.001345487470249207,1206.3873997146754,-0.020674595398793794,1305.3343046237171,0.005445218654863915,1430.4380705416495,-0.030185726981160066,1241.0633593975456,1294.9357086132613,0.02366885938707497,0.02366885938707497,0.8917971753219603,0.3990793933782491
2022-05-25,2999.0696527288937,9541,127160.82182540036,1187.7258709538942,10090,191912.9954143244,96.8784428526311,49.69544029197274,-0.03174914696393949,1226.6716494280845,0.010516477002884272,1213.905638695076,-0.045377653483649416,1271.6082366235332,0.019403938950534494,1245.7275806949324,0.032609907057684184,1323.6126496084369,0.01400280749534799,1424.3415568784208,-0.004261990636840518,1229.4630174493377,1283.104924317035,0.02426846832421368,0.02426846832421368,0.8976095125406879,-0.5342078112306415
2022-05-26,2954.721263453586,6230,131133.46246380467,1148.8812948932436,14319,195910.99797923223,96.83530890880716,49.89600689494976,-0.03270500122174946,1187.7258709538942,-0.03174914696393949,1226.6716494280845,0.010516477002884272,1213.905638695076,-0.045377653483649416,1247.4036915461013,0.001345487470249207,1309.8844224299285,-0.01037178602257205,1371.0276311647135,-0.037430576575010366,1209.7585381187662,1271.9976075034615,0.0239960992190361,0.0239960992190361,0.9001548155473237,-0.6382654109106747
2022-05-27,2751.9300673966427,13119,148612.11201080878,1152.8046328805897,9937,195970.64295924272,96.5851389243912,50.23293528408223,0.00341492024005019,1148.8812948932436,-0.03270500122174946,1187.7258709538942,-0.03174914696393949,1226.6716494280845,0.010516477002884272,1271.6082366235332,0.019403938950534494,1239.9754738385825,-0.05337031832294026,1370.636219757182,-0.00028548761427871217,1185.9978173701777,1261.106028159632,0.024077079698023356,0.024077079698023356,0.9058677089622378,-0.41861970425885797
2022-05-30,2654.333352468718,10155,156473.31899558194,1191.644449063316,7020,190271.92327476927,96.41473963813014,50.21943672178933,0.033691585785593725,1152.8046328805897,0.00341492024005019,1148.8812948932436,-0.03270500122174946,1187.7258709538942,-0.03174914696393949,1213.905638695076,-0.045377653483649416,1231.8555140575893,-0.006548484185623704,1363.1185020772582,-0.005484838042041251,1181.5455794438255,1252.5323255089347,0.025849719117373295,0.025849719117373295,0.9061995006181703,0.27694439293887274
2022-05-31,2568.384596144648,5200,164794.5807310178,1218.032850186078,15152,185098.83098191657,96.33143596585056,49.63118304224847,0.02214452569598624,1191.644449063316,0.033691585785593725,1152.8046328805897,0.00341492024005019,1148.8812948932436,-0.03270500122174946,1226.6716494280845,0.010516477002884272,1206.3873997146754,-0.020674595398793794,1368.7835182705796,0.004155923483313062,1179.8178195954242,1244.9947921047096,0.026539301630342602,0.026539301630342602,0.8927340252085577,0.6419762414096465
2022-06-01,2613.192834494197,8268,159524.18467093806,1267.5747298372646,11156,179828.31231253978,96.27566307710104,49.842973966258114,0.04067368104531677,1218.032850186078,0.02214452569598624,1191.644449063316,0.033691585785593725,1152.8046328805897,0.00341492024005019,1187.7258709538942,-0.03174914696393949,1245.7275806949324,0.032609907057684184,1331.4432609367575,-0.02727988526702929,1195.7875913720982,1241.801365549735,0.027915524812291898,0.027915524812291898,0.8580813326186829,1.0475251042250333
2022-06-02,2704.6419532403597,6050,152202.16571285186,1267.2787512491109,10160,177559.80385567102,96.23482421437556,49.34500760183221,-0.00023349991222354483,1267.5747298372646,0.04067368104531677,1218.032850186078,0.02214452569598624,1191.644449063316,0.033691585785593725,1148.8812948932436,-0.03270500122174946,1247.4036915461013,0.001345487470249207,1272.6304478358695,-0.04417222635496254,1219.4670826432719,1241.533780720397,0.02609848523239631,0.02609848523239631,0.8266915520213646,0.8429105680677089
2022-06-03,2710.718168401323,13815,151046.06309553233,1245.78365150149,13538,182576.57002047036,96.23868232667364,49.43764738488666,-0.01696161931732365,1267.2787512491109,-0.00023349991222354483,1267.5747298372646,0.04067368104531677,1218.032850186078,0.02214452569598624,1152.8046328805897,0.00341492024005019,1271.6082366235332,0.019403938950534494,1276.1015060827876,0.002727467547881446,1238.062886367452,1240.0178879913324,0.026364766635204758,0.026364766635204758,0.8067984280587065,0.08231691368523458
2022-06-06,2757.723845326217,6253,148650.98428807312,1274.0204368842838,12958,175423.10416334914,96.2075076935914,49.17140823746401,0.022665882112645308,1245.78365150149,-0.01696161931732365,1267.2787512491109,-0.00023349991222354483,1267.5747298372646,0.04067368104531677,1191.644449063316,0.033691585785593725,1213.905638695076,-0.045377653483649416,1298.2649680010018,0.017368102625510362,1254.5380839316454,1238.8056614354964,0.026583345108853365,0.026583345108853365,0.7837588658517985,1.1726965738348771
2022-06-07,2847.9814628691747,16007,142797.1762494889,1351.281021305677,16327,164901.25016844913,96.31244165464574,48.82345645173392,0.060643127994351564,1274.0204368842838,0.022665882112645308,1245.78365150149,-0.01696161931732365,1267.2787512491109,-0.00023349991222354483,1218.032850186078,0.02214452569598624,1226.6716494280845,0.010516477002884272,1305.3343046237171,0.005445218654863915,1281.1877181555653,1241.1029972695944,0.029902538921426483,0.029902538921426483,0.771175624907306,1.9109147598690568
2022-06-08,2761.169595532123,14280,147711.0944184913,1376.2283640423316,10108,162685.31019130122,96.2448399240776,48.690883446610016,0.01846199446548069,1351.281021305677,0.060643127994351564,1274.0204368842838,0.022665882112645308,1245.78365150149,-0.01696161931732365,1267.5747298372646,0.04067368104531677,1187.7258709538942,-0.03174914696393949,1323.6126496084369,0.01400280749534799,1302.9184449965787,1243.7337829912892,0.03001194422752843,0.03001194422752843,0.744769355656852,1.4433627125972195
2022-06-09,2825.814907569259,17268,143852.80042959898,1399.706968002916,8440,157690.53207191598,96.15860812813006,48.63589417968184,0.017060107591171825,1376.2283640423316,0.01846199446548069,1351.281021305677,0.060643127994351564,1274.0204368842838,0.022665882112645308,1267.2787512491109,-0.00023349991222354483,1148.8812948932436,-0.03270500122174946,1309.8844224299285,-0.01037178602257205,1329.4040883473397,1248.2249102699384,0.030025381937533003,0.030025381937533003,0.7647613961271893,1.5663225550901028
2022-06-10,2733.8422549037086,12729,150779.7140580293,1383.1370678657593,11127,163070.41525551377,96.20649568198208,48.4426317045659,-0.011838120775235161,1399.706968002916,0.017060107591171825,1376.2283640423316,0.01846199446548069,1351.281021305677,0.060643127994351564,1245.78365150149,-0.01696161931732365,1152.8046328805897,0.00341492024005019,1239.9754738385825,-0.05337031832294026,1356.8747716201938,1255.3829899712973,0.027167040035367327,0.027167040035367327,0.7797205279776116,0.4612456199024824
2022-06-13,2732.8653203655763,18040,147826.8349459533,1395.2335224337426,18931,161077.99246468244,96.05293147498948,48.61924268803045,0.008745665812173398,1383.1370678657593,-0.011838120775235161,1399.706968002916,0.017060107591171825,1376.2283640423316,0.01846199446548069,1274.0204368842838,0.022665882112645308,1191.644449063316,0.033691585785593725,1231.8555140575893,-0.006548484185623704,1381.1173887300852,1263.551890390105,0.027015179258364327,0.027015179258364327,0.800774434777206,0.7485097602654741
2022-06-14,2775.225142600232,10406,144810.6351930608,1495.0863938944578,15434,143915.58666843668,96.09190064552148,48.4854218744928,0.07156713901665679,1395.2335224337426,0.008745665812173398,1383.1370678657593,-0.011838120775235161,1399.706968002916,0.017060107591171825,1351.281021305677,0.060643127994351564,1218.032850186078,0.02214452569598624,1206.3873997146754,-0.020674595398793794,1409.8784632478414,1277.986840099094,0.029841224073893263,0.029841224073893263,0.8423219755857521,2.2508773948205465
2022-06-15,2980.5268326690248,11008,132571.48004347814,1475.899259939222,9210,145883.85135074062,96.1021559638941,48.77947913599434,-0.012833461687291825,1495.0863938944578,0.07156713901665679,1395.2335224337426,0.008745665812173398,1383.1370678657593,-0.011838120775235161,1376.2283640423316,0.01846199446548069,1267.5747298372646,0.04067368104531677,1245.7275806949324,0.032609907057684184,1429.8126424272195,1289.4954240613088,0.02985562048512397,0.02985562048512397,0.8981975379383814,1.1240882356084105
2022-06-16,3042.0950904302326,10567,126972.82560456492,1490.4404643329829,5838,145728.83989389677,96.08741171490227,48.86383108568739,0.009852436943670329,1475.899259939222,-0.012833461687291825,1495.0863938944578,0.07156713901665679,1395.2335224337426,0.008745665812173398,1399.706968002916,0.017060107591171825,1267.2787512491109,-0.00023349991222354483,1247.4036915461013,0.001345487470249207,1447.959341693233,1301.6472627006526,0.029802402248838587,0.029802402248838587,0.9659579917571411,1.0594865038879095
2022-06-17,2979.417664093607,5156,133649.90608582256,1502.6904172499,6134,144201.3790304514,96.24623932561722,48.654563923708494,0.008219015257613371,1490.4404643329829,0.009852436943670329,1475.899259939222,-0.012833461687291825,1495.0863938944578,0.07156713901665679,1383.1370678657593,-0.011838120775235161,1245.78365150149,-0.01696161931732365,1271.6082366235332,0.019403938950534494,1471.870011570061,1313.201371731971,0.029708746408074367,0.029708746408074367,1.036495814720946,0.9699623847677628
2022-06-20,2982.0326897847604,18481,135181.09937263426,1523.8266286287176,14906,143250.33955342462,96.18401858108776,48.39478195855881,0.014065579400911687,1502.6904172499,0.008219015257613371,1490.4404643329829,0.009852436943670329,1475.899259939222,-0.012833461687291825,1395.2335224337426,0.008745665812173398,1274.0204368842838,0.022665882112645308,1213.905638695076,-0.045377653483649416,1497.588632809056,1328.6974212286532,0.026838371267304106,0.026838371267304106,1.1071528757868905,0.3655562797597702
2022-06-21,3002.1513913666618,5869,134477.69113787013,1546.2569074472617,18291,143174.28965209826,96.39004839814017,47.90053306884458,0.014719705245424874,1523.8266286287176,0.014065579400911687,1502.6904172499,0.008219015257613371,1490.4404643329829,0.009852436943670329,1495.0863938944578,0.07156713901665679,1351.281021305677,0.060643127994351564,1226.6716494280845,0.010516477002884272,1507.8227355196168,1344.6766841296119,0.02684449450222394,0.02684449450222394,1.1862577640943859,0.2744262755729982
2022-06-22,2931.677787311609,15897,140378.31991301253,1537.830159865491,18015,145964.93973812065,96.36750525321736,47.98775302220463,-0.005449771988849217,1546.2569074472617,0.014719705245424874,1523.8266286287176,0.014065579400911687,1502.6904172499,0.008219015257613371,1475.899259939222,-0.012833461687291825,1376.2283640423316,0.01846199446548069,1187.7258709538942,-0.03174914696393949,1520.2089155048707,1362.1818985751918,0.02518236093085837,0.02518236093085837,1.2664460285544308,-0.1265046472375126
2022-06-23,2969.212236290958,12046,136470.63013991373,1536.5385020595982,9991,147246.78293117162,96.23980360872032,47.88137675802922,-0.000839922274645577,1537.830159865491,-0.005449771988849217,1546.2569074472617,0.014719705245424874,1523.8266286287176,0.014065579400911687,1490.4404643329829,0.009852436943670329,1399.706968002916,0.017060107591171825,1148.8812948932436,-0.03270500122174946,1529.4285230501937,1381.5647589335097,0.023035315096762744,0.023035315096762744,1.3329889206907513,-0.14854227264185033
2022-06-24,2955.230433419013,9071,139129.9919678504,1578.8425856974875,11796,142189.93904438565,96.2467955668198,47.169718099610165,0.027532068725374836,1536.5385020595982,-0.000839922274645577,1537.830159865491,-0.005449771988849217,1546.2569074472617,0.014719705245424874,1502.6904172499,0.008219015257613371,1383.1370678657593,-0.011838120775235161,1152.8046328805897,0.00341492024005019,1544.6589567397111,1402.8666565743545,0.023034329675146167,0.023034329675146167,1.3784494562171379,0.34216795564091695
2022-06-27,2951.9989573166763,15945,136788.05647818075,1552.9546614497183,13108,146490.78601131387,96.13917104678794,47.009003637779344,-0.01639677348602342,1578.8425856974875,0.027532068725374836,1536.5385020595982,-0.000839922274645577,1537.830159865491,-0.005449771988849217,1523.8266286287176,0.014065579400911687,1395.2335224337426,0.008745665812173398,1191.644449063316,0.033691585785593725,1550.4845633039113,1420.9321671936746,0.02373271152178377,0.02373271152178377,1.4113585055160676,-0.20726594980095983
2022-06-28,2944.3240767053726,10269,135371.46727734365,1526.590937922096,16365,152803.79227178267,96.06399546200656,46.73869342900286,-0.016976492734830595,1552.9546614497183,-0.01639677348602342,1578.8425856974875,0.027532068725374836,1536.5385020595982,-0.000839922274645577,1546.2569074472617,0.014719705245424874,1495.0863938944578,0.07156713901665679,1218.032850186078,0.02214452569598624,1546.5513693988783,1436.3600715804755,0.02458731961139443,0.02458731961139443,1.4294385005289894,-0.38013258027065205
2022-06-29,2924.924085773948,13480,138093.51862558402,1632.8135327801417,19051,137693.26768448035,96.10369879200812,47.21139670665406,0.06958157042555846,1526.590937922096,-0.016976492734830595,1552.9546614497183,-0.01639677348602342,1578.8425856974875,0.027532068725374836,1537.830159865491,-0.005449771988849217,1475.899259939222,-0.012833461687291825,1267.5747298372646,0.04067368104531677,1565.5480439818082,1454.6220117276193,0.02710509117762522,0.02710509117762522,1.4418852177314156,1.4615375363086274
2022-06-30,2912.680579018189,19294,137027.05540097706,1683.7664778223534,9728,131209.44584498124,96.15925700087314,46.70056312308606,0.031205611675361178,1632.8135327801417,0.06958157042555846,1526.590937922096,-0.016976492734830595,1552.9546614497183,-0.01639677348602342,1536.5385020595982,-0.000839922274645577,1490.4404643329829,0.009852436943670329,1267.2787512491109,-0.00023349991222354483,1594.9936391343592,1475.4463980562814,0.02720385938019978,0.02720385938019978,1.426343558668341,1.2293997307159765
2022-07-01,2907.2752465626963,16703,141731.2914133137,1682.4082658247291,5720,133147.93787948662,96.09704023084772,46.26815788316585,-0.0008066510501983926,1683.7664778223534,0.031205611675361178,1632.8135327801417,0.06958157042555846,1526.590937922096,-0.016976492734830595,1578.8425856974875,0.027532068725374836,1502.6904172499,0.008219015257613371,1245.78365150149,-0.01696161931732365,1615.7067751598076,1497.2776287724432,0.02644505268470456,0.02644505268470456,1.4222572843359513,0.6658996233461928
2022-07-04,2912.2343605508463,10729,142338.21521143924,1781.4275906881774,9903,119615.53881137684,96.19578074535237,46.60114877609756,0.05885570516672911,1682.4082658247291,-0.0008066510501983926,1683.7664778223534,0.031205611675361178,1632.8135327801417,0.06958157042555846,1552.9546614497183,-0.01639677348602342,1523.8266286287176,0.014065579400911687,1274.0204368842838,0.022665882112645308,1661.4013610074994,1522.647986462638,0.028147477955089057,0.028147477955089057,1.4026686121509784,1.9422019911109267
2022-07-05,2879.2862121592702,10892,146683.62513512047,1773.5866793163705,11166,122793.68410165384,96.31153152115446,47.00817772333675,-0.004401476328755982,1781.4275906881774,0.05885570516672911,1682.4082658247291,-0.0008066510501983926,1683.7664778223534,0.031205611675361178,1526.590937922096,-0.016976492734830595,1546.2569074472617,0.014719705245424874,1351.281021305677,0.060643127994351564,1710.8005092863543,1543.7632693631726,0.02658651195916054,0.02658651195916054,1.4039843710279702,0.902885711552005
2022-07-06,2892.815037504848,12607,147913.9677302563,1766.5203797441452,11397,123937.11003560752,96.4551616968108,46.78468284171906,-0.0039841861999938555,1773.5866793163705,-0.004401476328755982,1781.4275906881774,0.05885570516672911,1682.4082658247291,-0.0008066510501983926,1632.8135327801417,0.06958157042555846,1537.830159865491,-0.005449771988849217,1376.2283640423316,0.01846199446548069,1737.5418786791554,1563.2778701482634,0.026861307380950338,0.026861307380950338,1.4003705310626076,0.8693442159201109
2022-07-07,2891.167837105721,10926,147463.4358821475,1709.1701867804777,8243,131688.5211030988,96.50810303752336,46.59505709487638,-0.03246506160997353,1766.5203797441452,-0.0039841861999938555,1773.5866793163705,-0.004401476328755982,1781.4275906881774,0.05885570516672911,1683.7664778223534,0.031205611675361178,1536.5385020595982,-0.000839922274645577,1399.706968002916,0.017060107591171825,1742.62262047078,1578.7510310871417,0.028678349250639282,0.028678349250639282,1.3843302313190822,0.326413817432251
2022-07-08,2862.9063773609414,16007,149698.2928356945,1607.3020385990392,6544,142610.3620269486,96.64444590873194,46.77992771384238,-0.05960093908104325,1709.1701867804777,-0.03246506160997353,1766.5203797441452,-0.0039841861999938555,1773.5866793163705,-0.004401476328755982,1682.4082658247291,-0.0008066510501983926,1578.8425856974875,0.027532068725374836,1383.1370678657593,-0.011838120775235161,1727.6013750256418,1589.9592796238053,0.03237910610766736,0.03237910610766736,1.3071688824075491,-0.22969715977304628
2022-07-11,2870.123643775208,15274,150352.73575332706,1641.2472498842228,6783,138069.4638454509,96.45636606593452,46.08179777475878,0.021119373005195063,1607.3020385990392,-0.05960093908104325,1709.1701867804777,-0.03246506160997353,1766.5203797441452,-0.0039841861999938555,1781.4275906881774,0.05885570516672911,1552.9546614497183,-0.01639677348602342,1395.2335224337426,0.008745665812173398,1699.565306864851,1602.2599659963296,0.032511455859586,0.032511455859586,1.2620886587701263,0.528879099171513
2022-07-12,2856.7103339722585,8394,151505.09761952102,1693.5611111815165,9712,134221.5430604435,96.42457541107169,45.523439669407125,0.031874454809282415,1641.2472498842228,0.021119373005195063,1607.3020385990392,-0.05960093908104325,1709.1701867804777,-0.03246506160997353,1773.5866793163705,-0.004401476328755982,1526.590937922096,-0.016976492734830595,1495.0863938944578,0.07156713901665679,1683.5601932378802,1612.1837018606825,0.02954460404613124,0.02954460404613124,1.230628854590299,0.43480771932869644
2022-07-13,2855.689652160099,19660,154925.17035864765,1601.7331787659198,14331,143101.83502605147,96.33787488543936,45.43921964915191,-0.05422180032909041,1693.5611111815165,0.031874454809282415,1641.2472498842228,0.021119373005195063,1607.3020385990392,-0.05960093908104325,1766.5203797441452,-0.0039841861999938555,1632.8135327801417,0.06958157042555846,1475.899259939222,-0.012833461687291825,1650.6027530422355,1618.4753978020174,0.03230286832195985,0.03230286832195985,1.1853759120007106,-0.527260144632436
2022-07-14,2874.427154354039,14738,155846.7541461771,1629.999329182093,11520,141679.62840720854,96.34979747155208,45.904186818990645,0.017647227884703964,1601.7331787659198,-0.05422180032909041,1693.5611111815165,0.031874454809282415,1641.2472498842228,0.021119373005195063,1709.1701867804777,-0.03246506160997353,1683.7664778223534,0.031205611675361178,1490.4404643329829,0.009852436943670329,1634.7685815225582,1625.4533410444728,0.03241647281800475,0.03241647281800475,1.1473580441444284,-0.007417137377846078
2022-07-15,2850.070530282549,13309,158139.7800647843,1663.1849249106067,15295,139934.82171861446,96.2926525496324,45.77346779254062,0.020359269561887272,1629.999329182093,0.017647227884703964,1601.7331787659198,-0.05422180032909041,1693.5611111815165,0.031874454809282415,1607.3020385990392,-0.05960093908104325,1682.4082658247291,-0.0008066510501983926,1502.6904172499,0.008219015257613371,1645.9451587848719,1633.478066427508,0.032593423735994144,0.032593423735994144,1.111922592306646,0.08573487690105
2022-07-18,2830.347001988475,8512,162197.3906941196,1703.551404860269,18865,135395.63176252376,96.27603676543744,45.80374883006117,0.024270590326467723,1663.1849249106067,0.020359269561887272,1629.999329182093,0.017647227884703964,1601.7331787659198,-0.05422180032909041,1641.2472498842228,0.021119373005195063,1781.4275906881774,0.05885570516672911,1523.8266286287176,0.014065579400911687,1658.405989780081,1642.4643052390857,0.032812223486806034,0.032812223486806034,1.075019130687876,0.4428915856679273
2022-07-19,2840.5601761782427,8135,161719.86126357003,1701.5647730471037,11744,131952.27286048725,96.46425425345784,46.14388561183037,-0.001166170746299433,1703.551404860269,0.024270590326467723,1663.1849249106067,0.020359269561887272,1629.999329182093,0.017647227884703964,1693.5611111815165,0.031874454809282415,1773.5866793163705,-0.004401476328755982,1546.2569074472617,0.014719705245424874,1660.0067221531983,1650.229698519078,0.0327848760099743,0.0327848760099743,1.0420550017967378,0.5474191344427669
2022-07-20,2851.106463427928,17903,162639.26807454007,1646.1740015492155,9825,136484.39617107043,96.4472822738158,46.77595103181382,-0.0325528433447152,1701.5647730471037,-0.001166170746299433,1703.551404860269,0.024270590326467723,1663.1849249106067,0.020359269561887272,1601.7331787659198,-0.05422180032909041,1766.5203797441452,-0.0039841861999938555,1537.830159865491,-0.005449771988849217,1668.8948867098577,1655.6468906032637,0.033797411478401304,0.033797411478401304,1.0105017273797399,-0.08223342054903085
2022-07-21,2865.925241010651,14015,162022.4432744598,1650.963747108416,16103,136840.251725315,96.48866150553482,46.60289648986932,0.0029096228920473255,1646.1740015492155,-0.0325528433447152,1701.5647730471037,-0.001166170746299433,1703.551404860269,0.024270590326467723,1629.999329182093,0.017647227884703964,1709.1701867804777,-0.03246506160997353,1536.5385020595982,-0.000839922274645577,1673.0877702951225,1661.368152855705,0.03377982808491113,0.03377982808491113,0.9802414866648482,0.026513348910045698
2022-07-22,2865.287309474575,11241,161634.70122357184,1642.8707052317966,8759,140077.24364279196,96.4654345725424,46.59784547274929,-0.004902010653349609,1650.963747108416,0.0029096228920473255,1646.1740015492155,-0.0325528433447152,1701.5647730471037,-0.001166170746299433,1663.1849249106067,0.020359269561887272,1607.3020385990392,-0.05960093908104325,1578.8425856974875,0.027532068725374836,1669.02492635936,1664.5695588324204,0.033373780057030934,0.033373780057030934,0.9503922837724957,-0.3201419680415269
2022-07-25,2873.074133239205,17493,159317.90346666615,1600.0926701518342,14141,142650.4133310733,96.47300590133808,47.14446203915215,-0.026038589003829604,1642.8707052317966,-0.004902010653349609,1650.963747108416,0.0029096228920473255,1646.1740015492155,-0.0325528433447152,1703.551404860269,0.024270590326467723,1641.2472498842228,0.021119373005195063,1552.9546614497183,-0.01639677348602342,1648.3331794176731,1666.9264592675263,0.03372912688904721,0.03372912688904721,0.9227933298381256,-0.523039229914941
2022-07-26,2847.7378160643398,19651,159768.83312929946,1677.136115214382,5235,133847.7917468702,96.4736075693817,46.68780225659472,0.048149364408523354,1600.0926701518342,-0.026038589003829604,1642.8707052317966,-0.004902010653349609,1650.963747108416,0.0029096228920473255,1701.5647730471037,-0.001166170746299433,1693.5611111815165,0.031874454809282415,1526.590937922096,-0.016976492734830595,1643.4474478511288,1674.4537181321405,0.03491976365267495,0.03491976365267495,0.8984147909883969,0.4874996677722824
2022-07-27,2890.0679394469066,17221,157012.35622354626,1669.840864915365,8445,135379.6421187508,96.518439975979,46.99607657776086,-0.004349826011637914,1677.136115214382,0.048149364408523354,1600.0926701518342,-0.026038589003829604,1642.8707052317966,-0.004902010653349609,1646.1740015492155,-0.0325528433447152,1601.7331787659198,-0.05422180032909041,1632.8135327801417,0.06958157042555846,1648.180820524359,1676.3050847389018,0.03150177944595852,0.03150177944595852,0.8753908147853373,-0.6174208395985561
2022-07-28,2888.1481937225662,5961,158137.50395533183,1633.549425541119,17709,136917.85100840824,96.63497072953372,46.69058191805249,-0.021733471815642447,1669.840864915365,-0.004349826011637914,1677.136115214382,0.048149364408523354,1600.0926701518342,-0.026038589003829604,1650.963747108416,0.0029096228920473255,1629.999329182093,0.017647227884703964,1683.7664778223534,0.031205611675361178,1644.6979562108995,1673.79423212484,0.031104400449148143,0.031104400449148143,0.8791298516507247,-0.6952828329357901
2022-07-29,2914.3336201887914,17574,152178.09690676653,1647.749949162331,7648,135688.14960911215,96.79971012929406,46.72132362818344,0.008693048033430628,1633.549425541119,-0.021733471815642447,1669.840864915365,-0.004349826011637914,1677.136115214382,0.048149364408523354,1642.8707052317966,-0.004902010653349609,1663.1849249106067,0.020359269561887272,1682.4082658247291,-0.0008066510501983926,1645.6738049970063,1672.0613162917202,0.03118078179782043,0.03118078179782043,0.8857014329760277,-0.39431332426027993
2022-08-01,2904.0296481853416,13011,152234.77159331014,1595.9618026899368,19040,140646.9900709224,96.83067213748498,46.64853791396335,-0.03142961497205432,1647.749949162331,0.008693048033430628,1633.549425541119,-0.021733471815642447,1669.840864915365,-0.004349826011637914,1600.0926701518342,-0.026038589003829604,1703.551404860269,0.024270590326467723,1781.4275906881774,0.05885570516672911,1644.8476315046269,1662.7880268918082,0.028547898776256884,0.028547898776256884,0.8902389763096761,-1.221097698965647
2022-08-02,2976.1235374152025,14789,148595.74565788402,1643.9993819423737,16240,131773.88927648784,96.88962682608852,46.36113443375298,0.03009945424224525,1595.9618026899368,-0.03142961497205432,1647.749949162331,0.008693048033430628,1633.549425541119,-0.021733471815642447,1677.136115214382,0.048149364408523354,1701.5647730471037,-0.001166170746299433,1773.5866793163705,-0.004401476328755982,1638.2202848502252,1656.3086620231084,0.029614234991100157,0.029614234991100157,0.8905996770955591,0.6630782725821274
2022-08-03,2987.3567755136723,11819,147715.7237752417,1701.5357564020892,10405,128522.0282148514,96.77454037516998,46.0662038554555,0.03499780784086215,1643.9993819423737,0.03009945424224525,1595.9618026899368,-0.03142961497205432,1647.749949162331,0.008693048033430628,1669.840864915365,-0.004349826011637914,1646.1740015492155,-0.0325528433447152,1766.5203797441452,-0.0039841861999938555,1644.5592631475697,1653.0594308560053,0.030829312258845682,0.030829312258845682,0.8824354724373764,0.8824098169912464
2022-08-04,2988.451160280558,12592,145631.34921847977,1748.0057587226834,18669,121798.15884302986,96.76575270092842,46.14912816473163,0.027310623444584792,1701.5357564020892,0.03499780784086215,1643.9993819423737,0.03009945424224525,1595.9618026899368,-0.03142961497205432,1633.549425541119,-0.021733471815642447,1650.963747108416,0.0029096228920473255,1709.1701867804777,-0.03246506160997353,1667.4505297838828,1655.0012094531157,0.03055721266426482,0.03055721266426482,0.8639793894527071,1.4359418869882865
2022-08-05,3023.0305440395755,9369,141503.07430496844,1807.1516574274697,7078,112502.07389748396,96.85978164741678,46.44778996318043,0.03383621501796763,1748.0057587226834,0.027310623444584792,1701.5357564020892,0.03499780784086215,1643.9993819423737,0.03009945424224525,1647.749949162331,0.008693048033430628,1642.8707052317966,-0.004902010653349609,1607.3020385990392,-0.05960093908104325,1699.3308714369105,1664.9936903945375,0.02772372066721899,0.02772372066721899,0.8302560211230663,1.6467523619102058
2022-08-08,2989.9371083948845,9149,147307.95347948614,1790.107408401936,19296,111975.83199011098,96.94637851125847,46.40886910222388,-0.009431554322229196,1807.1516574274697,0.03383621501796763,1748.0057587226834,0.027310623444584792,1701.5357564020892,0.03499780784086215,1595.9618026899368,-0.03142961497205432,1600.0926701518342,-0.026038589003829604,1641.2472498842228,0.021119373005195063,1738.1599925793103,1672.436698320423,0.02770259835925757,0.02770259835925757,0.8188345721866973,0.8424963238939496
2022-08-09,2996.3004063762523,6866,143880.72179460188,1795.2972840983912,14228,115623.93350258756,96.967539484538,46.42990304984384,0.0028991979319767935,1790.107408401936,-0.009431554322229196,1807.1516574274697,0.03383621501796763,1748.0057587226834,0.027310623444584792,1643.9993819423737,0.03009945424224525,1677.136115214382,0.048149364408523354,1693.5611111815165,0.031874454809282415,1768.4195730105137,1677.5235069662663,0.02695511980996313,0.02695511980996313,0.8154557377095968,0.3279754722835196
2022-08-10,3014.967766778989,8777,142184.91720772168,1846.8516047107496,13520,112197.9915128405,97.0561788804948,46.60125526973116,0.028716314043915725,1795.2972840983912,0.0028991979319767935,1790.107408401936,-0.009431554322229196,1807.1516574274697,0.03383621501796763,1701.5357564020892,0.03499780784086215,1669.840864915365,-0.004349826011637914,1601.7331787659198,-0.05422180032909041,1797.4827426722459,1689.7794282635082,0.023845672488263754,0.023845672488263754,0.8160395362896752,0.6794559611708753
2022-08-11,3030.118772107829,6205,143061.5262682443,1885.6494271810425,19307,109482.84800886874,97.10525555139418,46.30976963782727,0.02100754731529686,1846.8516047107496,0.028716314043915725,1795.2972840983912,0.0028991979319767935,1790.107408401936,-0.009431554322229196,1748.0057587226834,0.027310623444584792,1633.549425541119,-0.021733471815642447,1629.999329182093,0.017647227884703964,1825.0114763639176,1702.5619331634557,0.02393324626201267,0.02393324626201267,0.8214452356508,0.6606930673130096
2022-08-12,3038.548851177779,12283,138728.44502656313,1907.8892004059744,12209,105899.4743540036,97.22528617722011,46.53167739035115,0.011794224792982533,1885.6494271810425,0.02100754731529686,1846.8516047107496,0.028716314043915725,1795.2972840983912,0.0028991979319767935,1807.1516574274697,0.03383621501796763,1647.749949162331,0.008693048033430628,1663.1849249106067,0.020359269561887272,1845.158984959619,1714.797146938224,0.02376865000394989,0.02376865000394989,0.8468376495846122,0.7617404749599522
2022-08-15,3056.493294596368,17261,139151.02106267898,1854.8249101000492,10234,112682.1934512816,97.2542220929158,46.77748031946908,-0.02781308804234217,1907.8892004059744,0.011794224792982533,1885.6494271810425,0.02100754731529686,1846.8516047107496,0.028716314043915725,1790.107408401936,-0.009431554322229196,1595.9618026899368,-0.03142961497205432,1703.551404860269,0.024270590326467723,1858.1024852992414,1722.360822200213,0.024632145742512122,0.024632145742512122,0.8553055955033705,-0.1082744063472677
2022-08-16,3012.3323609762647,14821,139180.93983101944,1871.4621703904209,15114,111427.40811533143,97.21865226135871,47.5585682090942,0.008969720106613233,1854.8249101000492,-0.02781308804234217,1907.8892004059744,0.011794224792982533,1885.6494271810425,0.02100754731529686,1795.2972840983912,0.0028991979319767935,1643.9993819423737,0.03009945424224525,1701.5647730471037,-0.001166170746299433,1873.3354625576474,1730.8556920673789,0.024612615269058023,0.024612615269058023,0.8698438744907294,0.40001987972340414
2022-08-17,2982.7065657163703,7624,143412.35121417858,1867.651285299759,11612,113698.30071782916,97.25223638705202,47.44573695192632,-0.0020363142525434696,1871.4621703904209,0.008969720106613233,1854.8249101000492,-0.02781308804234217,1907.8892004059744,0.011794224792982533,1846.8516047107496,0.028716314043915725,1701.5357564020892,0.03499780784086215,1646.1740015492155,-0.0325528433447152,1877.4953986754492,1741.9295562549057,0.02305498190337028,0.02305498190337028,0.8592960873314731,0.025552500268201495
2022-08-18,2976.578127802036,9092,149356.40502911722,1810.458569255196,10839,117316.49359082054,96.95917694946674,47.30831241142589,-0.030622802283662653,1867.651285299759,-0.0020363142525434696,1871.4621703904209,0.008969720106613233,1854.8249101000492,-0.02781308804234217,1885.6494271810425,0.02100754731529686,1748.0057587226834,0.027310623444584792,1650.963747108416,0.0029096228920473255,1862.4572270902797,1749.904297362245,0.02450953678954193,0.02450953678954193,0.8146049542422428,-0.17799456602835878
2022-08-19,2971.177340980189,5482,147358.6338746805,1869.3796438758693,7938,112591.59139942548,96.99746552310523,47.53900217289801,0.03254483456360613,1810.458569255196,-0.030622802283662653,1867.651285299759,-0.0020363142525434696,1871.4621703904209,0.008969720106613233,1907.8892004059744,0.011794224792982533,1807.1516574274697,0.03383621501796763,1642.8707052317966,-0.004902010653349609,1854.7553157842588,1761.2297442944487,0.025143000835807488,0.025143000835807488,0.7914242547758823,0.47118176516843946
2022-08-22,2985.020112914354,14694,146452.53865975424,1777.0657122534428,18142,124810.4223975614,96.63262424058377,47.78473342357165,-0.049382120921691364,1869.3796438758693,0.03254483456360613,1810.458569255196,-0.030622802283662653,1867.651285299759,-0.0020363142525434696,1854.8249101000492,-0.02781308804234217,1790.107408401936,-0.009431554322229196,1600.0926701518342,-0.026038589003829604,1839.2034762149374,1770.078396399529,0.027203938558797915,0.027203938558797915,0.7471713000314549,-0.7271327662706442
2022-08-23,2987.277813522167,13384,147205.58941360202,1815.9321530405127,10751,118927.78376001952,96.46027789984322,47.62420727755864,0.021871133137662424,1777.0657122534428,-0.049382120921691364,1869.3796438758693,0.03254483456360613,1810.458569255196,-0.030622802283662653,1871.4621703904209,0.008969720106613233,1795.2972840983912,0.0028991979319767935,1677.136115214382,0.048149364408523354,1828.0974727449561,1777.0181982908357,0.025630350267354187,0.025630350267354187,0.7160126496091784,0.4878146605582848
2022-08-24,3014.848942990674,19901,144380.96107703244,1860.886262021347,12922,112441.69536858649,96.50545475993732,47.50325847447962,0.0247553901755444,1815.9321530405127,0.021871133137662424,1777.0657122534428,-0.049382120921691364,1869.3796438758693,0.03254483456360613,1867.651285299759,-0.0020363142525434696,1846.8516047107496,0.028716314043915725,1669.840864915365,-0.004349826011637914,1826.7444680892736,1786.5704681461345,0.02593798355289819,0.02593798355289819,0.7030787944298003,0.8340258887347626
2022-08-25,3060.7671319581714,8337,142617.26611414834,1855.6092479908184,14936,113161.99649170348,96.553207693664,47.66559772594504,-0.0028357531237811484,1860.886262021347,0.0247553901755444,1815.9321530405127,0.021871133137662424,1777.0657122534428,-0.049382120921691364,1810.458569255196,-0.030622802283662653,1885.6494271810425,0.02100754731529686,1633.549425541119,-0.021733471815642447,1835.774603836398,1797.6734592686196,0.025218237565698878,0.025218237565698878,0.6895489652125872,0.3795892828931113
2022-08-26,3024.399922772755,9172,143775.28560500228,1843.993813208798,12895,112127.77610003317,96.43696481565,47.41732245372464,-0.006259634022948046,1855.6092479908184,-0.0028357531237811484,1860.886262021347,0.0247553901755444,1815.9321530405127,0.021871133137662424,1869.3796438758693,0.03254483456360613,1907.8892004059744,0.011794224792982533,1647.749949162331,0.008693048033430628,1830.6974377029837,1807.485652470943,0.025377101166646085,0.025377101166646085,0.6771144589814134,0.5168611640568406
2022-08-29,3025.9922851873607,10546,142733.5688155525,1776.7641338188546,19234,119235.71903926178,96.36575461146212,47.29416225732014,-0.0364587337052692,1843.993813208798,-0.006259634022948046,1855.6092479908184,-0.0028357531237811484,1860.886262021347,0.0247553901755444,1777.0657122534428,-0.049382120921691364,1854.8249101000492,-0.02781308804234217,1595.9618026899368,-0.03142961497205432,1830.637122016066,1816.525769027389,0.025788557491040545,0.025788557491040545,0.6563466296299575,-0.40660473587775686
2022-08-30,3012.738776378932,19437,142180.8625054492,1707.2560480717293,15434,126792.17424516316,96.50280871032352,47.32104008753066,-0.039120603812352606,1776.7641338188546,-0.0364587337052692,1843.993813208798,-0.006259634022948046,1855.6092479908184,-0.0028357531237811484,1815.9321530405127,0.021871133137662424,1871.4621703904209,0.008969720106613233,1643.9993819423737,0.03009945424224525,1808.9019010223096,1819.6886023338568,0.02695968408193604,0.02695968408193604,0.6215966782283714,-1.0819166789816936
2022-08-31,3033.209163182972,17152,140927.5587675916,1765.7715876000757,8116,122903.3105090208,96.45440569716628,47.61982169297734,0.03427461252483899,1707.2560480717293,-0.039120603812352606,1776.7641338188546,-0.0364587337052692,1843.993813208798,-0.006259634022948046,1860.886262021347,0.0247553901755444,1867.651285299759,-0.0020363142525434696,1701.5357564020892,0.03499780784086215,1789.8789661380554,1822.900393893756,0.02691387712817396,0.02691387712817396,0.6038198974694361,-0.24119913771725204
2022-09-01,3007.3689497763635,11415,143800.43085905316,1826.057590865782,9210,114358.44835570408,96.67869772840656,47.43844210812348,0.034141450507561455,1765.7715876000757,0.03427461252483899,1707.2560480717293,-0.039120603812352606,1776.7641338188546,-0.0364587337052692,1855.6092479908184,-0.0028357531237811484,1810.458569255196,-0.030622802283662653,1748.0057587226834,0.027310623444584792,1783.9686347130478,1826.802985500911,0.027290007404996763,0.027290007404996763,0.5714115728728195,0.7753800660401142
2022-09-02,3004.5759326545312,14021,146122.4869491909,1842.1416141396105,8077,112321.90847883571,96.67850574308892,46.88572676951428,0.00880805915119165,1826.057590865782,0.034141450507561455,1765.7715876000757,0.03427461252483899,1707.2560480717293,-0.039120603812352606,1843.993813208798,-0.006259634022948046,1869.3796438758693,0.03254483456360613,1807.1516574274697,0.03383621501796763,1783.5981948992103,1828.5524833365175,0.026336672321924146,0.026336672321924146,0.5329412484694179,0.4863744785288504
2022-09-05,3022.2932149697845,11099,144892.6683192475,1842.9223580695696,9903,115237.98613706196,96.71930936077705,46.31074752925882,0.0004238240556351247,1842.1416141396105,0.00880805915119165,1826.057590865782,0.034141450507561455,1765.7715876000757,0.03427461252483899,1776.7641338188546,-0.0364587337052692,1777.0657122534428,-0.049382120921691364,1790.107408401936,-0.009431554322229196,1796.8298397493534,1831.1932308198998,0.02621741728924894,0.02621741728924894,0.5016102939815203,-0.03591790210723783
2022-09-06,3010.1582115689484,7237,143730.83990875067,1864.426203989757,18529,109843.75269797337,96.88099680062692,45.93292360924698,0.011668340679697575,1842.9223580695696,0.0004238240556351247,1842.1416141396105,0.00880805915119165,1826.057590865782,0.034141450507561455,1707.2560480717293,-0.039120603812352606,1815.9321530405127,0.021871133137662424,1795.2972840983912,0.0028991979319767935,1828.263870932959,1834.649676814468,0.026310214598782865,0.026310214598782865,0.4889901789621701,0.8900546333975852
2022-09-07,2972.021019351956,7198,145485.67250794687,1854.829931693032,10740,113328.1243269304,96.89409951224626,45.538973293787,-0.005147037880174343,1864.426203989757,0.011668340679697575,1842.9223580695696,0.0004238240556351247,1842.1416141396105,0.00880805915119165,1765.7715876000757,0.03427461252483899,1860.886262021347,0.0247553901755444,1846.8516047107496,0.028716314043915725,1846.0755397515502,1835.048593163582,0.02559539415849957,0.02559539415849957,0.4758743694282359,0.09507814500681772
2022-09-08,2866.9322883862687,6930,151695.4233774016,1891.2133545080055,14045,108854.50694057852,96.79386511417717,45.49259006620103,0.019615503391064992,1854.829931693032,-0.005147037880174343,1864.426203989757,0.011668340679697575,1842.9223580695696,0.0004238240556351247,1826.057590865782,0.034141450507561455,1855.6092479908184,-0.0028357531237811484,1885.6494271810425,0.02100754731529686,1859.106692479995,1835.3267895299305,0.025538605541536218,0.025538605541536218,0.45992581682873196,0.9468888642635274
2022-09-09,2829.492495992223,9584,153629.7374267105,1861.0763887844348,9721,113613.71391418092,96.78289236900774,45.135926020121744,-0.015935254291502554,1891.2133545080055,0.019615503391064992,1854.829931693032,-0.005147037880174343,1864.426203989757,0.011668340679697575,1842.1416141396105,0.00880805915119165,1843.993813208798,-0.006259634022948046,1907.8892004059744,0.011794224792982533,1862.8936474089599,1832.9861489488533,0.025643359308299894,0.025643359308299894,0.4518109276006429,0.08226852335826704
2022-09-12,2875.5065386935566,13951,151627.82621135982,1858.8446520879295,12952,114196.57125780363,96.77933129538872,44.92509953217538,-0.0011991644781238486,1861.0763887844348,-0.015935254291502554,1891.2133545080055,0.019615503391064992,1854.829931693032,-0.005147037880174343,1842.9223580695696,0.0004238240556351247,1776.7641338188546,-0.0364587337052692,1854.8249101000492,-0.02781308804234217,1866.078106212632,1833.1871360482469,0.02485309351857179,0.02485309351857179,0.4465167794826508,0.10923941207494269
2022-09-13,2898.0488091448674,14457,149882.7196893431,1794.8042236135889,5885,122712.25683205052,96.64285713016858,44.69287376668077,-0.034451737751407974,1858.8446520879295,-0.0011991644781238486,1861.0763887844348,-0.015935254291502554,1891.2133545080055,0.019615503391064992,1864.426203989757,0.011668340679697575,1707.2560480717293,-0.039120603812352606,1871.4621703904209,0.008969720106613233,1852.1537101373983,1829.3542387094058,0.025938296088680698,0.025938296088680698,0.4422812032695648,-0.9089625084137811
2022-09-14,2893.8753563690266,17636,150474.28378313695,1840.2864134978736,6584,111275.43697469556,96.61727392303447,44.560721408426375,0.025341031231090216,1794.8042236135889,-0.034451737751407974,1858.8446520879295,-0.0011991644781238486,1861.0763887844348,-0.015935254291502554,1854.829931693032,-0.005147037880174343,1765.7715876000757,0.03427461252483899,1867.651285299759,-0.0020363142525434696,1849.2450064983664,1827.9859951193116,0.026636364339890844,0.026636364339890844,0.4421590455636821,1.4644820077592904
2022-09-15,2868.345872644863,15457,152449.07557062502,1784.2508779143354,19228,116331.05466931657,96.54305471363476,44.95747270788331,-0.03044935569405749,1840.2864134978736,0.025341031231090216,1794.8042236135889,-0.034451737751407974,1858.8446520879295,-0.0011991644781238486,1891.2133545080055,0.019615503391064992,1826.057590865782,0.034141450507561455,1810.458569255196,-0.030622802283662653,1827.8525111796328,1826.6756105522684,0.026626032128977288,0.026626032128977288,0.4491899655389075,0.16823683976490234
2022-09-16,3017.50466750743,12093,141954.0737174685,1790.4715169951724,17572,111625.63953821642,96.6354904893535,45.156056984712464,0.0034864150315612186,1784.2508779143354,-0.03044935569405749,1840.2864134978736,0.025341031231090216,1794.8042236135889,-0.034451737751407974,1861.0763887844348,-0.015935254291502554,1842.1416141396105,0.00880805915119165,1869.3796438758693,0.03254483456360613,1813.73153682178,1822.7302042082333,0.025503440150812615,0.025503440150812615,0.4615423945407249,1.0632412488785565
2022-09-19,3036.2108226291152,17787,139957.07732904053,1753.618259811761,16283,115531.17327330937,96.63895167677202,45.16089580929527,-0.020582989918353833,1790.4715169951724,0.0034864150315612186,1784.2508779143354,-0.03044935569405749,1840.2864134978736,0.025341031231090216,1858.8446520879295,-0.0011991644781238486,1842.9223580695696,0.0004238240556351247,1777.0657122534428,-0.049382120921691364,1792.686258366546,1821.5578315861494,0.02340469488376992,0.02340469488376992,0.49374719928548705,-0.21372862903272938
2022-09-20,3011.7603947141743,15114,143232.01447763917,1631.2288798366449,7360,128521.78688159828,96.61067210185726,45.022587925121016,-0.0697924872134108,1753.618259811761,-0.020582989918353833,1790.4715169951724,0.0034864150315612186,1784.2508779143354,-0.03044935569405749,1794.8042236135889,-0.034451737751407974,1864.426203989757,0.011668340679697575,1815.9321530405127,0.021871133137662424,1759.9711896111573,1812.3226679259558,0.027440383652011787,0.027440383652011787,0.5495224755722122,-1.3860919452002474
2022-09-21,3010.441296195391,8254,143310.698104143,1543.8461789788323,10316,139578.28806164936,96.600053908795,44.8926181281341,-0.05356863278840629,1631.2288798366449,-0.0697924872134108,1753.618259811761,-0.020582989918353833,1790.4715169951724,0.0034864150315612186,1840.2864134978736,0.025341031231090216,1854.829931693032,-0.005147037880174343,1860.886262021347,0.0247553901755444,1700.6831427073491,1796.4706637738302,0.028539467058306747,0.028539467058306747,0.5566333529316473,-1.518806919184874
2022-09-22,3022.510172703648,16877,142450.17626055097,1536.2488072141678,5837,144005.38240881872,96.62236611063562,44.99094206911969,-0.004921067829237846,1543.8461789788323,-0.05356863278840629,1631.2288798366449,-0.0697924872134108,1753.618259811761,-0.020582989918353833,1784.2508779143354,-0.03044935569405749,1891.2133545080055,0.019615503391064992,1855.6092479908184,-0.0028357531237811484,1651.0827285673156,1780.5026417349975,0.028519940405966136,0.028519940405966136,0.5866192914033683,-1.08700226227148
2022-09-23,3108.20319581091,18466,134709.1447828276,1578.9429153504489,17974,139566.6900242592,96.6840475306046,45.166192791125376,0.02779114160140672,1536.2488072141678,-0.004921067829237846,1543.8461789788323,-0.05356863278840629,1631.2288798366449,-0.0697924872134108,1790.4715169951724,0.0034864150315612186,1861.0763887844348,-0.015935254291502554,1843.993813208798,-0.006259634022948046,1608.7770082383709,1767.2500968420802,0.02968509528881646,0.02968509528881646,0.6263023423203881,-0.3055748776479326
2022-09-26,3117.0496627687176,7417,132976.5323313981,1600.716486316899,14292,137729.5207579109,96.58407630773766,44.8939075392952,0.01378996717029346,1578.9429153504489,0.02779114160140672,1536.2488072141678,-0.004921067829237846,1543.8461789788323,-0.05356863278840629,1753.618259811761,-0.020582989918353833,1858.8446520879295,-0.0011991644781238486,1776.7641338188546,-0.0364587337052692,1578.1966535393985,1758.4477144669822,0.029210296016391964,0.029210296016391964,0.6499153533066541,-0.34234946545576594
2022-09-27,2962.9772761068857,12733,141921.89945811272,1595.446407704846,10823,139796.99748232448,96.47991754447554,44.904851765979465,-0.0032923248164818952,1600.716486316899,0.01378996717029346,1578.9429153504489,0.02779114160140672,1536.2488072141678,-0.004921067829237846,1631.2288798366449,-0.0697924872134108,1794.8042236135889,-0.034451737751407974,1707.2560480717293,-0.039120603812352606,1571.040159113039,1752.8572324486381,0.028070546596337412,0.028070546596337412,0.6940108236426293,-0.6467515899922452
2022-09-28,2880.6560023268075,14834,148779.41812235222,1569.2547568851649,15081,142719.06521270383,96.5903854660158,44.29536589538056,-0.016416503050929565,1595.446407704846,-0.0032923248164818952,1600.716486316899,0.01378996717029346,1578.9429153504489,0.02779114160140672,1543.8461789788323,-0.05356863278840629,1840.2864134978736,0.025341031231090216,1765.7715876000757,0.03427461252483899,1576.1218746943055,1743.0313909128927,0.02678696067030069,0.02678696067030069,0.7664236607268392,-0.7397140892652163
2022-09-29,2969.393578537128,10918,139202.97900448,1500.3657211170812,5378,154607.59426714457,96.54915177879532,44.35888003063174,-0.04389920468033015,1569.2547568851649,-0.016416503050929565,1595.446407704846,-0.0032923248164818952,1600.716486316899,0.01378996717029346,1536.2488072141678,-0.004921067829237846,1784.2508779143354,-0.03044935569405749,1826.057590865782,0.034141450507561455,1568.945257474888,1726.7467974254573,0.026384235602870253,0.026384235602870253,0.83740336159464,-1.3625655345562873
2022-09-30,3119.371506596801,19651,130743.8802636024,1492.0089797997746,5887,157030.26811922644,96.40746756953564,44.58752480321934,-0.005569802881849828,1500.3657211170812,-0.04389920468033015,1569.2547568851649,-0.016416503050929565,1595.446407704846,-0.0032923248164818952,1578.9429153504489,0.02779114160140672,1790.4715169951724,0.0034864150315612186,1842.1416141396105,0.00880805915119165,1551.5584703647532,1709.2401657084658,0.02605477935305775,0.02605477935305775,0.9054505070782384,-0.8679602916091225
2022-10-03,3055.477185871668,9683,135348.15548388366,1567.9277966499276,9815,146902.82583792266,96.45184884047394,44.50350421515508,0.05088361925297602,1492.0089797997746,-0.005569802881849828,1500.3657211170812,-0.04389920468033015,1569.2547568851649,-0.016416503050929565,1600.716486316899,0.01378996717029346,1753.618259811761,-0.020582989918353833,1842.9223580695696,0.0004238240556351247,1545.0007324313588,1695.4904376374839,0.029365857476217883,0.029365857476217883,0.9398704246775074,0.2578667664992278
2022-10-04,3070.3017408923783,15297,133166.72528341846,1556.0935021885457,16536,150919.54164031774,96.4981858210772,45.04846231399711,-0.007547729230049538,1567.9277966499276,0.05088361925297602,1492.0089797997746,-0.005569802881849828,1500.3657211170812,-0.04389920468033015,1595.446407704846,-0.0032923248164818952,1631.2288798366449,-0.0697924872134108,1864.426203989757,0.011668340679697575,1537.1301513280987,1680.0738025474232,0.02901337338053745,0.02901337338053745,0.971703492047958,-0.4993420399561119
2022-10-05,3151.583316972389,18158,126397.7574464382,1542.784973778888,16491,151925.67829656426,96.34511429535154,44.784090779766295,-0.008552524890657387,1556.0935021885457,-0.007547729230049538,1567.9277966499276,0.05088361925297602,1492.0089797997746,-0.005569802881849828,1569.2547568851649,-0.016416503050929565,1543.8461789788323,-0.05356863278840629,1854.829931693032,-0.005147037880174343,1531.8361947068433,1664.471554651716,0.029002074397263475,0.029002074397263475,1.0025928494922571,-0.3560001911295365
2022-10-06,3181.5255867830037,15595,125809.32194617184,1574.7359168439054,10212,146784.1503344985,96.3680624668979,44.84932290435727,0.02070991331135219,1542.784973778888,-0.008552524890657387,1556.0935021885457,-0.007547729230049538,1567.9277966499276,0.05088361925297602,1500.3657211170812,-0.04389920468033015,1536.2488072141678,-0.004921067829237846,1891.2133545080055,0.019615503391064992,1546.7102338522084,1648.647682768511,0.0290594133314815,0.0290594133314815,1.0145085153280686,0.11319215461432311
2022-10-07,3066.3896634470548,10439,133775.2465152951,1563.4402447989607,6145,146541.55125918234,96.44162077614074,44.83857548035749,-0.007173057986499476,1574.7359168439054,0.02070991331135219,1542.784973778888,-0.008552524890657387,1556.0935021885457,-0.007547729230049538,1492.0089797997746,-0.005569802881849828,1578.9429153504489,0.02779114160140672,1861.0763887844348,-0.015935254291502554,1560.9964868520453,1633.7658755692373,0.02901074140836621,0.02901074140836621,1.0179091576672488,-0.0936148771614404
2022-10-10,3034.247972094643,6646,132126.79190745953,1535.7143995238775,14454,147340.8903534806,96.47905942131136,44.80848618012446,-0.017733869501772026,1563.4402447989607,-0.007173057986499476,1574.7359168439054,0.02070991331135219,1542.784973778888,-0.008552524890657387,1567.9277966499276,0.05088361925297602,1600.716486316899,0.01378996717029346,1858.8446520879295,-0.0011991644781238486,1554.5538074268354,1617.6093629410348,0.02903420264699765,0.02903420264699765,1.0240407717354532,-0.12993529886617347
2022-10-11,2935.277408888094,8193,137503.34861641392,1550.511669335775,12139,143055.20851667097,96.5422575696875,44.774189529723046,0.009635430791353539,1535.7143995238775,-0.017733869501772026,1563.4402447989607,-0.007173057986499476,1574.7359168439054,0.02070991331135219,1556.0935021885457,-0.007547729230049538,1595.446407704846,-0.0032923248164818952,1794.8042236135889,-0.034451737751407974,1553.4374408562812,1605.394735227144,0.028679363038868776,0.028679363038868776,1.0237536295211191,0.1821776263376366
2022-10-12,2855.4830423719377,13642,141286.10389096156,1573.7005418216334,13230,142504.45824167688,96.40183065987844,44.80632103872588,0.014955625903668501,1550.511669335775,0.009635430791353539,1535.7143995238775,-0.017733869501772026,1563.4402447989607,-0.007173057986499476,1542.784973778888,-0.008552524890657387,1569.2547568851649,-0.016416503050929565,1840.2864134978736,0.025341031231090216,1559.6205544648303,1592.0654416433322,0.02815422391780141,0.02815422391780141,0.9991218398145669,-0.378442754678474
2022-10-13,2806.2055867277845,9768,144734.29432895908,1585.861267137808,12806,140198.19997929188,96.43493467537805,45.06070866176499,0.007727471010525289,1573.7005418216334,0.014955625903668501,1550.511669335775,0.009635430791353539,1535.7143995238775,-0.017733869501772026,1574.7359168439054,0.02070991331135219,1500.3657211170812,-0.04389920468033015,1784.2508779143354,-0.03044935569405749,1561.845624523611,1582.1459611045057,0.02780210601433109,0.02780210601433109,0.970244475412332,-0.11958653018727783
2022-10-14,2803.9271012629547,7203,143729.76920099885,1583.6731520827716,6819,140517.11297820506,96.404672699431,45.47402953264742,-0.0013797644853168478,1585.861267137808,0.007727471010525289,1573.7005418216334,0.014955625903668501,1550.511669335775,0.009635430791353539,1563.4402447989607,-0.007173057986499476,1492.0089797997746,-0.005569802881849828,1790.4715169951724,0.0034864150315612186,1565.892205980373,1571.8060428588856,0.027740514943984416,0.027740514943984416,0.9375250144911886,-0.2044820946021531
2022-10-17,2756.5475003131264,18061,148142.019050858,1571.0282323194028,15333,143672.30249858132,96.35639368355854,45.473354459296175,-0.007984551450366362,1583.6731520827716,-0.0013797644853168478,1585.861267137808,0.007727471010525289,1573.7005418216334,0.014955625903668501,1535.7143995238775,-0.017733869501772026,1567.9277966499276,0.05088361925297602,1753.618259811761,-0.020582989918353833,1572.9549725394781,1562.6765414842678,0.027528116899891906,0.027528116899891906,0.8925289384874769,-0.4479864487265004
2022-10-18,2770.966286782164,15659,146123.2113782308,1540.891243973661,12775,147278.47184968868,96.44344924450051,45.717949280947664,-0.019182970570330804,1571.0282323194028,-0.007984551450366362,1583.6731520827716,-0.0013797644853168478,1585.861267137808,0.007727471010525289,1550.511669335775,0.009635430791353539,1556.0935021885457,-0.007547729230049538,1631.2288798366449,-0.0697924872134108,1571.0308874670554,1558.1596596911183,0.02326620042536872,0.02326620042536872,0.8643999360542192,-0.922043011367525
2022-10-19,2795.817202239207,14286,143868.34231551143,1522.3684168051911,8520,147765.0127989201,96.59137669556792,45.50741919706763,-0.012020853023152367,1540.891243973661,-0.019182970570330804,1571.0282323194028,-0.007984551450366362,1583.6731520827716,-0.0013797644853168478,1573.7005418216334,0.014955625903668501,1542.784973778888,-0.008552524890657387,1543.8461789788323,-0.05356863278840629,1560.764462463767,1557.0857715824363,0.02011613515218663,0.02011613515218663,0.8310379815937751,-0.7979949393196133
2022-10-20,2847.768864768874,12174,142746.0715793721,1518.8356850854718,7843,146573.63569660392,96.77081370102796,45.73720583288549,-0.0023205497964369215,1522.3684168051911,-0.012020853023152367,1540.891243973661,-0.019182970570330804,1571.0282323194028,-0.007984551450366362,1585.861267137808,0.007727471010525289,1574.7359168439054,0.02070991331135219,1536.2488072141678,-0.004921067829237846,1547.3593460532998,1556.2151154760018,0.020094508919550554,0.020094508919550554,0.7877336116644802,-0.47589331907561305
2022-10-21,2797.2252546194136,15704,145939.2484505342,1552.7464156992658,16182,141246.1534353743,96.90229448817855,45.5086083757374,0.022326793442363435,1518.8356850854718,-0.0023205497964369215,1522.3684168051911,-0.012020853023152367,1540.891243973661,-0.019182970570330804,1583.6731520827716,-0.0013797644853168478,1563.4402447989607,-0.007173057986499476,1578.9429153504489,0.02779114160140672,1541.1739987765984,1554.9052904934426,0.019725083436541658,0.019725083436541658,0.7524701949743773,0.4121877945110691
2022-10-24,2752.3181674940715,5859,148245.80516495128,1519.2123764235646,5962,147689.89520684772,96.89132107001554,45.83580635656384,-0.021596597446080334,1552.7464156992658,0.022326793442363435,1518.8356850854718,-0.0023205497964369215,1522.3684168051911,-0.012020853023152367,1571.0282323194028,-0.007984551450366362,1535.7143995238775,-0.017733869501772026,1600.716486316899,0.01378996717029346,1530.810827597431,1550.8300849987759,0.019947269204493256,0.019947269204493256,0.7241018102422506,-0.8319405258125173
2022-10-25,2683.360488025477,8226,153398.18269049173,1491.3583569223406,6333,150320.75268090703,96.92659308631818,46.498998619781815,-0.01833451328694158,1519.2123764235646,-0.021596597446080334,1552.7464156992658,0.022326793442363435,1518.8356850854718,-0.0023205497964369215,1540.891243973661,-0.019182970570330804,1550.511669335775,0.009635430791353539,1595.446407704846,-0.0032923248164818952,1520.9042501871668,1545.6256824596505,0.02026291339869798,0.02026291339869798,0.7070130054987341,-0.787846004177486
2022-10-26,2679.867212293056,8285,151077.1469928324,1501.551437232655,6200,147800.82638499292,97.0032753734966,46.4623734533904,0.00683476259277449,1491.3583569223406,-0.01833451328694158,1519.2123764235646,-0.021596597446080334,1552.7464156992658,0.022326793442363435,1522.3684168051911,-0.012020853023152367,1573.7005418216334,0.014955625903668501,1569.2547568851649,-0.016416503050929565,1516.7408542726594,1542.240516477025,0.020129701950115327,0.020129701950115327,0.7092069733032039,-0.1470927864883681
2022-10-27,2642.988260070243,15084,150672.42282432492,1536.7699235758423,9176,144164.87607056496,97.01539316842654,45.80461040614817,0.023454731865925726,1501.551437232655,0.00683476259277449,1491.3583569223406,-0.01833451328694158,1519.2123764235646,-0.021596597446080334,1518.8356850854718,-0.0023205497964369215,1585.861267137808,0.007727471010525289,1500.3657211170812,-0.04389920468033015,1520.3277019707336,1544.0607265999631,0.018304390131595894,0.018304390131595894,0.7125672369555615,0.1648345353820042
2022-10-28,2586.317058834385,10852,154936.4924918256,1489.6577233039077,6772,150390.8492855058,97.0284695872177,45.640188526174725,-0.030656638673869474,1536.7699235758423,0.023454731865925726,1501.551437232655,0.00683476259277449,1491.3583569223406,-0.01833451328694158,1552.7464156992658,0.022326793442363435,1583.6731520827716,-0.0013797644853168478,1492.0089797997746,-0.005569802881849828,1507.709963491662,1543.9431637751698,0.019616543898580353,0.019616543898580353,0.7136083787986295,-1.3567238214087574
2022-10-31,2593.388781632597,7040,153199.53630512708,1478.3490338546374,15804,152012.15330843057,97.11084490040533,46.00975106646152,-0.007591468343606356,1489.6577233039077,-0.030656638673869474,1536.7699235758423,0.023454731865925726,1501.551437232655,0.00683476259277449,1519.2123764235646,-0.021596597446080334,1571.0282323194028,-0.007984551450366362,1567.9277966499276,0.05088361925297602,1499.5372949778764,1539.4642256354052,0.015594946127590143,0.015594946127590143,0.7191595729949313,-1.2290573255049295
2022-11-01,2538.477642929872,7173,154579.3198461,1526.0147919379342,12777,145981.53589406787,97.10491663580272,46.17567410256909,0.032242560445291835,1478.3490338546374,-0.007591468343606356,1489.6577233039077,-0.030656638673869474,1536.7699235758423,0.023454731865925726,1491.3583569223406,-0.01833451328694158,1540.891243973661,-0.019182970570330804,1556.0935021885457,-0.007547729230049538,1506.4685819809954,1537.9602901228745,0.017394544994584454,0.017394544994584454,0.7307457955118224,0.21405956628894474
2022-11-02,2485.6546407155583,17829,160573.45485769765,1484.6556818295471,10311,154818.3923818693,97.03198794216536,46.2503481821716,-0.027102692796223682,1526.0147919379342,0.032242560445291835,1478.3490338546374,-0.007591468343606356,1489.6577233039077,-0.030656638673869474,1501.551437232655,0.00683476259277449,1522.3684168051911,-0.012020853023152367,1542.784973778888,-0.008552524890657387,1503.0894309003738,1535.0538255254075,0.018298937191919506,0.018298937191919506,0.7293993980089962,-1.9139042971578113
2022-11-03,2622.200102601691,9988,150873.6394379784,1504.5499539925434,8106,151403.1272979276,96.99054063558177,46.55294868895805,0.013399923232355393,1484.6556818295471,-0.027102692796223682,1526.0147919379342,0.032242560445291835,1478.3490338546374,-0.007591468343606356,1536.7699235758423,0.023454731865925726,1518.8356850854718,-0.0023205497964369215,1574.7359168439054,0.02070991331135219,1496.645436983714,1531.5445273828395,0.017895063346280167,0.017895063346280167,0.7259881665593948,-0.5160654329920202
2022-11-04,2525.609036627613,9748,158699.17198125328,1488.8046664454298,5513,152541.80682504707,97.05393167335517,46.69828472073257,-0.01046511450505927,1504.5499539925434,0.013399923232355393,1484.6556818295471,-0.027102692796223682,1526.0147919379342,0.032242560445291835,1489.6577233039077,-0.030656638673869474,1552.7464156992658,0.022326793442363435,1563.4402447989607,-0.007173057986499476,1496.4748256120183,1527.812748465163,0.01795896670162666,0.01795896670162666,0.7254288045982398,-0.9001107097918056
2022-11-07,2552.203451977292,19988,155456.5964415482,1456.298516989062,7955,160455.89490641237,97.05423100247512,47.06360227696791,-0.021833723515911174,1488.8046664454298,-0.01046511450505927,1504.5499539925434,0.013399923232355393,1484.6556818295471,-0.027102692796223682,1478.3490338546374,-0.007591468343606356,1519.2123764235646,-0.021596597446080334,1535.7143995238775,-0.017733869501772026,1492.0647222389032,1523.8419543384223,0.018166730670083616,0.018166730670083616,0.7120554264603057,-1.8165666498790733
2022-11-08,2564.65180315852,11770,154041.62935247328,1461.1758202715844,19935,157860.50643475106,97.08825200016196,47.33942937996201,0.003349109557981622,1456.298516989062,-0.021833723515911174,1488.8046664454298,-0.01046511450505927,1504.5499539925434,0.013399923232355393,1526.0147919379342,0.032242560445291835,1491.3583569223406,-0.01833451328694158,1550.511669335775,0.009635430791353539,1479.0969279056335,1519.3751618852125,0.01799942583452695,0.01799942583452695,0.7042908851503996,-0.711757960930486
2022-11-09,2630.447508621011,8296,147731.63057412728,1510.0899290575164,12532,147618.4125933584,97.1552599243822,47.795939515783104,0.033475854245138326,1461.1758202715844,0.003349109557981622,1456.298516989062,-0.021833723515911174,1488.8046664454298,-0.01046511450505927,1484.6556818295471,-0.027102692796223682,1501.551437232655,0.00683476259277449,1573.7005418216334,0.014955625903668501,1484.1837773512273,1516.1946312470068,0.019384561404260942,0.019384561404260942,0.6956940262098369,0.8314381878132047
2022-11-10,2654.485257360437,14406,147653.40608403867,1581.3001447818524,15052,139908.36091217285,97.11777577809244,47.90357834095498,0.047156274837737655,1510.0899290575164,0.033475854245138326,1461.1758202715844,0.003349109557981622,1456.298516989062,-0.021833723515911174,1504.5499539925434,0.013399923232355393,1536.7699235758423,0.023454731865925726,1585.861267137808,0.007727471010525289,1499.533815509089,1515.966575129209,0.022212151745219177,0.022212151745219177,0.6610526168613621,1.458009475663104
2022-11-11,2678.1193336630813,13607,143028.91988584166,1598.673703429282,8786,136834.0804996497,97.1934005944554,48.175156161403166,0.010986882347896465,1581.3001447818524,0.047156274837737655,1510.0899290575164,0.033475854245138326,1461.1758202715844,0.003349109557981622,1488.8046664454298,-0.01046511450505927,1489.6577233039077,-0.030656638673869474,1583.6731520827716,-0.0013797644853168478,1521.5076229058595,1516.7166026965347,0.02234088245633971,0.02234088245633971,0.6525886113066584,1.4273530407638022
2022-11-14,2573.392642544021,7565,151467.06069417924,1567.5059014040548,19716,140807.2529215928,97.23128485480126,48.08301803947742,-0.01949603722033455,1598.673703429282,0.010986882347896465,1581.3001447818524,0.047156274837737655,1510.0899290575164,0.033475854245138326,1456.298516989062,-0.021833723515911174,1478.3490338546374,-0.007591468343606356,1571.0282323194028,-0.007984551450366362,1543.749099788858,1516.5404861507673,0.02272162924981093,0.02272162924981093,0.6519396391289177,0.7006540496183538
2022-11-15,2589.628178937061,5066,150229.2987359521,1573.043229913071,8730,140345.74611110945,97.1078035461101,47.902579796009725,0.003532572671054224,1567.5059014040548,-0.01949603722033455,1598.673703429282,0.010986882347896465,1581.3001447818524,0.047156274837737655,1461.1758202715844,0.003349109557981622,1526.0147919379342,0.032242560445291835,1540.891243973661,-0.019182970570330804,1566.1225817171553,1518.1480854477377,0.02226858147593051,0.02226858147593051,0.6629847844526694,0.8894912524533312
2022-11-16,2519.693283562258,14249,153368.5989912405,1503.298467457986,17309,146990.45947262895,97.25203402522872,48.41461008813542,-0.044337473458335386,1573.043229913071,0.003532572671054224,1567.5059014040548,-0.01949603722033455,1598.673703429282,0.010986882347896465,1510.0899290575164,0.033475854245138326,1484.6556818295471,-0.027102692796223682,1522.3684168051911,-0.012020853023152367,1564.7642893972493,1517.1945879803775,0.024357957294142495,0.024357957294142495,0.6698132717003967,0.017289966000230528
2022-11-17,2534.948898873724,19216,153362.84619791614,1506.7728533502373,18864,147536.06269401024,97.20195955085303,48.47947149103223,0.0023111750377331486,1503.298467457986,-0.044337473458335386,1573.043229913071,0.003532572671054224,1567.5059014040548,-0.01949603722033455,1581.3001447818524,0.047156274837737655,1504.5499539925434,0.013399923232355393,1518.8356850854718,-0.0023205497964369215,1549.8588311109263,1516.5914463936156,0.02436024188539592,0.02436024188539592,0.6800860856381161,0.2798572128055105
2022-11-18,2439.78012640583,8297,160159.74020853138,1549.6369519077805,7762,139439.4047919279,97.03645001653452,48.72093566079094,0.028447618008405895,1506.7728533502373,0.0023111750377331486,1503.298467457986,-0.044337473458335386,1573.043229913071,0.003532572671054224,1598.673703429282,0.010986882347896465,1488.8046664454298,-0.01046511450505927,1552.7464156992658,0.022326793442363435,1540.051480806626,1516.4359732040414,0.024693221782406658,0.024693221782406658,0.704059848390248,1.3864000546895379
2022-11-21,2512.676507103603,17647,157821.7971729686,1605.891118507142,6141,133935.5217989242,96.9319456455759,48.75805766511436,0.03630151341583998,1549.6369519077805,0.028447618008405895,1506.7728533502373,0.0023111750377331486,1503.298467457986,-0.044337473458335386,1567.5059014040548,-0.01949603722033455,1456.298516989062,-0.021833723515911174,1519.2123764235646,-0.021596597446080334,1547.7285242272433,1520.7699103082202,0.025388825581798335,0.025388825581798335,0.722773504294791,1.4444815749894777
2022-11-22,2558.233931237455,12245,156466.1731267996,1628.2199737941787,19131,133562.9433387237,96.82984112950804,48.58210296983837,0.013904339484605899,1605.891118507142,0.03630151341583998,1549.6369519077805,0.028447618008405895,1506.7728533502373,0.0023111750377331486,1573.043229913071,0.003532572671054224,1461.1758202715844,0.003349109557981622,1491.3583569223406,-0.01833451328694158,1558.7638730034648,1527.6129911518124,0.024977497005965292,0.024977497005965292,0.7829352741627916,1.0238210424133347
2022-11-23,2579.8249782470134,6153,154603.78777707936,1610.9592043034422,15424,134441.89289648362,96.8350584613738,48.58539783761309,-0.01060100586440682,1628.2199737941787,0.013904339484605899,1605.891118507142,0.03630151341583998,1549.6369519077805,0.028447618008405895,1503.298467457986,-0.044337473458335386,1510.0899290575164,0.033475854245138326,1501.551437232655,0.00683476259277449,1580.296020372556,1533.0833795053518,0.025202177634068085,0.025202177634068085,0.8211769587319534,0.8063965480199418
2022-11-24,2406.2984811783417,17278,167259.42109398008,1673.7038887894985,14640,128962.6226872665,96.8076734108192,49.016196042943406,0.038948648928193164,1610.9592043034422,-0.01060100586440682,1628.2199737941787,0.013904339484605899,1605.891118507142,0.03630151341583998,1506.7728533502373,0.0023111750377331486,1581.3001447818524,0.047156274837737655,1536.7699235758423,0.023454731865925726,1613.6822274604083,1539.9300777660342,0.026060880267228827,0.026060880267228827,0.8361611704708503,1.3466572459336759
2022-11-25,2457.1857633675013,7461,161494.8379524102,1671.3612796138868,6415,129786.1960017976,96.77399021405512,49.18276806522723,-0.0013996556925645054,1673.7038887894985,0.038948648928193164,1610.9592043034422,-0.01060100586440682,1628.2199737941787,0.013904339484605899,1549.6369519077805,0.028447618008405895,1598.673703429282,0.010986882347896465,1489.6577233039077,-0.030656638673869474,1638.0270930016297,1549.0152555815334,0.02476677300932116,0.02476677300932116,0.8364876295424214,0.7626309366668794
2022-11-28,2433.241778534372,10339,161888.3360001755,1755.2013726266746,18114,123600.07788679138,96.83596041060338,48.66932611730809,0.05016275896504929,1671.3612796138868,-0.0013996556925645054,1673.7038887894985,0.038948648928193164,1610.9592043034422,-0.01060100586440682,1605.891118507142,0.03630151341583998,1567.5059014040548,-0.01949603722033455,1478.3490338546374,-0.007591468343606356,1667.8891438255364,1562.8578725201353,0.0264039588915671,0.0264039588915671,0.8294548527583451,1.3158849174264449
2022-11-29,2529.090352017283,13833,154522.96327923858,1782.336560128769,17158,120802.11119855595,96.86994794672265,48.60475278033525,0.015459871400103964,1755.2013726266746,0.05016275896504929,1671.3612796138868,-0.0013996556925645054,1673.7038887894985,0.038948648928193164,1628.2199737941787,0.013904339484605899,1573.043229913071,0.003532572671054224,1526.0147919379342,0.032242560445291835,1698.712461092454,1575.673960929677,0.02588632674490546,0.02588632674490546,0.8143396631578013,1.0756900460843848
2022-11-30,2569.4872676308705,12701,148418.10228641843,1889.1569031712384,17243,105499.06798905984,96.90155273378709,49.13944091814666,0.059932756490587824,1782.336560128769,0.015459871400103964,1755.2013726266746,0.05016275896504929,1671.3612796138868,-0.0013996556925645054,1610.9592043034422,-0.01060100586440682,1503.298467457986,-0.044337473458335386,1484.6556818295471,-0.027102692796223682,1754.3520008660137,1595.8990219967616,0.026949108877236498,0.026949108877236498,0.801871116724964,2.115419572654342
2022-12-01,2589.6826823451893,7373,148805.19481953172,1885.6193249570135,5349,102661.18463623224,96.94253557951994,49.07530185959168,-0.0018725698264058233,1889.1569031712384,0.059932756490587824,1782.336560128769,0.015459871400103964,1755.2013726266746,0.05016275896504929,1673.7038887894985,0.038948648928193164,1506.7728533502373,0.0023111750377331486,1504.5499539925434,0.013399923232355393,1796.7350880995164,1614.952490544985,0.027136852964559456,0.027136852964559456,0.7955290101031329,1.2988631293789585
2022-12-02,2662.191734921004,8169,144614.8209214446,1840.7501851392465,6484,109646.25698302472,97.00414904632017,48.53515825207143,-0.023795439102635374,1885.6193249570135,-0.0018725698264058233,1889.1569031712384,0.059932756490587824,1782.336560128769,0.015459871400103964,1671.3612796138868,-0.0013996556925645054,1549.6369519077805,0.028447618008405895,1488.8046664454298,-0.01046511450505927,1830.6128692045884,1632.5497664796758,0.027863830302991638,0.027863830302991638,0.798666932534333,0.6373171214430986
2022-12-05,2727.09571065937,9779,139525.6255881982,1854.310515645044,18094,107632.45429057756,96.79335371214242,49.103072917698185,0.007366741351038764,1840.7501851392465,-0.023795439102635374,1885.6193249570135,-0.0018725698264058233,1889.1569031712384,0.059932756490587824,1755.2013726266746,0.05016275896504929,1605.891118507142,0.03630151341583998,1456.298516989062,-0.021833723515911174,1850.4346978082624,1652.450366412475,0.02679565144519247,0.02679565144519247,0.8019263137338004,0.7866680244530985
2022-12-06,2746.874290710043,18292,139680.01161187602,1902.7851792676984,19564,103572.92061538616,96.75690988691598,49.30779067064202,0.026141610703098284,1854.310515645044,0.007366741351038764,1840.7501851392465,-0.023795439102635374,1885.6193249570135,-0.0018725698264058233,1782.336560128769,0.015459871400103964,1628.2199737941787,0.013904339484605899,1461.1758202715844,0.003349109557981622,1874.524421636048,1674.5308343622808,0.026870929444190946,0.026870929444190946,0.8258485503575068,0.9274410947628193
2022-12-07,2622.962139870947,16802,153401.00940976304,1893.769394830195,11970,102734.98253243694,96.53888888046704,49.28678681299819,-0.0047382040472760956,1902.7851792676984,0.026141610703098284,1854.310515645044,0.007366741351038764,1840.7501851392465,-0.023795439102635374,1889.1569031712384,0.059932756490587824,1610.9592043034422,-0.01060100586440682,1510.0899290575164,0.033475854245138326,1875.4469199678394,1693.7148076509143,0.026743920545549037,0.026743920545549037,0.8530412215973406,0.3847035790600911
2022-12-08,2623.3373081197724,13357,153932.62100920454,1912.085037384105,13256,100091.25062483366,96.5424948731468,49.175361492173565,0.00967152738021304,1893.769394830195,-0.0047382040472760956,1902.7851792676984,0.026141610703098284,1854.310515645044,0.007366741351038764,1885.6193249570135,-0.0018725698264058233,1673.7038887894985,0.038948648928193164,1581.3001447818524,0.047156274837737655,1880.740062453258,1710.2540522810273,0.025410074864858672,0.025410074864858672,0.9029932827503774,0.3670325929014117
2022-12-09,2687.328020457995,15359,152453.61162043837,1893.673128235624,13777,98046.91279293728,96.54203157592436,49.50006707111109,-0.00962923133045901,1912.085037384105,0.00967152738021304,1893.769394830195,-0.0047382040472760956,1902.7851792676984,0.026141610703098284,1840.7501851392465,-0.023795439102635374,1671.3612796138868,-0.0013996556925645054,1598.673703429282,0.010986882347896465,1891.3246510725335,1725.0040235213444,0.02577689064575219,0.02577689064575219,0.989910180004275,0.3467242504223948
2022-12-12,2609.7114858235223,13519,157619.12901690992,1944.1192473841895,10573,93977.75053884702,96.64658480340334,49.33747205104323,0.026639296083568187,1893.673128235624,-0.00962923133045901,1912.085037384105,0.00967152738021304,1893.769394830195,-0.0047382040472760956,1854.310515645044,0.007366741351038764,1755.2013726266746,0.05016275896504929,1567.5059014040548,-0.01949603722033455,1909.2863974203624,1743.8346908203507,0.025167050152207927,0.025167050152207927,1.1078400527975236,0.4018995582500342
2022-12-13,2570.1127053789983,14591,159365.78406860877,1890.649844869536,16601,101577.11894767622,96.76534824267546,49.681948978398026,-0.027503149606998845,1944.1192473841895,0.026639296083568187,1893.673128235624,-0.00962923133045901,1912.085037384105,0.00967152738021304,1902.7851792676984,0.026141610703098284,1782.336560128769,0.015459871400103964,1573.043229913071,0.003532572671054224,1906.8593305407298,1759.715021568174,0.02657698954017293,0.02657698954017293,1.143490051167001,-0.13045986546698526
2022-12-14,2551.196351648858,11048,162747.57634449453,1850.4537626536164,17355,104732.59150370998,96.78562574750067,49.84460756411531,-0.02126045831542822,1890.649844869536,-0.027503149606998845,1944.1192473841895,0.026639296083568187,1893.673128235624,-0.00962923133045901,1893.769394830195,-0.0047382040472760956,1889.1569031712384,0.059932756490587824,1503.298467457986,-0.044337473458335386,1898.1962041054144,1777.0727863279558,0.02453594510358249,0.02453594510358249,1.1350987579832035,-0.20316781541583726
2022-12-15,2608.912148159356,5629,154264.58752099657,1829.496281571238,17069,108409.60344789908,96.735589639761,49.91801214176151,-0.01132559024459212,1850.4537626536164,-0.02126045831542822,1890.649844869536,-0.027503149606998845,1944.1192473841895,0.026639296083568187,1912.085037384105,0.00967152738021304,1885.6193249570135,-0.0018725698264058233,1506.7728533502373,0.0023111750377331486,1881.678452942841,1793.2089577390057,0.02496772788935751,0.02496772788935751,1.1199915293078762,-0.254924028516873
2022-12-16,2607.323204438223,17491,156262.97406722885,1815.1775388554693,5709,108893.3593620105,96.78410575101556,49.96166658336219,-0.007826603890919714,1829.496281571238,-0.01132559024459212,1850.4537626536164,-0.02126045831542822,1890.649844869536,-0.027503149606998845,1893.673128235624,-0.00962923133045901,1840.7501851392465,-0.023795439102635374,1549.6369519077805,0.028447618008405895,1865.97933506681,1806.4859870863904,0.02487773452693938,0.02487773452693938,1.1008212874205174,-0.22039682729834506
2022-12-19,2551.5913747020622,8186,160473.72920798493,1875.014678024978,16748,103387.2192692162,96.73131398728314,49.909176172347934,0.03296489620912668,1815.1775388554693,-0.007826603890919714,1829.496281571238,-0.01132559024459212,1850.4537626536164,-0.02126045831542822,1944.1192473841895,0.026639296083568187,1854.310515645044,0.007366741351038764,1605.891118507142,0.03630151341583998,1852.1584211949678,1819.9421650622821,0.024690049967858056,0.024690049967858056,1.104908619977903,0.32717643422782394
2022-12-20,2586.1134075808504,14205,156702.47424828616,1857.028544430169,18435,104805.10888438026,96.7311747221388,50.22286820841072,-0.00959252949089151,1875.014678024978,0.03296489620912668,1815.1775388554693,-0.007826603890919714,1829.496281571238,-0.01132559024459212,1890.649844869536,-0.027503149606998845,1902.7851792676984,0.026141610703098284,1628.2199737941787,0.013904339484605899,1845.434161107094,1831.3825935940818,0.024955031541865874,0.024955031541865874,1.114768837984414,-0.12827883433062615
2022-12-21,2509.4701399220094,6794,162734.58520840813,1936.0724683502729,6630,94928.26398716724,96.82978835383489,49.96326535878016,0.04256473286702156,1857.028544430169,-0.00959252949089151,1875.014678024978,0.03296489620912668,1815.1775388554693,-0.007826603890919714,1850.4537626536164,-0.02126045831542822,1893.769394830195,-0.0047382040472760956,1610.9592043034422,-0.01060100586440682,1862.5579022464256,1847.6382567964233,0.025811094471155857,0.025811094471155857,1.1034971894075114,1.1140395030062353
2022-12-22,2523.292839498564,11165,161728.285073333,1987.20101822918,17634,91056.63051594912,96.77401121923594,49.4766878207311,0.026408386418755203,1936.0724683502729,0.04256473286702156,1857.028544430169,-0.00959252949089151,1875.014678024978,0.03296489620912668,1829.496281571238,-0.01132559024459212,1912.085037384105,0.00967152738021304,1673.7038887894985,0.038948648928193164,1894.0988495780136,1863.313113268407,0.025204414274116908,0.025204414274116908,1.071670509026895,0.905945053176385
2022-12-23,2530.994127089157,13453,163495.77101254993,2034.8878306385236,13660,83034.93442496641,96.8545790831602,49.661019857598845,0.02399697462506234,1987.20101822918,0.026408386418755203,1936.0724683502729,0.04256473286702156,1857.028544430169,-0.00959252949089151,1815.1775388554693,-0.007826603890919714,1893.673128235624,-0.00962923133045901,1671.3612796138868,-0.0013996556925645054,1938.0409079346246,1881.489440819639,0.02529680265393605,0.02529680265393605,1.0341123570295059,1.5457198842833173
2022-12-26,2528.988758179645,13433,165202.88454132222,1995.850977425149,12670,91108.35725758654,96.92231922002942,49.85039135601899,-0.019183786263602176,2034.8878306385236,0.02399697462506234,1987.20101822918,0.026408386418755203,1936.0724683502729,0.04256473286702156,1875.014678024978,0.03296489620912668,1944.1192473841895,0.026639296083568187,1755.2013726266746,0.05016275896504929,1962.2081678146592,1893.5219210595628,0.024260591427645705,0.024260591427645705,1.009989417107071,0.5127149851226345
2022-12-27,2641.736694314367,16198,156536.23970103313,1995.0844988086385,11488,88526.03283336619,96.82684003831636,49.99446370177252,-0.0003840359952622663,1995.850977425149,-0.019183786263602176,2034.8878306385236,0.02399697462506234,1987.20101822918,0.026408386418755203,1857.028544430169,-0.00959252949089151,1890.649844869536,-0.027503149606998845,1782.336560128769,0.015459871400103964,1989.819358690353,1904.1593179935564,0.02421886020970223,0.02421886020970223,0.9842995492893597,1.148199149129035
2022-12-28,2612.572969048248,19215,158237.70649185195,1916.0248325841476,13552,93019.11682181382,96.92422945113807,50.11678221265792,-0.03962722695289411,1995.0844988086385,-0.0003840359952622663,1995.850977425149,-0.019183786263602176,2034.8878306385236,0.02399697462506234,1936.0724683502729,0.04256473286702156,1850.4537626536164,-0.02126045831542822,1889.1569031712384,0.059932756490587824,1985.8098315371276,1905.5027144642015,0.02272005679790617,0.02272005679790617,0.9491999793553166,-0.053081856628932333
2022-12-29,2592.520301155813,12223,157801.32350600563,1941.6300908379887,14590,91373.85864140566,96.99408608567524,50.02062009915666,0.013363740291041593,1916.0248325841476,-0.03962722695289411,1995.0844988086385,-0.0003840359952622663,1995.850977425149,-0.019183786263602176,1987.20101822918,0.026408386418755203,1829.496281571238,-0.01132559024459212,1885.6193249570135,-0.0018725698264058233,1976.6956460588895,1908.3032527582504,0.022875316568440874,0.022875316568440874,0.9168369157122553,0.38260329030817125
2022-12-30,2613.117988859817,10688,156532.5051397555,1981.662079836101,5039,85663.41758927578,97.0042786744125,50.25686491047232,0.020617721772551834,1941.6300908379887,0.013363740291041593,1916.0248325841476,-0.03962722695289411,1995.0844988086385,-0.0003840359952622663,2034.8878306385236,0.02399697462506234,1815.1775388554693,-0.007826603890919714,1840.7501851392465,-0.023795439102635374,1966.050495898405,1915.3488474930932,0.022419963769224744,0.022419963769224744,0.8883135067740733,0.7616631024153627
2023-01-02,2610.252039956815,17089,151536.23267050943,1884.6376393323196,17104,97221.3537268583,96.92804632860974,50.24319747244596,-0.04896114301778742,1981.662079836101,0.020617721772551834,1941.6300908379887,0.013363740291041593,1916.0248325841476,-0.03962722695289411,1995.850977425149,-0.019183786263602176,1875.014678024978,0.03296489620912668,1854.310515645044,0.007366741351038764,1943.807828279839,1916.865203677457,0.025316757601301275,0.025316757601301275,0.862602650918961,-0.41315332759520773
2023-01-03,2465.195912320852,8167,164567.05418255538,1853.9489759872004,10619,98113.16084326876,96.84212572675216,50.09706340420141,-0.016283588263678928,1884.6376393323196,-0.04896114301778742,1981.662079836101,0.020617721772551834,1941.6300908379887,0.013363740291041593,1995.0844988086385,-0.0003840359952622663,1857.028544430169,-0.00959252949089151,1902.7851792676984,0.026141610703098284,1915.5807237155514,1914.423393513432,0.02488327224281468,0.02488327224281468,0.8185729809719353,0.054004666711653354
2023-01-04,2561.6973866958247,6134,156590.07977115945,1828.4394669281576,8412,104256.4938901189,96.78835946906187,50.00349601052479,-0.013759552926994267,1853.9489759872004,-0.016283588263678928,1884.6376393323196,-0.04896114301778742,1981.662079836101,0.020617721772551834,1916.0248325841476,-0.03962722695289411,1936.0724683502729,0.04256473286702156,1893.769394830195,-0.0047382040472760956,1898.0636505843534,1911.15689711833,0.02503581714712603,0.02503581714712603,0.7803803055954364,-0.5220200385276456
2023-01-05,2514.1465334544546,16648,156912.84406663128,1771.9558519827813,16489,113345.33886395034,96.84261891539109,50.60968792015753,-0.030891706270304242,1828.4394669281576,-0.013759552926994267,1853.9489759872004,-0.016283588263678928,1884.6376393323196,-0.04896114301778742,1941.6300908379887,0.013363740291041593,1987.20101822918,0.026408386418755203,1912.085037384105,0.00967152738021304,1864.128802813312,1904.1504378482641,0.02572062750736347,0.02572062750736347,0.7501200639140524,-0.9706799316278549
2023-01-06,2618.522847835999,7233,149670.38473433844,1722.879692925808,11812,117052.6842405374,96.74705639865093,50.0891950955439,-0.02769603938047216,1771.9558519827813,-0.030891706270304242,1828.4394669281576,-0.013759552926994267,1853.9489759872004,-0.016283588263678928,1981.662079836101,0.020617721772551834,2034.8878306385236,0.02399697462506234,1893.673128235624,-0.00962923133045901,1812.3723254312536,1895.6107660827734,0.02625944874884724,0.02625944874884724,0.7394537762479036,-0.7801417519501437
2023-01-09,2706.458627998874,13553,141179.4374554887,1737.5977822200248,5813,119551.88460114274,96.79080762351292,50.23913152683264,0.008542726085082775,1722.879692925808,-0.02769603938047216,1771.9558519827813,-0.030891706270304242,1828.4394669281576,-0.013759552926994267,1884.6376393323196,-0.04896114301778742,1995.850977425149,-0.019183786263602176,1944.1192473841895,0.026639296083568187,1782.964354008794,1885.284692824565,0.02543287078398605,0.02543287078398605,0.7513863059563581,-0.7520063355172772
2023-01-10,2653.085410680718,5946,144279.7115434021,1762.8840741677618,10468,115984.6850087079,96.66663207062508,49.73539839854553,0.014552442577033142,1737.5977822200248,0.008542726085082775,1722.879692925808,-0.02769603938047216,1771.9558519827813,-0.030891706270304242,1853.9489759872004,-0.016283588263678928,1995.0844988086385,-0.0003840359952622663,1890.649844869536,-0.027503149606998845,1764.7513736449066,1878.8964042894763,0.025237612550302647,0.025237612550302647,0.7737629887798078,-0.2905505801217696
2023-01-11,2660.958096176174,13239,140171.24222157066,1741.9558423521585,14808,118620.76863011403,96.6462252121812,49.70292839704864,-0.011871587089742897,1762.8840741677618,0.014552442577033142,1737.5977822200248,0.008542726085082775,1722.879692925808,-0.02769603938047216,1828.4394669281576,-0.013759552926994267,1916.0248325841476,-0.03962722695289411,1850.4537626536164,-0.02126045831542822,1747.454648729707,1873.4715082744035,0.02496967363398782,0.02496967363398782,0.8140908579270671,-0.6783528766112651
2023-01-12,2719.861895891429,11103,134344.42185879668,1705.6484422914907,14409,121709.60986754896,96.6571899876386,49.572840151502376,-0.020842893475211177,1741.9558423521585,-0.011871587089742897,1762.8840741677618,0.014552442577033142,1737.5977822200248,0.008542726085082775,1771.9558519827813,-0.030891706270304242,1941.6300908379887,0.013363740291041593,1829.496281571238,-0.01132559024459212,1734.1931667914487,1867.2791163104162,0.025231631559084422,0.025231631559084422,0.8660144457243427,-0.7772507809561041
2023-01-13,2773.815430496553,19651,130852.54228317566,1762.15611944548,9883,115829.43558471175,96.90170300214449,48.947331662498414,0.03312973280594256,1705.6484422914907,-0.020842893475211177,1741.9558423521585,-0.011871587089742897,1762.8840741677618,0.014552442577033142,1722.879692925808,-0.02769603938047216,1981.662079836101,0.020617721772551834,1815.1775388554693,-0.007826603890919714,1742.0484520953833,1864.6280453399165,0.0264677260579223,0.0264677260579223,0.910272734259436,0.00043556260225091625
2023-01-16,2762.2729518681485,7975,131707.3214393444,1731.6543167362986,15313,120327.65643483547,96.76397143659244,49.06404293962854,-0.017309364574791375,1762.15611944548,0.03312973280594256,1705.6484422914907,-0.020842893475211177,1741.9558423521585,-0.011871587089742897,1737.5977822200248,0.008542726085082775,1884.6376393323196,-0.04896114301778742,1875.014678024978,0.03296489620912668,1740.859758998638,1857.4600272754826,0.025424223224696434,0.025424223224696434,0.9619062021285962,-0.6814029447317558
2023-01-17,2790.106726175573,10443,130452.85752128492,1761.9636661403938,11954,116787.4965485714,96.91117289324146,48.95003152097088,0.017503117747669217,1731.6543167362986,-0.017309364574791375,1762.15611944548,0.03312973280594256,1705.6484422914907,-0.020842893475211177,1762.8840741677618,0.014552442577033142,1853.9489759872004,-0.016283588263678928,1857.028544430169,-0.00959252949089151,1740.6756773931643,1852.7067833609938,0.02581052263464173,0.02581052263464173,1.0073263841616766,-0.09145485895666383
2023-01-18,2800.2037318895423,18876,128461.86620690952,1765.2685820173003,5327,117266.37712422432,96.9261571346402,48.32026961820252,0.0018757003566061137,1761.9636661403938,0.017503117747669217,1731.6543167362986,-0.017309364574791375,1762.15611944548,0.03312973280594256,1741.9558423521585,-0.011871587089742897,1828.4394669281576,-0.013759552926994267,1936.0724683502729,0.04256473286702156,1745.3382253261927,1844.166589044345,0.023596115200158783,0.023596115200158783,1.0477882393957367,-0.5400540659394956
2023-01-19,2742.352618263257,10219,133930.82347261693,1705.4030649814758,9413,124557.84931875418,96.96727432644178,48.57214004543479,-0.033912979387766495,1765.2685820173003,0.0018757003566061137,1761.9636661403938,0.017503117747669217,1731.6543167362986,-0.017309364574791375,1705.6484422914907,-0.020842893475211177,1771.9558519827813,-0.030891706270304242,1987.20101822918,0.026408386418755203,1745.2891498641898,1830.07669138196,0.023312293953303507,0.023312293953303507,1.0953420524056594,-1.0624824750457342
2023-01-20,2741.8678931828363,7328,131159.52386334172,1796.102144137912,18531,115054.14262861,96.9791091177806,49.00264189883147,0.053183368212969206,1705.4030649814758,-0.033912979387766495,1765.2685820173003,0.0018757003566061137,1761.9636661403938,0.017503117747669217,1762.15611944548,0.03312973280594256,1722.879692925808,-0.02769603938047216,2034.8878306385236,0.02399697462506234,1752.0783548026761,1818.1374070569295,0.026122459803805124,0.026122459803805124,1.115628115393113,0.3021011139153163
2023-01-23,2714.07796368655,14492,132228.4576315165,1761.5514171768189,11597,116548.3218798402,97.02358179960014,49.44967920152044,-0.019236504490493078,1796.102144137912,0.053183368212969206,1705.4030649814758,-0.033912979387766495,1765.2685820173003,0.0018757003566061137,1731.6543167362986,-0.017309364574791375,1737.5977822200248,0.008542726085082775,1995.850977425149,-0.019183786263602176,1758.0577748907804,1806.4224290445131,0.02612387362342537,0.02612387362342537,1.1338208270225691,-0.43501683426342896
2023-01-24,2688.683654645686,17045,128967.61373260326,1668.651889482994,16349,126492.66812926272,97.00821328916392,49.55736613371589,-0.052737335276146546,1761.5514171768189,-0.019236504490493078,1796.102144137912,0.053183368212969206,1705.4030649814758,-0.033912979387766495,1761.9636661403938,0.017503117747669217,1762.8840741677618,0.014552442577033142,1995.0844988086385,-0.0003840359952622663,1739.3954195593003,1790.1007985782308,0.028090926751017934,0.028090926751017934,1.1442576722361395,-1.0494421669554823
2023-01-25,2637.8014962759976,12430,132334.71479577842,1686.3867584049867,15162,122199.5670324285,97.15361830730969,49.57118357528902,0.010628261672653405,1668.651889482994,-0.052737335276146546,1761.5514171768189,-0.019236504490493078,1796.102144137912,0.053183368212969206,1765.2685820173003,0.0018757003566061137,1741.9558423521585,-0.011871587089742897,1916.0248325841476,-0.03962722695289411,1723.6190548368372,1778.618894869273,0.02740094568843666,0.02740094568843666,1.148180355231105,-0.040397906138253975
2023-01-26,2538.7963154548097,6023,138907.77646780142,1737.796031663628,18455,116192.4078587393,97.1079711928872,49.96963056155776,0.030484865350380863,1686.3867584049867,0.010628261672653405,1668.651889482994,-0.052737335276146546,1761.5514171768189,-0.019236504490493078,1705.4030649814758,-0.033912979387766495,1705.6484422914907,-0.020842893475211177,1941.6300908379887,0.013363740291041593,1730.097648173268,1768.4271919105545,0.028290913797247255,0.028290913797247255,1.1492377937808875,0.4485062004714015
2023-01-27,2545.071944390027,13687,138117.46222588752,1744.4513859761178,7803,115549.42334798428,97.22119465010512,50.474345637159786,0.0038297672403582173,1737.796031663628,0.030484865350380863,1686.3867584049867,0.010628261672653405,1668.651889482994,-0.052737335276146546,1796.102144137912,0.053183368212969206,1762.15611944548,0.03312973280594256,1981.662079836101,0.020617721772551834,1719.767496540909,1756.5666572175555,0.027729648600440977,0.027729648600440977,1.1378732773875118,0.12877375062591462
2023-01-30,2611.7322869719187,8567,134118.51338924165,1744.6102977692676,9354,115404.46389604342,97.15675793808384,50.81441624802248,9.109556988939893e-05,1744.4513859761178,0.0038297672403582173,1737.796031663628,0.030484865350380863,1686.3867584049867,0.010628261672653405,1761.5514171768189,-0.019236504490493078,1731.6543167362986,-0.017309364574791375,1884.6376393323196,-0.04896114301778742,1716.3792726593988,1749.5652901394028,0.025833225699608737,0.025833225699608737,1.1245052019669604,-0.2674119525142606
2023-01-31,2594.273360888812,11468,138215.25403544508,1746.2962998348728,8799,114106.37928536804,97.15073275344368,50.531954967353535,0.0009664061181806627,1744.6102977692676,9.109556988939893e-05,1744.4513859761178,0.0038297672403582173,1737.796031663628,0.030484865350380863,1668.651889482994,-0.052737335276146546,1761.9636661403938,0.017503117747669217,1853.9489759872004,-0.016283588263678928,1731.9081547297749,1744.1826563317863,0.025672685471150897,0.025672685471150897,1.1126637937857324,0.11050880392619533
2023-02-01,2601.5622564686782,10121,135392.54315067836,1720.8514665413684,6926,120947.16754012184,97.04353649821468,50.59235842331801,-0.014570742259438108,1746.2962998348728,0.0009664061181806627,1744.6102977692676,9.109556988939893e-05,1744.4513859761178,0.0038297672403582173,1686.3867584049867,0.010628261672653405,1765.2685820173003,0.0018757003566061137,1828.4394669281576,-0.013759552926994267,1738.801096357051,1738.803256312447,0.02569175545652346,0.02569175545652346,1.0892724145460746,-1.0217159494714914
2023-02-02,2596.368606089353,17580,135431.4363592715,1725.3457018940924,15361,118699.53318046962,97.08903887024942,50.72421326660544,0.0026116346704556648,1720.8514665413684,-0.014570742259438108,1746.2962998348728,0.0009664061181806627,1744.6102977692676,9.109556988939893e-05,1737.796031663628,0.030484865350380863,1705.4030649814758,-0.033912979387766495,1771.9558519827813,-0.030891706270304242,1736.3110304031438,1736.4727488080127,0.024835798463974625,0.024835798463974625,1.0693653005775192,-0.33451361615581987
2023-02-03,2493.5493858267973,18664,139553.81801396268,1781.6402167843144,11950,113447.06593697198,97.23355146594209,50.18132817593027,0.03262796251697364,1725.3457018940924,0.0026116346704556648,1720.8514665413684,-0.014570742259438108,1746.2962998348728,0.0009664061181806627,1744.4513859761178,0.0038297672403582173,1796.102144137912,0.053183368212969206,1722.879692925808,-0.02769603938047216,1743.7487965647829,1739.4107750009377,0.02508976315555371,0.02508976315555371,1.0500351867373972,0.637249102440846
2023-02-06,2488.320939995368,5156,143706.0550059919,1827.2137285196695,5230,107713.79365366897,97.22581584796,50.322136373816505,0.025579525712329687,1781.6402167843144,0.03262796251697364,1725.3457018940924,0.0026116346704556648,1720.8514665413684,-0.014570742259438108,1744.6102977692676,9.109556988939893e-05,1761.5514171768189,-0.019236504490493078,1737.5977822200248,0.008542726085082775,1760.2694827148637,1743.89157231592,0.025608259620905443,0.025608259620905443,1.0093561178969386,1.227304448802789
2023-02-07,2482.8436482312864,19405,146782.06068648922,1816.0375935497243,19056,112224.5586897622,97.2061272780896,51.00403392161032,-0.0061164902580934655,1827.2137285196695,0.025579525712329687,1781.6402167843144,0.03262796251697364,1725.3457018940924,0.0026116346704556648,1746.2962998348728,0.0009664061181806627,1668.651889482994,-0.052737335276146546,1762.8840741677618,0.014552442577033142,1774.2177414578339,1746.5492482850182,0.025527182436504686,0.025527182436504686,0.9700634264947713,0.14287231968865582
2023-02-08,2384.519836276388,19454,155638.75933403044,1802.0880089696127,16015,116468.82596093572,97.0946655817828,51.19601477135056,-0.007681330292752864,1816.0375935497243,-0.0061164902580934655,1827.2137285196695,0.025579525712329687,1781.6402167843144,0.03262796251697364,1720.8514665413684,-0.014570742259438108,1686.3867584049867,0.010628261672653405,1741.9558423521585,-0.011871587089742897,1790.4650499434824,1749.5558566158911,0.025426100831341072,0.025426100831341072,0.9079471187477965,-0.2793866324737332
2023-02-09,2400.514295749625,14829,156640.24577889754,1778.3291744959483,16514,120216.57025491548,97.07173631642758,51.63803869578308,-0.013184058911334229,1802.0880089696127,-0.007681330292752864,1816.0375935497243,-0.0061164902580934655,1827.2137285196695,0.025579525712329687,1725.3457018940924,0.0026116346704556648,1737.796031663628,0.030484865350380863,1705.6484422914907,-0.020842893475211177,1801.0617444638542,1753.1898932261138,0.025119703887422476,0.025119703887422476,0.84531985219278,-0.6618244155694927
2023-02-10,2359.430905725826,10647,161691.70960051153,1823.551629459814,16935,116706.77410859088,96.91245689045545,51.69291311482169,0.0254297436112656,1778.3291744959483,-0.013184058911334229,1802.0880089696127,-0.007681330292752864,1816.0375935497243,-0.0061164902580934655,1781.6402167843144,0.03262796251697364,1744.4513859761178,0.0038297672403582173,1762.15611944548,0.03312973280594256,1809.4440269989536,1756.2596687268306,0.024678881119118104,0.024678881119118104,0.7942859648748672,0.11634061929071243
2023-02-13,2368.1618501742378,10788,159545.00301031867,1787.3808129746017,11120,119236.98466453217,96.82116909178356,51.67094761762655,-0.019835367368198464,1823.551629459814,0.0254297436112656,1778.3291744959483,-0.013184058911334229,1802.0880089696127,-0.007681330292752864,1827.2137285196695,0.025579525712329687,1744.6102977692676,9.109556988939893e-05,1731.6543167362986,-0.017309364574791375,1801.4774438899399,1759.0459935387455,0.024789136828753354,0.024789136828753354,0.7537150114175187,-0.5728350243154939
2023-02-14,2342.115321500339,19056,163071.28170395832,1816.7179003650024,13097,114133.7619044856,96.84384769639446,51.78532903465084,0.016413450999049894,1787.3808129746017,-0.019835367368198464,1823.551629459814,0.0254297436112656,1778.3291744959483,-0.013184058911334229,1816.0375935497243,-0.0061164902580934655,1746.2962998348728,0.0009664061181806627,1761.9636661403938,0.017503117747669217,1801.6135052529958,1761.7837052499758,0.024754157446261096,0.024754157446261096,0.7284985341078248,0.5053635397613183
2023-02-15,2435.92452263662,18019,157263.32940274762,1839.4982817046905,18723,113453.10273399568,96.9757490161686,51.54058104025551,0.01253930581908791,1816.7179003650024,0.016413450999049894,1787.3808129746017,-0.019835367368198464,1823.551629459814,0.0254297436112656,1802.0880089696127,-0.007681330292752864,1720.8514665413684,-0.014570742259438108,1765.2685820173003,0.0018757003566061137,1809.0955598000114,1765.4951902343455,0.02486993810571391,0.02486993810571391,0.720500874093644,0.3044563135469723
2023-02-16,2438.114323255975,10505,158611.47637589337,1864.0412146108613,6505,111109.13006439168,97.25667010229157,51.2514484840852,0.013342188546882738,1839.4982817046905,0.01253930581908791,1816.7179003650024,0.016413450999049894,1787.3808129746017,-0.019835367368198464,1778.3291744959483,-0.013184058911334229,1725.3457018940924,0.0026116346704556648,1705.4030649814758,-0.033912979387766495,1826.237967822994,1773.427097715815,0.023446930056377945,0.023446930056377945,0.7287847380931013,0.4116755928372138
2023-02-17,2340.1991931739017,13213,166377.58630365913,1920.0268893780365,5902,102320.90045696047,97.19801159378446,51.63133985123601,0.030034569154557378,1864.0412146108613,0.013342188546882738,1839.4982817046905,0.01253930581908791,1816.7179003650024,0.016413450999049894,1823.551629459814,0.0254297436112656,1781.6402167843144,0.03262796251697364,1796.102144137912,0.053183368212969206,1845.5330198066385,1779.6233349778213,0.02141159151044393,0.02141159151044393,0.7576608609090556,1.4666829947648192
2023-02-20,2303.122657627821,7875,168605.07375779442,1915.1287533565408,18570,102890.46990499624,97.341541609449,52.04304255409596,-0.0025510767836602888,1920.0268893780365,0.030034569154557378,1864.0412146108613,0.013342188546882738,1839.4982817046905,0.01253930581908791,1787.3808129746017,-0.019835367368198464,1827.2137285196695,0.025579525712329687,1761.5514171768189,-0.019236504490493078,1871.0826078830262,1787.3022017868072,0.020792692236130565,0.020792692236130565,0.785171117498935,0.6479504971573246
2023-02-21,2345.139024937883,6312,169515.17067043312,1970.2724173097492,5558,94917.33475145108,97.36591685748915,51.74571065941976,0.028793711052878868,1915.1287533565408,-0.0025510767836602888,1920.0268893780365,0.030034569154557378,1864.0412146108613,0.013342188546882738,1816.7179003650024,0.016413450999049894,1816.0375935497243,-0.0061164902580934655,1668.651889482994,-0.052737335276146546,1901.7935112719758,1802.3832281781447,0.016564377407164297,0.016564377407164297,0.8055309555953069,1.321606735125439
2023-02-22,2271.837801088904,7686,176112.86403688308,1948.3834839929775,17894,94737.8765117304,97.35079209281452,52.03611030078592,-0.011109597396008475,1970.2724173097492,0.028793711052878868,1915.1287533565408,-0.0025510767836602888,1920.0268893780365,0.030034569154557378,1839.4982817046905,0.01253930581908791,1802.0880089696127,-0.007681330292752864,1686.3867584049867,0.010628261672653405,1923.570551729633,1815.4830644575443,0.017119305578596263,0.017119305578596263,0.8279595517097269,0.6214974071462346
2023-02-23,2308.107736442413,10312,173751.00734758662,1925.5114363212017,6285,97436.05186610715,97.39405153798714,52.01002230810411,-0.011738986631575354,1948.3834839929775,-0.011109597396008475,1970.2724173097492,0.028793711052878868,1915.1287533565408,-0.0025510767836602888,1864.0412146108613,0.013342188546882738,1778.3291744959483,-0.013184058911334229,1737.796031663628,0.030484865350380863,1935.864596071701,1824.8688346904232,0.01671951824052821,0.01671951824052821,0.843041409600378,0.15638279503480101
2023-02-24,2273.5069844909635,16075,173706.71206724425,1942.0120031420788,12384,96286.6964372906,97.40024318635514,52.11196488045124,0.008569446283010596,1925.5114363212017,-0.011738986631575354,1948.3834839929775,-0.011109597396008475,1970.2724173097492,0.028793711052878868,1920.0268893780365,0.030034569154557378,1823.551629459814,0.0254297436112656,1744.4513859761178,0.0038297672403582173,1940.2616188245095,1834.7468655487214,0.016731562314896444,0.016731562314896444,0.8629558324466322,0.41966786545897483
2023-02-27,2212.967701875966,7006,180160.9114403963,2002.1062147526816,12617,89913.0110151419,97.41128275891636,52.25003047228176,0.03094430493394129,1942.0120031420788,0.008569446283010596,1925.5114363212017,-0.011738986631575354,1948.3834839929775,-0.011109597396008475,1915.1287533565408,-0.0025510767836602888,1787.3808129746017,-0.019835367368198464,1744.6102977692676,9.109556988939893e-05,1957.6571111037379,1847.6216613978918,0.01760512267856009,0.01760512267856009,0.8879076989599181,1.0515029589950473
2023-02-28,2197.338487893579,16726,181765.73277620025,1999.056582328958,18689,89733.13344522867,97.3704494426337,52.54833561271906,-0.0015232121059572945,2002.1062147526816,0.03094430493394129,1942.0120031420788,0.008569446283010596,1925.5114363212017,-0.011738986631575354,1970.2724173097492,0.028793711052878868,1816.7179003650024,0.016413450999049894,1746.2962998348728,0.0009664061181806627,1963.4139441075797,1860.2596755225961,0.017659144895223116,0.017659144895223116,0.9142407510940239,0.5447763428931269
2023-03-01,2266.101818679017,17082,173465.7174730275,1982.097544168148,17578,89845.48726242335,97.2306384766538,52.57315107327801,-0.00848352083213788,1999.056582328958,-0.0015232121059572945,2002.1062147526816,0.03094430493394129,1942.0120031420788,0.008569446283010596,1948.3834839929775,-0.011109597396008475,1839.4982817046905,0.01253930581908791,1720.8514665413684,-0.014570742259438108,1970.1567561426134,1873.3219794039353,0.01731825898798053,0.01731825898798053,0.9364124934580882,0.24548863879764693
2023-03-02,2282.9315991656404,5257,174324.74939380723,1985.156956289936,8371,89638.04403593669,97.0762759564016,52.9961996718686,0.0015435224824276172,1982.097544168148,-0.00848352083213788,1999.056582328958,-0.0015232121059572945,2002.1062147526816,0.03094430493394129,1925.5114363212017,-0.011738986631575354,1864.0412146108613,0.013342188546882738,1725.3457018940924,0.0026116346704556648,1982.0858601363605,1886.3125421237273,0.0173348995748422,0.0173348995748422,0.9590619311048608,0.2612085975029767
2023-03-03,2228.104010680521,8381,178879.377510351,1930.640231950499,9633,95383.98224299896,97.14160044472972,53.08902352379657,-0.027462173288969383,1985.156956289936,0.0015435224824276172,1982.097544168148,-0.00848352083213788,1999.056582328958,-0.0015232121059572945,1942.0120031420788,0.008569446283010596,1920.0268893780365,0.030034569154557378,1781.6402167843144,0.03262796251697364,1979.8115058980445,1893.7625428820368,0.01789057494430332,0.01789057494430332,0.9610770228974149,-0.3041821076619675
2023-03-06,2230.3297210188234,17397,179687.19189593676,1977.3150895046235,11578,90051.80652222758,97.11393043572116,53.27627880553743,0.02417584425191932,1930.640231950499,-0.027462173288969383,1985.156956289936,0.0015435224824276172,1982.097544168148,-0.00848352083213788,2002.1062147526816,0.03094430493394129,1915.1287533565408,-0.0025510767836602888,1827.2137285196695,0.025579525712329687,1974.853280848433,1901.2676109312845,0.017804734517851438,0.017804734517851438,0.9922985754272601,0.6759726683364246
2023-03-07,2236.997372611644,10173,179713.58864010047,1964.7890119338424,5940,96526.55977010952,97.05432154575554,53.02630002807626,-0.006334892014564719,1977.3150895046235,0.02417584425191932,1930.640231950499,-0.027462173288969383,1985.156956289936,0.0015435224824276172,1999.056582328958,-0.0015232121059572945,1970.2724173097492,0.028793711052878868,1816.0375935497243,-0.0061164902580934655,1967.9997667694101,1908.7051818504901,0.017811399302211425,0.017811399302211425,1.003698500792903,-0.3717393004710311
2023-03-08,2270.722929852159,19640,175002.80457525994,1889.5108369409263,12654,104053.66991925176,97.05517210842784,53.67389773128771,-0.038313617663620625,1964.7890119338424,-0.006334892014564719,1977.3150895046235,0.02417584425191932,1930.640231950499,-0.027462173288969383,1982.097544168148,-0.00848352083213788,1948.3834839929775,-0.011109597396008475,1802.0880089696127,-0.007681330292752864,1949.4824253239653,1913.0763232490558,0.020053231096441082,0.020053231096441082,0.989362654396155,-0.6409632369258313
2023-03-09,2305.627135687996,14673,172257.2871272553,1858.1291189172773,12039,107970.67624605236,97.1346653337194,53.8148452082492,-0.016608382132623944,1889.5108369409263,-0.038313617663620625,1964.7890119338424,-0.006334892014564719,1977.3150895046235,0.02417584425191932,1985.156956289936,0.0015435224824276172,1925.5114363212017,-0.011738986631575354,1778.3291744959483,-0.013184058911334229,1924.076857849434,1917.0663204701225,0.020208767811928822,0.020208767811928822,0.9727884597968965,-0.6225603429712188
2023-03-10,2152.069458792891,16554,188123.36115865657,1874.8868862360728,13022,104940.86059223936,97.15270172802204,54.02874443585273,0.00901862370498785,1858.1291189172773,-0.016608382132623944,1889.5108369409263,-0.038313617663620625,1964.7890119338424,-0.006334892014564719,1930.640231950499,-0.027462173288969383,1942.0120031420788,0.008569446283010596,1823.551629459814,0.0254297436112656,1912.9261887065484,1919.6330833089353,0.019546403239966467,0.019546403239966467,0.9926339585179506,-0.055013541945942476
2023-03-13,2146.6053517172813,13403,186038.5547187704,1804.006638007938,7679,112505.01092046016,97.08709623435796,53.54628869248926,-0.03780507973493297,1874.8868862360728,0.00901862370498785,1858.1291189172773,-0.016608382132623944,1889.5108369409263,-0.038313617663620625,1977.3150895046235,0.02417584425191932,2002.1062147526816,0.03094430493394129,1787.3808129746017,-0.019835367368198464,1878.2644984072115,1920.4643745606022,0.02094511970238374,0.02094511970238374,0.9900417797753269,-0.9857773225051024
2023-03-14,2117.744370734252,9377,186293.5671762604,1872.8584008412583,12802,105258.060057857,97.20972552992284,53.29947808556553,0.038166025214491084,1804.006638007938,-0.03780507973493297,1874.8868862360728,0.00901862370498785,1858.1291189172773,-0.016608382132623944,1964.7890119338424,-0.006334892014564719,1999.056582328958,-0.0015232121059572945,1816.7179003650024,0.016413450999049894,1859.8783761886946,1923.2713995844151,0.022324877599869262,0.022324877599869262,1.0328744204526208,0.3613584148718335
2023-03-15,2116.2479893817563,16579,184248.54768700665,1957.9850705421445,13359,97651.60836923316,97.367644080221,53.67084319194115,0.04545280607580837,1872.8584008412583,0.038166025214491084,1804.006638007938,-0.03780507973493297,1874.8868862360728,0.00901862370498785,1889.5108369409263,-0.038313617663620625,1982.097544168148,-0.00848352083213788,1839.4982817046905,0.01253930581908791,1873.5732229089383,1929.1957390262876,0.024288090915041853,0.024288090915041853,0.9837920118580037,0.9017670485497268
2023-03-16,2107.7609521696204,12066,186188.9443292996,1915.6814898170292,14228,96380.0285719101,97.4170997457533,53.75691052742893,-0.021605670728327864,1957.9850705421445,0.04545280607580837,1872.8584008412583,0.038166025214491084,1804.006638007938,-0.03780507973493297,1858.1291189172773,-0.016608382132623944,1985.156956289936,0.0015435224824276172,1864.0412146108613,0.013342188546882738,1885.0836970888886,1931.777752786596,0.024787593291448463,0.024787593291448463,0.9291380049050659,0.5374035669603028
2023-03-17,2110.541224274692,16293,184638.3778497245,1988.5848343809507,5881,91319.22623315884,97.51446609688772,53.182776606980255,0.03805608863031029,1915.6814898170292,-0.021605670728327864,1957.9850705421445,0.04545280607580837,1872.8584008412583,0.038166025214491084,1874.8868862360728,0.00901862370498785,1930.640231950499,-0.027462173288969383,1920.0268893780365,0.030034569154557378,1907.8232867178642,1935.2056500367416,0.02532986864088135,0.02532986864088135,0.8420690145665599,0.9641364732744004
2023-03-20,2055.769107407514,16704,190070.17774096623,2005.881543343544,10653,91161.28773638056,97.63866209656908,53.4942635856754,0.008697999031043624,1988.5848343809507,0.03805608863031029,1915.6814898170292,-0.021605670728327864,1957.9850705421445,0.04545280607580837,1804.006638007938,-0.03780507973493297,1977.3150895046235,0.02417584425191932,1915.1287533565408,-0.0025510767836602888,1948.1982677849853,1939.7432895360919,0.02534699649332834,0.02534699649332834,0.764616344924283,0.6230334336278871
2023-03-21,2079.1151607964957,18922,189681.81536157505,1976.0473377136493,5040,95131.28968649532,97.75167202820954,53.33112874436959,-0.014873363648466031,2005.881543343544,0.008697999031043624,1988.5848343809507,0.03805608863031029,1915.6814898170292,-0.021605670728327864,1872.8584008412583,0.038166025214491084,1964.7890119338424,-0.006334892014564719,1970.2724173097492,0.028793711052878868,1968.8360551594637,1940.0320355562867,0.02484975218535639,0.02484975218535639,0.7014688543317056,-0.00924627379465015
2023-03-22,2098.400126338928,14280,185177.72604266007,1937.6858428300457,9370,97421.8186158158,97.8130819459208,53.7545238401326,-0.01941324691542523,1976.0473377136493,-0.014873363648466031,2005.881543343544,0.008697999031043624,1988.5848343809507,0.03805608863031029,1957.9850705421445,0.04545280607580837,1889.5108369409263,-0.038313617663620625,1948.3834839929775,-0.011109597396008475,1964.7762096170438,1939.4971534981403,0.025120735906539474,0.025120735906539474,0.6616314961683374,-0.0550328990397112
2023-03-23,2107.8064822114056,12965,186874.94600202868,1936.3903420562287,19338,94458.7299625599,97.8729166506283,53.72817313655149,-0.0006685814310976035,1937.6858428300457,-0.01941324691542523,1976.0473377136493,-0.014873363648466031,2005.881543343544,0.008697999031043624,1915.6814898170292,-0.021605670728327864,1858.1291189172773,-0.016608382132623944,1925.5114363212017,-0.011738986631575354,1968.917980064884,1940.0410987848913,0.024969433476823233,0.024969433476823233,0.6161376076091826,0.4489932561835462
2023-03-24,2055.0517366208232,16196,191568.25505514877,1910.0479410692103,14094,95395.9055729224,97.92488270796296,53.78958514235765,-0.013603869227650556,1936.3903420562287,-0.0006685814310976035,1937.6858428300457,-0.01941324691542523,1976.0473377136493,-0.014873363648466031,1988.5848343809507,0.03805608863031029,1874.8868862360728,0.00901862370498785,1942.0120031420788,0.008569446283010596,1953.2106014025358,1938.442895681248,0.025087844524563998,0.025087844524563998,0.5889867098492393,0.12971192194879025
2023-03-27,2011.224624469976,10701,195065.66340762703,2082.0877342284493,9604,79221.3512456719,97.81514894050824,54.14327151593514,0.09007092935213667,1910.0479410692103,-0.013603869227650556,1936.3903420562287,-0.0006685814310976035,1937.6858428300457,-0.01941324691542523,2005.881543343544,0.008697999031043624,1804.006638007938,-0.03780507973493297,2002.1062147526816,0.03094430493394129,1968.4518395795167,1942.441971655037,0.03162438799231779,0.03162438799231779,0.5307331214929432,2.3857320210988906
2023-03-28,2035.478970220227,5231,195260.4064209501,2169.072118122918,18061,72796.19965695601,97.8852212561942,53.87402362467874,0.04177748250685598,2082.0877342284493,0.09007092935213667,1910.0479410692103,-0.013603869227650556,1936.3903420562287,-0.0006685814310976035,1976.0473377136493,-0.014873363648466031,1872.8584008412583,0.038166025214491084,1999.056582328958,-0.0015232121059572945,2007.0567956613704,1950.9427484447347,0.03280025515313814,0.03280025515313814,0.43450867707306307,1.943851954754503
2023-03-29,2020.1170298388647,5814,197229.46696969503,2081.9838898654684,8800,81513.96454840749,97.74963985908154,53.57616958232856,-0.04014999203106917,2169.072118122918,0.04177748250685598,2082.0877342284493,0.09007092935213667,1910.0479410692103,-0.013603869227650556,1937.6858428300457,-0.01941324691542523,1957.9850705421445,0.04545280607580837,1982.097544168148,-0.00848352083213788,2035.916405068455,1955.9370657296008,0.03419899066373616,0.03419899066373616,0.408125373986738,0.743442709014994
2023-03-30,2108.1921623545177,5809,185404.5919502641,2047.4950700720883,17352,86876.26031571113,97.67017991356904,53.517220056209126,-0.016565363431130464,2081.9838898654684,-0.04014999203106917,2169.072118122918,0.04177748250685598,2082.0877342284493,0.09007092935213667,1936.3903420562287,-0.0006685814310976035,1915.6814898170292,-0.021605670728327864,1985.156956289936,0.0015435224824276172,2058.1373506716272,1959.0539714187082,0.034478331825461964,0.034478331825461964,0.37465439234198045,0.590977680638558
2023-03-31,2092.938529159707,7013,186376.8878523526,2165.324697465689,17424,74078.87208889426,97.80053642034984,53.765371896095495,0.057548186130407686,2047.4950700720883,-0.016565363431130464,2081.9838898654684,-0.04014999203106917,2169.072118122918,0.04177748250685598,1910.0479410692103,-0.013603869227650556,1988.5848343809507,0.03805608863031029,1930.640231950499,-0.027462173288969383,2109.1927019509226,1970.7881946944676,0.03585460024189939,0.03585460024189939,0.38594148234255815,1.8724382838233005
2023-04-03,2111.881562494586,18357,182657.56315046785,2070.052793420287,8617,81391.3998652115,97.88455843661929,53.366108720311445,-0.0439988996370424,2165.324697465689,0.057548186130407686,2047.4950700720883,-0.016565363431130464,2081.9838898654684,-0.04014999203106917,2082.0877342284493,0.09007092935213667,2005.881543343544,0.008697999031043624,1977.3150895046235,0.02417584425191932,2106.78571378929,1975.425079890251,0.037283060551253855,0.037283060551253855,0.3789953230429114,0.6329582688704722
2023-04-04,2092.3851491601285,8066,184706.3195852113,2055.139739343207,19487,85960.46590107487,98.03329826558785,52.86569834034472,-0.007204190214124662,2070.052793420287,-0.0439988996370424,2165.324697465689,0.057548186130407686,2047.4950700720883,-0.016565363431130464,2169.072118122918,0.04177748250685598,1976.0473377136493,-0.014873363648466031,1964.7890119338424,-0.006334892014564719,2083.999238033348,1979.9426162607192,0.03729495010833335,0.03729495010833335,0.35980077595615284,0.43889171397448357
2023-04-05,2087.1836543871377,12837,183913.4132345496,2113.65326128033,13587,83059.01028286574,98.00613082721912,53.112814618457854,0.02847179722962423,2055.139739343207,-0.007204190214124662,2070.052793420287,-0.0439988996370424,2165.324697465689,0.057548186130407686,2081.9838898654684,-0.04014999203106917,1937.6858428300457,-0.01941324691542523,1889.5108369409263,-0.038313617663620625,2090.33311231632,1991.1497374776893,0.036389588174154684,0.036389588174154684,0.37175606201482575,0.7371002296160083
2023-04-06,2045.5682150845817,6547,186880.9128640841,2175.559697745061,19961,79374.93213564009,97.89090594309144,52.93192112468776,0.02928883256245718,2113.65326128033,0.02847179722962423,2055.139739343207,-0.007204190214124662,2070.052793420287,-0.0439988996370424,2047.4950700720883,-0.016565363431130464,1936.3903420562287,-0.0006685814310976035,1858.1291189172773,-0.016608382132623944,2115.9460378509148,2007.0212664190785,0.03632012728308188,0.03632012728308188,0.4006773073740178,0.832712345013448
2023-04-07,2062.5247640312364,10417,186769.05009243317,2273.713669089969,13785,73201.72278556407,97.86686222338442,52.81425332081167,0.04511665271545673,2175.559697745061,0.02928883256245718,2113.65326128033,0.02847179722962423,2055.139739343207,-0.007204190214124662,2165.324697465689,0.057548186130407686,1910.0479410692103,-0.013603869227650556,1874.8868862360728,0.00901862370498785,2137.623832175771,2026.962605561773,0.03723103816117131,0.03723103816117131,0.42765406477917994,1.137802717084577
2023-04-10,1988.667688451667,5033,190173.44774164312,2275.9573515918764,18534,73654.76477046713,97.87706535310846,52.25721020022962,0.000986792018893734,2273.713669089969,0.04511665271545673,2175.559697745061,0.02928883256245718,2113.65326128033,0.02847179722962423,2070.052793420287,-0.0439988996370424,2082.0877342284493,0.09007092935213667,1804.006638007938,-0.03780507973493297,2178.8047438100884,2050.56014124097,0.035564106684718474,0.035564106684718474,0.4504234172165123,0.6923317436102947
2023-04-11,1998.9815381576343,5684,189293.5391829279,2301.849037023395,14099,67523.47979659535,97.88496422474248,52.05351640592403,0.01137617337750596,2275.9573515918764,0.000986792018893734,2273.713669089969,0.04511665271545673,2175.559697745061,0.02928883256245718,2055.139739343207,-0.007204190214124662,2169.072118122918,0.04177748250685598,1872.8584008412583,0.038166025214491084,2228.1466033461265,2072.009673050077,0.03503834062012754,0.03503834062012754,0.47781228565326395,1.2057986406891592
2023-04-12,1964.4634735167265,11461,191883.7129361228,2351.0420586875803,11874,63508.228708323695,97.99833227261814,52.05124621693468,0.02137108944720323,2301.849037023395,0.01137617337750596,2275.9573515918764,0.000986792018893734,2273.713669089969,0.04511665271545673,2113.65326128033,0.02847179722962423,2081.9838898654684,-0.04014999203106917,1957.9850705421445,0.04545280607580837,2275.624362827576,2091.662522457349,0.03419341531892504,0.03419341531892504,0.516427187387588,1.1370579120973243
2023-04-13,2006.4416491598968,17310,187834.6829363684,2393.751549452292,13776,62897.38603574032,97.9622052301178,52.330359574221546,0.018166195966971888,2351.0420586875803,0.02137108944720323,2301.849037023395,0.01137617337750596,2275.9573515918764,0.000986792018893734,2175.559697745061,0.02928883256245718,2047.4950700720883,-0.016565363431130464,1915.6814898170292,-0.021605670728327864,2319.2627331690223,2115.566025439112,0.03342268758401804,0.03342268758401804,0.5620321475458897,0.8767946229260566
2023-04-14,1960.73461062842,6738,187266.52548032824,2315.814036803789,12768,69748.68580182295,97.99740867729808,52.09899052435115,-0.032558730945296155,2393.751549452292,0.018166195966971888,2351.0420586875803,0.02137108944720323,2301.849037023395,0.01137617337750596,2273.713669089969,0.04511665271545673,2165.324697465689,0.057548186130407686,1988.5848343809507,0.03805608863031029,2327.6828067117867,2131.9274855602534,0.034214875788299015,0.034214875788299015,0.6051790102172567,0.23013812516269722
2023-04-17,2022.459445725548,16477,178685.87129258882,2397.702590135488,9896,64835.37625668382,97.89854596235465,52.5962033604209,0.03536059114863965,2315.814036803789,-0.032558730945296155,2393.751549452292,0.018166195966971888,2351.0420586875803,0.02137108944720323,2275.9573515918764,0.000986792018893734,2070.052793420287,-0.0439988996370424,2005.881543343544,0.008697999031043624,2352.031854420509,2151.5185378998513,0.034750872271319816,0.034750872271319816,0.6599459502754047,0.9087115960845821
2023-04-18,2059.2758438170745,9822,173939.75348967675,2344.090465830409,19936,71358.4477612313,97.943577690159,52.39083655316696,-0.022359789127161855,2397.702590135488,0.03536059114863965,2315.814036803789,-0.032558730945296155,2393.751549452292,0.018166195966971888,2301.849037023395,0.01137617337750596,2055.139739343207,-0.007204190214124662,1976.0473377136493,-0.014873363648466031,2360.4801401819113,2169.9206943056893,0.035066399808573845,0.035066399808573845,0.6837640551359231,0.08558018936724697
2023-04-19,2125.0909648442525,5332,170610.2113696349,2264.3880198973084,14074,77117.5452137494,97.94388854517756,52.18590901269141,-0.03400143769829522,2344.090465830409,-0.022359789127161855,2397.702590135488,0.03536059114863965,2315.814036803789,-0.032558730945296155,2351.0420586875803,0.02137108944720323,2113.65326128033,0.02847179722962423,1937.6858428300457,-0.01941324691542523,2343.1493324238572,2186.255803159052,0.03583511938348639,0.03583511938348639,0.658377827112373,-0.16530106853582352
2023-04-20,2083.422937914849,9601,171810.45032006508,2393.80306272382,17759,67414.83313728654,97.86890721134912,52.647116278260754,0.0571523262308995,2264.3880198973084,-0.03400143769829522,2344.090465830409,-0.022359789127161855,2397.702590135488,0.03536059114863965,2393.751549452292,0.018166195966971888,2175.559697745061,0.02928883256245718,1936.3903420562287,-0.0006685814310976035,2343.159635078163,2209.126439192432,0.03736301032584957,0.03736301032584957,0.6815418741631065,1.0520240214345793
2023-04-21,2142.8949230928342,13885,163631.81014718543,2335.037700290411,15416,73295.50974115061,97.84532427513165,52.71055432396993,-0.02454895448522898,2393.80306272382,0.0571523262308995,2264.3880198973084,-0.03400143769829522,2344.090465830409,-0.022359789127161855,2315.814036803789,-0.032558730945296155,2273.713669089969,0.04511665271545673,1910.0479410692103,-0.013603869227650556,2347.004367775487,2230.375927153492,0.037824469434496646,0.037824469434496646,0.6806402483900791,0.140502969606615
2023-04-24,2227.314028243834,11204,155230.26166342446,2362.2923934242945,14893,68823.54560696498,97.82690670048012,52.54494690526646,0.011672056999548097,2335.037700290411,-0.02454895448522898,2393.80306272382,0.0571523262308995,2264.3880198973084,-0.03400143769829522,2397.702590135488,0.03536059114863965,2275.9573515918764,0.000986792018893734,2082.0877342284493,0.09007092935213667,2339.9223284332484,2244.386160113284,0.03291711282113426,0.03291711282113426,0.6838181499492506,0.3836273435996645
2023-04-25,2307.64790673428,5256,148596.57343994282,2377.258081168771,10653,70469.14851627867,97.7998911875464,52.49840696591228,0.006335239357386557,2362.2923934242945,0.011672056999548097,2335.037700290411,-0.02454895448522898,2393.80306272382,0.0571523262308995,2344.090465830409,-0.022359789127161855,2301.849037023395,0.01137617337750596,2169.072118122918,0.04177748250685598,2346.5558515009207,2254.7954582655766,0.03187505773521395,0.03187505773521395,0.6896031032618419,-0.11648647774130566
2023-04-26,2349.4290949371084,13077,143760.22709631332,2356.5900501905085,15183,70845.61582339468,97.97702531177318,52.9043290391749,-0.008694062770038369,2377.258081168771,0.006335239357386557,2362.2923934242945,0.011672056999548097,2335.037700290411,-0.02454895448522898,2264.3880198973084,-0.03400143769829522,2351.0420586875803,0.02137108944720323,2081.9838898654684,-0.04014999203106917,2364.996257559561,2268.5257662818285,0.03026141413379409,0.03026141413379409,0.6927987966050054,-0.29715757296446466
2023-04-27,2352.0258612132743,9018,143770.20882722715,2358.328994813531,13101,72387.17068980592,97.96718071154238,53.344189885062605,0.0007379071395476888,2356.5900501905085,-0.008694062770038369,2377.258081168771,0.006335239357386557,2362.2923934242945,0.011672056999548097,2393.80306272382,0.0571523262308995,2393.751549452292,0.018166195966971888,2047.4950700720883,-0.016565363431130464,2357.9014439775033,2284.067462518901,0.02980682369844815,0.02980682369844815,0.6970432463488685,-0.5249371766843314
2023-04-28,2331.2262691405394,9840,142326.50745402632,2355.5269272641985,5350,74378.07418616758,97.94279110052464,53.099151931281526,-0.0011881580371080336,2358.328994813531,0.0007379071395476888,2356.5900501905085,-0.008694062770038369,2377.258081168771,0.006335239357386557,2335.037700290411,-0.02454895448522898,2315.814036803789,-0.032558730945296155,2165.324697465689,0.057548186130407686,2361.9992893722606,2293.577574008826,0.027414875354166597,0.027414875354166597,0.7001951248069564,-0.8250690421205685
2023-05-01,2337.5780038978423,7742,145233.93625839186,2343.9572614882463,15475,74574.3145889169,97.73304600476364,53.0864217882578,-0.00491171025983117,2355.5269272641985,-0.0011881580371080336,2358.328994813531,0.0007379071395476888,2356.5900501905085,-0.008694062770038369,2362.2923934242945,0.011672056999548097,2397.702590135488,0.03536059114863965,2070.052793420287,-0.0439988996370424,2358.332262985051,2307.2727974122245,0.025062226273446796,0.025062226273446796,0.7077808455203287,-0.7513279166440439
2023-05-02,2398.3990720991933,8450,139397.1950679897,2359.6038908907653,8418,72130.33670462132,97.64362526956567,53.11346883655807,0.0066753049040597645,2343.9572614882463,-0.00491171025983117,2355.5269272641985,-0.0011881580371080336,2358.328994813531,0.0007379071395476888,2377.258081168771,0.006335239357386557,2344.090465830409,-0.022359789127161855,2055.139739343207,-0.007204190214124662,2354.80142492945,2322.496004989602,0.02485324631578848,0.02485324631578848,0.7150458833865173,-0.40164339660742143
2023-05-03,2384.958315056936,14349,140876.62024564826,2386.895933954981,11287,71445.85758905408,97.61731792712006,52.81759680340309,0.011566366359021751,2359.6038908907653,0.0066753049040597645,2343.9572614882463,-0.00491171025983117,2355.5269272641985,-0.0011881580371080336,2356.5900501905085,-0.008694062770038369,2264.3880198973084,-0.03400143769829522,2113.65326128033,0.02847179722962423,2360.8626016823446,2336.1581386233347,0.024375394057181556,0.024375394057181556,0.7196792426268882,-0.44133462670156487
2023-05-04,2343.975783263378,14935,149806.23947773362,2362.076096649222,13006,74754.59978041024,97.5487326595024,52.80089128760809,-0.01039837428715773,2386.895933954981,0.011566366359021751,2359.6038908907653,0.0066753049040597645,2343.9572614882463,-0.00491171025983117,2358.328994813531,0.0007379071395476888,2393.80306272382,0.0571523262308995,2175.559697745061,0.02928883256245718,2361.6120220494827,2345.4839585685427,0.02402493761509975,0.02402493761509975,0.7279229321683514,-1.0822126979080204
2023-05-05,2377.033077871732,12913,145860.15148248844,2373.9552674599736,11273,76889.12076618713,97.68690341884016,52.8024881457436,0.005029122824452115,2362.076096649222,-0.01039837428715773,2386.895933954981,0.011566366359021751,2359.6038908907653,0.0066753049040597645,2355.5269272641985,-0.0011881580371080336,2335.037700290411,-0.02454895448522898,2273.713669089969,0.04511665271545673,2365.297690088638,2350.4960384870433,0.02203869211486131,0.02203869211486131,0.7331036761039119,-1.193667022114349
2023-05-08,2453.093136170058,6651,137017.704058861,2363.5817349040854,10145,78822.49404583787,97.67040964130057,53.144550989424616,-0.004369725368493338,2373.9552674599736,0.005029122824452115,2362.076096649222,-0.01039837428715773,2386.895933954981,0.011566366359021751,2343.9572614882463,-0.00491171025983117,2362.2923934242945,0.011672056999548097,2275.9573515918764,0.000986792018893734,2369.2225847718055,2354.8772576526535,0.022089111588256872,0.022089111588256872,0.7475081027958318,-1.2677826590311554
2023-05-09,2519.578916651294,17816,129746.04516389848,2378.6755657785734,15188,79259.53143283,97.79925406623238,53.50677849791798,0.006385999118029506,2363.5817349040854,-0.004369725368493338,2373.9552674599736,0.005029122824452115,2362.076096649222,-0.01039837428715773,2359.6038908907653,0.0066753049040597645,2377.258081168771,0.006335239357386557,2301.849037023395,0.01137617337750596,2373.036919749367,2358.718584090412,0.022007093090388077,0.022007093090388077,0.7572820925745398,-1.0934945668600444
2023-05-10,2537.0032873945283,10176,131905.15360490387,2339.6740200518893,5207,83574.97113719117,97.8054245296374,53.40801567841028,-0.016396328397108806,2378.6755657785734,0.006385999118029506,2363.5817349040854,-0.004369725368493338,2373.9552674599736,0.005029122824452115,2386.895933954981,0.011566366359021751,2356.5900501905085,-0.008694062770038369,2351.0420586875803,0.02137108944720323,2363.592536968749,2358.1501821586276,0.02186568861170816,0.02186568861170816,0.7680961494177755,-1.6084252082423118
2023-05-11,2460.03489244463,19371,137772.88439217172,2367.307540632058,8357,83735.87175709363,97.80914731327957,53.34382973525204,0.011810842170036917,2339.6740200518893,-0.016396328397108806,2378.6755657785734,0.006385999118029506,2363.5817349040854,-0.004369725368493338,2362.076096649222,-0.01039837428715773,2358.328994813531,0.0007379071395476888,2393.751549452292,0.018166195966971888,2364.6388257653157,2356.8279817176162,0.021632461260811732,0.021632461260811732,0.7721472611905666,-1.188286627616626
2023-05-12,2540.330304693391,7319,129799.2001796967,2373.489612601948,9185,81876.97845801739,97.80026766850833,53.54311742586873,0.002611435930390149,2367.307540632058,0.011810842170036917,2339.6740200518893,-0.016396328397108806,2378.6755657785734,0.006385999118029506,2373.9552674599736,0.005029122824452115,2355.5269272641985,-0.0011881580371080336,2315.814036803789,-0.032558730945296155,2364.545694793711,2359.7117605075246,0.020261156990500576,0.020261156990500576,0.7627226968483881,-0.7905792031303266
2023-05-15,2640.311433172761,12727,122055.55483044598,2380.12641635314,12139,78242.07279495827,97.80064729367048,53.36756089119062,0.0027962219492996265,2373.489612601948,0.002611435930390149,2367.307540632058,0.011810842170036917,2339.6740200518893,-0.016396328397108806,2363.5817349040854,-0.004369725368493338,2343.9572614882463,-0.00491171025983117,2397.702590135488,0.03536059114863965,2367.854631083522,2358.8329518184064,0.01863345474881425,0.01863345474881425,0.7544748065810469,-0.2465868680829449
2023-05-16,2644.2093375266595,5382,121942.14019253718,2419.8325559363784,12606,76590.24976979803,97.97252679397543,53.54415293671184,0.01668236582327287,2380.12641635314,0.0027962219492996265,2373.489612601948,0.002611435930390149,2367.307540632058,0.011810842170036917,2378.6755657785734,0.006385999118029506,2359.6038908907653,0.0066753049040597645,2344.090465830409,-0.022359789127161855,2376.086029115083,2362.6200563237053,0.018231009314179886,0.018231009314179886,0.7336194652298351,-0.23425977970608583
2023-05-17,2674.8571725538823,11476,121917.111379775,2429.836474048929,17070,76080.25041369336,97.74056572130031,53.51778099050108,0.004134136507920383,2419.8325559363784,0.01668236582327287,2380.12641635314,0.0027962219492996265,2373.489612601948,0.002611435930390149,2339.6740200518893,-0.016396328397108806,2386.895933954981,0.011566366359021751,2264.3880198973084,-0.03400143769829522,2394.1185199144907,2370.8924790312863,0.016173453369009706,0.016173453369009706,0.7179376805909654,-0.3166665402379144
2023-05-18,2752.8658364012617,17343,117805.74743211806,2463.934930609465,10904,72732.83702783297,97.54041114685646,53.226961417179496,0.014033231011515879,2429.836474048929,0.004134136507920383,2419.8325559363784,0.01668236582327287,2380.12641635314,0.0027962219492996265,2367.307540632058,0.011810842170036917,2362.076096649222,-0.01039837428715773,2393.80306272382,0.0571523262308995,2413.4439979099725,2374.399072425568,0.010569904312352824,0.010569904312352824,0.7038389010363488,0.3653095457275046
2023-05-19,2841.937795187932,7811,112410.92214696572,2503.140688499473,7495,73628.92563185949,97.48609406375084,52.9399104033156,0.01591184791568767,2463.934930609465,0.014033231011515879,2429.836474048929,0.004134136507920383,2419.8325559363784,0.01668236582327287,2373.489612601948,0.002611435930390149,2373.9552674599736,0.005029122824452115,2335.037700290411,-0.02454895448522898,2439.374213089477,2382.8042218360215,0.009090724634302832,0.009090724634302832,0.6780848543485845,-0.2838983154040271
2023-05-22,2813.4261199121734,16256,115759.38380509238,2523.327058538669,13923,69944.21719842062,97.4875468519446,53.37402801212493,0.008064416887129333,2503.140688499473,0.01591184791568767,2463.934930609465,0.014033231011515879,2429.836474048929,0.004134136507920383,2380.12641635314,0.0027962219492996265,2363.5817349040854,-0.004369725368493338,2362.2923934242945,0.011672056999548097,2468.014341526583,2390.8559550917407,0.008955262223204885,0.008955262223204885,0.6387154518387379,0.7942974296301681
2023-05-23,2722.3602467838045,17228,120963.85164351312,2521.479543631865,13886,70306.81862316217,97.556557294421,53.327101568381934,-0.0007321741747873256,2523.327058538669,0.008064416887129333,2503.140688499473,0.01591184791568767,2463.934930609465,0.014033231011515879,2419.8325559363784,0.01668236582327287,2378.6755657785734,0.006385999118029506,2377.258081168771,0.006335239357386557,2488.3437390656804,2398.0670282148953,0.008970310089043188,0.008970310089043188,0.6140811190291195,0.23372532725325917
2023-05-24,2887.2450852857423,17863,106622.8297895154,2502.0273444518207,8356,74430.76247866503,97.60386601422375,53.81920779655143,-0.007714597260632949,2521.479543631865,-0.0007321741747873256,2523.327058538669,0.008064416887129333,2503.140688499473,0.01591184791568767,2429.836474048929,0.004134136507920383,2339.6740200518893,-0.016396328397108806,2356.5900501905085,-0.008694062770038369,2502.781913146259,2405.3388929279604,0.008905618979948238,0.008905618979948238,0.604877026426576,-0.6057463265193308
2023-05-25,2741.7627389671843,15951,117946.90559256444,2540.8826061416357,14554,71667.31101281117,97.56544142293568,53.66511691833696,0.015529511208570712,2502.0273444518207,-0.007714597260632949,2521.479543631865,-0.0007321741747873256,2523.327058538669,0.008064416887129333,2463.934930609465,0.014033231011515879,2367.307540632058,0.011810842170036917,2358.328994813531,0.0007379071395476888,2518.1714482526927,2414.4665734943655,0.009309717408198356,0.009309717408198356,0.6038844767560438,0.5668124230739339
2023-05-26,2828.9399374996865,14673,112962.26423980514,2562.1628890812053,19288,69913.69478066512,97.66734579225988,53.75247847867641,0.008375153928061208,2540.8826061416357,0.015529511208570712,2502.0273444518207,-0.007714597260632949,2521.479543631865,-0.0007321741747873256,2503.140688499473,0.01591184791568767,2373.489612601948,0.002611435930390149,2355.5269272641985,-0.0011881580371080336,2529.9758883690392,2424.798371585216,0.009286897065036262,0.009286897065036262,0.607893431246765,0.5982494383829882
2023-05-29,2875.30812330304,5226,110398.7335283574,2541.276515537917,12149,72952.55503797512,97.77036533257514,54.47028149558188,-0.008151852340183674,2562.1628890812053,0.008375153928061208,2540.8826061416357,0.015529511208570712,2502.0273444518207,-0.007714597260632949,2523.327058538669,0.008064416887129333,2380.12641635314,0.0027962219492996265,2343.9572614882463,-0.00491171025983117,2533.5657797688887,2434.6643342876996,0.009481432474835093,0.009481432474835093,0.6349856705417258,-0.2709624165092007
2023-05-30,3009.412536883945,17460,102043.96719486424,2526.5916539979285,6286,74111.98252160769,97.7887711157023,54.153065472182895,-0.0057785374595019645,2541.276515537917,-0.008151852340183674,2562.1628890812053,0.008375153928061208,2540.8826061416357,0.015529511208570712,2521.479543631865,-0.0007321741747873256,2419.8325559363784,0.01668236582327287,2359.6038908907653,0.0066753049040597645,2534.588201842101,2443.0137224430578,0.009709074505279957,0.009709074505279957,0.6607535812207389,-0.14485659880872018
2023-05-31,3031.7864394046437,15202,102303.53976520184,2519.251861779702,7612,72036.98635935449,97.885036872951,53.58372112221296,-0.002905017202369242,2526.5916539979285,-0.0057785374595019645,2541.276515537917,-0.008151852340183674,2562.1628890812053,0.008375153928061208,2502.0273444518207,-0.007714597260632949,2429.836474048929,0.004134136507920383,2386.895933954981,0.011566366359021751,2538.033105307678,2449.6315188342937,0.00961265407223073,0.00961265407223073,0.6601776952642845,0.4989939821698728
2023-06-01,2917.761379394706,11473,108024.34492001712,2518.7292811348966,15606,70210.74275905624,97.9123013992942,53.96969816159913,-0.0002074348550589189,2519.251861779702,-0.002905017202369242,2526.5916539979285,-0.0057785374595019645,2541.276515537917,-0.008151852340183674,2540.8826061416357,0.015529511208570712,2463.934930609465,0.014033231011515879,2362.076096649222,-0.01039837428715773,2533.6024403063298,2457.464178058578,0.009137594561938196,0.009137594561938196,0.6554872129508778,0.6077528199927565
2023-06-02,2919.856715350515,9014,107625.08758694534,2509.272913269907,5404,73083.63505037528,97.85615309661593,53.72165542998121,-0.003754420110099632,2518.7292811348966,-0.0002074348550589189,2519.251861779702,-0.002905017202369242,2526.5916539979285,-0.0057785374595019645,2562.1628890812053,0.008375153928061208,2503.140688499473,0.01591184791568767,2373.9552674599736,0.005029122824452115,2523.0244451440703,2464.2300603490744,0.00925814449465865,0.00925814449465865,0.6475857628500624,-0.2692406513098571
2023-06-05,2905.215502607543,12284,107322.62253388931,2498.1924329780654,8626,76033.10908562569,97.92593478051592,53.71544352074935,-0.004415813135846713,2509.272913269907,-0.003754420110099632,2518.7292811348966,-0.0002074348550589189,2519.251861779702,-0.002905017202369242,2541.276515537917,-0.008151852340183674,2523.327058538669,0.008064416887129333,2363.5817349040854,-0.004369725368493338,2514.4076286321,2470.960595252773,0.00926003279391348,0.00926003279391348,0.6456051654165608,-0.5853662510090144
2023-06-06,2964.623706125304,10732,99943.1656350081,2503.566103481648,15283,73973.75554447828,97.93699609277378,53.539668057613866,0.0021510234490529356,2498.1924329780654,-0.004415813135846713,2509.272913269907,-0.003754420110099632,2518.7292811348966,-0.0002074348550589189,2526.5916539979285,-0.0057785374595019645,2521.479543631865,-0.0007321741747873256,2378.6755657785734,0.006385999118029506,2509.802518528844,2477.205122137927,0.009222395852715651,0.009222395852715651,0.6342609931423303,0.21096373497814713
2023-06-07,2951.1675446802437,12268,102419.9608064182,2485.914478405948,19025,76642.67007136275,97.93713007744924,53.62011689190047,-0.007050592772905873,2503.566103481648,0.0021510234490529356,2498.1924329780654,-0.004415813135846713,2509.272913269907,-0.003754420110099632,2519.251861779702,-0.002905017202369242,2502.0273444518207,-0.007714597260632949,2339.6740200518893,-0.016396328397108806,2503.135041854093,2484.51714505563,0.008410095115840623,0.008410095115840623,0.6317099324285796,-0.7722802654806115
2023-06-08,2909.39792445126,15349,105274.66775588036,2486.380373129424,7950,78580.9228823416,98.0844254346682,53.33495602974474,0.00018741381794207257,2485.914478405948,-0.007050592772905873,2503.566103481648,0.0021510234490529356,2498.1924329780654,-0.004415813135846713,2518.7292811348966,-0.0002074348550589189,2540.8826061416357,0.015529511208570712,2367.307540632058,0.011810842170036917,2496.6652602529985,2490.4707866804983,0.008172496098949694,0.008172496098949694,0.6189507079979135,-1.0262088432915428
2023-06-09,3004.250339260578,6067,100020.34763902953,2487.0198848645973,9642,80547.67330049051,97.83933822181416,53.28097400337975,0.00025720591349776,2486.380373129424,0.00018741381794207257,2485.914478405948,-0.007050592772905873,2503.566103481648,0.0021510234490529356,2509.272913269907,-0.003754420110099632,2562.1628890812053,0.008375153928061208,2373.489612601948,0.002611435930390149,2492.2146545719365,2496.1473002936305,0.008187569946038071,0.008187569946038071,0.6207292441205166,-1.3481335680658242
2023-06-12,3041.266582367895,17017,99322.5736431558,2501.312536845311,5637,82940.78033431934,97.69756980479822,53.415918601346704,0.0057468989563354,2487.0198848645973,0.00025720591349776,2486.380373129424,0.00018741381794207257,2485.914478405948,-0.007050592772905873,2498.1924329780654,-0.004415813135846713,2541.276515537917,-0.008151852340183674,2380.12641635314,0.0027962219492996265,2492.8386753453856,2502.206606318239,0.008222154348153037,0.008222154348153037,0.6334461003487892,-1.561303796834305
2023-06-13,3172.7026493032376,17777,89381.69721651876,2506.6604454441604,13589,85106.66018008832,97.57886276216078,53.11342593546443,0.0021380409365372444,2501.312536845311,0.0057468989563354,2487.0198848645973,0.00025720591349776,2486.380373129424,0.00018741381794207257,2503.566103481648,0.0021510234490529356,2526.5916539979285,-0.0057785374595019645,2419.8325559363784,0.01668236582327287,2493.457543737888,2506.5480007936285,0.007516350191705966,0.007516350191705966,0.6215163717015386,-1.4988701980677217
2023-06-14,3225.851449892901,8052,89655.68738740378,2516.455779881681,15046,84830.978699645,97.5425366974039,52.90340072657066,0.003907722904920474,2506.6604454441604,0.0021380409365372444,2501.312536845311,0.0057468989563354,2487.0198848645973,0.00025720591349776,2485.914478405948,-0.007050592772905873,2519.251861779702,-0.002905017202369242,2429.836474048929,0.004134136507920383,2499.5658040330345,2510.8789660852663,0.0075128049026326835,0.0075128049026326835,0.5910369724785965,-0.9874114045227453
2023-06-15,3224.655235226855,17795,90943.32695743104,2497.1254868552114,17765,86519.48955768997,97.5170758804273,52.79918587649109,-0.007681554820477832,2516.455779881681,0.003907722904920474,2506.6604454441604,0.0021380409365372444,2501.312536845311,0.0057468989563354,2486.380373129424,0.00018741381794207257,2518.7292811348966,-0.0002074348550589189,2463.934930609465,0.014033231011515879,2501.714826778192,2512.5384938975535,0.007211788426820476,0.007211788426820476,0.5856619419615721,-1.4536601564951364
2023-06-16,3274.962951319681,8431,90435.2933543742,2489.0612053317977,16024,89132.97438489264,97.36634331565,52.37054124622321,-0.0032294258201535087,2497.1254868552114,-0.007681554820477832,2516.455779881681,0.003907722904920474,2506.6604454441604,0.0021380409365372444,2487.0198848645973,0.00025720591349776,2509.272913269907,-0.003754420110099632,2503.140688499473,0.01591184791568767,2502.1230908716325,2511.8345197391695,0.006298176976620316,0.006298176976620316,0.5771746374787927,-1.5109596320041858
2023-06-19,3255.392329225885,19768,95617.3699569532,2502.0112962288104,19016,86418.49030244452,97.2678275124189,52.24377295138359,0.005202801308892058,2489.0612053317977,-0.0032294258201535087,2497.1254868552114,-0.007681554820477832,2516.455779881681,0.003907722904920474,2501.312536845311,0.0057468989563354,2498.1924329780654,-0.004415813135846713,2523.327058538669,0.008064416887129333,2502.2628427483323,2510.7687316236766,0.00612927465146634,0.00612927465146634,0.570644141949164,-0.6489965381949583
2023-06-20,3255.616550677336,15395,95197.77448926737,2497.358050035732,7323,84186.02792027523,97.18174334456656,52.27941191335447,-0.0018598022319451513,2502.0112962288104,0.005202801308892058,2489.0612053317977,-0.0032294258201535087,2497.1254868552114,-0.007681554820477832,2506.6604454441604,0.0021380409365372444,2503.566103481648,0.0021510234490529356,2521.479543631865,-0.0007321741747873256,2500.4023636666466,2509.56265694387,0.006137610903975879,0.006137610903975879,0.6277705681130863,-0.36189175741365015
2023-06-21,3151.941570300705,17838,100885.47971820574,2490.326685698715,14146,86995.32244243492,97.42748575377416,52.15954723087793,-0.0028155211211768894,2497.358050035732,-0.0018598022319451513,2502.0112962288104,0.005202801308892058,2489.0612053317977,-0.0032294258201535087,2516.455779881681,0.003907722904920474,2485.914478405948,-0.007050592772905873,2502.0273444518207,-0.007714597260632949,2495.1765448300534,2508.9776240062147,0.0059271029386676645,0.0059271029386676645,0.617607165457252,-1.2899644951135536
2023-06-22,3150.350629097169,10197,101839.29654956907,2506.6313245197466,11049,88543.23350681156,97.60765994854886,52.07813428299842,0.00654718873417881,2490.326685698715,-0.0028155211211768894,2497.358050035732,-0.0018598022319451513,2502.0112962288104,0.005202801308892058,2497.1254868552114,-0.007681554820477832,2486.380373129424,0.00018741381794207257,2540.8826061416357,0.015529511208570712,2497.0777123629605,2507.26505992512,0.004927021142337283,0.004927021142337283,0.5704916580209924,-1.25862475340723
2023-06-23,3206.6979578441374,18986,100966.53873095072,2501.2661611446947,13128,90769.87612009986,97.5664850067804,52.072163781726445,-0.002140387907296204,2506.6313245197466,0.00654718873417881,2490.326685698715,-0.0028155211211768894,2497.358050035732,-0.0018598022319451513,2489.0612053317977,-0.0032294258201535087,2487.0198848645973,0.00025720591349776,2562.1628890812053,0.008375153928061208,2499.51870352554,2504.220223528295,0.004449248073995185,0.004449248073995185,0.6015497424788698,-1.4026699142099635
2023-06-26,3249.9637185603005,18822,101044.72198439932,2488.537699258168,6494,92992.5279378487,97.5301266777497,51.87544074299674,-0.005088807454502131,2501.2661611446947,-0.002140387907296204,2506.6313245197466,0.00654718873417881,2490.326685698715,-0.0028155211211768894,2502.0112962288104,0.005202801308892058,2501.312536845311,0.0057468989563354,2541.276515537917,-0.008151852340183674,2496.823984131411,2501.583282714307,0.004245124180064967,0.004245124180064967,0.5829851598447131,-1.4248527372324165
2023-06-27,3284.8841607952854,19662,95447.76571781022,2510.7892028083925,13890,88640.64277138942,97.41520627803088,52.08275951275681,0.008941597933942447,2488.537699258168,-0.005088807454502131,2501.2661611446947,-0.002140387907296204,2506.6313245197466,0.00654718873417881,2497.358050035732,-0.0018598022319451513,2506.6604454441604,0.0021380409365372444,2526.5916539979285,-0.0057785374595019645,2499.5102146859435,2500.7931601548307,0.004638107504070098,0.004638107504070098,0.6179628819701444,0.14471465927589922
2023-06-28,3260.6464150846555,16973,100342.95362463118,2528.0210829100342,9055,85076.15292242978,97.22439323670837,52.513552950197344,0.006863132947348749,2510.7892028083925,0.008941597933942447,2488.537699258168,-0.005088807454502131,2501.2661611446947,-0.002140387907296204,2490.326685698715,-0.0028155211211768894,2516.455779881681,0.003907722904920474,2519.251861779702,-0.002905017202369242,2507.049094128207,2501.231621211347,0.004858793388824767,0.004858793388824767,0.6932090153776463,0.4478323677944088
2023-06-29,3275.228865156168,10963,99055.2259769407,2517.6581928355754,9913,85311.8627440918,97.2127052180675,52.37423883253871,-0.004099210305054113,2528.0210829100342,0.006863132947348749,2510.7892028083925,0.008941597933942447,2488.537699258168,-0.005088807454502131,2506.6313245197466,0.00654718873417881,2497.1254868552114,-0.007681554820477832,2518.7292811348966,-0.0002074348550589189,2509.254467791373,2501.178066796381,0.004952364997660135,0.004952364997660135,0.7569429568590554,-0.048506490267805
2023-06-30,3272.503359175362,12439,100713.34389007212,2558.86889979692,18197,85965.9419472215,97.1129200197431,52.51979830198202,0.016368666357735373,2517.6581928355754,-0.004099210305054113,2528.0210829100342,0.006863132947348749,2510.7892028083925,0.008941597933942447,2501.2661611446947,-0.002140387907296204,2489.0612053317977,-0.0032294258201535087,2509.272913269907,-0.003754420110099632,2520.7750155218177,2503.6578661227313,0.006069641829913296,0.006069641829913296,0.7702545487345128,-0.18285780359372653
2023-07-03,3267.9714714066617,6072,98835.75820728594,2594.321016794632,12830,83256.28832984105,97.1044349665769,52.44791315535163,0.013854604665571646,2558.86889979692,0.016368666357735373,2517.6581928355754,-0.004099210305054113,2528.0210829100342,0.006863132947348749,2488.537699258168,-0.005088807454502131,2502.0112962288104,0.005202801308892058,2498.1924329780654,-0.004415813135846713,2541.931679029111,2508.46429531356,0.0065667293198284965,0.0065667293198284965,0.7856017313832129,0.5933021723421907
2023-07-04,3269.282223616356,7438,97502.80789478571,2620.5071498767816,6175,82245.30250342125,96.94441438167256,52.55755935886318,0.010093636413007756,2594.321016794632,0.013854604665571646,2558.86889979692,0.016368666357735373,2517.6581928355754,-0.004099210305054113,2510.7892028083925,0.008941597933942447,2497.358050035732,-0.0018598022319451513,2503.566103481648,0.0021510234490529356,2563.8752684427886,2514.3113476333165,0.0068174524959626675,0.0068174524959626675,0.7824414659188518,0.5614014221268915
2023-07-05,3326.3558441759224,13401,95268.92137851332,2631.739578448446,5645,80496.20133469664,96.86821693584152,53.02729321822416,0.004286356773417932,2620.5071498767816,0.010093636413007756,2594.321016794632,0.013854604665571646,2558.86889979692,0.016368666357735373,2528.0210829100342,0.006863132947348749,2490.326685698715,-0.0028155211211768894,2485.914478405948,-0.007050592772905873,2584.618967550471,2521.6026026354416,0.006460399249324474,0.006460399249324474,0.778879824509632,0.9286830129783422
2023-07-06,3324.654490232801,5276,92349.8798891455,2658.2550872436336,10763,81817.06637367595,96.8830796453718,53.17989108112958,0.010075278349090944,2631.739578448446,0.004286356773417932,2620.5071498767816,0.010093636413007756,2594.321016794632,0.013854604665571646,2517.6581928355754,-0.004099210305054113,2506.6313245197466,0.00654718873417881,2486.380373129424,0.00018741381794207257,2612.738346432083,2530.196338341152,0.006620343568383838,0.006620343568383838,0.7813605055642096,0.3937928695987307
2023-07-07,3334.3616864554483,16644,93958.2279561101,2623.307108997325,17373,81410.52166288889,96.9197006051502,52.647866719486686,-0.013146961860062256,2658.2550872436336,0.010075278349090944,2631.739578448446,0.004286356773417932,2620.5071498767816,0.010093636413007756,2558.86889979692,0.016368666357735373,2501.2661611446947,-0.002140387907296204,2487.0198848645973,0.00025720591349776,2625.6259882721633,2537.0106995477886,0.007563223552917446,0.007563223552917446,0.79621115884491,0.645428697471566
2023-07-10,3307.254215348847,18062,95067.12511624352,2648.445386752036,13669,83440.53705516442,96.9614478010244,52.78406540892077,0.009582666729523348,2623.307108997325,-0.013146961860062256,2658.2550872436336,0.010075278349090944,2631.739578448446,0.004286356773417932,2594.321016794632,0.013854604665571646,2488.537699258168,-0.005088807454502131,2501.312536845311,0.0057468989563354,2636.4508622636445,2544.367342043125,0.007692136186424835,0.007692136186424835,0.8664097516393069,-0.003033354427494528
2023-07-11,3245.192227480878,19374,99923.22274151524,2638.1444039911084,16594,84906.17012324894,96.8293989026087,53.15392453191348,-0.003889445035361039,2648.445386752036,0.009582666729523348,2623.307108997325,-0.013146961860062256,2658.2550872436336,0.010075278349090944,2620.5071498767816,0.010093636413007756,2510.7892028083925,0.008941597933942447,2506.6604454441604,0.0021380409365372444,2639.97831308651,2550.941539970472,0.00783980779798957,0.00783980779798957,0.8754064122001601,-0.19827162138526877
2023-07-12,3257.1795503065705,5123,99981.62594253752,2642.6892635746635,5558,79996.2236129393,96.91486747562226,53.08744568091405,0.0017227486018882576,2638.1444039911084,-0.003889445035361039,2648.445386752036,0.009582666729523348,2623.307108997325,-0.013146961860062256,2631.739578448446,0.004286356773417932,2528.0210829100342,0.006863132947348749,2516.455779881681,0.003907722904920474,2642.168250111753,2557.253214155121,0.007835681426338828,0.007835681426338828,0.9262501739138241,1.6623438603215361
2023-07-13,3275.556301542154,9016,98245.22016031393,2656.6692664837506,15997,79816.45498444997,96.83484630596207,53.38613612274939,0.005290066865514476,2642.6892635746635,0.0017227486018882576,2638.1444039911084,-0.003889445035361039,2648.445386752036,0.009582666729523348,2658.2550872436336,0.010075278349090944,2517.6581928355754,-0.004099210305054113,2497.1254868552114,-0.007681554820477832,2641.8510859597764,2565.2304031365484,0.007479102217494398,0.007479102217494398,0.9428045832137281,0.9231081573254384
2023-07-14,3259.3795856240117,10631,102377.33048875887,2644.99749155817,15415,82562.22949524797,96.8981320974228,53.17910146040381,-0.004393386513266928,2656.6692664837506,0.005290066865514476,2642.6892635746635,0.0017227486018882576,2638.1444039911084,-0.003889445035361039,2623.307108997325,-0.013146961860062256,2558.86889979692,0.016368666357735373,2489.0612053317977,-0.0032294258201535087,2646.1891624719456,2573.027217447867,0.007535491414938625,0.007535491414938625,0.9536775238734616,0.15134712461565913
2023-07-17,3216.1987783173035,10052,110185.82020277936,2641.0224490239125,17464,84694.30772646095,96.897068229761,52.73343971254712,-0.0015028530450197364,2644.99749155817,-0.004393386513266928,2656.6692664837506,0.005290066865514476,2642.6892635746635,0.0017227486018882576,2648.445386752036,0.009582666729523348,2594.321016794632,0.013854604665571646,2502.0112962288104,0.005202801308892058,2644.704574926321,2579.977775087622,0.007584609197293158,0.007584609197293158,0.954434054919028,-0.08719804351465488
2023-07-18,3218.668231502196,17757,111691.9110132276,2631.2823684566624,17044,87032.24424479113,96.7594294798532,52.77579041819692,-0.0036879961284880247,2641.0224490239125,-0.0015028530450197364,2644.99749155817,-0.004393386513266928,2656.6692664837506,0.005290066865514476,2638.1444039911084,-0.003889445035361039,2620.5071498767816,0.010093636413007756,2497.358050035732,-0.0018598022319451513,2643.332167819432,2586.6739910086685,0.0076535966326796686,0.0076535966326796686,0.9544444185747489,-0.3968863268784635
2023-07-19,3230.439977996105,19397,107912.20088913049,2598.259460778509,9969,89595.32464791043,96.72780970939507,52.24884740197302,-0.012550119315975383,2631.2823684566624,-0.0036879961284880247,2641.0224490239125,-0.0015028530450197364,2644.99749155817,-0.004393386513266928,2642.6892635746635,0.0017227486018882576,2631.739578448446,0.004286356773417932,2490.326685698715,-0.0028155211211768894,2634.446207260201,2592.070629762658,0.008301147438207073,0.008301147438207073,0.916871271093451,-0.7781295289513429
2023-07-20,3246.2773816806457,6383,107596.37956553488,2604.0823543986658,15410,89212.32141935515,96.76434608360144,52.17691609810496,0.0022410747302397116,2598.259460778509,-0.012550119315975383,2631.2823684566624,-0.0036879961284880247,2641.0224490239125,-0.0015028530450197364,2656.6692664837506,0.005290066865514476,2658.2550872436336,0.010075278349090944,2506.6313245197466,0.00654718873417881,2623.928824843184,2596.9431812566045,0.008236863268310433,0.008236863268310433,0.8947221032936783,-0.41035277741997245
2023-07-21,3255.6707394593795,17117,106990.22073415,2610.866856425073,16860,89547.34980405148,96.82564262164892,52.5629687768986,0.0026053331281736813,2604.0823543986658,0.0022410747302397116,2598.259460778509,-0.012550119315975383,2631.2823684566624,-0.0036879961284880247,2644.99749155817,-0.004393386513266928,2623.307108997325,-0.013146961860062256,2501.2661611446947,-0.002140387907296204,2617.1026978165646,2602.423216020623,0.008181267489037867,0.008181267489037867,0.880027216507517,-0.6912606921210817
2023-07-24,3248.2494175576794,14053,109697.06312954672,2613.414586930292,13313,88777.18498471363,96.81154383190446,51.99003990517471,0.0009758178587120359,2610.866856425073,0.0026053331281736813,2604.0823543986658,0.0022410747302397116,2598.259460778509,-0.012550119315975383,2641.0224490239125,-0.0015028530450197364,2648.445386752036,0.009582666729523348,2488.537699258168,-0.005088807454502131,2611.5811253978404,2608.6670604042292,0.008008303298086519,0.008008303298086519,0.8642651366343952,-0.7558286917902675
2023-07-25,3249.557813218815,7578,110142.280959738,2600.19087839054,11531,93829.3645278026,96.96472172096458,51.60619086640055,-0.005059935230286028,2613.414586930292,0.0009758178587120359,2610.866856425073,0.0026053331281736813,2604.0823543986658,0.0022410747302397116,2631.2823684566624,-0.0036879961284880247,2638.1444039911084,-0.003889445035361039,2510.7892028083925,0.008941597933942447,2605.362827384616,2613.1371441833367,0.008025830532539366,0.008025830532539366,0.8491284988249316,-1.8048050981831087
2023-07-26,3266.156822823391,13132,113805.72398278669,2641.228130438614,11282,88906.3860856205,97.06547279806324,51.29658119285208,0.015782399818845105,2600.19087839054,-0.005059935230286028,2613.414586930292,0.0009758178587120359,2610.866856425073,0.0026053331281736813,2598.259460778509,-0.012550119315975383,2642.6892635746635,0.0017227486018882576,2528.0210829100342,0.006863132947348749,2613.956561316637,2618.7974965597655,0.008553516244134328,0.008553516244134328,0.8481282800528966,0.45041990151254935
2023-07-27,3302.610874402191,19530,113321.79209237684,2631.012677484532,5199,90592.88229016152,97.03980738642323,51.27758523493878,-0.0038676905021397534,2641.228130438614,0.015782399818845105,2600.19087839054,-0.005059935230286028,2613.414586930292,0.0009758178587120359,2604.0823543986658,0.0022410747302397116,2656.6692664837506,0.005290066865514476,2517.6581928355754,-0.004099210305054113,2619.3426259338103,2624.4652207922136,0.00854465544142988,0.00854465544142988,0.8316673162257421,-0.47264889415745315
2023-07-28,3288.9976353407656,15482,115709.78870526694,2614.1145732236737,10879,91927.33988093548,97.11481956763694,51.16787019924492,-0.006422661663878615,2631.012677484532,-0.0038676905021397534,2641.228130438614,0.015782399818845105,2600.19087839054,-0.005059935230286028,2610.866856425073,0.0026053331281736813,2644.99749155817,-0.004393386513266928,2558.86889979692,0.016368666357735373,2619.9921692935304,2627.2275044635508,0.008067533615251714,0.008067533615251714,0.8286420182002188,-0.528686434024446
2023-07-31,3293.055851089227,5460,115119.90912157252,2593.713616872857,8916,91212.55376249657,97.30819891615576,51.58761111375375,-0.007804155395399692,2614.1145732236737,-0.006422661663878615,2631.012677484532,-0.0038676905021397534,2641.228130438614,0.015782399818845105,2613.414586930292,0.0009758178587120359,2641.0224490239125,-0.0015028530450197364,2594.321016794632,0.013854604665571646,2616.0519752820433,2627.1971344674625,0.007711037395542999,0.007711037395542999,0.818480693854336,-0.32641517864508857
2023-08-01,3265.4428593466782,8849,115366.91740601607,2595.2558329679723,12582,94515.39777055405,97.50424737623406,51.873915612481255,0.0005945976784340612,2593.713616872857,-0.007804155395399692,2614.1145732236737,-0.006422661663878615,2631.012677484532,-0.0038676905021397534,2600.19087839054,-0.005059935230286028,2631.2823684566624,-0.0036879961284880247,2620.5071498767816,0.010093636413007756,2615.06496619753,2625.934568622022,0.007341360673471963,0.007341360673471963,0.819051368664256,-0.9283690947005694
2023-08-02,3252.814852848868,5120,116316.9679442106,2579.2401359634573,18179,96856.34578538028,97.3814473881518,52.02249749630184,-0.006171143823689662,2595.2558329679723,0.0005945976784340612,2593.713616872857,-0.007804155395399692,2614.1145732236737,-0.006422661663878615,2641.228130438614,0.015782399818845105,2598.259460778509,-0.012550119315975383,2631.739578448446,0.004286356773417932,2602.6673673024984,2623.3095964977724,0.007358023940069455,0.007358023940069455,0.8163826206687941,-0.9911438081395991
2023-08-03,3251.672577750774,15122,117129.98969323056,2564.354749351232,18497,97208.37345663374,97.2887940770361,52.066186590605,-0.005771229442606773,2579.2401359634573,-0.006171143823689662,2595.2558329679723,0.0005945976784340612,2593.713616872857,-0.007804155395399692,2631.012677484532,-0.0038676905021397534,2604.0823543986658,0.0022410747302397116,2658.2550872436336,0.010075278349090944,2589.3357816758385,2618.6145796031524,0.006946446045355481,0.006946446045355481,0.8268227204878568,-0.6863414023181973
2023-08-04,3255.560611388475,7818,118177.99469922346,2574.9246952353515,7251,95223.59586580764,97.43728595570948,52.18415552370045,0.004121873499286277,2564.354749351232,-0.005771229442606773,2579.2401359634573,-0.006171143823689662,2595.2558329679723,0.0005945976784340612,2614.1145732236737,-0.006422661663878615,2610.866856425073,0.0026053331281736813,2623.307108997325,-0.013146961860062256,2581.497806078174,2616.1954589150537,0.006518408190374309,0.006518408190374309,0.8627458807138626,-0.04731832607297154
2023-08-07,3241.746447469124,14041,119747.24429521478,2568.8117567786053,6242,95739.92788232876,97.33145785062572,51.92556081710644,-0.002374026109601357,2574.9246952353515,0.004121873499286277,2564.354749351232,-0.005771229442606773,2579.2401359634573,-0.006171143823689662,2593.713616872857,-0.007804155395399692,2613.414586930292,0.0009758178587120359,2648.445386752036,0.009582666729523348,2576.5174340593235,2612.213777416382,0.006035847415418368,0.006035847415418368,0.9238893511909522,-0.3977480611027475
2023-08-08,3223.037582923378,7891,120644.20467298472,2569.554377645052,10327,99367.55021921238,97.19920373729656,52.18272392317342,0.000289091197316127,2568.8117567786053,-0.002374026109601357,2574.9246952353515,0.004121873499286277,2564.354749351232,-0.005771229442606773,2595.2558329679723,0.0005945976784340612,2600.19087839054,-0.005059935230286028,2638.1444039911084,-0.003889445035361039,2571.3771429947396,2608.7842760990793,0.006021379364302479,0.006021379364302479,0.9847173633416108,-0.7565319620027178
2023-08-09,3283.663628104528,7602,117274.74231912084,2598.4069055403024,10935,98089.41465740211,97.15058432422666,51.84911064686566,0.011228611523564247,2569.554377645052,0.000289091197316127,2568.8117567786053,-0.002374026109601357,2574.9246952353515,0.004121873499286277,2579.2401359634573,-0.006171143823689662,2641.228130438614,0.015782399818845105,2642.6892635746635,0.0017227486018882576,2575.2104969101088,2606.5701581973613,0.006618066498109932,0.006618066498109932,1.0529884305169546,-0.7839373853254736
2023-08-10,3271.6774214569514,9381,117406.80757367174,2623.352023575532,18475,94901.39830724988,97.19260699517412,52.09972374503633,0.009600158459416752,2598.4069055403024,0.011228611523564247,2569.554377645052,0.000289091197316127,2568.8117567786053,-0.002374026109601357,2564.354749351232,-0.005771229442606773,2631.012677484532,-0.0038676905021397534,2656.6692664837506,0.005290066865514476,2587.009951754969,2604.90429605195,0.006892131743173096,0.006892131743173096,1.0649991524774662,0.17558140846805814
2023-08-11,3280.901179919223,14560,115189.66714941584,2627.4843568008123,14381,95435.68184007032,97.182367324513,52.45556649567197,0.001575211099442253,2623.352023575532,0.009600158459416752,2598.4069055403024,0.011228611523564247,2569.554377645052,0.000289091197316127,2574.9246952353515,0.004121873499286277,2614.1145732236737,-0.006422661663878615,2644.99749155817,-0.004393386513266928,2597.521884068061,2604.0286393140823,0.006848695208384449,0.006848695208384449,1.0506988501459853,-0.4310694351074192
2023-08-14,3281.336271066063,14045,113776.24353368537,2622.8780963642007,9547,94968.50688093856,97.11731096247244,52.51882587629841,-0.0017531067024962876,2627.4843568008123,0.001575211099442253,2623.352023575532,0.009600158459416752,2598.4069055403024,0.011228611523564247,2568.8117567786053,-0.002374026109601357,2593.713616872857,-0.007804155395399692,2641.0224490239125,-0.0015028530450197364,2608.3351519851794,2603.1214216810968,0.006851217645641218,0.006851217645641218,1.0424731999146144,-0.2567674974463653
2023-08-15,3238.462572236353,7228,117737.50253800048,2575.6998365792965,19979,100194.42993984482,97.0498897163,52.46596195860981,-0.017987210252089936,2622.8780963642007,-0.0017531067024962876,2627.4843568008123,0.001575211099442253,2623.352023575532,0.009600158459416752,2569.554377645052,0.000289091197316127,2595.2558329679723,0.0005945976784340612,2631.2823684566624,-0.0036879961284880247,2609.5642437720285,2600.3422950872286,0.007888497751483817,0.007888497751483817,1.0271295195146104,-1.0901977990231302
2023-08-16,3236.6913672643323,18801,119620.70286649423,2607.3404274127765,13558,99148.97067357326,96.97865600985872,52.58605493110271,0.012284269457228714,2575.6998365792965,-0.017987210252089936,2622.8780963642007,-0.0017531067024962876,2627.4843568008123,0.001575211099442253,2598.4069055403024,0.011228611523564247,2579.2401359634573,-0.006171143823689662,2598.259460778509,-0.012550119315975383,2611.3509481465235,2600.796343418942,0.0079353445017939,0.0079353445017939,1.045361505038787,-0.2265991301080269
2023-08-17,3256.755646818164,19477,118251.44635227603,2627.013805009331,19765,99680.90206104504,96.89070504699282,51.72759942007251,0.007545381258893036,2607.3404274127765,0.012284269457228714,2575.6998365792965,-0.017987210252089936,2622.8780963642007,-0.0017531067024962876,2623.352023575532,0.009600158459416752,2564.354749351232,-0.005771229442606773,2604.0823543986658,0.0022410747302397116,2612.0833044332835,2601.942915949475,0.008094051472812605,0.008094051472812605,1.0227594668868287,-0.450098273319386
2023-08-18,3259.969007666012,11370,118098.3888841499,2652.1481611050312,13176,98963.19728796143,97.11886833472045,51.81827688561815,0.009567652841325991,2627.013805009331,0.007545381258893036,2607.3404274127765,0.012284269457228714,2575.6998365792965,-0.017987210252089936,2627.4843568008123,0.001575211099442253,2574.9246952353515,0.004121873499286277,2610.866856425073,0.0026053331281736813,2617.016065294127,2604.0069811834733,0.008336822311147041,0.008336822311147041,1.000441182301384,-0.15477564728786566
2023-08-21,3285.9760280043683,14400,117914.41236062736,2652.5750841216877,8174,99708.972678297,97.148619441839,51.78427068626621,0.00016097253649616228,2652.1481611050312,0.009567652841325991,2627.013805009331,0.007545381258893036,2607.3404274127765,0.012284269457228714,2622.8780963642007,-0.0017531067024962876,2568.8117567786053,-0.002374026109601357,2613.414586930292,0.0009758178587120359,2622.955462845625,2605.9650060430426,0.008337999892911655,0.008337999892911655,0.986561913661999,-0.4280499139363805
2023-08-22,3277.4980565163582,8178,118478.52021917056,2643.4514586351056,16636,98409.38897002478,97.23729534727946,51.76908225234911,-0.0034395352430157677,2652.5750841216877,0.00016097253649616228,2652.1481611050312,0.009567652841325991,2627.013805009331,0.007545381258893036,2575.6998365792965,-0.017987210252089936,2569.554377645052,0.000289091197316127,2600.19087839054,-0.005059935230286028,2636.5057872567863,2608.128035055271,0.008286008581732049,0.008286008581732049,0.9803101549750838,-0.4670487341904398
2023-08-23,3291.910243700493,13446,124197.86523479744,2644.487786515588,8645,99389.13895289844,97.18838760046756,51.98104200621846,0.00039203590332537175,2643.4514586351056,-0.0034395352430157677,2652.5750841216877,0.00016097253649616228,2652.1481611050312,0.009567652841325991,2607.3404274127765,0.012284269457228714,2598.4069055403024,0.011228611523564247,2641.228130438614,0.015782399818845105,2643.9352590773487,2608.29101785912,0.0075048624339956295,0.0075048624339956295,0.9773135728607661,-1.2041728542710497
2023-08-24,3272.0917191188955,11797,125917.08375003542,2627.62293186458,10012,103443.92081315511,97.16979193274896,51.95861132974904,-0.0063773615204437695,2644.487786515588,0.00039203590332537175,2643.4514586351056,-0.0034395352430157677,2652.5750841216877,0.00016097253649616228,2627.013805009331,0.007545381258893036,2623.352023575532,0.009600158459416752,2631.012677484532,-0.0038676905021397534,2644.0570844483987,2608.121530578122,0.007594932575141998,0.007594932575141998,0.9732491779959228,-1.8992601539696699
2023-08-25,3234.529450742993,14964,127414.99537301013,2617.4617539644705,8560,101901.38954173843,97.09843653461192,51.616549272753694,-0.0038670609001342227,2627.62293186458,-0.0063773615204437695,2644.487786515588,0.00039203590332537175,2643.4514586351056,-0.0034395352430157677,2652.1481611050312,0.009567652841325991,2627.4843568008123,0.001575211099442253,2614.1145732236737,-0.006422661663878615,2637.1198030202863,2608.2888896151626,0.007502782990043811,0.007502782990043811,0.9614817910954118,-0.7320957212180874
2023-08-28,3211.08356938985,7206,125468.96380474514,2644.6902582700486,11383,102203.33414072132,96.83326570112,51.574128471506086,0.01040263693035337,2617.4617539644705,-0.0038670609001342227,2627.62293186458,-0.0063773615204437695,2644.487786515588,0.00039203590332537175,2652.5750841216877,0.00016097253649616228,2622.8780963642007,-0.0017531067024962876,2593.713616872857,-0.007804155395399692,2635.5428378499587,2610.8377216850213,0.007598387531104658,0.007598387531104658,0.9619558686747786,-0.9938306215061369
2023-08-29,3204.6936505014964,6462,126532.58966829354,2703.1736482399047,9860,97139.68828945643,96.69546477343522,51.594395116730325,0.022113512078390407,2644.6902582700486,0.01040263693035337,2617.4617539644705,-0.0038670609001342227,2627.62293186458,-0.0063773615204437695,2643.4514586351056,-0.0034395352430157677,2575.6998365792965,-0.017987210252089936,2595.2558329679723,0.0005945976784340612,2647.4872757709186,2616.2336124486183,0.008942477800303874,0.008942477800303874,0.9320893257567592,0.9082055829585315
2023-08-30,3208.3856232754188,18144,128586.87632231954,2713.0828212756423,19198,95761.3833567166,96.51440290543718,51.62887529020463,0.003665755265922277,2703.1736482399047,0.022113512078390407,2644.6902582700486,0.01040263693035337,2617.4617539644705,-0.0038670609001342227,2644.487786515588,0.00039203590332537175,2607.3404274127765,0.012284269457228714,2579.2401359634573,-0.006171143823689662,2661.2062827229292,2622.925746714228,0.008733009343574757,0.008733009343574757,0.902754602099221,0.6491907478131428
2023-08-31,3207.609319959395,19747,128736.74025418848,2736.577992530549,8196,93439.82178710782,96.28942452764204,51.67745110039016,0.008659953566717782,2713.0828212756423,0.003665755265922277,2703.1736482399047,0.022113512078390407,2644.6902582700486,0.01040263693035337,2627.62293186458,-0.0063773615204437695,2627.013805009331,0.007545381258893036,2564.354749351232,-0.005771229442606773,2682.997294856123,2631.5369088731936,0.008602858598423628,0.008602858598423628,0.8819691885254094,1.1555153316280307
2023-09-01,3170.098205209216,9976,133770.60723188907,2749.721750430095,15749,94528.05448768592,96.1698886302122,51.98926181386573,0.004802990426518772,2736.577992530549,0.008659953566717782,2713.0828212756423,0.003665755265922277,2703.1736482399047,0.022113512078390407,2617.4617539644705,-0.0038670609001342227,2652.1481611050312,0.009567652841325991,2574.9246952353515,0.004121873499286277,2709.449294149248,2640.27676163293,0.008607670004822132,0.008607670004822132,0.8693801560390352,0.5188845804450213
2023-09-04,3202.7271146627463,8894,130688.28395597212,2767.898860154165,6871,93922.32832682254,96.30238419815038,51.66345144795548,0.0066105269455816185,2749.721750430095,0.004802990426518772,2736.577992530549,0.008659953566717782,2713.0828212756423,0.003665755265922277,2644.6902582700486,0.01040263693035337,2652.5750841216877,0.00016097253649616228,2568.8117567786053,-0.002374026109601357,2734.0910145260714,2650.2311168017086,0.00852870200579953,0.00852870200579953,0.8691033025129926,0.7917478382231494
2023-09-05,3165.4691647073287,13646,133005.8211094813,2751.276389155585,9529,96143.29673006634,96.29794058137992,51.71616158480494,-0.006005447394726748,2767.898860154165,0.0066105269455816185,2749.721750430095,0.004802990426518772,2736.577992530549,0.008659953566717782,2703.1736482399047,0.022113512078390407,2643.4514586351056,-0.0034395352430157677,2569.554377645052,0.000289091197316127,2743.711562709207,2659.3172173772355,0.008776598279489766,0.008776598279489766,0.8746503257163492,-0.09775994317628549
2023-09-06,3148.011076904176,5470,133908.05227269017,2778.746181919421,9205,92792.605271408,96.42699695761206,52.1031404943904,0.00998438138462232,2751.276389155585,-0.006005447394726748,2767.898860154165,0.0066105269455816185,2749.721750430095,0.004802990426518772,2713.0828212756423,0.003665755265922277,2644.487786515588,0.00039203590332537175,2598.4069055403024,0.011228611523564247,2756.844234837963,2668.3341811961914,0.008722871318379304,0.008722871318379304,0.8977355101338501,1.1839709697252474
2023-09-07,3159.34973203863,18754,131845.94712337488,2779.3606359111905,18740,96536.5042704193,96.46809521530214,51.58275704530925,0.00022112634675575116,2778.746181919421,0.00998438138462232,2751.276389155585,-0.006005447394726748,2767.898860154165,0.0066105269455816185,2736.577992530549,0.008659953566717782,2627.62293186458,-0.0063773615204437695,2623.352023575532,0.009600158459416752,2765.4007635140915,2676.134611812974,0.008623364422429693,0.008623364422429693,0.906603800237775,-0.15460229418984645
2023-09-08,3175.3605559773277,17940,128048.6556276742,2820.716686798972,9648,92300.401462076,96.54635109787364,51.63665104954326,0.0148796994364222,2779.3606359111905,0.00022112634675575116,2778.746181919421,0.00998438138462232,2751.276389155585,-0.006005447394726748,2749.721750430095,0.004802990426518772,2617.4617539644705,-0.0038670609001342227,2627.4843568008123,0.001575211099442253,2779.5997507878665,2685.7962283128822,0.00901768113536241,0.00901768113536241,0.9204570691208114,1.5615044707966574
2023-09-11,3175.0775520056263,12513,126380.41079578309,2839.217866044461,17559,94249.42202866488,96.4562613983432,51.46103749895136,0.006559034919059625,2820.716686798972,0.0148796994364222,2779.3606359111905,0.00022112634675575116,2778.746181919421,0.00998438138462232,2767.898860154165,0.0066105269455816185,2644.6902582700486,0.01040263693035337,2622.8780963642007,-0.0017531067024962876,2793.8635519659265,2696.613216796895,0.008949606974567115,0.008949606974567115,0.9442066455991908,0.5781835119818867
2023-09-12,3177.936727690162,5925,122632.91017148463,2807.9058232069083,9303,99580.6761735404,96.50865649376247,51.349824383609416,-0.011028404410957093,2839.217866044461,0.006559034919059625,2820.716686798972,0.0148796994364222,2779.3606359111905,0.00022112634675575116,2751.276389155585,-0.006005447394726748,2703.1736482399047,0.022113512078390407,2575.6998365792965,-0.017987210252089936,2805.1894387761904,2708.2235161282756,0.008148902104544267,0.008148902104544267,0.9540702168303732,-0.6177963358871099
2023-09-13,3162.2488235741885,12027,125412.06304503084,2819.30459471748,13409,100811.6669809624,96.58152791716992,51.07838213264509,0.004059527715054578,2807.9058232069083,-0.011028404410957093,2839.217866044461,0.006559034919059625,2820.716686798972,0.0148796994364222,2778.746181919421,0.00998438138462232,2713.0828212756423,0.003665755265922277,2607.3404274127765,0.012284269457228714,2813.3011213358022,2718.821724493511,0.00793243041443866,0.00793243041443866,0.9607874761915055,-0.3316722796905179
2023-09-14,3185.2617881865744,16133,123859.59189655236,2796.3335186804547,15791,100564.56982213818,96.52386318794652,51.02751691793496,-0.008147780867688525,2819.30459471748,0.004059527715054578,2807.9058232069083,-0.011028404410957093,2839.217866044461,0.006559034919059625,2779.3606359111905,0.00022112634675575116,2736.577992530549,0.008659953566717782,2627.013805009331,0.007545381258893036,2816.695697889655,2727.2877101770673,0.00832408050523975,0.00832408050523975,0.9604458058225999,-0.14289974190884158
2023-09-15,3195.135088199293,14282,123293.63200496526,2789.57229925433,14755,101761.97207831418,96.57981722500816,51.57989360226303,-0.0024178873446094595,2796.3335186804547,-0.008147780867688525,2819.30459471748,0.004059527715054578,2807.9058232069083,-0.011028404410957093,2820.716686798972,0.0148796994364222,2749.721750430095,0.004802990426518772,2652.1481611050312,0.009567652841325991,2810.466820380727,2734.158917084532,0.008269809394827568,0.008269809394827568,0.9514436985666129,-0.43891526990612256
2023-09-18,3193.271698468466,10797,122528.72111000888,2797.0672874230104,8402,100327.0062488588,96.63643600086564,51.200564493909866,0.0026867875662099916,2789.57229925433,-0.0024178873446094595,2796.3335186804547,-0.008147780867688525,2819.30459471748,0.004059527715054578,2839.217866044461,0.006559034919059625,2767.898860154165,0.0066105269455816185,2652.5750841216877,0.00016097253649616228,2802.0367046564365,2741.383527249598,0.008250485514826465,0.008250485514826465,0.9612264858906522,0.05110164485004101
2023-09-19,3207.7586159760367,18036,123799.57983662056,2762.0396182208,12851,106518.7723700414,96.58148073875265,50.849681493166216,-0.01252299841327087,2797.0672874230104,0.0026867875662099916,2789.57229925433,-0.0024178873446094595,2796.3335186804547,-0.008147780867688525,2807.9058232069083,-0.011028404410957093,2751.276389155585,-0.006005447394726748,2643.4514586351056,-0.0034395352430157677,2792.863463659215,2747.3129352288825,0.008834850335414337,0.008834850335414337,0.9536046911390462,-1.1701377960129582
2023-09-20,3217.026866478905,5584,121791.16999691998,2800.748507922842,6203,104807.952028857,96.46920389552552,50.45910112211717,0.014014603355681166,2762.0396182208,-0.01252299841327087,2797.0672874230104,0.0026867875662099916,2789.57229925433,-0.0024178873446094595,2819.30459471748,0.004059527715054578,2778.746181919421,0.00998438138462232,2644.487786515588,0.00039203590332537175,2789.1522463002875,2755.1259712992455,0.009202860875814423,0.009202860875814423,0.9797900657711035,-0.13592768037477893
2023-09-21,3190.10912105076,6518,127116.14915826176,2814.1721315084487,16836,105282.2493912621,96.3507910623357,50.9773266081056,0.0047928700301487215,2800.748507922842,0.014014603355681166,2762.0396182208,-0.01252299841327087,2797.0672874230104,0.0026867875662099916,2796.3335186804547,-0.008147780867688525,2779.3606359111905,0.00022112634675575116,2627.62293186458,-0.0063773615204437695,2792.7199688658866,2764.453431281439,0.008944587253897074,0.008944587253897074,1.033704751743667,-0.5220621471190515
2023-09-22,3171.174429244277,14759,130702.08154998758,2758.1503970456915,15787,110281.06842419328,96.35944161652785,50.838624696449216,-0.019907003496878684,2814.1721315084487,0.0047928700301487215,2800.748507922842,0.014014603355681166,2762.0396182208,-0.01252299841327087,2789.57229925433,-0.0024178873446094595,2820.716686798972,0.0148796994364222,2617.4617539644705,-0.0038670609001342227,2786.4355884241586,2771.4878634355,0.010259776855022574,0.010259776855022574,1.0517379305887526,-1.1882937585713262
2023-09-25,3136.2207938968672,15221,131701.29261814876,2794.3813465924204,16764,108706.7931569557,96.39214260340678,50.83093297834491,0.013135958642986445,2758.1503970456915,-0.019907003496878684,2814.1721315084487,0.0047928700301487215,2800.748507922842,0.014014603355681166,2797.0672874230104,0.0026867875662099916,2839.217866044461,0.006559034919059625,2644.6902582700486,0.01040263693035337,2785.8984002580405,2778.972417851619,0.01038561742569922,0.01038561742569922,1.0587763904507232,-0.3237723598893335
2023-09-26,3160.159926023667,9645,129956.54535588928,2770.44946161688,19200,113026.11522907983,96.31289002036098,50.71009809601304,-0.008564287406485849,2794.3813465924204,0.013135958642986445,2758.1503970456915,-0.019907003496878684,2814.1721315084487,0.0047928700301487215,2762.0396182208,-0.01252299841327087,2807.9058232069083,-0.011028404410957093,2703.1736482399047,0.022113512078390407,2787.580368937256,2782.336208520467,0.00962157969302042,0.00962157969302042,1.052143935217473,-1.1732738978583028
2023-09-27,3157.3533936416043,10069,131592.86757533392,2793.283121347348,9752,116119.66251842109,96.3155485544936,50.42677123249212,0.008241861130049877,2770.44946161688,-0.008564287406485849,2794.3813465924204,0.013135958642986445,2758.1503970456915,-0.019907003496878684,2800.748507922842,0.014014603355681166,2819.30459471748,0.004059527715054578,2713.0828212756423,0.003665755265922277,2786.0872916221574,2786.346223524052,0.009735191047577424,0.009735191047577424,1.0406889722113404,-1.0717697134066184
2023-09-28,3124.127188161745,8280,136384.46206931947,2681.3034764997983,19432,126140.52891364093,96.37260225810743,50.356226038507785,-0.04008889897044732,2793.283121347348,0.008241861130049877,2770.44946161688,-0.008564287406485849,2794.3813465924204,0.013135958642986445,2814.1721315084487,0.0047928700301487215,2796.3335186804547,-0.008147780867688525,2736.577992530549,0.008659953566717782,2759.5135606204276,2783.582497722515,0.013299237446492456,0.013299237446492456,0.9808938750986997,-1.5800532962374534
2023-09-29,3167.333482140194,7275,132170.113518068,2742.0946526343487,13227,124465.30379947396,96.43442132957398,51.09369912022875,0.02267224753458641,2681.3034764997983,-0.04008889897044732,2793.283121347348,0.008241861130049877,2770.44946161688,-0.008564287406485849,2758.1503970456915,-0.019907003496878684,2789.57229925433,-0.0024178873446094595,2749.721750430095,0.004802990426518772,2756.302411738159,2783.201142832728,0.014269815033748447,0.014269815033748447,0.9702819024742759,-0.3294694538918547
2023-10-02,3226.1110896889013,15760,127638.92937510164,2712.3082394621406,13667,128400.88138377634,96.58960934158624,51.51132039652103,-0.01086264952363769,2742.0946526343487,0.02267224753458641,2681.3034764997983,-0.04008889897044732,2793.283121347348,0.008241861130049877,2794.3813465924204,0.013135958642986445,2797.0672874230104,0.0026867875662099916,2767.898860154165,0.0066105269455816185,2739.887790312103,2780.421611798127,0.014375632450966623,0.014375632450966623,0.9561991111574005,-0.8398345054252214
2023-10-03,3131.379493788418,18451,138745.27723629097,2794.9638738794065,15874,123547.73687498397,96.71730742480602,51.25543905118335,0.030474277670467398,2712.3082394621406,-0.01086264952363769,2742.0946526343487,0.02267224753458641,2681.3034764997983,-0.04008889897044732,2770.44946161688,-0.008564287406485849,2762.0396182208,-0.01252299841327087,2751.276389155585,-0.006005447394726748,2744.7906727646086,2782.6059860343175,0.01592638152910188,0.01592638152910188,0.9173454080135287,0.21941746396670642
2023-10-04,2980.753131972376,17467,150317.42097738458,2733.6191914915007,13017,126074.4243082806,96.61717828153036,51.44971128210186,-0.021948291697509337,2794.9638738794065,0.030474277670467398,2712.3082394621406,-0.01086264952363769,2742.0946526343487,0.02267224753458641,2793.283121347348,0.008241861130049877,2800.748507922842,0.014014603355681166,2778.746181919421,0.00998438138462232,2732.857886793439,2780.3496365129217,0.016556854633775875,0.016556854633775875,0.9177417919793573,-0.4812932987429558
2023-10-05,3025.4585147710354,18842,149107.64066499987,2782.2328380831896,18084,122158.87947123864,96.78553690248418,51.20025445030194,0.017783620609264306,2733.6191914915007,-0.021948291697509337,2794.9638738794065,0.030474277670467398,2712.3082394621406,-0.01086264952363769,2681.3034764997983,-0.04008889897044732,2814.1721315084487,0.0047928700301487215,2779.3606359111905,0.00022112634675575116,2753.043759110117,2780.493246621522,0.017065499624626328,0.017065499624626328,0.8979060454181037,0.24920904825248352
2023-10-06,3151.3328976760645,11198,144662.80223449474,2799.812768988212,18172,120152.4306311964,96.7324392520286,50.66734415864808,0.006318641151951354,2782.2328380831896,0.017783620609264306,2733.6191914915007,-0.021948291697509337,2794.9638738794065,0.030474277670467398,2742.0946526343487,0.02267224753458641,2758.1503970456915,-0.019907003496878684,2820.716686798972,0.0148796994364222,2764.5873823808897,2779.4480507309836,0.016782687158183325,0.016782687158183325,0.8686334588068856,0.14933853888036214
2023-10-09,3150.612462740505,7078,145653.61316372664,2889.678656836504,15439,115380.83128126797,96.83692653327404,50.97319743394746,0.03209710622213047,2799.812768988212,0.006318641151951354,2782.2328380831896,0.017783620609264306,2733.6191914915007,-0.021948291697509337,2712.3082394621406,-0.01086264952363769,2794.3813465924204,0.013135958642986445,2839.217866044461,0.006559034919059625,2800.0614658557624,2781.9710902705856,0.01823564216540502,0.01823564216540502,0.7735174963788064,0.6425141962302487
2023-10-10,3124.79655012381,10271,146423.36844045584,3003.3428694138784,19190,102242.38021625344,96.84372519587916,51.32122528794053,0.03933455102644845,2889.678656836504,0.03209710622213047,2799.812768988212,0.006318641151951354,2782.2328380831896,0.017783620609264306,2794.9638738794065,0.030474277670467398,2770.44946161688,-0.008564287406485849,2807.9058232069083,-0.011028404410957093,2841.737264962657,2791.742942580934,0.019884261216872985,0.019884261216872985,0.583888958729109,1.9026280404362041
2023-10-11,3153.904635281282,12181,141138.278281963,3015.3308957176546,17425,97792.67793210986,96.80251025803346,51.635040963254895,0.003991561012185008,3003.3428694138784,0.03933455102644845,2889.678656836504,0.03209710622213047,2799.812768988212,0.006318641151951354,2733.6191914915007,-0.021948291697509337,2793.283121347348,0.008241861130049877,2819.30459471748,0.004059527715054578,2898.0796058078877,2801.544257630943,0.019884176729730512,0.019884176729730512,0.5036267480029825,1.467264336398485
2023-10-12,3042.336499026224,13522,150025.42663556396,3071.4483067784686,19067,93792.7953844438,96.62174057205596,51.49408138848902,0.01861069746624211,3015.3308957176546,0.003991561012185008,3003.3428694138784,0.03933455102644845,2889.678656836504,0.03209710622213047,2782.2328380831896,0.017783620609264306,2681.3034764997983,-0.04008889897044732,2796.3335186804547,-0.008147780867688525,2955.922699546944,2815.2999970358437,0.01995546275358672,0.01995546275358672,0.4825639492605918,1.502402287843268
2023-10-13,2970.295265639588,19922,152494.3601767835,3073.1344776062137,19135,95227.89013760597,96.60458412103434,51.44404866828843,0.0005489823234283708,3071.4483067784686,0.01861069746624211,3015.3308957176546,0.003991561012185008,3003.3428694138784,0.03933455102644845,2799.812768988212,0.006318641151951354,2742.0946526343487,0.02267224753458641,2789.57229925433,-0.0024178873446094595,3010.5870412705435,2829.4781059534375,0.019909235880349863,0.019909235880349863,0.5017432753325283,1.0167177268232155
2023-10-16,2909.4729046923403,12822,157906.31227093394,3076.691149620206,16079,95036.0797959051,96.44864579750376,51.66897833438587,0.0011573434354759105,3073.1344776062137,0.0005489823234283708,3071.4483067784686,0.01861069746624211,3015.3308957176546,0.003991561012185008,2889.678656836504,0.03209710622213047,2712.3082394621406,-0.01086264952363769,2797.0672874230104,0.0026867875662099916,3047.9895398272843,2843.4592990632977,0.019921685778025028,0.019921685778025028,0.5418459476454465,1.0465032432588781
2023-10-17,2810.2245724847585,15609,160700.01498021898,3161.354575174891,8288,90096.1514976652,96.54537572108804,51.7864271455903,0.027517687488760822,3076.691149620206,0.0011573434354759105,3073.1344776062137,0.0005489823234283708,3071.4483067784686,0.01861069746624211,3003.3428694138784,0.03933455102644845,2794.9638738794065,0.030474277670467398,2762.0396182208,-0.01252299841327087,3079.5918809794866,2863.425046911002,0.02008312702480652,0.02008312702480652,0.617350977707944,1.346233314287449
2023-10-18,2881.906748991491,18224,154542.78381723457,3110.547635238267,10855,95540.51605842098,96.69705498680196,51.66833590420119,-0.016071256396101408,3161.354575174891,0.027517687488760822,3076.691149620206,0.0011573434354759105,3073.1344776062137,0.0005489823234283708,3015.3308957176546,0.003991561012185008,2733.6191914915007,-0.021948291697509337,2800.748507922842,0.014014603355681166,3098.635228883609,2878.9150032767734,0.020646249688110983,0.020646249688110983,0.6774619289218007,0.5106916928587895
2023-10-19,2817.1102328949014,11077,158958.20642595217,3105.7346092828984,11366,99438.38877877558,96.6173638878723,51.182614358165736,-0.0015473243041976836,3110.547635238267,-0.016071256396101408,3161.354575174891,0.027517687488760822,3076.691149620206,0.0011573434354759105,3071.4483067784686,0.01861069746624211,2782.2328380831896,0.017783620609264306,2814.1721315084487,0.0047928700301487215,3105.4924893844955,2893.493127165496,0.020705649785865417,0.020705649785865417,0.7303294663862262,0.43754768057398996
2023-10-20,2834.4257534498856,9885,155136.27044449936,3000.396829432983,15440,110262.30272091538,96.64756096212425,51.21677691640834,-0.03391718646373254,3105.7346092828984,-0.0015473243041976836,3110.547635238267,-0.016071256396101408,3161.354575174891,0.027517687488760822,3073.1344776062137,0.0005489823234283708,2799.812768988212,0.006318641151951354,2758.1503970456915,-0.019907003496878684,3090.9449597498487,2905.6054487848605,0.02180558203164868,0.02180558203164868,0.6922159195401555,-0.24594222397679194
2023-10-23,2702.4881146873804,7575,163300.96062080897,2972.723960938824,9499,113890.24433409898,96.57502180992344,51.54047980817917,-0.009223069502905967,3000.396829432983,-0.03391718646373254,3105.7346092828984,-0.0015473243041976836,3110.547635238267,-0.016071256396101408,3076.691149620206,0.0011573434354759105,2889.678656836504,0.03209710622213047,2794.3813465924204,0.013135958642986445,3070.1515220135725,2914.5225795021806,0.021909427747844087,0.021909427747844087,0.6323969173268252,-0.00770617994226952
2023-10-24,2796.280301839863,12674,154563.19240794054,2929.3243725072143,13512,119568.89862553976,96.51217333690975,51.18120332146893,-0.014599266195541194,2972.723960938824,-0.009223069502905967,3000.396829432983,-0.03391718646373254,3105.7346092828984,-0.0015473243041976836,3161.354575174891,0.027517687488760822,3003.3428694138784,0.03933455102644845,2770.44946161688,-0.008564287406485849,3023.7454814800376,2922.4663250466974,0.0221223345500727,0.0221223345500727,0.5726990646507752,-0.3248328436229788
2023-10-25,2740.286261842271,19788,158782.04788796802,2770.111369368381,6894,130283.62303686012,96.5896228072963,51.37283113597172,-0.054351441797673816,2929.3243725072143,-0.014599266195541194,2972.723960938824,-0.009223069502905967,3000.396829432983,-0.03391718646373254,3110.547635238267,-0.016071256396101408,3015.3308957176546,0.003991561012185008,2793.283121347348,0.008241861130049877,2955.65822830606,2921.3077374477493,0.02551309443251009,0.02551309443251009,0.4396029658990389,-0.8155998022155072
2023-10-26,2782.735827489073,14920,153077.93193010593,2828.375539786336,17586,124814.72269077276,96.58576898111195,51.47229364451183,0.021033150891416996,2770.111369368381,-0.054351441797673816,2929.3243725072143,-0.014599266195541194,2972.723960938824,-0.009223069502905967,3105.7346092828984,-0.0015473243041976836,3071.4483067784686,0.01861069746624211,2681.3034764997983,-0.04008889897044732,2900.1864144067476,2928.661340612076,0.024092772527433977,0.024092772527433977,0.39892685428544006,0.044773078164396574
2023-10-27,2652.300268609661,14145,161897.66680770653,2817.708576786756,5350,127320.42756863205,96.75973378530504,51.69733812348153,-0.0037714097189461837,2828.375539786336,0.021033150891416996,2770.111369368381,-0.054351441797673816,2929.3243725072143,-0.014599266195541194,3000.396829432983,-0.03391718646373254,3073.1344776062137,0.0005489823234283708,2742.0946526343487,0.02267224753458641,2863.6487638775025,2932.442036819696,0.02367551508224756,0.02367551508224756,0.3911466968598066,-0.44453681320171645
2023-10-30,2732.4969686197123,9416,158479.64263118053,2780.464000254384,16184,133586.1588258688,96.71151053743476,51.95893077339723,-0.01321803710973013,2817.708576786756,-0.0037714097189461837,2828.375539786336,0.021033150891416996,2770.111369368381,-0.054351441797673816,2972.723960938824,-0.009223069502905967,3076.691149620206,0.0011573434354759105,2712.3082394621406,-0.01086264952363769,2825.196771740614,2935.8498248593082,0.023746672982626425,0.023746672982626425,0.41404585364009655,-0.8157977313839088
2023-10-31,2754.977083951462,10819,159551.11578492887,2870.009817380356,18031,128702.26971788816,96.8114441706822,51.75059120081963,0.03220535030044602,2780.464000254384,-0.01321803710973013,2817.708576786756,-0.0037714097189461837,2828.375539786336,0.021033150891416996,2929.3243725072143,-0.014599266195541194,3161.354575174891,0.027517687488760822,2794.9638738794065,0.030474277670467398,2813.3338607152427,2939.602122034356,0.023860677710492908,0.023860677710492908,0.43355092838559567,-0.09608552230065948
2023-11-01,2818.672035735476,16103,158612.4147376799,2893.202526670578,9218,123874.99042081302,96.821185511978,51.26550338077014,0.00808105573359752,2870.009817380356,0.03220535030044602,2780.464000254384,-0.01321803710973013,2817.708576786756,-0.0037714097189461837,2770.111369368381,-0.054351441797673816,3110.547635238267,-0.016071256396101408,2733.6191914915007,-0.021948291697509337,2837.952092175682,2947.58128879331,0.023237726526003238,0.023237726526003238,0.44832302211991787,0.04202165103570174
2023-11-02,2774.8149073692957,8750,162468.5896833753,2919.113577206112,5784,124780.81952057756,96.9007633129524,51.10544752306528,0.008955837103236552,2893.202526670578,0.00808105573359752,2870.009817380356,0.03220535030044602,2780.464000254384,-0.01321803710973013,2828.375539786336,0.021033150891416996,3105.7346092828984,-0.0015473243041976836,2782.2328380831896,0.017783620609264306,2856.0996996596373,2954.4253257494556,0.02302700403955511,0.02302700403955511,0.4697354982342436,-0.2794748811291482
2023-11-03,2729.432609818611,12358,164800.7061072558,2802.310019836493,5490,137155.97940803028,96.85604754721942,51.37218571832338,-0.040013365112505084,2919.113577206112,0.008955837103236552,2893.202526670578,0.00808105573359752,2870.009817380356,0.03220535030044602,2817.708576786756,-0.0037714097189461837,3000.396829432983,-0.03391718646373254,2799.812768988212,0.006318641151951354,2853.0199882695842,2954.5501882918697,0.02489419208672759,0.02489419208672759,0.547712740595076,-0.954844719550958
2023-11-06,2709.9847639259465,19107,166735.0501819104,2750.404088658558,14183,142810.68778838078,96.85109166346426,51.20958454726559,-0.01852255132748082,2802.310019836493,-0.040013365112505084,2919.113577206112,0.008955837103236552,2893.202526670578,0.00808105573359752,2780.464000254384,-0.01321803710973013,2972.723960938824,-0.009223069502905967,2889.678656836504,0.03209710622213047,2847.0080059504194,2947.586459882973,0.024054724762980498,0.024054724762980498,0.6229693364393007,-0.7110170155082824
2023-11-07,2779.1962934413555,12751,162880.52697901227,2687.298598165037,8478,147331.12397062808,96.83954177553436,51.001371550108296,-0.022944079654964034,2750.404088658558,-0.01852255132748082,2802.310019836493,-0.040013365112505084,2919.113577206112,0.008955837103236552,2870.009817380356,0.03220535030044602,2929.3243725072143,-0.014599266195541194,3003.3428694138784,0.03933455102644845,2810.4657621073557,2931.7842463205307,0.0223683118540313,0.0223683118540313,0.701834251353872,-0.9876885362868004
2023-11-08,2768.3486191541933,14782,164092.1770533944,2691.150830338739,10175,145792.2424204836,96.75593606404978,50.45496644753091,0.001433496142309032,2687.298598165037,-0.022944079654964034,2750.404088658558,-0.01852255132748082,2802.310019836493,-0.040013365112505084,2893.202526670578,0.00808105573359752,2770.111369368381,-0.054351441797673816,3015.3308957176546,0.003991561012185008,2770.055422840988,2915.575243051585,0.022319623215104868,0.022319623215104868,0.7772954209956803,-0.5922295817130189
2023-11-09,2761.250240258725,14077,167364.58792103952,2662.956076474509,7602,146118.57334895773,96.82214421750795,50.98076071389619,-0.010476838959145751,2691.150830338739,0.001433496142309032,2687.298598165037,-0.022944079654964034,2750.404088658558,-0.01852255132748082,2919.113577206112,0.008955837103236552,2828.375539786336,0.021033150891416996,3071.4483067784686,0.01861069746624211,2718.823922694667,2895.1506315363868,0.02160683896080219,0.02160683896080219,0.8463214181776274,-0.6989093061591244
2023-11-10,2867.96270033082,5128,158146.52275169472,2713.887841071956,11311,145624.76882113726,96.8871691180658,51.228474806323774,0.01912602503938987,2662.956076474509,-0.010476838959145751,2691.150830338739,0.001433496142309032,2687.298598165037,-0.022944079654964034,2802.310019836493,-0.040013365112505084,2817.708576786756,-0.0037714097189461837,3073.1344776062137,0.0005489823234283708,2701.13948694176,2877.188299709674,0.022330473510287968,0.022330473510287968,0.8947558385316846,-0.584012468950751
2023-11-13,2797.1745555665507,15680,162587.2490963846,2626.4292947920085,14303,151969.28396944204,96.94652458755635,51.45944360070621,-0.03222629356908213,2713.887841071956,0.01912602503938987,2662.956076474509,-0.010476838959145751,2691.150830338739,0.001433496142309032,2750.404088658558,-0.01852255132748082,2780.464000254384,-0.01321803710973013,3076.691149620206,0.0011573434354759105,2676.34452816845,2854.675206968264,0.023008087601921648,0.023008087601921648,0.9487490154211068,-1.0556645286398036
2023-11-14,2790.1075701374616,14545,159927.1205876449,2651.7710295743013,11298,149965.12825271496,97.10022115294812,51.749761216740055,0.009648740528649835,2626.4292947920085,-0.03222629356908213,2713.887841071956,0.01912602503938987,2662.956076474509,-0.010476838959145751,2687.298598165037,-0.022944079654964034,2870.009817380356,0.03220535030044602,3161.354575174891,0.027517687488760822,2669.2390144503024,2829.1960296882344,0.02189138947165385,0.02189138947165385,0.979458740919833,-0.5858868370753435
2023-11-15,2807.506968076449,19005,157738.71240496953,2535.461490770575,17018,158801.0724340734,97.24515563307176,51.92277372520307,-0.043861079070012354,2651.7710295743013,0.009648740528649835,2626.4292947920085,-0.03222629356908213,2713.887841071956,0.01912602503938987,2691.150830338739,0.001433496142309032,2893.202526670578,0.00808105573359752,3110.547635238267,-0.016071256396101408,2638.1011465366696,2800.44172246485,0.023236526009637052,0.023236526009637052,1.0053283588310646,-1.356512416591804
2023-11-16,2750.2165571012115,16588,164222.52871307413,2521.78484800056,5918,159942.62775965247,97.20766116408684,51.84947506864921,-0.005394143361987513,2535.461490770575,-0.043861079070012354,2651.7710295743013,0.009648740528649835,2626.4292947920085,-0.03222629356908213,2662.956076474509,-0.010476838959145751,2919.113577206112,0.008955837103236552,3105.7346092828984,-0.0015473243041976836,2609.86690084188,2771.244234400733,0.023179516706548577,0.023179516706548577,1.018929975301358,-0.9282180800728155
2023-11-17,2719.046709576912,19288,166451.94629303337,2559.505676183456,7565,157993.44302616682,97.24496639593023,51.80034583741255,0.014957988272791711,2521.78484800056,-0.005394143361987513,2535.461490770575,-0.043861079070012354,2651.7710295743013,0.009648740528649835,2713.887841071956,0.01912602503938987,2802.310019836493,-0.040013365112505084,3000.396829432983,-0.03391718646373254,2578.9904678641806,2749.1996767382566,0.023112865808654993,0.023112865808654993,1.0404614041174718,-0.7340125965163196
2023-11-20,2814.5911009627675,12527,160755.7388359005,2572.176671654248,5857,156569.36774422496,97.18260632700444,51.67207652803492,0.00495056353603629,2559.505676183456,0.014957988272791711,2521.78484800056,-0.005394143361987513,2535.461490770575,-0.043861079070012354,2626.4292947920085,-0.03222629356908213,2750.404088658558,-0.01852255132748082,2972.723960938824,-0.009223069502905967,2568.1399432366284,2729.172312274028,0.02327904919023913,0.02327904919023913,1.0559274262133596,-0.6363929539095018
2023-11-21,2824.0055490446703,8810,160834.46623908615,2572.569610559824,9462,157571.77551685923,97.18494185861589,52.462498754359416,0.00015276513075734854,2572.176671654248,0.00495056353603629,2559.505676183456,0.014957988272791711,2521.78484800056,-0.005394143361987513,2651.7710295743013,0.009648740528649835,2687.298598165037,-0.022944079654964034,2929.3243725072143,-0.014599266195541194,2552.299659433733,2711.334574176658,0.02325760221817922,0.02325760221817922,1.0666999359866942,-0.7783115218515471
2023-11-22,2784.790539288816,6908,165432.0002825002,2715.6861426981386,11323,145745.62125835137,97.124966913704,52.62927236374925,0.055631743277559265,2572.569610559824,0.00015276513075734854,2572.176671654248,0.00495056353603629,2559.505676183456,0.014957988272791711,2535.461490770575,-0.043861079070012354,2691.150830338739,0.001433496142309032,2770.111369368381,-0.054351441797673816,2588.3445898192454,2708.613312843146,0.02425714195485124,0.02425714195485124,1.0396196914343576,0.5251683591327174
2023-11-23,2770.960489435441,15067,164600.2180946742,2718.453690184611,16989,144502.36214933445,97.2869739446176,52.49013223134382,0.0010190969578400821,2715.6861426981386,0.055631743277559265,2572.569610559824,0.00015276513075734854,2572.176671654248,0.00495056353603629,2521.78484800056,-0.005394143361987513,2662.956076474509,-0.010476838959145751,2828.375539786336,0.021033150891416996,2627.6783582560556,2703.1172203630604,0.023719705989959875,0.023719705989959875,1.0140967809283086,-0.0013641908506539235
2023-11-24,2835.8791166093365,10599,160838.36405531375,2783.5785098531155,15460,136738.21962381748,97.3233437596519,52.6297812635937,0.023956567626532532,2718.453690184611,0.0010190969578400821,2715.6861426981386,0.055631743277559265,2572.569610559824,0.00015276513075734854,2559.505676183456,0.014957988272791711,2713.887841071956,0.01912602503938987,2817.708576786756,-0.0037714097189461837,2672.492924989988,2701.410717016378,0.024393837065338694,0.024393837065338694,0.9878518130769781,0.821772171378946
2023-11-27,2844.538116752301,13512,161478.713176288,2831.583693488884,19063,134087.11225252252,97.30154084684146,52.3265205882368,0.0172458522243375,2783.5785098531155,0.023956567626532532,2718.453690184611,0.0010190969578400821,2715.6861426981386,0.055631743277559265,2572.176671654248,0.00495056353603629,2626.4292947920085,-0.03222629356908213,2780.464000254384,-0.01321803710973013,2724.3743293569146,2703.966701678103,0.024497413034457606,0.024497413034457606,0.9629068468630426,0.6098125910054203
2023-11-28,2884.9404428922267,12190,160838.29116295552,2826.144029938041,11966,137606.99277276438,97.4209027040271,52.77787260381358,-0.0019210675507671526,2831.583693488884,0.0172458522243375,2783.5785098531155,0.023956567626532532,2718.453690184611,0.0010190969578400821,2572.569610559824,0.00015276513075734854,2651.7710295743013,0.009648740528649835,2870.009817380356,0.03220535030044602,2775.089213232558,2701.7734123059877,0.02338721008585647,0.02338721008585647,0.9557640291057696,0.15656393410084535
2023-11-29,2917.7240698072974,10993,161246.07015100998,2932.3252540524686,14969,131853.0098565263,97.20384116304756,52.57955187507143,0.03757105900818347,2826.144029938041,-0.0019210675507671526,2831.583693488884,0.0172458522243375,2783.5785098531155,0.023956567626532532,2715.6861426981386,0.055631743277559265,2535.461490770575,-0.043861079070012354,2893.202526670578,0.00808105573359752,2818.4170355034244,2703.729548675082,0.024841759403927625,0.024841759403927625,0.9473216390728454,1.030052113177132
2023-11-30,2971.667235805148,13110,156442.00955247838,3011.01811646804,7116,129251.523049194,97.00243090356102,52.729877504858166,0.026836334852969657,2932.3252540524686,0.03757105900818347,2826.144029938041,-0.0019210675507671526,2831.583693488884,0.0172458522243375,2718.453690184611,0.0010190969578400821,2521.78484800056,-0.005394143361987513,2919.113577206112,0.008955837103236552,2876.92992076011,2708.324775638178,0.025458584933891214,0.025458584933891214,0.938827205527596,1.0658972461181357
2023-12-01,3050.10746370101,13062,148235.48363271437,2899.283984288939,8980,136567.20254913863,97.082014769083,53.04967079378111,-0.037108422419645404,3011.01811646804,0.026836334852969657,2932.3252540524686,0.03757105900818347,2826.144029938041,-0.0019210675507671526,2783.5785098531155,0.023956567626532532,2559.505676183456,0.014957988272791711,2802.310019836493,-0.040013365112505084,2900.071015647274,2713.1734738608006,0.025214236970079826,0.025214236970079826,0.9501948023654299,-0.1551878108770486
2023-12-04,3066.588493426623,6481,145888.50007895523,2924.488851072602,10749,133894.9956372762,97.08806161389474,53.16510135704261,0.008693479810962579,2899.283984288939,-0.037108422419645404,3011.01811646804,0.026836334852969657,2932.3252540524686,0.03757105900818347,2831.583693488884,0.0172458522243375,2572.176671654248,0.00495056353603629,2750.404088658558,-0.01852255132748082,2918.6520471640183,2721.877711981503,0.024778792859068543,0.024778792859068543,0.9648760535537187,0.3148763772499619
2023-12-05,3120.5440642059066,10947,145057.84444349157,2906.9161878146965,19456,134170.29557457415,97.1131062439208,53.1934423545885,-0.006008798170476948,2924.488851072602,0.008693479810962579,2899.283984288939,-0.037108422419645404,3011.01811646804,0.026836334852969657,2826.144029938041,-0.0019210675507671526,2572.569610559824,0.00015276513075734854,2687.298598165037,-0.022944079654964034,2934.8064787393496,2732.8585914639852,0.02411284553374966,0.02411284553374966,0.9799982497117593,0.020001963458458727
2023-12-06,3265.5880818790392,10111,133824.78478939904,2781.8044775002386,6983,141174.8586242734,96.98046663358896,53.19668298004531,-0.0430393249172113,2906.9161878146965,-0.006008798170476948,2924.488851072602,0.008693479810962579,2899.283984288939,-0.037108422419645404,2932.3252540524686,0.03757105900818347,2715.6861426981386,0.055631743277559265,2691.150830338739,0.001433496142309032,2904.702323428903,2737.3912738220606,0.026331065903436604,0.026331065903436604,0.9654453458498945,-0.4358232919160915
2023-12-07,3219.8200720243944,12701,134036.82819915406,2761.971494595532,7563,144687.0301970517,96.97814326250392,53.17975065097917,-0.00712953878143463,2781.8044775002386,-0.0430393249172113,2906.9161878146965,-0.006008798170476948,2924.488851072602,0.008693479810962579,3011.01811646804,0.026836334852969657,2718.453690184611,0.0010190969578400821,2662.956076474509,-0.010476838959145751,2854.892999054401,2742.342044728112,0.026258206344448434,0.026258206344448434,0.9457345107873636,-0.33141052933274484
2023-12-08,3161.579933836524,12202,135192.0586109318,2791.09378283778,11484,145505.49002709013,97.17849420354406,53.00674110430092,0.01054402201443172,2761.971494595532,-0.00712953878143463,2781.8044775002386,-0.0430393249172113,2906.9161878146965,-0.006008798170476948,2899.283984288939,-0.037108422419645404,2783.5785098531155,0.023956567626532532,2713.887841071956,0.01912602503938987,2833.25495876417,2746.202341816403,0.026035454973291156,0.026035454973291156,0.9408709358567977,-0.2022633857689729
2023-12-11,3261.433337661312,18112,126422.77463111578,2826.5123810006785,6741,142053.2688960316,97.26091416552364,52.87189607537001,0.012689863157119508,2791.09378283778,0.01054402201443172,2761.971494595532,-0.00712953878143463,2781.8044775002386,-0.0430393249172113,2924.488851072602,0.008693479810962579,2831.583693488884,0.0172458522243375,2626.4292947920085,-0.03222629356908213,2813.659664749785,2756.2064961268366,0.024863448589530136,0.024863448589530136,0.9399793547956783,0.04646348322395111
2023-12-12,3239.9813565383383,8494,129415.43735391158,2867.0667139336256,16167,140530.55109738203,97.27788482003793,53.31577318746529,0.014347834881441202,2826.5123810006785,0.012689863157119508,2791.09378283778,0.01054402201443172,2761.971494595532,-0.00712953878143463,2906.9161878146965,-0.006008798170476948,2826.144029938041,-0.0019210675507671526,2651.7710295743013,0.009648740528649835,2805.689769973571,2766.971280344803,0.024941996871902294,0.024941996871902294,0.938646663873757,-0.00340083451765244
2023-12-13,3159.5364887172022,11854,133052.11123772233,2933.083469263178,5918,133677.19104157423,97.23397942902744,53.28321219765974,0.023025887402172485,2867.0667139336256,0.014347834881441202,2826.5123810006785,0.012689863157119508,2791.09378283778,0.01054402201443172,2781.8044775002386,-0.0430393249172113,2932.3252540524686,0.03757105900818347,2535.461490770575,-0.043861079070012354,2835.9455683261585,2786.852379269433,0.022524738142475156,0.022524738142475156,0.9354869265435918,0.41767175671217577
2023-12-14,3176.2041474759244,5791,130917.44144113713,2832.8727062843027,7257,141699.77416658387,97.19452214384047,53.04747331684492,-0.03416567037011364,2933.083469263178,0.023025887402172485,2867.0667139336256,0.014347834881441202,2826.5123810006785,0.012689863157119508,2761.971494595532,-0.00712953878143463,3011.01811646804,0.026836334852969657,2521.78484800056,-0.005394143361987513,2850.125810663913,2802.40677218362,0.024247877414889613,0.024247877414889613,0.9307953508854394,-0.632053266836099
2023-12-15,3194.382343341794,17632,132249.65423825211,2875.0223685415394,16839,140756.12356786118,96.9816023549205,52.89258403778646,0.014878770289866505,2832.8727062843027,-0.03416567037011364,2933.083469263178,0.023025887402172485,2867.0667139336256,0.014347834881441202,2791.09378283778,0.01054402201443172,2899.283984288939,-0.037108422419645404,2559.505676183456,0.014957988272791711,2866.9115278046647,2818.182606801524,0.024246362878115962,0.024246362878115962,0.9155870167488356,-0.10480131643878945
2023-12-18,3169.473853563008,6237,135858.49360711372,2851.4291499803694,8657,141260.7563031483,97.0073663970126,53.22269524199562,-0.008206273043064538,2875.0223685415394,0.014878770289866505,2832.8727062843027,-0.03416567037011364,2933.083469263178,0.023025887402172485,2826.5123810006785,0.012689863157119508,2924.488851072602,0.008693479810962579,2572.176671654248,0.00495056353603629,2871.8948816006027,2832.14523071783,0.024457002307835346,0.024457002307835346,0.904681831347163,-0.2780599346318121
2023-12-19,3024.0593706373347,5267,146938.70545830423,2760.674791923749,10596,150548.93647998635,97.0919147078608,53.42537723194497,-0.03182767422337851,2851.4291499803694,-0.008206273043064538,2875.0223685415394,0.014878770289866505,2832.8727062843027,-0.03416567037011364,2867.0667139336256,0.014347834881441202,2906.9161878146965,-0.006008798170476948,2572.569610559824,0.00015276513075734854,2850.6164971986277,2841.5504897860264,0.025828611737745637,0.025828611737745637,0.8799595834182853,-1.3111207444249524
2023-12-20,3018.356780471502,12638,145815.7635851019,2799.7578435655646,6270,147245.43450782253,96.93435277514374,53.59347598541465,0.014157064698874233,2760.674791923749,-0.03182767422337851,2851.4291499803694,-0.008206273043064538,2875.0223685415394,0.014878770289866505,2933.083469263178,0.023025887402172485,2781.8044775002386,-0.0430393249172113,2715.6861426981386,0.055631743277559265,2823.951372059105,2845.7540748293977,0.022957908445150423,0.022957908445150423,0.8639509626675397,-0.6840419965833441
2023-12-21,3085.867981230845,12511,137977.25125569216,2800.3761740798354,12182,148137.33467419268,96.86821108591305,53.51621962574171,0.00022085142673744507,2799.7578435655646,0.014157064698874233,2760.674791923749,-0.03182767422337851,2851.4291499803694,-0.008206273043064538,2832.8727062843027,-0.03416567037011364,2761.971494595532,-0.00712953878143463,2718.453690184611,0.0010190969578400821,2817.4520656182117,2849.850199024159,0.02295999093003431,0.02295999093003431,0.8373193157064139,-0.9519238110135747
2023-12-22,3017.8851193229752,5233,143207.61884583035,2796.827896044736,19476,152050.42584601624,96.7524646226897,53.6882283667936,-0.0012670719269582964,2800.3761740798354,0.00022085142673744507,2799.7578435655646,0.014157064698874233,2760.674791923749,-0.03182767422337851,2875.0223685415394,0.014878770289866505,2791.09378283778,0.01054402201443172,2783.5785098531155,0.023956567626532532,2801.8131711188507,2850.51266833374,0.02236023097990432,0.02236023097990432,0.8217424827025203,-1.4650065617942762
2023-12-25,3066.812289561211,12179,143543.88424802385,2794.9986224619647,7571,149497.37730984594,96.65592950320882,53.4951600293084,-0.0006540529667049544,2796.827896044736,-0.0012670719269582964,2800.3761740798354,0.00022085142673744507,2799.7578435655646,0.014157064698874233,2851.4291499803694,-0.008206273043064538,2826.5123810006785,0.012689863157119508,2831.583693488884,0.0172458522243375,2790.52706561517,2848.683414782394,0.022009182479516644,0.022009182479516644,0.8104404601943498,-0.7425095073284602
2023-12-26,3183.5492896118826,6967,135283.32040479963,2788.6104009908613,5858,151273.32122727548,96.66127766589102,53.417275819904674,-0.0022855902037891562,2794.9986224619647,-0.0006540529667049544,2796.827896044736,-0.0012670719269582964,2800.3761740798354,0.00022085142673744507,2760.674791923749,-0.03182767422337851,2867.0667139336256,0.014347834881441202,2826.144029938041,-0.0019210675507671526,2796.1141874285922,2846.8067333350346,0.02201064346937929,0.02201064346937929,0.8099585758170809,-1.069353483117009
2023-12-27,3269.2610654825357,14172,129502.15095051976,2874.759530267818,15689,144949.69885297355,96.45283745039217,53.7082171661222,0.030893210914778813,2788.6104009908613,-0.0022855902037891562,2794.9986224619647,-0.0006540529667049544,2796.827896044736,-0.0012670719269582964,2799.7578435655646,0.014157064698874233,2933.083469263178,0.023025887402172485,2932.3252540524686,0.03757105900818347,2811.114524769043,2843.9284471458027,0.02144717929070719,0.02144717929070719,0.8196226354759005,-0.0008433909703098319
2023-12-28,3323.276369421086,9453,119906.29710057333,2835.4515162361045,9523,151023.6530929431,96.51426449422787,53.97050046979791,-0.013673496380426364,2874.759530267818,0.030893210914778813,2788.6104009908613,-0.0022855902037891562,2794.9986224619647,-0.0006540529667049544,2800.3761740798354,0.00022085142673744507,2832.8727062843027,-0.03416567037011364,3011.01811646804,0.026836334852969657,2818.1295932002968,2835.1501171342056,0.02059888348320776,0.02059888348320776,0.8441923891432136,-1.1327596804961089
2023-12-29,3389.0944241845377,10711,119711.001534118,2851.618338419351,16492,150176.41984592337,96.58965000122124,53.67592751601267,0.005701674703543214,2835.4515162361045,-0.013673496380426364,2874.759530267818,0.030893210914778813,2788.6104009908613,-0.0022855902037891562,2796.827896044736,-0.0012670719269582964,2875.0223685415394,0.014878770289866505,2899.283984288939,-0.037108422419645404,2829.0876816752198,2832.7668348407265,0.019008553790321774,0.019008553790321774,0.8882985374513211,-0.7200248949859448
2024-01-01,3325.24029640285,10729,123383.6780291672,2777.9181035209617,13611,155371.49787665874,96.56453974241757,53.419269580140096,-0.025845055737452327,2851.618338419351,0.005701674703543214,2835.4515162361045,-0.013673496380426364,2874.759530267818,0.030893210914778813,2794.9986224619647,-0.0006540529667049544,2851.4291499803694,-0.008206273043064538,2924.488851072602,0.008693479810962579,2825.6715778870193,2825.4382974631444,0.01967186054702772,0.01967186054702772,0.9135380159986445,-1.390752288461935
2024-01-02,3477.9156009050384,5435,110984.76079796048,2835.686993241525,19668,152495.26074135862,96.3164688914191,53.45188022598413,0.02079574975494869,2777.9181035209617,-0.025845055737452327,2851.618338419351,0.005701674703543214,2835.4515162361045,-0.013673496380426364,2788.6104009908613,-0.0022855902037891562,2760.674791923749,-0.03182767422337851,2906.9161878146965,-0.006008798170476948,2835.0868963371518,2821.876837734486,0.020314370212170148,0.020314370212170148,0.9184433633511135,-0.5201146926247526
2024-01-03,3545.004121229829,11575,107398.62647329483,2936.809747026975,16571,149159.0168962963,96.21682702881888,53.969719938384976,0.03566076017080233,2835.686993241525,0.02079574975494869,2777.9181035209617,-0.025845055737452327,2851.618338419351,0.005701674703543214,2874.759530267818,0.030893210914778813,2799.7578435655646,0.014157064698874233,2781.8044775002386,-0.0430393249172113,2847.4969396889837,2829.6271012108227,0.019350536436830035,0.019350536436830035,0.9054776168609515,-0.24540805616934275
2024-01-04,3604.4765653291,5602,103278.28213774748,2766.659429096728,16264,159948.52815881278,96.34011722222914,53.39505038904428,-0.05793712653756178,2936.809747026975,0.03566076017080233,2835.686993241525,0.02079574975494869,2777.9181035209617,-0.025845055737452327,2835.4515162361045,-0.013673496380426364,2800.3761740798354,0.00022085142673744507,2761.971494595532,-0.00712953878143463,2833.7385222611083,2829.861497935882,0.023603312480364815,0.023603312480364815,0.8894570646939736,-1.5217461410585154
2024-01-05,3610.491718730256,11150,104667.62900826088,2843.015677530416,11126,152821.1429294343,96.06231779415629,53.47855027091544,0.02759871621011789,2766.659429096728,-0.05793712653756178,2936.809747026975,0.03566076017080233,2835.686993241525,0.02079574975494869,2851.618338419351,0.005701674703543214,2796.827896044736,-0.0012670719269582964,2791.09378283778,0.01054402201443172,2832.0179900833214,2832.457592670514,0.024288995358741086,0.024288995358741086,0.8698037652960603,0.3130140117780614
2024-01-08,3701.0346348916087,14617,104411.902518236,2828.7568291091666,14547,152602.9551080511,96.02756545293693,53.06573727144348,-0.005015395635677655,2843.015677530416,0.02759871621011789,2766.659429096728,-0.05793712653756178,2936.809747026975,0.03566076017080233,2777.9181035209617,-0.025845055737452327,2794.9986224619647,-0.0006540529667049544,2826.5123810006785,0.012689863157119508,2842.185735200962,2832.5698150759385,0.024170755349471874,0.024170755349471874,0.843282548822488,-0.07424204241946081
2024-01-09,3759.8883073453,6074,100077.03615322529,2893.4754628605037,8015,150217.3321253706,95.9095653750902,52.87543797338582,0.022878825456240648,2828.7568291091666,-0.005015395635677655,2843.015677530416,0.02759871621011789,2766.659429096728,-0.05793712653756178,2835.686993241525,0.02079574975494869,2788.6104009908613,-0.0022855902037891562,2867.0667139336256,0.014347834881441202,2853.743429124758,2833.890252522283,0.024504308726972252,0.024504308726972252,0.8038236184834329,0.2721155179110645
2024-01-10,3769.681897590132,17220,100366.4842152823,2976.5947025584537,6463,141265.51666863984,95.99002240524868,52.76610944796655,0.02872643669000663,2893.4754628605037,0.022878825456240648,2828.7568291091666,-0.005015395635677655,2843.015677530416,0.02759871621011789,2936.809747026975,0.03566076017080233,2874.759530267818,0.030893210914778813,2933.083469263178,0.023025887402172485,2861.7004202310536,2836.0658141870463,0.02480836062287007,0.02480836062287007,0.7602094662194502,1.5925582076262907
2024-01-11,3708.491770209436,18545,103339.74520505092,3009.0832490342727,7278,137204.16233645647,95.92251101003434,52.63995694493548,0.010914669184855619,2976.5947025584537,0.02872643669000663,2893.4754628605037,0.022878825456240648,2828.7568291091666,-0.005015395635677655,2766.659429096728,-0.05793712653756178,2835.4515162361045,-0.013673496380426364,2832.8727062843027,-0.03416567037011364,2910.185184218563,2844.8763413245447,0.0234530255956951,0.0234530255956951,0.7137409505051875,1.4495422035787564
2024-01-12,3845.0367558883945,18430,95113.6786483676,2729.8302159705795,12327,154918.98788617196,95.9629064121079,52.47981816303772,-0.09280335901418346,3009.0832490342727,0.010914669184855619,2976.5947025584537,0.02872643669000663,2893.4754628605037,0.022878825456240648,2843.015677530416,0.02759871621011789,2851.618338419351,0.005701674703543214,2875.0223685415394,0.014878770289866505,2887.548091906595,2837.6167336959966,0.03159762683322372,0.03159762683322372,0.6410785519580565,-0.6539465989465918
2024-01-15,3806.780819210059,17763,98572.81312709497,2600.868821822669,11000,162789.2299775816,96.0194524540248,52.48198028115063,-0.04724154395882785,2729.8302159705795,-0.09280335901418346,3009.0832490342727,0.010914669184855619,2976.5947025584537,0.02872643669000663,2828.7568291091666,-0.005015395635677655,2777.9181035209617,-0.025845055737452327,2851.4291499803694,-0.008206273043064538,2841.970490449296,2825.0887172881116,0.03316164834151826,0.03316164834151826,0.5091488061971711,-0.8418302617519732
2024-01-16,3863.2164020020978,13867,99217.00566063344,2631.210279052229,18859,160230.20157162103,96.2030750379978,52.32140361116146,0.011665892941227662,2600.868821822669,-0.04724154395882785,2729.8302159705795,-0.09280335901418346,3009.0832490342727,0.010914669184855619,2893.4754628605037,0.022878825456240648,2835.686993241525,0.02079574975494869,2760.674791923749,-0.03182767422337851,2789.5174536876407,2818.615491644536,0.032666592906915974,0.032666592906915974,0.42148068842153297,-0.2146849285503562
2024-01-17,3888.941257857237,10996,99273.02155301644,2670.2094519572847,7726,155990.5574166173,96.18278084363028,51.88266639570521,0.01482176214327624,2631.210279052229,0.011665892941227662,2600.868821822669,-0.04724154395882785,2729.8302159705795,-0.09280335901418346,2976.5947025584537,0.02872643669000663,2936.809747026975,0.03566076017080233,2799.7578435655646,0.014157064698874233,2728.240403567407,2812.138072064122,0.03268409625716859,0.03268409625716859,0.3928175974816157,0.20026513276489502
2024-01-18,3872.813523143078,12346,99756.40372261422,2713.7193191866068,5657,148927.97751431627,96.22038528059254,52.11662727946204,0.016294552173586663,2670.2094519572847,0.01482176214327624,2631.210279052229,0.011665892941227662,2600.868821822669,-0.04724154395882785,3009.0832490342727,0.010914669184855619,2766.659429096728,-0.05793712653756178,2800.3761740798354,0.00022085142673744507,2669.1676175978737,2807.8052293194605,0.03293416115582357,0.03293416115582357,0.3562317839249049,0.8852993764428179
2024-01-19,4093.290809989015,18388,89909.80417051705,2602.182546443013,17985,161861.47317718182,96.0718797326798,52.3424889296067,-0.04110107185920209,2713.7193191866068,0.016294552173586663,2670.2094519572847,0.01482176214327624,2631.210279052229,0.011665892941227662,2729.8302159705795,-0.09280335901418346,2843.015677530416,0.02759871621011789,2796.827896044736,-0.0012670719269582964,2643.6380836923604,2798.0729618393743,0.03413143228778698,0.03413143228778698,0.3547553865869851,-0.8615933770228345
2024-01-22,4001.548712726803,17227,95466.58725341532,2520.185143902029,11794,170307.90293190218,96.19092108900917,52.5954412226135,-0.03151101088317898,2602.182546443013,-0.04110107185920209,2713.7193191866068,0.016294552173586663,2670.2094519572847,0.01482176214327624,2600.868821822669,-0.04724154395882785,2828.7568291091666,-0.005015395635677655,2794.9986224619647,-0.0006540529667049544,2627.5013481082324,2784.3322879113775,0.03471086610378427,0.03471086610378427,0.38577340105790386,-1.0510273078003025
2024-01-23,4123.337370708386,18086,91555.13634052844,2545.314837150399,16419,167976.64799926302,96.11487020420202,52.13322087373428,0.009971367900955652,2520.185143902029,-0.03151101088317898,2602.182546443013,-0.04110107185920209,2713.7193191866068,0.016294552173586663,2631.210279052229,0.011665892941227662,2893.4754628605037,0.022878825456240648,2788.6104009908613,-0.0022855902037891562,2610.3222597278664,2772.1675097193543,0.034861256391433844,0.034861256391433844,0.411032194548845,-0.3863100753060123
2024-01-24,4139.361366939219,13252,90259.1573791554,2537.060197045211,8049,167549.4289001213,96.05879478779325,52.22289631950953,-0.0032430723243765947,2545.314837150399,0.009971367900955652,2520.185143902029,-0.03151101088317898,2602.182546443013,-0.04110107185920209,2670.2094519572847,0.01482176214327624,2976.5947025584537,0.02872643669000663,2874.759530267818,0.030893210914778813,2583.6924087454518,2755.282543058224,0.033887060848946715,0.033887060848946715,0.4475339500161574,-0.39886121389166324
2024-01-25,4089.278217112057,18228,93552.053680524,2600.546947850484,10248,161201.3162770859,96.05657000830831,52.4256899762516,0.025023746334128072,2537.060197045211,-0.0032430723243765947,2545.314837150399,0.009971367900955652,2520.185143902029,-0.03151101088317898,2713.7193191866068,0.016294552173586663,3009.0832490342727,0.010914669184855619,2835.4515162361045,-0.013673496380426364,2561.0579344782273,2743.537314638943,0.03450497436964699,0.03450497436964699,0.48642746365294637,0.2060846130151356
2024-01-26,4035.4693880952304,19134,100043.04372361473,2606.479825055517,13949,157187.35959515892,95.90028157377436,52.11632935571973,0.0022813959232448333,2600.546947850484,0.025023746334128072,2537.060197045211,-0.0032430723243765947,2545.314837150399,0.009971367900955652,2602.182546443013,-0.04110107185920209,2729.8302159705795,-0.09280335901418346,2851.618338419351,0.005701674703543214,2561.917390200728,2731.280388970751,0.034464209104275605,0.034464209104275605,0.5150914345597325,0.34528034471598656
2024-01-29,3877.653742218696,8763,108402.14842330603,2638.77506017349,10249,152611.78721082807,95.92315857666723,52.11908133017437,0.012390364509069496,2606.479825055517,0.0022813959232448333,2600.546947850484,0.025023746334128072,2537.060197045211,-0.0032430723243765947,2520.185143902029,-0.03151101088317898,2600.868821822669,-0.04724154395882785,2777.9181035209617,-0.025845055737452327,2585.6353734550203,2724.3232368033778,0.034242778265948945,0.034242778265948945,0.5306342267924377,0.5869958296926434
2024-01-30,3768.958272969513,8232,116378.52657770723,2665.243711232252,8551,151137.59199261104,96.01990520395974,52.08420133658126,0.010030658337744525,2638.77506017349,0.012390364509069496,2606.479825055517,0.0022813959232448333,2600.546947850484,0.025023746334128072,2545.314837150399,0.009971367900955652,2631.210279052229,0.011665892941227662,2835.686993241525,0.02079574975494869,2609.6211482713907,2715.801072702914,0.03394908755475823,0.03394908755475823,0.5275326200196035,0.5254469070534085
2024-01-31,3623.635718708023,12602,124405.46255011644,2596.6151494878222,9627,157006.84796229,96.04919858630949,52.636846534151736,-0.025749450774503413,2665.243711232252,0.010030658337744525,2638.77506017349,0.012390364509069496,2606.479825055517,0.0022813959232448333,2537.060197045211,-0.0032430723243765947,2670.2094519572847,0.01482176214327624,2936.809747026975,0.03566076017080233,2621.532138759913,2698.7913428259562,0.0330791385479438,0.0330791385479438,0.5352634711068481,-0.07192641082922951
2024-02-01,3691.498752715744,5728,121057.2007448037,2614.71697570181,19786,158530.14763733398,95.8903088298916,53.214195345255504,0.006971316568632924,2596.6151494878222,-0.025749450774503413,2665.243711232252,0.010030658337744525,2638.77506017349,0.012390364509069496,2600.546947850484,0.025023746334128072,2713.7193191866068,0.016294552173586663,2766.659429096728,-0.05793712653756178,2624.366144330178,2691.19422015621,0.030778145243934404,0.030778145243934404,0.5353350103464305,-0.11447710064733865
2024-02-02,3706.918741898946,19560,119026.10489587704,2592.4496091347537,9130,160321.14346108295,95.87792790045864,52.71488842725645,-0.008516167055166446,2614.71697570181,0.006971316568632924,2596.6151494878222,-0.025749450774503413,2665.243711232252,0.010030658337744525,2606.479825055517,0.0022813959232448333,2602.182546443013,-0.04110107185920209,2843.015677530416,0.02759871621011789,2621.5601011460258,2678.6659167364273,0.02997729687294618,0.02997729687294618,0.5561627103422159,-0.2506440956596411
2024-02-05,3723.0900128962094,9875,124162.86371783832,2589.491965547252,15465,159404.9109917201,95.95213079075658,53.46306652897485,-0.0011408683035072364,2592.4496091347537,-0.008516167055166446,2614.71697570181,0.006971316568632924,2596.6151494878222,-0.025749450774503413,2638.77506017349,0.012390364509069496,2520.185143902029,-0.03151101088317898,2828.7568291091666,-0.005015395635677655,2611.703482220778,2666.7026735583318,0.02998400011198038,0.02998400011198038,0.5524984791563212,-0.07747874276022061
2024-02-06,3730.6754152856006,12822,126409.81011205116,2607.714815877022,11248,159919.55267611152,95.76433191416,53.18849881262885,0.007037229916995846,2589.491965547252,-0.0011408683035072364,2592.4496091347537,-0.008516167055166446,2614.71697570181,0.006971316568632924,2665.243711232252,0.010030658337744525,2545.314837150399,0.009971367900955652,2893.4754628605037,0.022878825456240648,2600.197703149732,2652.4146412091573,0.02944184182932472,0.02944184182932472,0.5510635630667526,-0.16798959154124696
2024-02-07,3796.680498394016,17235,125468.53155722776,2618.007555858237,14487,160398.34211382124,95.65685531277822,53.48270080092708,0.003947034360716195,2607.714815877022,0.007037229916995846,2589.491965547252,-0.0011408683035072364,2592.4496091347537,-0.008516167055166446,2596.6151494878222,-0.025749450774503413,2537.060197045211,-0.0032430723243765947,2976.5947025584537,0.02872643669000663,2604.476184423815,2634.4852838741467,0.028463684747805813,0.028463684747805813,0.5078407388303783,-0.2832314689065157
2024-02-08,3787.437655899868,17453,128516.15710874338,2544.188172095858,16979,163586.10388418916,95.74450967318636,53.77385019518619,-0.028196780256495302,2618.007555858237,0.003947034360716195,2607.714815877022,0.007037229916995846,2589.491965547252,-0.0011408683035072364,2614.71697570181,0.006971316568632924,2600.546947850484,0.025023746334128072,3009.0832490342727,0.010914669184855619,2590.3704237026245,2611.2405300272258,0.028583875938199534,0.028583875938199534,0.4459977756670414,-0.7543526091646882
2024-02-09,3752.949682097716,12474,128512.36174021882,2627.658817526917,12044,155666.23615678743,95.7715192166061,53.47514312713365,0.032808361561675436,2544.188172095858,-0.028196780256495302,2618.007555858237,0.003947034360716195,2607.714815877022,0.007037229916995846,2592.4496091347537,-0.008516167055166446,2606.479825055517,0.0022813959232448333,2729.8302159705795,-0.09280335901418346,2597.4122653810573,2606.1319601050427,0.02200097102481414,0.02200097102481414,0.40126737645146754,0.22297782266151656
2024-02-12,3797.583725497429,13104,124831.85238730004,2585.046024531218,18635,160785.28173471722,95.81271637481878,53.623123465285374,-0.016217019010027034,2627.658817526917,0.032808361561675436,2544.188172095858,-0.028196780256495302,2618.007555858237,0.003947034360716195,2589.491965547252,-0.0011408683035072364,2638.77506017349,0.012390364509069496,2600.868821822669,-0.04724154395882785,2596.5230771778506,2605.3408202404703,0.019579407139928853,0.019579407139928853,0.36159541365194736,-0.9111326715558616
2024-02-13,3820.400808904627,6408,123519.22732160467,2524.58374299166,14295,164025.1466456643,95.99866585558112,53.59086334200556,-0.02338924760557104,2585.046024531218,-0.016217019010027034,2627.658817526917,0.032808361561675436,2544.188172095858,-0.028196780256495302,2607.714815877022,0.007037229916995846,2665.243711232252,0.010030658337744525,2631.210279052229,0.011665892941227662,2579.896862600778,2600.009493437442,0.0200324823532641,0.0200324823532641,0.32105122082794585,-0.9836866084365599
2024-02-14,3833.957038243313,18301,119711.8346561488,2457.684248974732,14581,169540.38968369854,96.04552113343172,53.75716234339528,-0.026499217624546545,2524.58374299166,-0.02338924760557104,2585.046024531218,-0.016217019010027034,2627.658817526917,0.032808361561675436,2618.007555858237,0.003947034360716195,2596.6151494878222,-0.025749450774503413,2670.2094519572847,0.01482176214327624,2547.8322012240774,2589.3832332883144,0.02034823131054401,0.02034823131054401,0.29989283234373243,-1.418016142644289
2024-02-15,3791.629423102196,10446,120415.57586001056,2344.9992208516232,7738,176727.46459413046,96.11130993447505,53.82636403410946,-0.04585008353701958,2457.684248974732,-0.026499217624546545,2524.58374299166,-0.02338924760557104,2585.046024531218,-0.016217019010027034,2544.188172095858,-0.028196780256495302,2614.71697570181,0.006971316568632924,2713.7193191866068,0.016294552173586663,2507.99441097523,2570.947228371565,0.02178946037674892,0.02178946037674892,0.27531966481124126,-1.8745595179206607
2024-02-16,3821.095397585222,12681,120816.95023419811,2381.702606828485,5697,175578.88969441396,96.38238448719687,54.18526587972054,0.015651768943246047,2344.9992208516232,-0.04585008353701958,2457.684248974732,-0.026499217624546545,2524.58374299166,-0.02338924760557104,2627.658817526917,0.032808361561675436,2592.4496091347537,-0.008516167055166446,2602.182546443013,-0.04110107185920209,2458.803168835543,2559.9232313908387,0.020793992250500926,0.020793992250500926,0.2721098826894106,-1.2412474430802432
2024-02-19,3822.5258103989913,13497,116763.74124192294,2385.203832818515,7997,179303.54794277856,96.36100403138782,54.20788574266436,0.0014700517100632027,2381.702606828485,0.015651768943246047,2344.9992208516232,-0.04585008353701958,2457.684248974732,-0.026499217624546545,2585.046024531218,-0.016217019010027034,2589.491965547252,-0.0011408683035072364,2520.185143902029,-0.03151101088317898,2418.834730493003,2553.174165836663,0.019798911918320807,0.019798911918320807,0.2810490708735685,-1.7009080429153842
2024-02-20,3795.462148437969,16603,116711.32368236034,2444.1450579177776,7081,170178.67562764636,96.28121575502598,54.15752352183647,0.024711189999059302,2385.203832818515,0.0014700517100632027,2381.702606828485,0.015651768943246047,2344.9992208516232,-0.04585008353701958,2524.58374299166,-0.02338924760557104,2607.714815877022,0.007037229916995846,2545.314837150399,0.009971367900955652,2402.7469934782266,2548.115676875032,0.02055005222940677,0.02055005222940677,0.2894521292028176,-0.1446183544551637
2024-02-21,3805.90458498188,16541,116285.70986012345,2526.182406181076,6979,161371.42438531452,96.3239953948507,54.486342791753614,0.03356484427859119,2444.1450579177776,0.024711189999059302,2385.203832818515,0.0014700517100632027,2381.702606828485,0.015651768943246047,2457.684248974732,-0.026499217624546545,2618.007555858237,0.003947034360716195,2537.060197045211,-0.0032430723243765947,2416.4466249194957,2547.5717873318254,0.022012435747189026,0.022012435747189026,0.26936373044648293,0.3984881156059552
2024-02-22,3727.279519672138,6724,120559.82761136828,2634.202467472585,15371,154280.66850238972,96.36789449778958,54.6604615812112,0.042760198561752505,2526.182406181076,0.03356484427859119,2444.1450579177776,0.024711189999059302,2385.203832818515,0.0014700517100632027,2344.9992208516232,-0.04585008353701958,2544.188172095858,-0.028196780256495302,2600.546947850484,0.025023746334128072,2474.2872742436875,2549.2545633129303,0.023387280708390423,0.023387280708390423,0.23745993866972778,0.7366544530941361
2024-02-23,3714.181653242592,17480,121484.31572526637,2735.7256890054646,14749,147282.41117817778,96.31522295859496,54.88000559950746,0.03854040180528995,2634.202467472585,0.042760198561752505,2526.182406181076,0.03356484427859119,2444.1450579177776,0.024711189999059302,2381.702606828485,0.015651768943246047,2627.658817526917,0.032808361561675436,2606.479825055517,0.0022813959232448333,2545.0918906790835,2555.7168565104275,0.0248588130187574,0.0248588130187574,0.20007895485038618,1.094778937486029
2024-02-26,3711.630832424512,13952,120372.2879657221,2737.602683007848,9889,147215.09901443505,96.21198325663948,54.680629597829885,0.0006861046083410649,2735.7256890054646,0.03854040180528995,2634.202467472585,0.042760198561752505,2526.182406181076,0.03356484427859119,2385.203832818515,0.0014700517100632027,2585.046024531218,-0.016217019010027034,2638.77506017349,0.012390364509069496,2615.57166071695,2560.658237652145,0.024756640936811732,0.024756640936811732,0.20049767000639954,0.6643450030065357
2024-02-27,3710.7492759628735,15181,122528.74391377466,2677.9896008761957,10235,149188.7680740273,96.44296769884848,54.36705076341034,-0.02177565155881367,2737.602683007848,0.0006861046083410649,2735.7256890054646,0.03854040180528995,2634.202467472585,0.042760198561752505,2444.1450579177776,0.024711189999059302,2524.58374299166,-0.02338924760557104,2665.243711232252,0.010030658337744525,2662.340569308634,2561.2955321343425,0.025239355752140487,0.025239355752140487,0.21319945996321552,0.4494495224401606
2024-02-28,3758.103889451405,5433,115515.44875271455,2737.1473046670785,17265,141451.62662206643,96.47565204588729,54.19673412043453,0.02209034111690622,2677.9896008761957,-0.02177565155881367,2737.602683007848,0.0006861046083410649,2735.7256890054646,0.03854040180528995,2526.182406181076,0.03356484427859119,2457.684248974732,-0.026499217624546545,2596.6151494878222,-0.025749450774503413,2704.533549005834,2568.322139893305,0.02488104238977057,0.02488104238977057,0.22836233306436127,1.2717191231025442
2024-02-29,3765.907932619851,5943,116270.5942573048,2769.7071049549536,11000,138537.48586228324,96.40242350774707,54.01048770473035,0.011895523573889344,2737.1473046670785,0.02209034111690622,2677.9896008761957,-0.02177565155881367,2737.602683007848,0.0006861046083410649,2634.202467472585,0.042760198561752505,2344.9992208516232,-0.04585008353701958,2614.71697570181,0.006971316568632924,2731.634476502308,2576.071646355963,0.02494738529051501,0.02494738529051501,0.25381896448396934,0.9859073992077055
2024-03-01,3784.3446167310176,14076,112593.64532954105,2609.050652997882,12961,152390.73751482042,96.49401653797504,54.24634748532623,-0.05800485245160403,2769.7071049549536,0.011895523573889344,2737.1473046670785,0.02209034111690622,2677.9896008761957,-0.02177565155881367,2735.7256890054646,0.03854040180528995,2381.702606828485,0.015651768943246047,2592.4496091347537,-0.008516167055166446,2706.2994693007918,2576.901698549119,0.0283857721699397,0.0283857721699397,0.251505247678347,-0.1936705756438891
2024-03-04,3779.623823260501,7334,111756.84418961377,2530.481785376655,18249,160561.24831003556,96.48310202281893,54.539142700414445,-0.03011396790282661,2609.050652997882,-0.05800485245160403,2769.7071049549536,0.011895523573889344,2737.1473046670785,0.02209034111690622,2737.602683007848,0.0006861046083410649,2385.203832818515,0.0014700517100632027,2589.491965547252,-0.0011408683035072364,2664.875289774553,2573.9511895405894,0.029212189043664565,0.029212189043664565,0.22455697554676018,-0.13790393904802933
2024-03-05,3803.238682850712,14378,110734.90455207926,2633.284382343169,12333,157282.95142944303,96.45781387818712,54.49260361355472,0.04062570122440623,2530.481785376655,-0.03011396790282661,2609.050652997882,-0.05800485245160403,2769.7071049549536,0.011895523573889344,2677.9896008761957,-0.02177565155881367,2444.1450579177776,0.024711189999059302,2607.714815877022,0.007037229916995846,2655.9342460679472,2575.229667863897,0.030614922244827023,0.030614922244827023,0.24242131592822255,0.5537016696018585
2024-03-06,3871.9634952957545,9710,110725.85828428216,2573.4032928612605,15631,158508.63587087544,96.51404116537856,54.92187931920203,-0.022740076948553734,2633.284382343169,0.04062570122440623,2530.481785376655,-0.03011396790282661,2609.050652997882,-0.05800485245160403,2737.1473046670785,0.02209034111690622,2526.182406181076,0.03356484427859119,2618.007555858237,0.003947034360716195,2623.185443706784,2572.9994547140477,0.03105515906529567,0.03105515906529567,0.2561543763886485,0.29299001881177067
2024-03-07,3893.028005658788,18913,108199.1400220576,2551.24586414802,6388,160779.72339163444,96.3848529385554,55.33242013733157,-0.008610165680096316,2573.4032928612605,-0.022740076948553734,2633.284382343169,0.04062570122440623,2530.481785376655,-0.03011396790282661,2769.7071049549536,0.011895523573889344,2634.202467472585,0.042760198561752505,2544.188172095858,-0.028196780256495302,2579.4931955453967,2573.3523393166556,0.030435060104195295,0.030435060104195295,0.2512684176896806,0.12734721880352526
2024-03-08,3933.047291760197,17185,103655.99254533878,2660.4294141394626,11556,152884.70884777425,96.42011565894713,55.40543981225173,0.04279616932486596,2551.24586414802,-0.008610165680096316,2573.4032928612605,-0.022740076948553734,2633.284382343169,0.04062570122440623,2609.050652997882,-0.05800485245160403,2735.7256890054646,0.03854040180528995,2627.658817526917,0.032808361561675436,2589.7689477737135,2574.990869147283,0.0310670839820069,0.0310670839820069,0.2803512268497491,0.903526515527524
2024-03-11,3913.60371531994,7449,107052.92339106098,2605.3400354313053,14566,161085.43847991154,96.61141113972027,55.15887228078881,-0.02070694994400979,2660.4294141394626,0.04279616932486596,2551.24586414802,-0.008610165680096316,2573.4032928612605,-0.022740076948553734,2530.481785376655,-0.03011396790282661,2737.602683007848,0.0006861046083410649,2585.046024531218,-0.016217019010027034,2604.740597784644,2576.0055696922873,0.03121452360749208,0.03121452360749208,0.3008614389928799,-0.17163492915641493
2024-03-12,3936.8818218784713,6442,106118.81324354991,2678.363240553748,15780,154257.3568493628,96.65802890594004,55.63148527561948,0.028028281962954482,2605.3400354313053,-0.02070694994400979,2660.4294141394626,0.04279616932486596,2551.24586414802,-0.008610165680096316,2633.284382343169,0.04062570122440623,2677.9896008761957,-0.02177565155881367,2524.58374299166,-0.02338924760557104,2613.756369426759,2583.694544570392,0.031230036221527955,0.031230036221527955,0.33524093595905874,0.7495182200926502
2024-03-13,3973.170215652898,18994,104733.1531846237,2740.179744922769,16383,152612.47434438523,96.62040769556168,55.61318007031096,0.02307995548663544,2678.363240553748,0.028028281962954482,2605.3400354313053,-0.02070694994400979,2660.4294141394626,0.04279616932486596,2573.4032928612605,-0.022740076948553734,2737.1473046670785,0.02209034111690622,2457.684248974732,-0.026499217624546545,2647.111659839061,2597.8193193677935,0.03069274267724123,0.03069274267724123,0.37750234315250486,0.4859176011459552
2024-03-14,4056.4866134893687,14625,102109.19152945552,2629.22036185922,5406,157787.77920459094,96.56969716751884,55.65102962924025,-0.04049346882048288,2740.179744922769,0.02307995548663544,2678.363240553748,0.028028281962954482,2605.3400354313053,-0.02070694994400979,2551.24586414802,-0.008610165680096316,2769.7071049549536,0.011895523573889344,2344.9992208516232,-0.04585008353701958,2662.7065593813013,2612.030376418173,0.030237341701187703,0.030237341701187703,0.39214642803513283,-0.15524239229107067
2024-03-15,4074.071859479825,18352,103723.7862059079,2636.015389492331,13721,159597.9048797151,96.52866317018434,55.54914812155828,0.0025844268254131553,2629.22036185922,-0.04049346882048288,2740.179744922769,0.02307995548663544,2678.363240553748,0.028028281962954482,2660.4294141394626,0.04279616932486596,2609.050652997882,-0.05800485245160403,2381.702606828485,0.015651768943246047,2657.8237544518743,2624.746015551366,0.03016282728203912,0.03016282728203912,0.3985626062553393,-0.15091273272806233
2024-03-18,4110.978800923933,18218,102688.53971273404,2620.5050726354084,8754,159064.02663138398,96.50326690237956,55.28221102366912,-0.005884000874482598,2636.015389492331,0.0025844268254131553,2629.22036185922,-0.04049346882048288,2740.179744922769,0.02307995548663544,2605.3400354313053,-0.02070694994400979,2530.481785376655,-0.03011396790282661,2385.203832818515,0.0014700517100632027,2660.856761892695,2636.5110775422104,0.03025945968730135,0.03025945968730135,0.39959035158962447,-0.16734436638697672
2024-03-19,4081.776297339344,13454,100350.3122538877,2627.0824108950505,9522,156624.07605390856,96.46548624910372,54.84161919457453,0.002509950592473942,2620.5050726354084,-0.005884000874482598,2636.015389492331,0.0025844268254131553,2629.22036185922,-0.04049346882048288,2678.363240553748,0.028028281962954482,2633.284382343169,0.04062570122440623,2444.1450579177776,0.024711189999059302,2650.600595960956,2645.657945191074,0.029909357416520798,0.029909357416520798,0.3960360585022066,-0.056923669253528306
2024-03-20,4109.275790101507,9651,99081.62365049492,2553.0088816764774,9656,163146.22983645156,96.5571173932112,55.03147969164172,-0.028196119357114635,2627.0824108950505,0.002509950592473942,2620.5050726354084,-0.005884000874482598,2636.015389492331,0.0025844268254131553,2740.179744922769,0.02307995548663544,2573.4032928612605,-0.022740076948553734,2526.182406181076,0.03356484427859119,2613.166423311697,2646.999268965844,0.029889054545891407,0.029889054545891407,0.3781184357262137,-0.9865655554710264
2024-03-21,4121.478331908859,6107,99034.0022289926,2559.586654544663,8641,161786.33368821078,96.3837964828903,54.796459375472736,0.0025764786465867218,2553.0088816764774,-0.028196119357114635,2627.0824108950505,0.002509950592473942,2620.5050726354084,-0.005884000874482598,2629.22036185922,-0.04049346882048288,2551.24586414802,-0.008610165680096316,2634.202467472585,0.042760198561752505,2599.239681848786,2643.268478319448,0.02823571901568251,0.02823571901568251,0.3648642839830851,-0.5257518971369879
2024-03-22,4126.958165542468,6704,96952.98226411444,2604.164983946457,18860,158892.81643990747,96.46999648793152,55.71431874417178,0.017416221999221326,2559.586654544663,0.0025764786465867218,2553.0088816764774,-0.028196119357114635,2627.0824108950505,0.002509950592473942,2636.015389492331,0.0025844268254131553,2660.4294141394626,0.04279616932486596,2735.7256890054646,0.03854040180528995,2592.869600739611,2636.6904430664977,0.027046659693688385,0.027046659693688385,0.3479508218938529,-0.26993440157817394
2024-03-25,4148.143179484868,18973,94400.74940900554,2586.577821175556,11613,160072.3515881877,96.43202783541726,55.38849666938803,-0.006753474867882137,2604.164983946457,0.017416221999221326,2559.586654544663,0.0025764786465867218,2553.0088816764774,-0.028196119357114635,2620.5050726354084,-0.005884000874482598,2605.3400354313053,-0.02070694994400979,2737.602683007848,0.0006861046083410649,2586.0841504476407,2629.1391999748835,0.02705731114966034,0.02705731114966034,0.35193366403901083,-0.5534942121346115
2024-03-26,4123.5132508385295,8406,97416.77465531208,2606.8201886034194,13436,156936.63916043274,96.4697226139868,55.01128192689362,0.007825926311648246,2586.577821175556,-0.006753474867882137,2604.164983946457,0.017416221999221326,2559.586654544663,0.0025764786465867218,2627.0824108950505,0.002509950592473942,2678.363240553748,0.028028281962954482,2677.9896008761957,-0.02177565155881367,2582.0317059893146,2625.5807293612443,0.026754404400391875,0.026754404400391875,0.3388275046356363,-0.07899575345671048
2024-03-27,4111.375233634698,13326,99017.30667822444,2602.2424216618583,6866,158983.59019513844,96.35702382296672,55.16432354157766,-0.0017560731505664728,2606.8201886034194,0.007825926311648246,2586.577821175556,-0.006753474867882137,2604.164983946457,0.017416221999221326,2553.0088816764774,-0.028196119357114635,2740.179744922769,0.02307995548663544,2737.1473046670785,0.02209034111690622,2591.8784139863906,2618.8354852109833,0.026196588227243783,0.026196588227243783,0.3024098018210886,-0.5978526366037222
2024-03-28,4099.094247597255,9809,98306.0198650696,2601.029458522593,19981,158603.0440644882,96.48988692965165,55.62311758526784,-0.00046612226792108746,2602.2424216618583,-0.0017560731505664728,2606.8201886034194,0.007825926311648246,2586.577821175556,-0.006753474867882137,2559.586654544663,0.0025764786465867218,2629.22036185922,-0.04049346882048288,2769.7071049549536,0.011895523573889344,2600.166974781977,2610.401602889365,0.025991642129018395,0.025991642129018395,0.30840307923698557,-0.3970664180914232
2024-03-29,4064.638240181311,8897,101627.38055605184,2644.3312282432657,5916,153923.85615976615,96.61445042566884,55.64249448235081,0.016647935139215475,2601.029458522593,-0.00046612226792108746,2602.2424216618583,-0.0017560731505664728,2606.8201886034194,0.007825926311648246,2604.164983946457,0.017416221999221326,2636.015389492331,0.0025844268254131553,2609.050652997882,-0.05800485245160403,2608.200223641338,2612.1656316516346,0.022814866650315072,0.022814866650315072,0.29677650628636004,0.4941253909207681
2024-04-01,4043.596965203197,12792,103411.9114825298,2541.853624804988,12861,160323.3811880279,96.71040947824385,55.81416720840699,-0.03875369406969398,2644.3312282432657,0.016647935139215475,2601.029458522593,-0.00046612226792108746,2602.2424216618583,-0.0017560731505664728,2586.577821175556,-0.006753474867882137,2620.5050726354084,-0.005884000874482598,2530.481785376655,-0.03011396790282661,2599.255384367225,2612.734223623051,0.023504738472137757,0.023504738472137757,0.29595849494461274,-1.280156182163542
2024-04-02,3995.941305962732,13376,103641.50761877392,2573.379137051778,5068,154023.3134700338,96.5589340006645,55.26110298316938,0.01240256792883132,2541.853624804988,-0.03875369406969398,2644.3312282432657,0.016647935139215475,2601.029458522593,-0.00046612226792108746,2606.8201886034194,0.007825926311648246,2627.0824108950505,0.002509950592473942,2633.284382343169,0.04062570122440623,2592.567174056897,2609.7389613584814,0.02174976631929633,0.02174976631929633,0.2795518032443108,0.6909708631921299
2024-04-03,3984.210264525107,17821,104138.23069194167,2445.998015839834,5896,161327.79039220637,96.6418461077711,55.057849519461854,-0.04949955464311395,2573.379137051778,0.01240256792883132,2541.853624804988,-0.03875369406969398,2644.3312282432657,0.016647935139215475,2602.2424216618583,-0.0017560731505664728,2553.0088816764774,-0.028196119357114635,2573.4032928612605,-0.022740076948553734,2561.3182928924916,2603.36869750741,0.02388106654313345,0.02388106654313345,0.27716317994977774,-1.2064664839742332
2024-04-04,4029.013920225098,11943,99710.874693777,2427.8812407418777,16028,163436.33186347177,96.68233161653468,54.73576480072058,-0.007406700651691134,2445.998015839834,-0.04949955464311395,2573.379137051778,0.01240256792883132,2541.853624804988,-0.03875369406969398,2601.029458522593,-0.00046612226792108746,2559.586654544663,0.0025764786465867218,2551.24586414802,-0.008610165680096316,2526.688649336348,2597.2004663371035,0.02386574199183499,0.02386574199183499,0.312705217045911,-1.1316626194570236
2024-04-05,4046.462933967943,16796,97611.97408186526,2537.8740917023383,9033,154757.93595836175,96.5218044918214,54.167251045736215,0.045304049108617184,2427.8812407418777,-0.007406700651691134,2445.998015839834,-0.04949955464311395,2573.379137051778,0.01240256792883132,2644.3312282432657,0.016647935139215475,2604.164983946457,0.017416221999221326,2660.4294141394626,0.04279616932486596,2505.397222028163,2591.072700215247,0.024119850123334365,0.024119850123334365,0.31293328447815444,0.9091571995172394
2024-04-08,4068.660238107122,6447,97637.77309173136,2569.9750344443587,10135,151995.01378312198,96.51937475344432,54.20234511594338,0.012648753083131847,2537.8740917023383,0.045304049108617184,2427.8812407418777,-0.007406700651691134,2445.998015839834,-0.04949955464311395,2541.853624804988,-0.03875369406969398,2586.577821175556,-0.006753474867882137,2605.3400354313053,-0.02070694994400979,2511.0215039560376,2589.3044501658997,0.023916213470427057,0.023916213470427057,0.3093604504127781,0.7634639948855022
2024-04-09,4109.6194577249935,18345,93689.64545378707,2621.1078804776507,19398,150732.2628750867,96.55582820234766,53.52949682946026,0.019896242316745694,2569.9750344443587,0.012648753083131847,2537.8740917023383,0.045304049108617184,2427.8812407418777,-0.007406700651691134,2573.379137051778,0.01240256792883132,2606.8201886034194,0.007825926311648246,2678.363240553748,0.028028281962954482,2520.567252641212,2586.441682162095,0.02347230578038733,0.02347230578038733,0.2988106322427146,0.7367362926410199
2024-04-10,4127.193450362793,12449,90895.05478061836,2703.948717163178,5117,144492.28488757697,96.61143572972998,53.13283803963402,0.031605275502979646,2621.1078804776507,0.019896242316745694,2569.9750344443587,0.012648753083131847,2537.8740917023383,0.045304049108617184,2445.998015839834,-0.04949955464311395,2602.2424216618583,-0.0017560731505664728,2740.179744922769,0.02307995548663544,2572.157392905881,2584.630130774115,0.024000569274593025,0.024000569274593025,0.28228248228381486,1.5618824746458584
2024-04-11,4158.2834129509365,19136,90730.57165788174,2719.2075410683387,10574,143534.98312136254,96.62916186642484,52.97167990143,0.005643163203616242,2703.948717163178,0.031605275502979646,2621.1078804776507,0.019896242316745694,2569.9750344443587,0.012648753083131847,2427.8812407418777,-0.007406700651691134,2601.029458522593,-0.00046612226792108746,2629.22036185922,-0.04049346882048288,2630.422652971173,2589.1294897345715,0.022083764966298255,0.022083764966298255,0.28126085853301924,0.9511530059976913
2024-04-12,4176.952727031578,5739,88400.4229059324,2752.482384662813,5360,142329.356949474,96.6582850081096,52.72229415064467,0.012236963560861902,2719.2075410683387,0.005643163203616242,2703.948717163178,0.031605275502979646,2621.1078804776507,0.019896242316745694,2537.8740917023383,0.045304049108617184,2644.3312282432657,0.016647935139215475,2636.015389492331,0.0025844268254131553,2673.344311563268,2594.9528394930953,0.022204259162762446,0.022204259162762446,0.2718368254990917,0.8444382408087336
2024-04-15,4201.097455351106,14015,87308.5761508992,2833.3975659706143,6226,137321.00323804753,96.8056461473349,52.84121670130679,0.029397165903284783,2752.482384662813,0.012236963560861902,2719.2075410683387,0.005643163203616242,2703.948717163178,0.031605275502979646,2569.9750344443587,0.012648753083131847,2541.853624804988,-0.03875369406969398,2620.5050726354084,-0.005884000874482598,2726.028817868519,2605.5974641598555,0.022902017194715688,0.022902017194715688,0.27965318166215686,1.2289156506289791
2024-04-16,4179.784133953387,6281,88440.86472807344,2849.339853759539,7239,138779.76341579718,96.92824953832596,52.932890758877534,0.005626562251761946,2833.3975659706143,0.029397165903284783,2752.482384662813,0.012236963560861902,2719.2075410683387,0.005643163203616242,2621.1078804776507,0.019896242316745694,2573.379137051778,0.01240256792883132,2627.0824108950505,0.002509950592473942,2771.675212524897,2616.71033630308,0.022900773730375693,0.022900773730375693,0.29469538595390166,0.570018552275246
2024-04-17,4229.482093785073,9435,86350.25481272528,2870.524458780924,8966,136454.26322493274,96.6415440429477,53.201030382658175,0.007434916896077892,2849.339853759539,0.005626562251761946,2833.3975659706143,0.029397165903284783,2752.482384662813,0.012236963560861902,2703.948717163178,0.031605275502979646,2445.998015839834,-0.04949955464311395,2553.0088816764774,-0.028196119357114635,2804.990360848446,2632.586115158302,0.021586308114821158,0.021586308114821158,0.32153364718737537,0.7067100341677235
2024-04-18,4179.8178397660895,16687,90094.36393634824,2858.8690722654105,15081,137715.40541318647,96.60980018746392,53.42674550247197,-0.0040603682995487,2870.524458780924,0.007434916896077892,2849.339853759539,0.005626562251761946,2833.3975659706143,0.029397165903284783,2719.2075410683387,0.005643163203616242,2427.8812407418777,-0.007406700651691134,2559.586654544663,0.0025764786465867218,2832.92266708786,2647.5502360443397,0.02169409137650545,0.02169409137650545,0.33387973463615916,0.3186925348692373
2024-04-19,4147.007589161098,15485,91391.76931080208,2857.613671833461,15296,138069.6920453111,96.59333508470954,53.7689893392804,-0.0004391248428018413,2858.8690722654105,-0.0040603682995487,2870.524458780924,0.007434916896077892,2849.339853759539,0.005626562251761946,2752.482384662813,0.012236963560861902,2537.8740917023383,0.045304049108617184,2604.164983946457,0.017416221999221326,2853.9489245219897,2660.22267043869,0.021556533011400755,0.021556533011400755,0.3487246989124405,0.31740523510700536
2024-04-22,4131.122340038288,11620,91186.57589229028,2957.9638649096487,13165,130606.50289596112,96.41812522743685,53.76841381927768,0.03511678085295644,2857.613671833461,-0.0004391248428018413,2858.8690722654105,-0.0040603682995487,2870.524458780924,0.007434916896077892,2833.3975659706143,0.029397165903284783,2569.9750344443587,0.012648753083131847,2586.577821175556,-0.006753474867882137,2878.8621843097967,2678.7919726253945,0.02238484225254131,0.02238484225254131,0.3848926757523219,1.1901122103825854
2024-04-23,4109.366099849816,6292,91898.20752162753,3032.456013896216,13279,125740.88192765872,96.42754353326006,53.85945388952268,0.02518358992490355,2957.9638649096487,0.03511678085295644,2857.613671833461,-0.0004391248428018413,2858.8690722654105,-0.0040603682995487,2849.339853759539,0.005626562251761946,2621.1078804776507,0.019896242316745694,2606.8201886034194,0.007825926311648246,2915.485416337132,2700.0737638900346,0.022753220499294118,0.022753220499294118,0.4336920429115421,1.100011927823162
2024-04-24,4097.060255410769,19511,95407.97788829752,3039.4331519399366,14831,127533.36816686908,96.55241931050112,54.01290800009844,0.0023008208566746013,3032.456013896216,0.02518358992490355,2957.9638649096487,0.03511678085295644,2857.613671833461,-0.0004391248428018413,2870.524458780924,0.007434916896077892,2703.948717163178,0.031605275502979646,2602.2424216618583,-0.0017560731505664728,2949.2671549689344,2721.933300403938,0.02268115618067988,0.02268115618067988,0.4924343291713716,0.4610870811919588
2024-04-25,4113.984823203324,17284,96992.42001366473,3058.971734532432,11281,129649.1782093958,96.44376252454204,54.05540500931574,0.0064283639796536285,3039.4331519399366,0.0023008208566746013,3032.456013896216,0.02518358992490355,2957.9638649096487,0.03511678085295644,2858.8690722654105,-0.0040603682995487,2719.2075410683387,0.005643163203616242,2601.029458522593,-0.00046612226792108746,2989.287687422339,2744.83041420443,0.022597293006647538,0.022597293006647538,0.554989088780903,0.3621067088375791
2024-04-26,4129.240453800425,16401,96671.0138533599,3008.4578619770828,6583,133393.97635809294,96.47740261841103,53.93624671634062,-0.01651335054361669,3058.971734532432,0.0064283639796536285,3039.4331519399366,0.0023008208566746013,3032.456013896216,0.02518358992490355,2857.613671833461,-0.0004391248428018413,2752.482384662813,0.012236963560861902,2644.3312282432657,0.016647935139215475,3019.456525451063,2763.036745891121,0.02316852339536161,0.02316852339536161,0.6021874648718976,0.14648213604113647
2024-04-29,4070.802963921634,6324,102499.41215142506,2975.680373552941,6348,135949.86870259396,96.3858202706814,53.83651395603869,-0.010895113020662706,3008.4578619770828,-0.01651335054361669,3058.971734532432,0.0064283639796536285,3039.4331519399366,0.0023008208566746013,2957.9638649096487,0.03511678085295644,2833.3975659706143,0.029397165903284783,2541.853624804988,-0.03875369406969398,3022.9998271797217,2784.7280833285186,0.021028845790880185,0.021028845790880185,0.6330336062710991,-0.1569381182805017
2024-04-30,4096.478066222912,7695,103134.4605483172,2928.683245514159,13478,139955.83218310727,96.31862906831344,53.5912464365397,-0.015793741981323106,2975.680373552941,-0.010895113020662706,3008.4578619770828,-0.01651335054361669,3058.971734532432,0.0064283639796536285,3032.456013896216,0.02518358992490355,2849.339853759539,0.005626562251761946,2573.379137051778,0.01240256792883132,3002.2452735033103,2802.493288751638,0.021662289387844657,0.021662289387844657,0.6497242949340019,-0.44157278369331865
2024-05-01,4090.692236505143,12716,101734.35780523298,3017.0701877401325,5584,136476.44047334528,96.46636843173044,53.71773148551264,0.030179754796410663,2928.683245514159,-0.015793741981323106,2975.680373552941,-0.010895113020662706,3008.4578619770828,-0.01651335054361669,3039.4331519399366,0.0023008208566746013,2870.524458780924,0.007434916896077892,2445.998015839834,-0.04949955464311395,2997.7726806633495,2831.0468973466527,0.01775505785885955,0.01775505785885955,0.6850519206887675,-0.07161911769178986
2024-05-02,4130.594636279985,13713,103296.78789359904,3106.0423974842847,18732,132144.08869271018,96.41211264971926,53.6895269332871,0.029489605547027287,3017.0701877401325,0.030179754796410663,2928.683245514159,-0.015793741981323106,2975.680373552941,-0.010895113020662706,3058.971734532432,0.0064283639796536285,2858.8690722654105,-0.0040603682995487,2427.8812407418777,-0.007406700651691134,3007.18681325372,2864.9549551837727,0.017691985101166485,0.017691985101166485,0.7095972677761098,0.21148888971235397
2024-05-03,4124.422252899121,6233,109677.14259343292,3196.396097320204,15321,130017.02661119535,96.45833389862032,53.49057480809607,0.029089654381118768,3106.0423974842847,0.029489605547027287,3017.0701877401325,0.030179754796410663,2928.683245514159,-0.015793741981323106,3008.4578619770828,-0.01651335054361669,2857.613671833461,-0.0004391248428018413,2537.8740917023383,0.045304049108617184,3044.7744603223446,2897.881055464666,0.01643866991464211,0.01643866991464211,0.7479003134025021,0.006738972736219262
2024-05-06,4047.838483876885,17483,114522.01517423669,3209.0645890321302,19163,133397.59352684428,96.27121208701422,53.29190136229869,0.00396336728184199,3196.396097320204,0.029089654381118768,3106.0423974842847,0.029489605547027287,3017.0701877401325,0.030179754796410663,2975.680373552941,-0.010895113020662706,2957.9638649096487,0.03511678085295644,2569.9750344443587,0.012648753083131847,3091.4513034181823,2929.835533194055,0.016527570687242636,0.016527570687242636,0.7912589410591363,-0.5546786424124284
2024-05-07,4067.7682328611386,19884,110644.6362372187,3144.079205196622,10947,140148.50581318082,96.45744384315373,52.92878174396385,-0.020250568984374495,3209.0645890321302,0.00396336728184199,3196.396097320204,0.029089654381118768,3106.0423974842847,0.029489605547027287,2928.683245514159,-0.015793741981323106,3032.456013896216,0.02518358992490355,2621.1078804776507,0.019896242316745694,3134.5304953546743,2955.9840994300034,0.017815673863658912,0.017815673863658912,0.8240779063189386,-1.1339073092565222
2024-05-08,4088.2275240041577,8672,113040.61056537068,3242.656652348109,8458,133076.14454125802,96.51770908778435,53.22243414633502,0.031353359988054885,3144.079205196622,-0.020250568984374495,3209.0645890321302,0.00396336728184199,3196.396097320204,0.029089654381118768,3017.0701877401325,0.030179754796410663,3039.4331519399366,0.0023008208566746013,2703.948717163178,0.031605275502979646,3179.64778827627,2982.91949618925,0.017799145768054865,0.017799145768054865,0.8447152268952292,0.6121113421860901
2024-05-09,4098.162180256646,16548,114146.40731555044,3198.5949554645704,10375,135487.4291838962,96.49945910351931,53.24601944719456,-0.013588147499869363,3242.656652348109,0.031353359988054885,3144.079205196622,-0.020250568984374495,3209.0645890321302,0.00396336728184199,3106.0423974842847,0.029489605547027287,3058.971734532432,0.0064283639796536285,2719.2075410683387,0.005643163203616242,3198.158299872327,3006.8888669090616,0.01851088947589577,0.01851088947589577,0.8572004115326693,-0.3451843101571561
2024-05-10,4124.16666089577,12215,113021.26749138748,3291.8134724257334,15986,129282.61597382046,96.55701375451932,52.98717944132257,0.029143582810291724,3198.5949554645704,-0.013588147499869363,3242.656652348109,0.031353359988054885,3144.079205196622,-0.020250568984374495,3196.396097320204,0.029089654381118768,3008.4578619770828,-0.01651335054361669,2752.482384662813,0.012236963560861902,3217.2417748934326,3033.8554212972076,0.019076895264688573,0.019076895264688573,0.882516090300251,1.0489073779961207
2024-05-13,4099.5458860011495,18796,110508.70013391656,3206.683631937616,11104,133982.1660175796,96.41603181162452,53.22974376620317,-0.02586107663791326,3291.8134724257334,0.029143582810291724,3198.5949554645704,-0.013588147499869363,3242.656652348109,0.031353359988054885,3209.0645890321302,0.00396336728184199,2975.680373552941,-0.010895113020662706,2833.3975659706143,0.029397165903284783,3216.76558347453,3052.519724595558,0.019971964876834475,0.019971964876834475,0.9206664077352804,-0.24139027914620692
2024-05-14,4091.379908788316,19400,111094.03030619472,3106.690786372019,5387,142623.63102898624,96.5342848857998,53.06160912326486,-0.031182635096801636,3206.683631937616,-0.02586107663791326,3291.8134724257334,0.029143582810291724,3198.5949554645704,-0.013588147499869363,3144.079205196622,-0.020250568984374495,2928.683245514159,-0.015793741981323106,2849.339853759539,0.005626562251761946,3209.2878997096095,3065.3872712261814,0.021670357140952733,0.021670357140952733,0.934720656101026,-1.1350196431068942
2024-05-15,4049.043181979469,13876,112950.58810671276,3079.141181572196,14507,143451.45006146177,96.50188640825016,52.6396589351612,-0.008867829692183582,3106.690786372019,-0.031182635096801636,3206.683631937616,-0.02586107663791326,3291.8134724257334,0.029143582810291724,3242.656652348109,0.031353359988054885,3017.0701877401325,0.030179754796410663,2870.524458780924,0.007434916896077892,3176.584805554427,3075.818107365745,0.02186209422564431,0.02186209422564431,0.9331652647776755,-0.6464246832654734
2024-05-16,4007.278849418687,10925,114750.4974500177,2950.3394548779893,18427,153167.00933079197,96.48147945674532,52.946025621926935,-0.041830406304540046,3079.141181572196,-0.008867829692183582,3106.690786372019,-0.031182635096801636,3206.683631937616,-0.02586107663791326,3198.5949554645704,-0.013588147499869363,3106.0423974842847,0.029489605547027287,2858.8690722654105,-0.0040603682995487,3126.933705437111,3080.391626496374,0.024089250597409656,0.024089250597409656,0.8812421811455563,-1.4703108378407364
2024-05-17,4025.798845832567,16635,113333.74397762076,2840.3735831122667,14789,160038.18741099036,96.43231389524875,52.78489652505709,-0.03727227779973208,2950.3394548779893,-0.041830406304540046,3079.141181572196,-0.008867829692183582,3106.690786372019,-0.031182635096801636,3291.8134724257334,0.029143582810291724,3196.396097320204,0.029089654381118768,2857.613671833461,-0.0004391248428018413,3036.6457275744174,3079.5296220603145,0.025632139972000548,0.025632139972000548,0.8128782708863544,-1.287729344418372
2024-05-20,4006.778674981416,10865,116573.26286307738,2871.5094520772464,6063,156283.54840415,96.37424875497422,52.662226797994464,0.010961892178585675,2840.3735831122667,-0.03727227779973208,2950.3394548779893,-0.041830406304540046,3079.141181572196,-0.008867829692183582,3206.683631937616,-0.02586107663791326,3209.0645890321302,0.00396336728184199,2957.9638649096487,0.03511678085295644,2969.610891602343,3075.2069014186945,0.024431854962451118,0.024431854962451118,0.7891514336494482,-0.3899049036754088
2024-05-21,4022.632824190864,17306,115272.07139166794,2772.810860040634,11851,165809.16065159923,96.44371581613706,52.674580804099215,-0.034371675832449045,2871.5094520772464,0.010961892178585675,2840.3735831122667,-0.03727227779973208,2950.3394548779893,-0.041830406304540046,3106.690786372019,-0.031182635096801636,3144.079205196622,-0.020250568984374495,3032.456013896216,0.02518358992490355,2902.8349063360665,3062.2246437259155,0.024675314017115937,0.024675314017115937,0.79237692426966,-1.3392233781770722
2024-05-22,4055.417908767992,9635,114854.70864036356,2656.1189115334864,18985,171498.57668606192,96.46930650114749,53.01735757093625,-0.042084352087916166,2772.810860040634,-0.034371675832449045,2871.5094520772464,0.010961892178585675,2840.3735831122667,-0.03727227779973208,3079.141181572196,-0.008867829692183582,3242.656652348109,0.031353359988054885,3039.4331519399366,0.0023008208566746013,2818.2304523283246,3043.058931705593,0.02602140714739019,0.02602140714739019,0.8095263766150357,-1.084239429941174
2024-05-23,4043.537619117378,14331,111970.42936270672,2710.0722698568925,15651,170202.55091791038,96.53448131528778,53.02336875819614,0.020312855004016583,2656.1189115334864,-0.042084352087916166,2772.810860040634,-0.034371675832449045,2871.5094520772464,0.010961892178585675,2950.3394548779893,-0.041830406304540046,3198.5949554645704,-0.013588147499869363,3058.971734532432,0.0064283639796536285,2770.177015324105,3025.6139584718157,0.02656114404161897,0.02656114404161897,0.857920118958167,-0.48402115412960117
2024-05-24,4068.048186737552,16768,109157.20302633011,2726.9346737908263,13447,166250.2910169503,96.53360184633922,52.66363362035257,0.0062221233439003765,2710.0722698568925,0.020312855004016583,2656.1189115334864,-0.042084352087916166,2772.810860040634,-0.034371675832449045,2840.3735831122667,-0.03727227779973208,3291.8134724257334,0.029143582810291724,3008.4578619770828,-0.01651335054361669,2747.489233459817,3011.537799062503,0.026560551828446965,0.026560551828446965,0.9000561754174193,-0.11263581065481176
2024-05-27,4068.69683643256,14484,109519.96581658146,2693.221789329043,16837,169836.4197924446,96.58492182744696,52.82679672158623,-0.012362923390063285,2726.9346737908263,0.0062221233439003765,2710.0722698568925,0.020312855004016583,2656.1189115334864,-0.042084352087916166,2871.5094520772464,0.010961892178585675,3206.683631937616,-0.02586107663791326,2975.680373552941,-0.010895113020662706,2711.8317009101766,2997.414869851308,0.02658098608780843,0.02658098608780843,0.9597458051111144,-0.5822331076156045
2024-05-28,4089.661946871514,12766,107107.75851477851,2615.234125577628,10455,176240.46044957385,96.54303695305444,52.68129980430771,-0.028957014999809516,2693.221789329043,-0.012362923390063285,2726.9346737908263,0.0062221233439003765,2710.0722698568925,0.020312855004016583,2772.810860040634,-0.034371675832449045,3106.690786372019,-0.031182635096801636,2928.683245514159,-0.015793741981323106,2680.3163540175756,2981.7424138544816,0.02703091975247702,0.02703091975247702,1.025502778630742,-0.8203917182319234
2024-05-29,4096.396383843313,7587,107285.50401077927,2571.2254032089786,12765,180146.6466056624,96.7660101371954,53.24767699576656,-0.016827832712273616,2615.234125577628,-0.028957014999809516,2693.221789329043,-0.012362923390063285,2726.9346737908263,0.0062221233439003765,2656.1189115334864,-0.042084352087916166,3079.141181572196,-0.008867829692183582,3017.0701877401325,0.030179754796410663,2663.337652352674,2959.450174627924,0.02579957609632069,0.02579957609632069,1.0964900032302574,-0.7191741688487201
2024-05-30,4069.584403876005,10571,108924.38725286942,2605.3730414882853,13965,177284.91878890237,96.60921709555234,53.24734107916719,0.01328068641383573,2571.2254032089786,-0.016827832712273616,2615.234125577628,-0.028957014999809516,2693.221789329043,-0.012362923390063285,2710.0722698568925,0.020312855004016583,2950.3394548779893,-0.041830406304540046,3106.0423974842847,0.029489605547027287,2642.3978066789523,2934.416706828124,0.024807130207079857,0.024807130207079857,1.1640101399631368,-0.2134827682575442
2024-05-31,4043.124798347738,5398,111017.65251590752,2599.842564327603,17126,176366.14399471163,96.73531082790863,52.57683042979758,-0.0021227198841063943,2605.3730414882853,0.01328068641383573,2571.2254032089786,-0.016827832712273616,2615.234125577628,-0.028957014999809516,2726.9346737908263,0.0062221233439003765,2840.3735831122667,-0.03727227779973208,3196.396097320204,0.029089654381118768,2616.9793847863075,2904.589030178494,0.023253947435347033,0.023253947435347033,1.2135154337443836,-0.26182247366615263
2024-06-03,4076.454718448572,18853,109100.55715593116,2680.242449032232,10108,169667.19739289372,96.87210157298074,52.68403992144428,0.030924905149178672,2599.842564327603,-0.0021227198841063943,2605.3730414882853,0.01328068641383573,2571.2254032089786,-0.016827832712273616,2693.221789329043,-0.012362923390063285,2871.5094520772464,0.010961892178585675,3209.0645890321302,0.00396336728184199,2614.3835167269453,2878.147923178499,0.024834846437909,0.024834846437909,1.2500340995405046,0.3478581487813305
2024-06-04,4071.343740635634,14551,111043.97640862274,2744.850854168869,7904,167642.4353945538,96.78688569238416,53.26741925912235,0.02410543313347091,2680.242449032232,0.030924905149178672,2599.842564327603,-0.0021227198841063943,2605.3730414882853,0.01328068641383573,2615.234125577628,-0.028957014999809516,2772.810860040634,-0.034371675832449045,3144.079205196622,-0.020250568984374495,2640.3068624451935,2858.1865056271113,0.025711230992380794,0.025711230992380794,1.258267606224262,0.1304670485938004
2024-06-05,4105.734359029297,19043,107018.87542526692,2797.619415009579,9902,165821.94706355562,97.00981305343976,53.74019534568597,0.01922456397241601,2744.850854168869,0.02410543313347091,2680.242449032232,0.030924905149178672,2599.842564327603,-0.0021227198841063943,2571.2254032089786,-0.016827832712273616,2656.1189115334864,-0.042084352087916166,3242.656652348109,0.031353359988054885,2685.5856648053136,2835.9346437601844,0.024902953992364894,0.024902953992364894,1.2615356366103572,0.101385072985292
2024-06-06,4193.978251403436,16997,102353.9078254163,2847.865143746232,14404,166830.32429148408,97.1093620817343,54.28948163231294,0.01796017301963193,2797.619415009579,0.01922456397241601,2744.850854168869,0.02410543313347091,2680.242449032232,0.030924905149178672,2605.3730414882853,0.01328068641383573,2710.0722698568925,0.020312855004016583,3198.5949554645704,-0.013588147499869363,2734.084085256903,2818.3981531742675,0.025460458511393412,0.025460458511393412,1.2549108569036544,-0.07839379916035472
2024-06-07,4163.479078002971,15571,107349.00855382196,2825.536798179868,15825,170806.1500176961,97.2064759824166,53.9835535766985,-0.00784038022846556,2847.865143746232,0.01796017301963193,2797.619415009579,0.01922456397241601,2744.850854168869,0.02410543313347091,2599.842564327603,-0.0021227198841063943,2726.9346737908263,0.0062221233439003765,3291.8134724257334,0.029143582810291724,2779.222932027356,2795.0843194619747,0.02412122398606694,0.02412122398606694,1.25721505799604,-0.5333934965959207
2024-06-10,4156.5713046368855,14285,107277.1810402177,2929.503646254919,8778,164775.59393959958,97.2092782011192,54.25719929549153,0.03679543233767957,2825.536798179868,-0.00784038022846556,2847.865143746232,0.01796017301963193,2797.619415009579,0.01922456397241601,2680.242449032232,0.030924905149178672,2693.221789329043,-0.012362923390063285,3206.683631937616,-0.02586107663791326,2829.075171471893,2781.2253201778394,0.025610569831334293,0.025610569831334293,1.250038809633454,0.47261135347212774
2024-06-11,4198.770150935118,7748,108755.86785306144,2934.6075103398016,9719,165036.27833472707,97.18755558529732,54.04060093357052,0.0017422282752257434,2929.503646254919,0.03679543233767957,2825.536798179868,-0.00784038022846556,2847.865143746232,0.01796017301963193,2744.850854168869,0.02410543313347091,2615.234125577628,-0.028957014999809516,3106.690786372019,-0.031182635096801636,2867.02650270608,2772.621156376229,0.02483095019045316,0.02483095019045316,1.245209424393409,-0.10787773358439864
2024-06-12,4223.905435644637,14617,108677.96351263794,2965.757959786232,17690,162794.07437063582,97.16661470259336,54.1078877533956,0.010614860534730708,2934.6075103398016,0.0017422282752257434,2929.503646254919,0.03679543233767957,2825.536798179868,-0.00784038022846556,2797.619415009579,0.01922456397241601,2571.2254032089786,-0.016827832712273616,3079.141181572196,-0.008867829692183582,2900.65421166141,2766.951995286931,0.024951932054386203,0.024951932054386203,1.2409828125547653,0.2944636934079258
2024-06-13,4260.542069415223,14045,106885.405201155,2862.5351869462315,18467,172703.17509879335,97.2056677622253,53.72600202477368,-0.034804854016961095,2965.757959786232,0.010614860534730708,2934.6075103398016,0.0017422282752257434,2929.503646254919,0.03679543233767957,2847.865143746232,0.01796017301963193,2605.3730414882853,0.01328068641383573,2950.3394548779893,-0.041830406304540046,2903.5882203014103,2762.561781890343,0.02439872090804274,0.02439872090804274,1.2359141086745702,-1.1046566569809588
2024-06-14,4253.298679605069,11741,107844.2099474178,2918.775885944237,6181,168220.10736090512,97.3457863897287,53.53266529530886,0.01964716425302826,2862.5351869462315,-0.034804854016961095,2965.757959786232,0.010614860534730708,2934.6075103398016,0.0017422282752257434,2825.536798179868,-0.00784038022846556,2599.842564327603,-0.0021227198841063943,2840.3735831122667,-0.03727227779973208,2922.2360378542844,2766.481897031941,0.023266078230103862,0.023266078230103862,1.235643595512136,0.12011205014010617
2024-06-17,4302.444239802313,8804,109167.00658619708,2929.322974755862,5375,167080.3563083672,97.36391781151484,53.32979128609978,0.003613531570688888,2918.775885944237,0.01964716425302826,2862.5351869462315,-0.034804854016961095,2965.757959786232,0.010614860534730708,2929.503646254919,0.03679543233767957,2680.242449032232,0.030924905149178672,2871.5094520772464,0.010961892178585675,2922.199903554473,2769.372573165872,0.0231686220860436,0.0231686220860436,1.2358983856460484,0.06619303558701362
2024-06-18,4347.080191068544,6270,106878.02291100478,2850.935791429063,17504,171321.1464434712,97.27277344920113,53.59935787014257,-0.026759488114598273,2929.322974755862,0.003613531570688888,2918.775885944237,0.01964716425302826,2862.5351869462315,-0.034804854016961095,2934.6075103398016,0.0017422282752257434,2744.850854168869,0.02410543313347091,2772.810860040634,-0.034371675832449045,2905.4655597723254,2773.2788197352934,0.022608325597651416,0.022608325597651416,1.2319270240046518,-0.920715767409981
2024-06-19,4349.728251363431,16083,104966.07149416444,2885.859478552771,9302,170066.16405484182,97.3552161554396,53.83957360664346,0.012249903076983149,2850.935791429063,-0.026759488114598273,2929.322974755862,0.003613531570688888,2918.775885944237,0.01964716425302826,2965.757959786232,0.010614860534730708,2797.619415009579,0.01922456397241601,2656.1189115334864,-0.042084352087916166,2889.485863525633,2784.765848086258,0.02021640814004354,0.02021640814004354,1.2308652815375944,-0.42386046381424625
2024-06-20,4421.2758012235245,14178,103139.21577642484,2966.530619996909,15424,171024.47747075302,97.44733123007909,53.92261952544271,0.027953939560700247,2885.859478552771,0.012249903076983149,2850.935791429063,-0.026759488114598273,2929.322974755862,0.003613531570688888,2862.5351869462315,-0.034804854016961095,2847.865143746232,0.01796017301963193,2710.0722698568925,0.020312855004016583,2910.2849501357687,2797.5887655932584,0.020602452165914113,0.020602452165914113,1.2316929804826497,-0.5873366031123874
2024-06-21,4430.815198344375,14008,104626.1766361012,3052.8146741320843,9352,164681.0968124804,97.51279718292386,53.517493100026094,0.029085846461030407,2966.530619996909,0.027953939560700247,2885.859478552771,0.012249903076983149,2850.935791429063,-0.026759488114598273,2918.775885944237,0.01964716425302826,2825.536798179868,-0.00784038022846556,2726.9346737908263,0.0062221233439003765,2937.0927077733377,2813.8827656103213,0.021311556581704146,0.021311556581704146,1.237415156164341,0.6851326795752765
2024-06-24,4421.352330874256,17544,107231.845352659,3043.40152766019,11942,162059.026519641,97.58734707357635,53.42400126984118,-0.0030834320051119635,3052.8146741320843,0.029085846461030407,2966.530619996909,0.027953939560700247,2885.859478552771,0.012249903076983149,2929.322974755862,0.003613531570688888,2929.503646254919,0.03679543233767957,2693.221789329043,-0.012362923390063285,2959.9084183542036,2831.391752526879,0.02099219262971341,0.02099219262971341,1.234701204304718,0.6088356357374485
2024-06-25,4486.576969850827,16355,101663.0487811188,3106.2308220458003,6060,156640.75170430224,97.56025426056058,53.20016632495836,0.020644431506845695,3043.40152766019,-0.0030834320051119635,3052.8146741320843,0.029085846461030407,2966.530619996909,0.027953939560700247,2850.935791429063,-0.026759488114598273,2934.6075103398016,0.0017422282752257434,2615.234125577628,-0.028957014999809516,3010.967424477551,2855.941587350287,0.019478028895109818,0.019478028895109818,1.2389974757634088,1.0669189987563201
2024-06-26,4463.218636184517,8105,103995.73930507264,3158.25564523063,15493,155205.2210711061,97.46735534384752,53.4610690519667,0.016748537428575627,3106.2308220458003,0.020644431506845695,3043.40152766019,-0.0030834320051119635,3052.8146741320843,0.029085846461030407,2885.859478552771,0.012249903076983149,2965.757959786232,0.010614860534730708,2571.2254032089786,-0.016827832712273616,3065.4466578131223,2885.29309945137,0.018577215227688636,0.018577215227688636,1.2282841668694313,0.7463984271247313
2024-06-27,4422.544131507112,13860,106423.55266231918,3256.082751138896,12604,148463.5143374164,97.38053600078344,53.81452450781186,0.030975043472493358,3158.25564523063,0.016748537428575627,3106.2308220458003,0.020644431506845695,3043.40152766019,-0.0030834320051119635,2966.530619996909,0.027953939560700247,2862.5351869462315,-0.034804854016961095,2605.3730414882853,0.01328068641383573,3123.35708404152,2917.8285849339004,0.019129778798898583,0.019129778798898583,1.2204321255488482,1.466197168130885
2024-06-28,4448.217466506522,6372,105210.12075889364,3202.9815323749435,17928,150997.00553730945,97.21698967593768,54.13144018362112,-0.016308313646322126,3256.082751138896,0.030975043472493358,3158.25564523063,0.016748537428575627,3106.2308220458003,0.020644431506845695,3052.8146741320843,0.029085846461030407,2918.775885944237,0.01964716425302826,2599.842564327603,-0.0021227198841063943,3153.390455690092,2947.9855333362675,0.019904224065398355,0.019904224065398355,1.2176127742090077,0.5414299414678192
2024-07-01,4420.892742903984,15515,105946.48200030084,3222.13372562732,9625,151407.53111837318,97.24068453709226,53.90487435779602,0.005979489128735471,3202.9815323749435,-0.016308313646322126,3256.082751138896,0.030975043472493358,3158.25564523063,0.016748537428575627,3043.40152766019,-0.0030834320051119635,2929.322974755862,0.003613531570688888,2680.242449032232,0.030924905149178672,3189.136895283518,2975.080097166022,0.01934211919424275,0.01934211919424275,1.2170517959522607,0.49461401993734894
2024-07-02,4444.124684578819,10786,106280.47172567548,3219.2566570654267,18005,151613.03176419693,97.2323396587696,53.08301442110917,-0.0008929078700273818,3222.13372562732,0.005979489128735471,3202.9815323749435,-0.016308313646322126,3256.082751138896,0.030975043472493358,3106.2308220458003,0.020644431506845695,2850.935791429063,-0.026759488114598273,2744.850854168869,0.02410543313347091,3211.742062287443,2998.8003873108496,0.019150432788468643,0.019150432788468643,1.2150793619027462,0.42227833042903073
2024-07-03,4471.766803986421,19526,105343.41852587929,3102.407606102572,18160,157314.0069858395,97.18834088831665,52.55292585167015,-0.03629690435100952,3219.2566570654267,-0.0008929078700273818,3222.13372562732,0.005979489128735471,3202.9815323749435,-0.016308313646322126,3158.25564523063,0.016748537428575627,2885.859478552771,0.012249903076983149,2797.619415009579,0.01922456397241601,3200.572454461832,3014.0397968654997,0.0213613304074534,0.0213613304074534,1.19592042002357,-0.19566984995002318
2024-07-04,4451.785318598247,5739,106595.49825139168,3069.013022645109,12806,160474.34524229623,96.89277900588212,52.97941394509482,-0.010764086379808635,3102.407606102572,-0.03629690435100952,3219.2566570654267,-0.0008929078700273818,3222.13372562732,0.005979489128735471,3256.082751138896,0.030975043472493358,2966.530619996909,0.027953939560700247,2847.865143746232,0.01796017301963193,3163.1585087630747,3025.0971908104434,0.021437986070158187,0.021437986070158187,1.1708399569584211,-0.18259347130019343
2024-07-05,4457.260981800002,12383,110793.95816152164,3050.519891952098,17118,159771.0257733845,96.7680472589127,52.85903746329888,-0.006025758299673778,3069.013022645109,-0.010764086379808635,3102.407606102572,-0.03629690435100952,3219.2566570654267,-0.0008929078700273818,3202.9815323749435,-0.016308313646322126,3052.8146741320843,0.029085846461030407,2825.536798179868,-0.00784038022846556,3132.666180678505,3036.346345499055,0.021389177400005642,0.021389177400005642,1.1499536038395815,0.027437932750602342
2024-07-08,4460.39735049999,12441,111163.49212866492,2904.061611363042,6888,169225.4551188726,96.88013132405302,52.63382007781934,-0.04801092462155154,3050.519891952098,-0.006025758299673778,3069.013022645109,-0.010764086379808635,3102.407606102572,-0.03629690435100952,3222.13372562732,0.005979489128735471,3043.40152766019,-0.0030834320051119635,2929.503646254919,0.03679543233767957,3069.0517578256495,3035.074243754461,0.022909299796374755,0.022909299796374755,1.104994805929185,-0.9624180821130525
2024-07-09,4460.6636202172185,18912,109221.604822329,2919.5567962167383,6981,171853.7406146754,96.8136687240467,53.1266181658502,0.0053356942542357455,2904.061611363042,-0.04801092462155154,3050.519891952098,-0.006025758299673778,3069.013022645109,-0.010764086379808635,3219.2566570654267,-0.0008929078700273818,3106.2308220458003,0.020644431506845695,2934.6075103398016,0.0017422282752257434,3009.111785655912,3034.3217080483078,0.022939278596076966,0.022939278596076966,1.074557545138798,-0.6024465440695936
2024-07-10,4498.177330811704,6577,106103.13441496465,2853.9550909003237,13636,171820.40016965082,96.8497278918124,53.50616614949671,-0.02246974794305201,2919.5567962167383,0.0053356942542357455,2904.061611363042,-0.04801092462155154,3050.519891952098,-0.006025758299673778,3102.407606102572,-0.03629690435100952,3158.25564523063,0.016748537428575627,2965.757959786232,0.010614860534730708,2959.421282615462,3028.7315646040124,0.023322859022320355,0.023322859022320355,1.0512342016205243,-0.3759184760624913
2024-07-11,4550.582570774125,10420,102686.14292988271,2893.957538620696,18574,172158.38515703217,96.71065934881489,53.51350076607264,0.014016495160669384,2853.9550909003237,-0.02246974794305201,2919.5567962167383,0.0053356942542357455,2904.061611363042,-0.04801092462155154,3069.013022645109,-0.010764086379808635,3256.082751138896,0.030975043472493358,2862.5351869462315,-0.034804854016961095,2924.4101858105796,3030.3026821877356,0.02219894551563136,0.02219894551563136,1.0459880948093367,-0.8628555224464294
2024-07-12,4522.326137518783,9496,101168.87895907916,2807.976318504291,19808,174330.5260202885,96.8545298970508,53.425479838753446,-0.02971060182084939,2893.957538620696,0.014016495160669384,2853.9550909003237,-0.02246974794305201,2919.5567962167383,0.0053356942542357455,3050.519891952098,-0.006025758299673778,3202.9815323749435,-0.016308313646322126,2918.775885944237,0.01964716425302826,2875.9014711210184,3024.7627038157384,0.022728556124714513,0.022728556124714513,1.0518873985906305,-1.1389637824660275
2024-07-15,4528.5735332444765,8095,103554.27061051832,2848.82022668362,11137,171807.05374565438,96.84012713104532,53.38584947490951,0.014545674018036303,2807.976318504291,-0.02971060182084939,2893.957538620696,0.014016495160669384,2853.9550909003237,-0.02246974794305201,2904.061611363042,-0.04801092462155154,3222.13372562732,0.005979489128735471,2929.322974755862,0.003613531570688888,2864.853194185134,3020.737566412126,0.02299263475921944,0.02299263475921944,1.0545085345856482,-0.5717746997908035
2024-07-16,4478.766241331606,12354,109940.47704172193,2918.182417446102,17142,162650.8600199789,96.86913117069368,53.45399831442575,0.024347689655106253,2848.82022668362,0.014545674018036303,2807.976318504291,-0.02971060182084939,2893.957538620696,0.014016495160669384,2919.5567962167383,0.0053356942542357455,3219.2566570654267,-0.0008929078700273818,2850.935791429063,-0.026759488114598273,2864.5783184310067,3024.0998977129784,0.022834835933218896,0.022834835933218896,1.050662206780553,0.6974441722967079
2024-07-17,4456.999730055045,19949,110045.99415297572,2944.2144834502487,14591,160308.2106897729,97.10170914988184,53.93401249882163,0.008920643839300801,2918.182417446102,0.024347689655106253,2848.82022668362,0.014545674018036303,2807.976318504291,-0.02971060182084939,2853.9550909003237,-0.02246974794305201,3102.407606102572,-0.03629690435100952,2885.859478552771,0.012249903076983149,2882.6301969409915,3027.017647957852,0.02276372571138238,0.02276372571138238,1.0450114218533844,0.3469468747163492
2024-07-18,4458.36792979831,18212,112197.7959147252,2933.1744754655406,13372,159610.73565371093,97.2533531599408,54.0607527260928,-0.0037497295277790776,2944.2144834502487,0.008920643839300801,2918.182417446102,0.024347689655106253,2848.82022668362,0.014545674018036303,2893.957538620696,0.014016495160669384,3069.013022645109,-0.010764086379808635,2966.530619996909,0.027953939560700247,2890.4735843099606,3025.3498407312836,0.021893484477974852,0.021893484477974852,1.0455188287977366,0.22174925379053578
2024-07-19,4416.28705167412,15009,112954.42227263316,3039.3449680419767,17094,151148.03030515864,97.22269659781207,54.278561436004544,0.03619644636365704,2933.1744754655406,-0.0037497295277790776,2944.2144834502487,0.008920643839300801,2918.182417446102,0.024347689655106253,2807.976318504291,-0.02971060182084939,3050.519891952098,-0.006025758299673778,3052.8146741320843,0.029085846461030407,2936.7473142174977,3024.676355426778,0.022447142673487623,0.022447142673487623,1.0349751232113253,1.3324795813486947
2024-07-22,4302.725011572806,17437,117087.93011158222,3096.687117534225,11404,145785.7704558877,97.16337457932504,54.6293424687256,0.018866614384082103,3039.3449680419767,0.03619644636365704,2933.1744754655406,-0.0037497295277790776,2944.2144834502487,0.008920643839300801,2848.82022668362,0.014545674018036303,2904.061611363042,-0.04801092462155154,3043.40152766019,-0.0030834320051119635,2986.3206923876187,3027.34063492048,0.022820914219989993,0.022820914219989993,1.021167606997706,1.3826600957110757
2024-07-23,4354.864446968276,6112,111478.71342540158,3074.035216035837,15548,150425.05246766514,97.13082007817307,54.27843966841827,-0.007314882207545947,3096.687117534225,0.018866614384082103,3039.3449680419767,0.03619644636365704,2933.1744754655406,-0.0037497295277790776,2918.182417446102,0.024347689655106253,2919.5567962167383,0.0053356942542357455,3106.2308220458003,0.020644431506845695,3017.4912521055658,3025.730854619982,0.02241451603391319,0.02241451603391319,1.0429274458437825,0.4661525492122411
2024-07-24,4260.731225184203,10496,116060.47991610612,3125.79663299544,18205,149146.21643202286,97.18180990302076,54.504898236160486,0.0168382641453122,3074.035216035837,-0.007314882207545947,3096.687117534225,0.018866614384082103,3039.3449680419767,0.03619644636365704,2944.2144834502487,0.008920643839300801,2853.9550909003237,-0.02246974794305201,3158.25564523063,0.016748537428575627,3053.807682014604,3024.1079040082222,0.02241811254667244,0.02241811254667244,1.0481788942868049,0.8570804854853544
2024-07-25,4262.108571401407,18218,118796.55939420738,3123.055154196952,15845,146357.56851923655,97.17128748959566,54.416527609762,-0.0008770496357790591,3125.79663299544,0.0168382641453122,3074.035216035837,-0.007314882207545947,3096.687117534225,0.018866614384082103,2933.1744754655406,-0.0037497295277790776,2893.957538620696,0.014016495160669384,3256.082751138896,0.030975043472493358,3091.783817760886,3017.456524161125,0.021178270446746965,0.021178270446746965,1.0287953305869773,0.9260900720878351
2024-07-26,4238.461857465628,19124,122739.84021980644,2956.3806757839216,8383,153662.72408763575,97.13176307509532,53.66169905103017,-0.05336904735385262,3123.055154196952,-0.0008770496357790591,3125.79663299544,0.0168382641453122,3074.035216035837,-0.007314882207545947,3039.3449680419767,0.03619644636365704,2807.976318504291,-0.02971060182084939,3202.9815323749435,-0.016308313646322126,3075.190959309275,3005.126481331574,0.023948379208079747,0.023948379208079747,0.9793945441413204,0.1130406079814561
2024-07-29,4103.003651037717,15801,130454.08498994852,3062.523024474709,12968,146236.13445376154,97.2784812001662,53.02324818843443,0.03590280154386494,2956.3806757839216,-0.05336904735385262,3123.055154196952,-0.0008770496357790591,3125.79663299544,0.0168382641453122,3096.687117534225,0.018866614384082103,2848.82022668362,0.014545674018036303,3222.13372562732,0.005979489128735471,3068.3581406973717,2997.1459462739435,0.02547257779439705,0.02547257779439705,0.9287414639881272,1.5041733304159044
2024-07-30,4240.065055129035,16087,123423.96110235034,2935.038696491594,13090,151889.8559765982,97.26706021098845,52.71781290497883,-0.041627222706344114,3062.523024474709,0.03590280154386494,2956.3806757839216,-0.05336904735385262,3123.055154196952,-0.0008770496357790591,3074.035216035837,-0.007314882207545947,2918.182417446102,0.024347689655106253,3219.2566570654267,-0.0008929078700273818,3040.5588367885234,2982.935048245252,0.02694628432275684,0.02694628432275684,0.8819109722638728,0.4939161351905385
2024-07-31,4183.327772041924,5239,128771.6971661376,2849.5806859483923,17958,161705.906496796,97.49701912029217,52.8771798735566,-0.029116485123468316,2935.038696491594,-0.041627222706344114,3062.523024474709,0.03590280154386494,2956.3806757839216,-0.05336904735385262,3125.79663299544,0.0168382641453122,2944.2144834502487,0.008920643839300801,3102.407606102572,-0.03629690435100952,2985.315647379114,2970.2937022375427,0.026541803169077758,0.026541803169077758,0.7967364596436403,-0.1400805892800593
2024-08-01,4179.535608627809,13289,132643.9842645178,2856.44612370632,13263,164041.37878664662,97.50609337666738,52.911319743158685,0.0024092800010127036,2849.5806859483923,-0.029116485123468316,2935.038696491594,-0.041627222706344114,3062.523024474709,0.03590280154386494,3123.055154196952,-0.0008770496357790591,2933.1744754655406,-0.0037497295277790776,3069.013022645109,-0.010764086379808635,2931.9938412809875,2959.6653572906034,0.026526034236060217,0.026526034236060217,0.7296401774706354,0.065065838037423
2024-08-02,4192.4368700230525,12490,130659.73323668395,2912.6316022295414,18390,161311.89650047536,97.68462521608986,52.96662975531139,0.019669714074746603,2856.44612370632,0.0024092800010127036,2849.5806859483923,-0.029116485123468316,2935.038696491594,-0.041627222706344114,2956.3806757839216,-0.05336904735385262,3039.3449680419767,0.03619644636365704,3050.519891952098,-0.006025758299673778,2923.244026570111,2952.7709428044755,0.02700223873811084,0.02700223873811084,0.666927071911864,0.43480665795371853
2024-08-05,4279.121562424722,5502,127247.70374090226,2985.413207517987,8302,152825.3590208157,97.72035715836093,53.55191280011739,0.024988263271171318,2912.6316022295414,0.019669714074746603,2856.44612370632,0.0024092800010127036,2849.5806859483923,-0.029116485123468316,3062.523024474709,0.03590280154386494,3096.687117534225,0.018866614384082103,2904.061611363042,-0.04801092462155154,2907.8220631787667,2956.838522612223,0.025331847783661557,0.025331847783661557,0.6134896872424155,1.0098294161400976
2024-08-06,4387.462288153212,19997,122304.34121952878,2900.984113845944,6531,157141.9909224086,97.81665321568586,53.17118591565945,-0.028280538673651545,2985.413207517987,0.024988263271171318,2912.6316022295414,0.019669714074746603,2856.44612370632,0.0024092800010127036,2935.038696491594,-0.041627222706344114,3074.035216035837,-0.007314882207545947,2919.5567962167383,0.0053356942542357455,2901.0111466496373,2955.909888493683,0.0261783324802314,0.0261783324802314,0.5971615534495304,0.044835740369286003
2024-08-07,4478.715946753297,9345,117129.60219487328,2934.3033607998877,17391,156853.7071172953,97.74419211053409,53.16295590940433,0.011485497902217423,2900.984113845944,-0.028280538673651545,2985.413207517987,0.024988263271171318,2912.6316022295414,0.019669714074746603,2849.5806859483923,-0.029116485123468316,3125.79663299544,0.0168382641453122,2853.9550909003237,-0.02246974794305201,2917.955681619936,2959.9273019886614,0.025741163377925442,0.025741163377925442,0.6067011438637129,0.2495516831778402
2024-08-08,4508.518255419553,11117,113769.50412342385,2938.263069739516,6096,154739.13966622617,97.65881618827537,53.25428656624848,0.0013494545221626186,2934.3033607998877,0.011485497902217423,2900.984113845944,-0.028280538673651545,2985.413207517987,0.024988263271171318,2856.44612370632,0.0024092800010127036,3123.055154196952,-0.0008770496357790591,2893.957538620696,0.014016495160669384,2934.319070826575,2962.142578544602,0.0255776692647524,0.0255776692647524,0.6194358686613277,0.403987626048316
2024-08-09,4493.052399364309,5870,113148.24252115676,2870.107154428695,16323,160887.62402522023,97.70478678377684,53.03340463128698,-0.023195988137598267,2938.263069739516,0.0013494545221626186,2934.3033607998877,0.011485497902217423,2900.984113845944,-0.028280538673651545,2912.6316022295414,0.019669714074746603,2956.3806757839216,-0.05336904735385262,2807.976318504291,-0.02971060182084939,2925.814181266406,2965.249120340822,0.025203746731665796,0.025203746731665796,0.6419665108108927,-0.4552944821925628
2024-08-12,4584.710138387409,19206,109656.55563321924,3037.6946141861467,19930,149300.3040307581,97.80364210802338,53.04190265481186,0.05839066304505636,2870.107154428695,-0.023195988137598267,2938.263069739516,0.0013494545221626186,2934.3033607998877,0.011485497902217423,2985.413207517987,0.024988263271171318,3062.523024474709,0.03590280154386494,2848.82022668362,0.014545674018036303,2936.270462600038,2974.692839715949,0.028142870824725223,0.028142870824725223,0.6690693328766125,1.3874836365886218
2024-08-13,4759.003248239069,11132,102966.50474047492,2992.1425156602195,7430,154294.56499182517,97.80766775822342,52.56191785458656,-0.014995614869643958,3037.6946141861467,0.05839066304505636,2870.107154428695,-0.023195988137598267,2938.263069739516,0.0013494545221626186,2900.984113845944,-0.028280538673651545,2935.038696491594,-0.041627222706344114,2918.182417446102,0.024347689655106253,2954.5021429628932,2978.3908446266546,0.027990304999933227,0.027990304999933227,0.6763753837163379,0.0481200629056871
2024-08-14,4707.291731278064,11578,105889.18596412058,2981.044726599084,17756,154983.51479681383,97.67902842471506,52.98488971976907,-0.0037089774310723467,2992.1425156602195,-0.014995614869643958,3037.6946141861467,0.05839066304505636,2870.107154428695,-0.023195988137598267,2934.3033607998877,0.011485497902217423,2849.5806859483923,-0.029116485123468316,2944.2144834502487,0.008920643839300801,2963.850416122732,2980.2323567840967,0.027959486268755662,0.027959486268755662,0.674182578462162,0.1510374898279799
2024-08-15,4643.906137355734,12987,111586.16772539764,2865.1726289042067,5979,162675.68935311795,97.54300258808613,52.78040535400994,-0.038869627369552906,2981.044726599084,-0.0037089774310723467,2992.1425156602195,-0.014995614869643958,3037.6946141861467,0.05839066304505636,2938.263069739516,0.0013494545221626186,2856.44612370632,0.0024092800010127036,2933.1744754655406,-0.0037497295277790776,2949.2323279556704,2976.83226445603,0.029341720729644305,0.029341720729644305,0.6836235504161805,-0.7679149122274462
2024-08-16,4474.593341315307,17038,117881.4386130567,2854.0870691812506,9314,160793.99784880332,97.4002889478675,53.389825403443496,-0.0038690721847345344,2865.1726289042067,-0.038869627369552906,2981.044726599084,-0.0037089774310723467,2992.1425156602195,-0.014995614869643958,2870.107154428695,-0.023195988137598267,2912.6316022295414,0.019669714074746603,3039.3449680419767,0.03619644636365704,2946.028310906181,2967.5693695129935,0.02802366098540296,0.02802366098540296,0.6987413392677955,-0.1990098960298734
2024-08-19,4446.452564906271,19090,116938.9251771118,2864.0761472040417,19835,159806.3340028883,97.22352673657356,53.38008310626826,0.003499920563270198,2854.0870691812506,-0.0038690721847345344,2865.1726289042067,-0.038869627369552906,2981.044726599084,-0.0037089774310723467,3037.6946141861467,0.05839066304505636,2985.413207517987,0.024988263271171318,3096.687117534225,0.018866614384082103,2911.30461750976,2955.9388209964845,0.02760688781596715,0.02760688781596715,0.7056918533959361,-0.17835844733636777
2024-08-20,4451.411334144413,17965,114684.26887238104,2859.0902976813213,9692,158400.63985741528,97.23447527251828,53.68849917588801,-0.0017408229622623006,2864.0761472040417,0.003499920563270198,2854.0870691812506,-0.0038690721847345344,2865.1726289042067,-0.038869627369552906,2992.1425156602195,-0.014995614869643958,2900.984113845944,-0.028280538673651545,3074.035216035837,-0.007314882207545947,2884.694173913981,2945.1915750787584,0.027594848569666697,0.027594848569666697,0.6890700262149013,-0.050086617720126764
2024-08-21,4485.378841525133,7497,114302.14608907553,2837.837623024758,15767,161317.2465053135,97.34697966468909,53.67250831519067,-0.007433369514001975,2859.0902976813213,-0.0017408229622623006,2864.0761472040417,0.003499920563270198,2854.0870691812506,-0.0038690721847345344,2981.044726599084,-0.0037089774310723467,2934.3033607998877,0.011485497902217423,3125.79663299544,0.0168382641453122,2856.0527531991156,2930.7936245802243,0.027195453685025083,0.027195453685025083,0.6583509007741682,-0.49957694934395613
2024-08-22,4586.802156847721,13792,109057.54494675469,2615.8954124543066,5204,174074.65917095434,97.34563808599658,53.663285165512505,-0.07820821345440143,2837.837623024758,-0.007433369514001975,2859.0902976813213,-0.0017408229622623006,2864.0761472040417,0.003499920563270198,2865.1726289042067,-0.038869627369552906,2938.263069739516,0.0013494545221626186,3123.055154196952,-0.0008770496357790591,2806.197309909136,2905.435637493092,0.031770361722741544,0.031770361722741544,0.6038926315841772,-1.5539270328665828
2024-08-23,4677.140899893384,11522,102228.2702360539,2597.216320693537,12439,177065.6036573342,97.1195966102628,53.48807636554591,-0.00714061107788877,2615.8954124543066,-0.07820821345440143,2837.837623024758,-0.007433369514001975,2859.0902976813213,-0.0017408229622623006,2854.0870691812506,-0.0038690721847345344,2870.107154428695,-0.023195988137598267,2956.3806757839216,-0.05336904735385262,2754.823160211593,2887.477419738573,0.029951152457264908,0.029951152457264908,0.5423112044413639,-1.0704261193760498
2024-08-26,4724.774402441964,12703,102519.40597295626,2550.3591472611724,8738,182503.75737611987,97.10052056422934,53.52381354435579,-0.018041305631350868,2597.216320693537,-0.00714061107788877,2615.8954124543066,-0.07820821345440143,2837.837623024758,-0.007433369514001975,2864.0761472040417,0.003499920563270198,3037.6946141861467,0.05839066304505636,3062.523024474709,0.03590280154386494,2692.079760223019,2861.869225877896,0.02836357995341076,0.02836357995341076,0.4931081534191504,-1.407730908896083
2024-08-27,4537.719715755232,9574,113712.92311624026,2610.3221693546566,6204,178850.91173167623,97.08424066456608,53.61921315268,0.023511599202754807,2550.3591472611724,-0.018041305631350868,2597.216320693537,-0.00714061107788877,2615.8954124543066,-0.07820821345440143,2859.0902976813213,-0.0017408229622623006,2992.1425156602195,-0.014995614869643958,2935.038696491594,-0.041627222706344114,2642.326134557686,2845.6333995210493,0.02812512120366929,0.02812512120366929,0.44278099662876,-0.5839432728087796
2024-08-28,4476.051804338604,16679,117155.56200876617,2701.541238007815,17861,168608.34979419704,97.29384053958864,53.38393560000544,0.03494552117898553,2610.3221693546566,0.023511599202754807,2550.3591472611724,-0.018041305631350868,2597.216320693537,-0.00714061107788877,2837.837623024758,-0.007433369514001975,2981.044726599084,-0.0037089774310723467,2849.5806859483923,-0.029116485123468316,2615.0668575542977,2838.2314271240202,0.02892624261608467,0.02892624261608467,0.36388866137293446,0.3866573670957224
2024-08-29,4579.406419897997,7855,114152.9416384232,2774.701092141342,11680,160532.6627350575,97.14812674829668,53.34642227524748,0.027080783777884143,2701.541238007815,0.03494552117898553,2610.3221693546566,0.023511599202754807,2550.3591472611724,-0.018041305631350868,2615.8954124543066,-0.07820821345440143,2865.1726289042067,-0.038869627369552906,2856.44612370632,0.0024092800010127036,2646.8279934917045,2834.1441755457718,0.02965286214316497,0.02965286214316497,0.2708133106133984,0.8070587461741323
2024-08-30,4600.637692436303,9941,110790.7541553928,2696.7063127202764,11804,166480.55234022156,97.10905898803676,53.16339261543035,-0.02810925459393332,2774.701092141342,0.027080783777884143,2701.541238007815,0.03494552117898553,2610.3221693546566,0.023511599202754807,2597.216320693537,-0.00714061107788877,2854.0870691812506,-0.0038690721847345344,2912.6316022295414,0.019669714074746603,2666.7259918970526,2823.347911070308,0.029821748429606974,0.029821748429606974,0.1919211104021314,-0.12117762559944101
2024-09-02,4450.129834256585,9462,114897.75584169116,2696.5140181268785,12039,166585.2801876868,97.27964425609122,53.8532918363148,-7.13072063097675e-05,2696.7063127202764,-0.02810925459393332,2774.701092141342,0.027080783777884143,2701.541238007815,0.03494552117898553,2550.3591472611724,-0.018041305631350868,2864.0761472040417,0.003499920563270198,2985.413207517987,0.024988263271171318,2695.9569660701936,2808.9029516007527,0.029082756912086297,0.029082756912086297,0.14581412218213027,-0.02903681333946767
2024-09-03,4439.462215551119,12204,116053.304852973,2668.444793854787,6513,167777.52854148153,97.32464209022586,53.82637260534131,-0.010409448674622346,2696.5140181268785,-7.13072063097675e-05,2696.7063127202764,-0.02810925459393332,2774.701092141342,0.027080783777884143,2610.3221693546566,0.023511599202754807,2859.0902976813213,-0.0017408229622623006,2900.984113845944,-0.028280538673651545,2707.58149097022,2797.2759856011953,0.028589513573712762,0.028589513573712762,0.11957703473521909,-0.18373364329121605
2024-09-04,4375.2889184217565,15772,119703.1619720743,2573.4540670160945,9468,174333.99986758773,97.3809733975775,54.28994225085028,-0.03559778604280983,2668.444793854787,-0.010409448674622346,2696.5140181268785,-7.13072063097675e-05,2696.7063127202764,-0.02810925459393332,2701.541238007815,0.03494552117898553,2837.837623024758,-0.007433369514001975,2934.3033607998877,0.011485497902217423,2681.9640567718757,2779.2335209120056,0.029198655801077788,0.029198655801077788,0.13085907633088892,-0.6482732896801922
2024-09-05,4512.279871088686,11822,113358.61854467822,2678.063054189909,9140,163857.20084798487,97.3924318412799,54.23125555160797,0.04064925366828409,2573.4540670160945,-0.03559778604280983,2668.444793854787,-0.010409448674622346,2696.5140181268785,-7.13072063097675e-05,2774.701092141342,0.027080783777884143,2615.8954124543066,-0.07820821345440143,2938.263069739516,0.0013494545221626186,2662.636449181589,2766.2235201345247,0.03099563128772092,0.03099563128772092,0.10149102615762723,1.0373857954785364
2024-09-06,4732.262932708544,19056,103396.56352484398,2680.073879184135,16503,161565.87758389235,97.42542619514562,54.309041844068446,0.0007508505040909608,2678.063054189909,0.04064925366828409,2573.4540670160945,-0.03559778604280983,2668.444793854787,-0.010409448674622346,2696.7063127202764,-0.02810925459393332,2597.216320693537,-0.00714061107788877,2870.107154428695,-0.023195988137598267,2659.3099624743604,2756.721856372297,0.03068275810023085,0.03068275810023085,0.08996576426594546,0.658326707741034
2024-09-09,4688.664472071823,17799,104448.10530691947,2617.09908985828,17067,164025.29239422752,97.50318714817348,53.91263262257486,-0.02349740796885258,2680.073879184135,0.0007508505040909608,2678.063054189909,0.04064925366828409,2573.4540670160945,-0.03559778604280983,2696.5140181268785,-7.13072063097675e-05,2550.3591472611724,-0.018041305631350868,3037.6946141861467,0.05839066304505636,2643.426976820641,2735.6920801559036,0.02734615691290277,0.02734615691290277,0.09586045666480433,-0.05131760516765292
2024-09-10,4638.454902173723,12574,109930.82467271604,2672.6247708932538,7953,158515.87056465706,97.4222385162842,53.77851084501451,0.02121649931030345,2617.09908985828,-0.02349740796885258,2680.073879184135,0.0007508505040909608,2678.063054189909,0.04064925366828409,2668.444793854787,-0.010409448674622346,2610.3221693546566,0.023511599202754807,2992.1425156602195,-0.014995614869643958,2644.2629722283345,2719.7161929175554,0.027984632058949466,0.027984632058949466,0.10366734259544912,0.7487858866374448
2024-09-11,4652.388081870296,18823,108017.51583876798,2647.0931772737804,19794,160098.50807157694,97.51004437417502,53.84167124625128,-0.009553003435996743,2672.6247708932538,0.02121649931030345,2617.09908985828,-0.02349740796885258,2680.073879184135,0.0007508505040909608,2573.4540670160945,-0.03559778604280983,2701.541238007815,0.03494552117898553,2981.044726599084,-0.0037089774310723467,2658.990794279872,2703.01861545129,0.02799817800057426,0.02799817800057426,0.12941142413822407,0.3306175769338155
2024-09-12,4506.107180406742,17506,114459.27514882945,2703.840870319134,9841,155032.1173428578,97.37274407248648,54.31747239553924,0.02143773915196956,2647.0931772737804,-0.009553003435996743,2672.6247708932538,0.02121649931030345,2617.09908985828,-0.02349740796885258,2678.063054189909,0.04064925366828409,2774.701092141342,0.027080783777884143,2865.1726289042067,-0.038869627369552906,2664.1463575057164,2694.9520275220366,0.027462577754457047,0.027462577754457047,0.15726299509671207,0.8160205089780019
2024-09-13,4432.707139395201,7653,120150.75597550128,2662.445475282447,15954,156198.23186420058,97.40558086976962,54.38406722884212,-0.015309848849130225,2703.840870319134,0.02143773915196956,2647.0931772737804,-0.009553003435996743,2672.6247708932538,0.02121649931030345,2680.073879184135,0.0007508505040909608,2696.7063127202764,-0.02810925459393332,2854.0870691812506,-0.0038690721847345344,2660.6206767253793,2685.3699478270964,0.027610715637935986,0.027610715637935986,0.18153793960683884,0.39656178555680743
2024-09-16,4522.993688701124,7546,114335.1523377715,2711.1154912973884,17218,154600.41407244682,97.42345496609823,54.79918333720002,0.01828019257738145,2662.445475282447,-0.015309848849130225,2703.840870319134,0.02143773915196956,2647.0931772737804,-0.009553003435996743,2617.09908985828,-0.02349740796885258,2696.5140181268785,-7.13072063097675e-05,2864.0761472040417,0.003499920563270198,2679.423957013201,2677.7219150317637,0.02799186110834607,0.02799186110834607,0.2227916556904168,0.5920799316455857
2024-09-17,4950.149787355254,17813,96092.05718908369,2687.6068961000533,15899,156691.58074761005,97.36182565727904,54.9914020702609,-0.008671189137016477,2711.1154912973884,0.01828019257738145,2662.445475282447,-0.015309848849130225,2703.840870319134,0.02143773915196956,2672.6247708932538,0.02121649931030345,2668.444793854787,-0.010409448674622346,2859.0902976813213,-0.0017408229622623006,2682.4203820545604,2669.1477449527,0.028026641486565466,0.028026641486565466,0.2530960113971755,0.2722222064387462
2024-09-18,4952.664187369929,11296,96300.631826928,2643.6692341121397,17476,157898.58122025512,97.35955712974648,55.4796224721003,-0.016348247227550572,2687.6068961000533,-0.008671189137016477,2711.1154912973884,0.01828019257738145,2662.445475282447,-0.015309848849130225,2647.0931772737804,-0.009553003435996743,2573.4540670160945,-0.03559778604280983,2837.837623024758,-0.007433369514001975,2681.735593422233,2659.4393255070695,0.02817623514744773,0.02817623514744773,0.26426323563340304,0.1815115607273547
2024-09-19,5037.362802148392,10232,94652.85024733513,2778.908260170572,11026,152954.43968894417,97.29730311447992,55.46190980690879,0.0511558043318725,2643.6692341121397,-0.016348247227550572,2687.6068961000533,-0.008671189137016477,2711.1154912973884,0.01828019257738145,2703.840870319134,0.02143773915196956,2678.063054189909,0.04064925366828409,2615.8954124543066,-0.07820821345440143,2696.7490713925204,2667.5899678928827,0.024670287701687096,0.024670287701687096,0.28845089952246694,0.30877562842906536
2024-09-20,5018.422807453218,14654,91067.88583948636,2791.193349527928,19973,146929.58192338725,97.19013298179377,56.17897662010433,0.004420833006053337,2778.908260170572,0.0511558043318725,2643.6692341121397,-0.016348247227550572,2687.6068961000533,-0.008671189137016477,2662.445475282447,-0.015309848849130225,2680.073879184135,0.0007508505040909608,2597.216320693537,-0.00714061107788877,2722.4986462416164,2677.288819334602,0.024547572498349535,0.024547572498349535,0.31040521837809665,0.7058643320252195
2024-09-23,5211.16025662484,11558,83382.8761396282,2731.095843923085,13157,152510.04410373865,97.1547715076324,56.03335775923009,-0.021531115218158425,2791.193349527928,0.004420833006053337,2778.908260170572,0.0511558043318725,2643.6692341121397,-0.016348247227550572,2711.1154912973884,0.01828019257738145,2617.09908985828,-0.02349740796885258,2550.3591472611724,-0.018041305631350868,2726.494716766755,2686.325654167698,0.02472345897022882,0.02472345897022882,0.33636939363666996,-0.2393888149665278
2024-09-24,5224.668343837131,10206,81959.65908406665,2749.928236360721,11559,151779.96741619994,97.04437264409522,55.8034192089708,0.0068955443213534195,2731.095843923085,-0.021531115218158425,2791.193349527928,0.004420833006053337,2778.908260170572,0.0511558043318725,2687.6068961000533,-0.008671189137016477,2672.6247708932538,0.02121649931030345,2610.3221693546566,0.023511599202754807,2738.958984818889,2693.305957518001,0.0242988290407601,0.0242988290407601,0.3789196459921204,0.20829185347775642
2024-09-25,5167.519590410069,5827,87010.43686650989,2880.8496612025565,16183,141086.55604792156,97.07665239050452,55.44040335406408,0.047609033250663346,2749.928236360721,0.0068955443213534195,2731.095843923085,-0.021531115218158425,2791.193349527928,0.004420833006053337,2643.6692341121397,-0.016348247227550572,2647.0931772737804,-0.009553003435996743,2701.541238007815,0.03494552117898553,2786.395070236972,2702.271378677738,0.025321645709991552,0.025321645709991552,0.42286606504053653,1.3825226807284403
2024-09-26,5038.412261860497,10513,92525.77163497264,2860.0922266874413,18033,140548.43982425224,96.96164384108933,56.1397107555315,-0.007205316818389762,2880.8496612025565,0.047609033250663346,2749.928236360721,0.0068955443213534195,2731.095843923085,-0.021531115218158425,2778.908260170572,0.0511558043318725,2703.840870319134,0.02143773915196956,2774.701092141342,0.027080783777884143,2802.6318635403463,2706.540935405043,0.024797779006246787,0.024797779006246787,0.47403828880757837,0.6106982021713402
2024-09-27,4971.498429073197,15977,94630.93227115876,2921.9371751835474,19357,136152.8340225175,97.0328415433884,56.38554502731687,0.0216234105736286,2860.0922266874413,-0.007205316818389762,2880.8496612025565,0.047609033250663346,2749.928236360721,0.0068955443213534195,2791.193349527928,0.004420833006053337,2662.445475282447,-0.015309848849130225,2696.7063127202764,-0.02810925459393332,2828.7806286714704,2717.802478528207,0.02412451045710817,0.02412451045710817,0.5370431988822185,0.8470293639118274
2024-09-30,4901.852835403412,17931,99758.73154866407,2971.3252281144405,9542,135035.46614043546,96.91469363659552,56.28530880730278,0.01690250336330057,2921.9371751835474,0.0216234105736286,2860.0922266874413,-0.007205316818389762,2880.8496612025565,0.047609033250663346,2731.095843923085,-0.021531115218158425,2711.1154912973884,0.01828019257738145,2696.5140181268785,-7.13072063097675e-05,2876.826505509741,2731.5430390275847,0.024261103049840582,0.024261103049840582,0.5784338718491338,0.5804715819895105
