date,aluminium_close,aluminium_volume,zinc_close,zinc_volume
2016-01-04,1473.0,35960.0,1566.0,9330.0
2016-01-05,1462.5,65090.0,1572.5,20550.0
2016-01-06,1474.0,27610.0,1540.0,6140.0
2016-01-07,1473.5,29900.0,1488.5,6870.0
2016-01-08,1491.75,48780.0,1502.5,13090.0
2016-01-11,1459.0,49910.0,1465.5,7390.0
2016-01-12,1449.5,43920.0,1460.5,9930.0
2016-01-13,1462.5,50560.0,1485.0,9290.0
2016-01-14,1483.0,51600.0,1512.0,17040.0
2016-01-15,1473.0,32840.0,1475.5,9860.0
2016-01-18,1480.25,30700.0,1494.5,30210.0
2016-01-19,1481.0,24770.0,1500.5,4430.0
2016-01-20,1469.0,46110.0,1482.0,4090.0
2016-01-21,1482.5,13350.0,1507.5,4670.0
2016-01-22,1482.25,11080.0,1510.0,5750.0
2016-01-25,1476.5,15690.0,1517.5,4880.0
2016-01-26,1495.75,25450.0,1589.0,3630.0
2016-01-27,1527.0,16290.0,1612.0,6080.0
2016-01-28,1514.0,22480.0,1576.5,15950.0
2016-01-29,1519.25,19570.0,1616.0,9100.0
2016-02-01,1520.75,15410.0,1650.0,10210.0
2016-02-02,1500.5,27890.0,1664.5,8080.0
2016-02-03,1524.5,25220.0,1696.0,5240.0
2016-02-04,1533.75,20980.0,1715.0,8810.0
2016-02-05,1496.5,42550.0,1668.5,5550.0
2016-02-08,1498.25,32400.0,1733.0,9610.0
2016-02-09,1477.25,33590.0,1677.0,8820.0
2016-02-10,1476.0,39400.0,1700.5,8630.0
2016-02-11,1481.0,18450.0,1707.0,11080.0
2016-02-12,1496.5,15510.0,1698.5,5710.0
2016-02-15,1509.75,11300.0,1682.5,32530.0
2016-02-16,1521.0,13940.0,1659.0,4620.0
2016-02-17,1517.75,14980.0,1667.0,4000.0
2016-02-18,1517.0,40370.0,1704.5,9990.0
2016-02-19,1551.0,23140.0,1745.5,10700.0
2016-02-22,1575.75,37950.0,1782.5,8170.0
2016-02-23,1549.5,12280.0,1736.5,13170.0
2016-02-24,1568.5,26400.0,1781.0,9410.0
2016-02-25,1558.0,26510.0,1731.0,6320.0
2016-02-26,1561.0,15890.0,1753.0,10690.0
2016-02-29,1573.5,13060.0,1765.0,12530.0
2016-03-01,1572.75,19350.0,1789.0,13360.0
2016-03-02,1588.75,15700.0,1815.5,11840.0
2016-03-03,1576.5,27240.0,1845.0,9240.0
2016-03-04,1586.25,15020.0,1844.0,11430.0
2016-03-07,1598.0,17220.0,1812.5,11790.0
2016-03-08,1566.25,22320.0,1762.5,9710.0
2016-03-09,1579.75,25070.0,1792.0,7230.0
2016-03-10,1558.0,26870.0,1768.5,10110.0
2016-03-11,1560.0,23990.0,1802.0,15580.0
2016-03-14,1540.0,24000.0,1783.0,20120.0
2016-03-15,1520.0,71700.0,1748.0,4480.0
2016-03-16,1509.0,39010.0,1775.5,4130.0
2016-03-17,1529.25,30400.0,1843.0,3210.0
2016-03-18,1521.0,28290.0,1843.5,7010.0
2016-03-21,1511.0,26340.0,1861.0,3610.0
2016-03-22,1498.75,33130.0,1867.0,4560.0
2016-03-23,1477.5,29370.0,1835.5,3500.0
2016-03-24,1473.5,33780.0,1790.5,6050.0
2016-03-29,1485.25,45340.0,1792.0,4250.0
2016-03-30,1492.0,32020.000000000004,1797.0,8490.0
2016-03-31,1516.5,30430.0,1817.5,12530.0
2016-04-01,1532.25,28300.0,1863.5,7170.0
2016-04-04,1532.0,21490.0,1855.0,4720.0
2016-04-05,1517.5,27030.0,1812.0,4680.0
2016-04-06,1510.5,26490.0,1796.0,3110.0
2016-04-07,1498.75,38010.0,1749.0,8770.0
2016-04-08,1515.75,21810.0,1758.5,4260.0
2016-04-11,1504.5,26250.0,1757.0,7710.0
2016-04-12,1530.0,37650.0,1846.0,6570.0
2016-04-13,1556.0,41620.0,1878.5,7200.0
2016-04-14,1557.0,38760.0,1861.5,9130.0
2016-04-15,1553.5,29620.0,1879.0,9320.0
2016-04-18,1572.0,35880.0,1893.0,22570.0
2016-04-19,1586.0,27270.0,1932.0,6400.0
2016-04-20,1622.0,110210.0,1927.0,6390.0
2016-04-21,1637.0,23550.0,1903.0,5180.0
2016-04-22,1654.5,13410.0,1907.5,4450.0
2016-04-25,1656.5,10200.0,1872.0,5760.0
2016-04-26,1650.0,13810.0,1895.5,2390.0
2016-04-27,1645.0,19600.0,1885.5,4650.0
2016-04-28,1667.75,30950.0,1909.0,11800.0
2016-04-29,1681.75,25900.0,1937.0,5920.0
2016-05-03,1633.5,28470.0,1894.0,12890.0
2016-05-04,1633.0,19340.0,1882.0,7230.0
2016-05-05,1608.0,20560.0,1860.0,9530.0
2016-05-06,1597.0,25440.0,1881.5,6820.0
2016-05-09,1558.5,27780.0,1831.5,6530.0
2016-05-10,1551.25,26680.0,1849.0,7370.0
2016-05-11,1560.75,18870.0,1905.0,8250.0
2016-05-12,1541.0,19680.0,1875.0,5280.0
2016-05-13,1530.5,25190.0,1895.0,10350.0
2016-05-16,1543.0,12690.0,1897.5,22340.0
2016-05-17,1545.0,55010.0,1900.0,4750.0
2016-05-18,1551.75,28650.0,1892.0,5880.0
2016-05-19,1545.0,15460.0,1860.5,3670.0
2016-05-20,1547.0,14370.0,1864.5,6300.0
2016-05-23,1553.5,8490.0,1833.0,7900.0
2016-05-24,1555.5,14430.0,1825.5,8730.0
2016-05-25,1543.5,10440.0,1837.5,7170.0
2016-05-26,1554.75,17310.0,1876.0,15900.0
2016-05-27,1554.5,14760.0,1904.0,10260.0
2016-05-31,1553.75,15750.0,1926.0,25800.0
2016-06-01,1566.5,17830.0,1964.0,13860.0
2016-06-02,1537.5,15910.0,1976.5,19160.0
2016-06-03,1541.5,14270.0,1996.5,17430.0
2016-06-06,1549.25,13040.0,2025.5,10870.0
2016-06-07,1561.25,22760.0,1994.5,6730.0
2016-06-08,1601.25,25720.0,2075.0,17050.0
2016-06-09,1574.25,24330.0,2072.0,5100.0
2016-06-10,1570.75,22270.0,2087.5,17830.0
2016-06-13,1597.5,18350.0,2078.0,26130.0
2016-06-14,1611.0,40540.0,2015.0,6550.0
2016-06-15,1627.0,22820.0,2035.0,6420.0
2016-06-16,1604.75,20980.0,1992.0,5400.0
2016-06-17,1615.0,20460.0,1978.5,5070.0
2016-06-20,1633.15,29070.0,2017.5,8280.0
2016-06-21,1635.5,52780.0,2034.5,3880.0
2016-06-22,1635.25,21310.0,2045.0,5690.0
2016-06-23,1643.25,19950.0,2040.5,3110.0
2016-06-24,1618.75,16530.0,2021.0,4120.0
2016-06-27,1596.75,11780.0,1997.0,3220.0
2016-06-28,1625.0,16110.0,2077.5,7790.0
2016-06-29,1637.25,31360.0,2086.5,5790.0
2016-06-30,1651.25,37970.0,2106.0,16420.0
2016-07-01,1666.25,34720.0,2147.0,8210.0
2016-07-04,1651.25,20570.0,2117.0,4300.0
2016-07-05,1655.5,27280.0,2108.0,10810.0
2016-07-06,1652.75,28140.0,2116.0,11980.0
2016-07-07,1637.75,21160.0,2095.5,8660.0
2016-07-08,1663.5,26470.0,2142.0,5760.0
2016-07-11,1651.5,31030.0,2131.5,9940.0
2016-07-12,1674.0,45780.0,2193.0,12270.0
2016-07-13,1670.5,36740.0,2178.5,12630.0
2016-07-14,1680.5,19620.0,2192.5,15270.0
2016-07-15,1664.75,20130.0,2206.5,6230.0
2016-07-18,1654.75,19720.0,2224.5,30940.0
2016-07-19,1647.0,37310.0,2245.0,
2016-07-20,1625.25,20880.0,2245.0,
2016-07-21,1601.0,16840.0,2250.5,2920.0
2016-07-22,1611.25,20580.0,2254.5,5650.0
2016-07-25,1604.75,11060.0,2257.0,7440.0
2016-07-26,1591.5,12550.0,2232.5,5260.0
2016-07-27,1591.5,17820.0,2167.5,7820.0
2016-07-28,1608.25,14220.0,2207.5,6200.0
2016-07-29,1644.0,19050.0,2246.0,11180.0
2016-08-01,1633.5,20350.0,2262.0,5900.0
2016-08-02,1623.0,17190.0,2275.0,7260.0
2016-08-03,1640.0,20150.0,2278.0,6980.0
2016-08-04,1619.75,12370.0,2255.0,7510.0
2016-08-05,1642.0,10340.0,2265.0,3980.0
2016-08-08,1639.25,20210.0,2280.5,4170.0
2016-08-09,1638.25,24840.0,2273.5,6860.0
2016-08-10,1643.0,17320.0,2285.0,10350.0
2016-08-11,1649.0,13070.0,2279.0,10750.0
2016-08-12,1651.0,9450.0,2235.0,20830.0
2016-08-15,1672.5,25340.0,2263.5,22400.0
2016-08-16,1693.0,58250.0,2257.0,
2016-08-17,1694.75,24580.0,2273.0,
2016-08-18,1683.5,15480.0,2294.0,8320.0
2016-08-19,1667.25,12890.0,2293.0,5670.0
2016-08-22,1667.5,9660.0,2284.5,8280.0
2016-08-23,1669.25,7290.0,2299.0,15290.0
2016-08-24,1645.75,18660.0,2278.5,15770.0
2016-08-25,1643.75,18940.0,2297.5,12620.0
2016-08-26,1641.5,10470.0,2319.5,10310.0
2016-08-30,1627.75,21460.0,2311.5,21220.0
2016-08-31,1610.75,29810.0,2314.0,26510.0
2016-09-01,1611.0,17840.0,2345.5,16120.000000000002
2016-09-02,1590.0,14850.0,2364.0,9560.0
2016-09-05,1576.0,7560.0,2358.0,5750.0
2016-09-06,1585.0,15010.0,2317.5,12740.0
2016-09-07,1588.75,18800.0,2320.5,17880.0
2016-09-08,1586.25,17230.0,2313.0,21160.0
2016-09-09,1573.5,22300.0,2292.0,9210.0
2016-09-12,1562.5,22580.0,2262.0,7630.0
2016-09-13,1559.5,22140.0,2229.5,30190.0
2016-09-14,1579.5,22970.0,2275.0,10950.0
2016-09-15,1566.5,12010.0,2231.5,14950.0
2016-09-16,1570.5,12180.0,2216.5,12020.0
2016-09-19,1577.25,16590.0,2253.5,19720.0
2016-09-20,1576.25,51510.0,2299.5,
2016-09-21,1584.0,38670.0,2265.0,
2016-09-22,1635.25,36760.0,2285.0,5910.0
2016-09-23,1638.75,35910.0,2276.0,7920.0
2016-09-26,1662.0,27770.0,2286.5,3660.0
2016-09-27,1652.25,38260.0,2306.0,5090.0
2016-09-28,1666.25,29120.0,2334.5,4260.0
2016-09-29,1672.5,20560.0,2355.0,3850.0
2016-09-30,1674.5,36340.0,2377.0,12480.0
2016-10-03,1678.0,28350.0,2408.5,14580.0
2016-10-04,1669.25,35940.0,2379.0,6560.0
2016-10-05,1675.25,25550.0,2345.5,7200.0
2016-10-06,1677.5,75440.0,2324.0,9260.0
2016-10-07,1675.5,36750.0,2329.0,3820.0
2016-10-10,1689.0,55300.0,2331.5,6810.0
2016-10-11,1677.25,176340.0,2250.5,14880.0
2016-10-12,1683.0,205990.0,2261.5,12070.0
2016-10-13,1689.75,33540.0,2250.5,7740.0
2016-10-14,1672.0,22040.0,2260.5,5550.0
2016-10-17,1657.0,48320.0,2280.5,33330.0
2016-10-18,1642.0,72930.0,2289.5,
2016-10-19,1631.75,40450.0,2314.5,
2016-10-20,1612.25,26160.0,2288.0,7190.0
2016-10-21,1625.25,23110.0,2257.0,5730.0
2016-10-24,1630.5,18550.0,2322.0,3860.0
2016-10-25,1669.0,27340.0,2359.0,8440.0
2016-10-26,1679.5,16670.0,2343.0,8460.0
2016-10-27,1699.5,39610.0,2360.5,8800.0
2016-10-28,1720.0,20330.0,2398.0,7860.0
2016-10-31,1735.25,28190.0,2464.5,9260.0
2016-11-01,1736.5,22170.0,2469.0,12650.0
2016-11-02,1727.5,16400.0,2425.5,5360.0
2016-11-03,1732.5,20200.0,2480.0,4630.0
2016-11-04,1722.0,18280.0,2445.0,4790.0
2016-11-07,1726.25,37890.0,2469.5,8800.0
2016-11-08,1729.75,29090.0,2481.0,7380.0
2016-11-09,1751.5,32910.0,2510.5,6630.0
2016-11-10,1768.5,61310.0,2521.0,10030.0
2016-11-11,1742.5,51600.0,2475.0,8900.0
2016-11-14,1732.5,36910.0,2620.0,31520.0
2016-11-15,1735.0,79500.0,2621.0,
2016-11-16,1697.5,22960.0,2526.5,
2016-11-17,1688.5,11340.0,2529.0,11370.0
2016-11-18,1694.75,20800.0,2559.0,15880.0
2016-11-21,1722.25,13310.0,2573.0,12320.0
2016-11-22,1760.25,17220.0,2612.5,10930.0
2016-11-23,1778.0,11180.0,2701.0,6940.0
2016-11-24,1770.0,9420.0,2731.0,6620.0
2016-11-25,1756.75,8800.0,2880.0,11050.0
2016-11-28,1746.0,15260.0,2820.5,17860.0
2016-11-29,1720.0,15810.0,2733.5,19370.0
2016-11-30,1731.0,17490.0,2699.5,26990.0
2016-12-01,1720.25,14820.0,2761.0,13840.0
2016-12-02,1712.75,14460.0,2660.5,11250.0
2016-12-05,1733.0,14720.0,2771.0,9400.0
2016-12-06,1707.5,17790.0,2816.5,10840.0
2016-12-07,1706.5,21230.0,2745.5,6440.0
2016-12-08,1723.0,29220.0,2690.5,9010.0
2016-12-09,1749.0,24470.0,2706.0,4820.0
2016-12-12,1729.75,14580.0,2743.0,15040.0
2016-12-13,1739.5,33650.0,2711.5,5730.0
2016-12-14,1744.25,20750.0,2818.5,6480.0
2016-12-15,1733.5,32830.0,2804.0,8350.0
2016-12-16,1714.5,22850.0,2729.5,5240.0
2016-12-19,1710.25,28380.0,2605.0,31240.0
2016-12-20,1721.25,33320.0,2635.0,
2016-12-21,1725.75,27950.0,2615.0,
2016-12-22,1722.75,32930.0,2634.0,7110.0
2016-12-23,1720.0,12090.0,2575.5,3060.0
2016-12-28,1705.25,25540.0,2580.0,14780.0
2016-12-29,1679.0,27890.0,2520.0,4400.0
2016-12-30,1692.75,27660.0,2567.0,20130.0
2017-01-03,1686.25,35360.0,2535.5,7970.0
2017-01-04,1684.0,31890.0,2624.0,8880.0
2017-01-05,1701.0,31230.0,2607.0,6510.0
2017-01-06,1711.75,23700.0,2622.0,5930.0
2017-01-09,1725.0,32330.0,2676.5,6650.0
2017-01-10,1748.0,43540.0,2710.0,6720.0
2017-01-11,1756.75,35610.0,2685.0,12470.0
2017-01-12,1788.0,49620.0,2742.5,5960.0
2017-01-13,1807.0,46980.0,2784.0,11140.0
2017-01-16,1789.75,23890.0,2744.0,26440.0
2017-01-17,1798.25,25630.0,2711.0,
2017-01-18,1834.5,23620.0,2766.5,
2017-01-19,1826.0,50610.0,2756.0,5930.0
2017-01-20,1846.0,27540.0,2750.0,7000.0
2017-01-23,1850.0,10240.0,2793.0,3010.0
2017-01-24,1867.25,15800.0,2824.0,7780.0
2017-01-25,1833.0,13680.0,2801.0,5350.0
2017-01-26,1819.25,21840.0,2760.5,3830.0
2017-01-27,1815.0,11810.0,2756.0,7730.0
2017-01-30,1800.5,11900.0,2782.0,3940.0
2017-01-31,1818.0,17470.0,2867.0,11350.0
2017-02-01,1817.0,22250.0,2866.0,9650.0
2017-02-02,1827.0,30280.0,2852.0,10970.0
2017-02-03,1832.25,17800.0,2783.0,5110.0
2017-02-06,1831.75,14580.0,2793.0,3530.0
2017-02-07,1827.25,26380.0,2795.5,4220.0
2017-02-08,1844.0,27310.0,2836.0,5240.0
2017-02-09,1846.5,33520.0,2826.5,4680.0
2017-02-10,1870.5,28700.0,2930.0,12560.0
2017-02-13,1867.5,32630.000000000004,2913.5,32000.0
2017-02-14,1887.0,19290.0,2897.5,
2017-02-15,1913.0,16010.000000000002,2869.0,
2017-02-16,1896.25,19330.0,2865.0,21930.0
2017-02-17,1880.0,54870.0,2810.0,10560.0
2017-02-20,1900.5,12020.0,2878.0,15070.0
2017-02-21,1886.5,17550.0,2863.0,11710.0
2017-02-22,1885.25,33190.0,2855.5,13610.0
2017-02-23,1868.0,29450.0,2778.0,13470.0
2017-02-24,1886.25,28060.0,2830.0,15830.0
2017-02-27,1901.5,30180.0,2811.0,11150.0
2017-02-28,1925.0,46800.0,2821.0,100690.0
2017-03-01,1950.5,36300.0,2858.5,27450.0
2017-03-02,1911.5,24210.0,2786.0,12570.0
2017-03-03,1892.25,19360.0,2783.5,7650.0
2017-03-06,1875.0,28410.0,2742.5,6650.0
2017-03-07,1874.75,33160.0,2695.0,6920.0
2017-03-08,1875.5,26520.0,2692.5,7420.0
2017-03-09,1865.25,29090.0,2681.0,13910.0
2017-03-10,1877.0,27380.0,2709.5,17770.0
2017-03-13,1877.0,34490.0,2749.5,33000.0
2017-03-14,1859.5,42020.0,2748.0,
2017-03-15,1886.5,13370.0,2821.5,
2017-03-16,1899.75,18850.0,2828.5,7460.0
2017-03-17,1914.25,16940.0,2890.0,6740.0
2017-03-20,1922.0,20240.0,2864.0,5480.0
2017-03-21,1927.0,68940.0,2818.5,3770.0
2017-03-22,1923.75,27380.0,2860.5,2220.0
2017-03-23,1934.75,21190.0,2824.0,9610.0
2017-03-24,1940.5,11790.0,2830.0,3870.0
2017-03-27,1931.0,15720.0,2768.5,4430.0
2017-03-28,1945.25,21340.0,2821.5,6070.0
2017-03-29,1962.0,29870.0,2858.5,7680.0
2017-03-30,1974.25,32470.0,2846.5,8210.0
2017-03-31,1964.25,34420.0,2768.0,7170.0
2017-04-03,1953.0,40960.0,2706.0,9280.0
2017-04-04,1938.5,24120.0,2754.0,6340.0
2017-04-05,1961.25,32200.000000000004,2785.0,10340.0
2017-04-06,1953.0,27410.0,2731.0,5140.0
2017-04-07,1960.75,71240.0,2686.0,8380.0
2017-04-10,1924.75,42970.0,2627.0,3560.0
2017-04-11,1919.25,47860.0,2575.0,18240.0
2017-04-12,1896.25,45930.0,2602.5,28020.0
2017-04-13,1907.0,37990.0,2622.5,28270.0
2017-04-18,1891.25,18570.0,2523.5,
2017-04-19,1903.0,47890.0,2567.5,
2017-04-20,1943.75,25250.0,2633.0,4990.0
2017-04-21,1934.0,16580.0,2584.0,2960.0
2017-04-24,1946.0,17610.0,2597.5,2580.0
2017-04-25,1963.25,18330.0,2604.0,3740.0
2017-04-26,1964.75,21700.0,2630.0,5060.0
2017-04-27,1924.0,18710.0,2616.5,3020.0
2017-04-28,1911.25,35130.0,2623.5,12270.0
2017-05-02,1928.75,21850.0,2650.5,6540.0
2017-05-03,1923.0,21830.0,2572.5,5710.0
2017-05-04,1911.5,22180.0,2572.5,8540.0
2017-05-05,1902.0,34340.0,2591.0,7100.0
2017-05-08,1878.0,30030.0,2588.0,19540.0
2017-05-09,1868.5,57690.0,2612.5,7240.0
2017-05-10,1863.5,27080.0,2600.0,6170.0
2017-05-11,1873.5,16160.0,2585.5,9260.0
2017-05-12,1889.25,15040.0,2551.5,19860.0
2017-05-15,1902.25,20330.0,2572.5,28960.0
2017-05-16,1923.0,57750.0,2556.0,
2017-05-17,1925.25,22330.0,2565.5,
2017-05-18,1923.75,10560.0,2539.0,20800.0
2017-05-19,1944.5,13240.0,2634.5,11130.0
2017-05-22,1938.5,10620.0,2647.0,9470.0
2017-05-23,1943.75,7540.0,2667.0,9160.0
2017-05-24,1945.5,11350.0,2649.0,8370.0
2017-05-25,1960.75,13150.0,2634.0,12620.0
2017-05-26,1951.5,17410.0,2643.5,20330.0
2017-05-30,1925.5,14850.0,2627.0,11140.0
2017-05-31,1927.75,19720.0,2600.0,17920.0
2017-06-01,1926.5,17640.0,2567.5,10990.0
2017-06-02,1930.0,18290.0,2535.5,11970.0
2017-06-05,1901.5,21500.0,2495.0,11620.0
2017-06-06,1899.5,20970.0,2461.0,17380.0
2017-06-07,1904.25,33990.0,2441.0,12590.0
2017-06-08,1901.0,25860.0,2471.0,7270.0
2017-06-09,1905.0,21760.0,2539.5,4360.0
2017-06-12,1886.0,30060.0,2480.5,8160.0
2017-06-13,1885.75,29230.0,2472.0,10520.0
2017-06-14,1879.0,18190.0,2482.5,10320.0
2017-06-15,1867.75,20650.0,2513.5,15580.0
2017-06-16,1863.0,20740.0,2526.0,15780.0
2017-06-19,1881.75,27370.0,2563.5,28990.0
2017-06-20,1886.5,73760.0,2557.0,
2017-06-21,1867.25,44200.0,2643.5,
2017-06-22,1870.5,29220.0,2692.0,7780.0
2017-06-23,1865.5,21390.0,2704.5,7260.0
2017-06-26,1862.0,26500.0,2710.5,4580.0
2017-06-27,1883.5,27960.0,2750.0,4240.0
2017-06-28,1896.5,21150.0,2736.5,16780.0
2017-06-29,1915.75,31990.0,2746.0,9400.0
2017-06-30,1919.5,27310.0,2763.0,9550.0
2017-07-03,1926.75,29130.0,2808.0,5060.0
2017-07-04,1927.75,9910.0,2785.5,7070.0
2017-07-05,1928.5,28200.0,2776.0,9040.0
2017-07-06,1943.75,34590.0,2780.5,6500.0
2017-07-07,1929.75,23860.0,2786.5,7360.0
2017-07-10,1895.0,47410.0,2773.0,7200.0
2017-07-11,1897.5,33360.0,2821.0,12910.0
2017-07-12,1886.25,53910.0,2819.0,7550.0
2017-07-13,1920.25,52140.0,2797.0,12800.0
2017-07-14,1923.75,29730.0,2789.0,14990.0
2017-07-17,1913.25,29400.0,2821.5,28470.0
2017-07-18,1931.0,56240.0,2789.5,
2017-07-19,1920.25,16920.0,2737.5,
2017-07-20,1917.0,22830.0,2726.5,7720.0
2017-07-21,1915.25,13390.0,2756.0,8470.0
2017-07-24,1911.5,11670.0,2787.5,8010.0
2017-07-25,1929.25,15660.0,2842.5,7060.0
2017-07-26,1941.0,12840.0,2800.5,5380.0
2017-07-27,1936.5,13370.0,2794.5,8830.0
2017-07-28,1904.5,17750.0,2784.0,7030.0
2017-07-31,1914.75,14150.0,2798.0,5050.0
2017-08-01,1903.75,18690.0,2782.0,6530.0
2017-08-02,1922.5,14790.0,2804.5,8150.0
2017-08-03,1912.75,13820.0,2794.0,9190.0
2017-08-04,1907.0,14290.0,2812.5,4580.0
2017-08-07,1960.0,19550.0,2872.0,5700.0
2017-08-08,2026.5,41830.0,2930.5,11120.0
2017-08-09,2024.25,33490.0,2937.5,9440.0
2017-08-10,2033.75,24480.0,2928.0,9010.0
2017-08-11,2040.0,23650.0,2900.5,15860.0
2017-08-14,2018.75,27240.0,2921.0,38120.0
2017-08-15,2049.0,60790.0,2955.0,
2017-08-16,2094.25,27540.0,3119.0,
2017-08-17,2076.25,18630.0,3057.0,13540.0
2017-08-18,2062.25,16180.0,3139.0,10350.0
2017-08-21,2080.25,12450.0,3128.5,6660.0
2017-08-22,2074.25,20260.0,3120.0,14550.0
2017-08-23,2096.25,21050.0,3105.5,11480.0
2017-08-24,2105.75,12110.0,3111.0,13070.0
2017-08-25,2069.75,13810.0,3068.0,7880.0
2017-08-29,2094.25,19800.0,3110.5,19420.0
2017-08-30,2086.5,19220.0,3083.0,15930.0
2017-08-31,2116.0,20750.0,3159.5,28800.0
2017-09-01,2134.5,17610.0,3210.0,17100.0
2017-09-04,2117.0,11450.0,3207.0,7180.0
2017-09-05,2093.0,53870.0,3102.0,33410.0
2017-09-06,2101.25,29310.0,3104.0,12100.0
2017-09-07,2103.25,23810.0,3134.5,12950.0
2017-09-08,2095.0,21670.0,3031.0,11520.0
2017-09-11,2116.5,33970.0,3087.0,16140.0
2017-09-12,2130.5,35080.0,3063.0,8060.000000000001
2017-09-13,2102.5,43160.0,3029.5,14260.0
2017-09-14,2090.25,41070.0,3004.5,16129.999999999998
2017-09-15,2077.75,43310.0,3032.0,118250.0
2017-09-18,2079.75,36900.0,3110.5,65489.99999999999
2017-09-19,2124.75,38950.0,3110.5,
2017-09-20,2177.0,102620.0,3134.0,
2017-09-21,2171.5,28990.0,3041.5,8890.0
2017-09-22,2158.75,21560.0,3063.5,17210.0
2017-09-25,2147.5,31560.0,3113.0,14180.0
2017-09-26,2124.25,164890.0,3112.5,6840.0
2017-09-27,2129.5,166900.0,3121.0,7950.0
2017-09-28,2128.75,18580.0,3160.0,7160.0
2017-09-29,2099.5,28570.0,3166.5,10750.0
2017-10-02,2097.75,27700.0,3240.0,5680.0
2017-10-03,2127.75,27790.0,3281.0,11150.0
2017-10-04,2163.0,23000.0,3279.0,16970.0
2017-10-05,2168.5,27570.0,3295.0,16590.0
2017-10-06,2151.0,29970.0,3243.0,6890.0
2017-10-09,2170.5,41420.0,3252.5,11330.0
2017-10-10,2159.75,34280.0,3290.5,10890.0
2017-10-11,2126.75,43430.0,3220.0,17340.0
2017-10-12,2143.25,45880.0,3257.5,15730.0
2017-10-13,2130.5,24610.0,3245.0,11190.0
2017-10-16,2130.25,31820.0,3190.0,43760.0
2017-10-17,2140.0,50000.0,3073.0,
2017-10-18,2121.5,27610.0,3115.5,
2017-10-19,2154.0,21450.0,3114.0,7750.0
2017-10-20,2136.5,16090.0,3102.0,6190.0
2017-10-23,2137.0,8960.0,3147.0,7150.0
2017-10-24,2155.0,12200.0,3174.5,8740.0
2017-10-25,2186.25,8460.0,3208.5,6780.0
2017-10-26,2190.25,14050.0,3216.5,4010.0
2017-10-27,2167.75,16050.0,3171.5,7160.0
2017-10-30,2161.75,14580.0,3209.5,5460.0
2017-10-31,2158.5,15730.0,3261.0,12500.0
2017-11-01,2183.75,22780.0,3252.5,7750.0
2017-11-02,2171.5,24500.0,3246.5,12290.0
2017-11-03,2182.25,20740.0,3214.0,9970.0
2017-11-06,2167.5,12770.0,3235.0,9510.0
2017-11-07,2127.75,32390.0,3160.0,12740.0
2017-11-08,2104.25,28200.0,3187.5,16970.0
2017-11-09,2088.0,36800.0,3189.0,13150.0
2017-11-10,2096.0,31520.0,3217.5,17780.0
2017-11-13,2103.0,26250.0,3218.0,52610.0
2017-11-14,2082.25,32400.0,3155.0,
2017-11-15,2106.25,11090.0,3142.0,
2017-11-16,2102.5,8520.0,3133.0,8600.0
2017-11-17,2104.5,8440.0,3186.0,8140.000000000001
2017-11-20,2085.75,10720.0,3163.0,9960.0
2017-11-21,2082.0,36990.0,3222.5,7680.0
2017-11-22,2107.0,11340.0,3228.0,12730.0
2017-11-23,2113.25,5020.0,3239.0,3680.0
2017-11-24,2132.25,6860.0,3234.5,63600.0
2017-11-27,2134.5,9230.0,3186.0,17870.0
2017-11-28,2101.75,16140.0,3157.0,18070.0
2017-11-29,2067.0,18730.0,3156.5,20820.0
2017-11-30,2046.5,66380.0,3155.0,30270.0
2017-12-01,2072.75,21280.0,3239.5,20480.0
2017-12-04,2066.5,18760.0,3178.0,18730.0
2017-12-05,2049.75,18610.0,3113.0,16440.0
2017-12-06,2016.75,21650.0,3089.0,11810.0
2017-12-07,2007.5,24880.0,3079.5,11390.0
2017-12-08,2007.75,15560.0,3086.5,6810.0
2017-12-11,2018.25,24570.0,3128.0,12850.0
2017-12-12,2012.5,29040.0,3152.5,13600.0
2017-12-13,2005.25,31790.0,3154.0,13800.0
2017-12-14,2045.75,20620.0,3185.5,9320.0
2017-12-15,2062.5,24940.0,3206.0,39570.0
2017-12-18,2069.75,17380.0,3195.0,35860.0
2017-12-19,2099.5,54830.0,3203.0,
2017-12-20,2122.25,21010.0,3218.0,
2017-12-21,2148.0,67300.0,3243.0,17590.0
2017-12-22,2194.0,36780.0,3274.0,5300.0
2017-12-27,2256.0,46090.0,3267.0,5230.0
2017-12-28,2288.0,44790.0,3296.5,8170.0
2017-12-29,2271.5,41020.0,3313.0,10540.0
2018-01-02,2267.0,50520.0,3345.0,7440.0
2018-01-03,2228.5,41070.0,3329.5,13820.0
2018-01-04,2250.0,35900.0,3350.0,10090.0
2018-01-05,2201.75,31430.0,3352.5,8500.0
2018-01-08,2173.0,50210.0,3383.5,9710.0
2018-01-09,2149.5,47910.0,3334.0,15900.0
2018-01-10,2179.0,68320.0,3347.5,25030.0
2018-01-11,2172.25,53770.0,3380.5,11930.0
2018-01-12,2210.75,59950.0,3396.5,12850.0
2018-01-15,2223.75,30330.0,3432.5,73850.0
2018-01-16,2188.5,13540.0,3406.0,
2018-01-17,2191.5,11610.0,3376.0,
2018-01-18,2241.0,75760.0,3376.0,15280.0
2018-01-19,2220.5,17460.0,3405.0,5190.0
2018-01-22,2249.0,8750.0,3415.5,6320.0
2018-01-23,2229.75,11220.0,3407.5,7820.0
2018-01-24,2250.25,14010.0,3439.5,6570.0
2018-01-25,2241.0,10380.0,3460.0,11600.0
2018-01-26,2257.0,12580.0,3483.0,10940.0
2018-01-29,2223.75,12630.0,3549.5,5300.0
2018-01-30,2206.0,16920.0,3512.0,8620.0
2018-01-31,2218.5,35620.0,3528.5,12450.0
2018-02-01,2223.75,13480.0,3561.5,9870.0
2018-02-02,2208.5,19790.0,3510.0,11720.0
2018-02-05,2209.0,22190.0,3517.0,11110.0
2018-02-06,2167.0,26600.0,3469.5,12020.0
2018-02-07,2156.0,27170.0,3383.5,13650.0
2018-02-08,2169.0,32190.0,3421.0,9660.0
2018-02-09,2122.0,33790.0,3378.5,15620.0
2018-02-12,2124.0,33260.0,3392.0,8530.0
2018-02-13,2136.0,30580.0,3466.0,6630.0
2018-02-14,2174.75,33810.0,3566.0,12400.0
2018-02-15,2161.75,20370.0,3579.5,9160.0
2018-02-16,2207.0,34060.0,3567.0,12360.0
2018-02-19,2214.5,24240.0,3565.5,49340.0
2018-02-20,2186.0,16970.0,3548.5,
2018-02-21,2202.0,15650.0,3533.0,
2018-02-22,2185.5,9360.0,3528.5,21190.0
2018-02-23,2140.0,15500.0,3508.5,17040.0
2018-02-26,2137.75,9300.0,3530.5,11860.0
2018-02-27,2146.5,15650.0,3488.0,17700.0
2018-02-28,2131.5,33470.0,3453.5,24970.0
2018-03-01,2146.5,20210.0,3401.5,32600.0
2018-03-02,2148.0,22080.0,3362.5,26100.0
2018-03-05,2143.75,21070.0,3307.0,21520.0
2018-03-06,2143.5,16320.0,3307.0,20400.0
2018-03-07,2092.25,44740.0,3273.5,10170.0
2018-03-08,2101.25,36480.0,3227.0,18430.0
2018-03-09,2115.25,30590.0,3296.0,12660.0
2018-03-12,2085.25,31280.0,3239.5,13270.0
2018-03-13,2097.75,23980.0,3295.5,7900.0
2018-03-14,2083.75,23100.0,3210.0,23480.0
2018-03-15,2078.75,27690.0,3230.5,16900.0
2018-03-16,2079.5,8210.0,3254.5,15660.0
2018-03-19,2082.5,28960.0,3252.0,35150.0
2018-03-20,2076.0,85930.0,3201.5,
2018-03-21,2081.5,39410.0,3251.5,
2018-03-22,2075.0,27560.0,3210.0,7140.0
2018-03-23,2050.75,25070.0,3224.0,5070.0
2018-03-26,2051.25,29100.0,3269.5,7880.0
2018-03-27,2043.5,34610.0,3282.5,10500.0
2018-03-28,2025.5,36010.0,3278.5,7940.0
2018-03-29,2003.25,58890.0,3270.0,9830.0
2018-04-03,1976.25,49000.0,3277.5,19070.0
2018-04-04,1987.75,48830.0,3252.0,12860.0
2018-04-05,2005.25,41510.0,3240.5,11140.0
2018-04-06,2040.0,52220.0,3240.5,3730.0
2018-04-09,2143.0,121890.0,3212.0,7600.0
2018-04-10,2205.25,95630.0,3249.0,9310.0
2018-04-11,2255.0,88650.0,3222.5,12590.0
2018-04-12,2341.0,87730.0,3088.0,11510.0
2018-04-13,2291.0,96320.0,3103.0,34630.0
2018-04-16,2408.0,54650.0,3131.5,44420.0
2018-04-17,2404.75,39390.0,3167.5,
2018-04-18,2537.0,152040.0,3263.0,
2018-04-19,2490.5,65160.0,3216.0,4940.0
2018-04-20,2475.5,39820.0,3235.5,5800.0
2018-04-23,2298.0,35650.0,3231.0,7130.0
2018-04-24,2230.0,54340.0,3215.5,5140.0
2018-04-25,2248.5,33520.0,3135.5,7520.0
2018-04-26,2280.5,30870.0,3135.5,6000.0
2018-04-27,2228.0,31020.0,3136.5,7940.0
2018-04-30,2261.5,26880.0,3120.0,5070.0
2018-05-01,2269.0,26770.0,3070.5,10600.0
2018-05-02,2333.5,44310.0,3050.0,6340.0
2018-05-03,2283.0,35360.0,3005.0,10700.0
2018-05-04,2380.0,38670.0,3062.0,5720.0
2018-05-08,2391.5,52190.0,3075.0,7790.0
2018-05-09,2386.0,69660.0,3089.5,9160.0
2018-05-10,2347.0,47600.0,3082.0,8790.0
2018-05-11,2298.5,50150.0,3093.0,13870.0
2018-05-14,2335.5,26100.0,3054.0,21880.0
2018-05-15,2327.0,57120.0,3058.0,
2018-05-16,2317.0,42110.0,3078.0,
2018-05-17,2294.0,19380.0,3091.5,14680.0
2018-05-18,2270.5,31650.0,3094.0,11390.0
2018-05-21,2279.5,29950.0,3096.5,11380.0
2018-05-22,2268.75,13700.0,3040.5,13880.0
2018-05-23,2269.0,31830.0,3025.5,15170.0
2018-05-24,2280.5,21860.0,3037.0,6630.0
2018-05-25,2261.5,12280.0,3052.0,9000.0
2018-05-29,2272.75,16050.0,3077.0,9340.0
2018-05-30,2267.5,15140.0,3145.5,10590.0
2018-05-31,2289.5,21210.0,3100.0,18170.0
2018-06-01,2302.5,12690.0,3088.5,14100.0
2018-06-04,2313.0,21140.0,3119.0,11530.0
2018-06-05,2309.5,21520.0,3192.0,17930.0
2018-06-06,2343.0,17740.0,3181.5,9680.0
2018-06-07,2309.75,24670.0,3160.0,8260.0
2018-06-08,2297.5,28910.0,3200.5,12230.0
2018-06-11,2299.5,39520.0,3205.5,12980.0
2018-06-12,2301.0,22800.0,3196.5,9820.0
2018-06-13,2273.75,40400.0,3212.0,10990.0
2018-06-14,2254.25,27670.0,3178.0,31390.0
2018-06-15,2201.5,19560.0,3077.0,21520.0
2018-06-18,2216.25,25190.0,3071.5,44130.0
2018-06-19,2171.0,68750.0,3003.0,
2018-06-20,2166.75,33790.0,3000.5,
2018-06-21,2180.0,57990.0,2935.0,10530.0
2018-06-22,2176.0,29860.0,2933.0,9160.0
2018-06-25,2155.5,20790.0,2843.0,9570.0
2018-06-26,2157.25,19450.0,2855.5,7620.0
2018-06-27,2175.5,25470.0,2882.0,7090.0
2018-06-28,2154.0,19440.0,2901.5,9750.0
2018-06-29,2131.75,27210.0,2855.0,11960.0
2018-07-02,2096.0,47050.0,2827.5,13900.0
2018-07-03,2077.0,41840.0,2779.0,6180.0
2018-07-04,2085.5,13400.0,2710.5,7510.0
2018-07-05,2076.5,28510.0,2697.0,10630.0
2018-07-06,2076.25,31260.0,2751.0,12460.0
2018-07-09,2116.0,47380.0,2688.0,5070.0
2018-07-10,2084.5,56230.0,2627.0,5900.0
2018-07-11,2054.0,57320.0,2563.0,6740.0
2018-07-12,2035.25,48900.0,2575.0,12960.0
2018-07-13,2024.25,46290.0,2583.0,10340.0
2018-07-16,2048.25,47350.0,2475.5,24710.0
2018-07-17,2032.0,74670.0,2505.5,
2018-07-18,2027.25,26600.0,2618.5,
2018-07-19,2001.25,27560.0,2564.5,12020.0
2018-07-20,2029.75,20400.0,2578.5,6490.0
2018-07-23,2069.5,29270.0,2549.5,7250.0
2018-07-24,2085.0,28320.0,2593.5,8790.0
2018-07-25,2062.25,19440.0,2583.5,3690.0
2018-07-26,2067.0,14600.0,2585.0,4470.0
2018-07-27,2070.5,12950.0,2580.5,4580.0
2018-07-30,2092.75,18150.0,2549.5,5250.0
2018-07-31,2079.5,19730.0,2630.5,16170.000000000002
2018-08-01,2050.0,23490.0,2540.0,8080.0
2018-08-02,2032.75,29400.0,2561.5,5280.0
2018-08-03,2024.5,14010.0,2607.0,8660.0
2018-08-06,2039.0,21050.0,2566.0,8290.0
2018-08-07,2034.5,26060.0,2601.5,8750.0
2018-08-08,2105.0,38380.0,2610.5,7570.0
2018-08-09,2079.0,40370.0,2596.0,17660.0
2018-08-10,2105.0,35360.0,2536.5,12510.0
2018-08-13,2083.5,50970.0,2467.0,43160.0
2018-08-14,2071.0,26840.0,2450.5,
2018-08-15,2025.5,17310.0,2283.0,
2018-08-16,2048.0,16360.0,2374.5,11280.0
2018-08-17,2029.25,14900.0,2388.5,10660.0
2018-08-20,2054.75,8830.0,2375.0,7230.0
2018-08-21,2054.5,51900.0,2432.5,17110.0
2018-08-22,2065.5,26620.0,2462.0,12760.0
2018-08-23,2076.0,8420.0,2464.5,8550.0
2018-08-24,2096.25,13070.0,2526.0,10600.0
2018-08-28,2134.0,14790.0,2522.0,19110.0
2018-08-29,2172.5,25300.0,2515.0,9700.0
2018-08-30,2132.5,17720.0,2463.5,20740.0
2018-08-31,2125.0,29830.0,2471.5,11000.0
2018-09-03,2095.5,16239.999999999998,2460.5,9410.0
2018-09-04,2060.25,20770.0,2402.5,8570.0
2018-09-05,2065.75,25850.0,2415.5,10970.0
2018-09-06,2035.5,27460.0,2437.5,14650.0
2018-09-07,2065.5,24260.0,2401.5,13890.0
2018-09-10,2090.0,33850.0,2361.5,14440.0
2018-09-11,2038.5,21600.0,2317.5,14200.0
2018-09-12,2057.75,45510.0,2390.5,12660.0
2018-09-13,2058.25,34500.0,2351.0,10540.0
2018-09-14,2036.75,34010.0,2311.0,11530.0
2018-09-17,2025.25,22170.0,2333.0,47790.0
2018-09-18,2034.75,47940.0,2372.0,
2018-09-19,2026.0,93890.0,2426.5,
2018-09-20,2048.0,77730.0,2465.5,5970.0
2018-09-21,2100.5,35860.0,2509.0,8880.0
2018-09-24,2070.0,43840.0,2515.5,10230.0
2018-09-25,2080.75,39170.0,2515.0,7700.0
2018-09-26,2077.5,37190.0,2538.0,6580.0
2018-09-27,2041.5,26610.0,2511.5,6540.0
2018-09-28,2075.5,44560.0,2597.0,9500.0
2018-10-01,2099.5,31470.0,2646.5,11400.0
2018-10-02,2131.0,50530.0,2657.0,7580.0
2018-10-03,2222.5,67710.0,2670.0,6630.0
2018-10-04,2187.0,49170.0,2610.0,13660.0
2018-10-05,2145.5,85560.0,2621.0,4600.0
2018-10-08,2082.5,56880.0,2623.0,4490.0
2018-10-09,2070.5,83960.0,2680.0,5410.0
2018-10-10,2062.0,48340.0,2615.0,9980.0
2018-10-11,2034.0,56260.0,2616.5,5860.0
2018-10-12,2054.5,27180.0,2636.5,9320.0
2018-10-15,2041.0,36800.0,2592.0,31970.0
2018-10-16,2034.0,76780.0,2598.5,
2018-10-17,2022.5,36950.0,2665.5,
2018-10-18,2013.5,20430.0,2662.0,6640.0
2018-10-19,2003.5,43520.0,2622.0,6780.0
2018-10-22,2006.5,16560.0,2656.0,6200.0
2018-10-23,1999.25,34300.0,2664.0,9680.0
2018-10-24,1994.5,19610.0,2665.0,10900.0
2018-10-25,1990.0,22270.0,2647.0,5180.0
2018-10-26,1994.75,21160.0,2657.5,3830.0
2018-10-29,1979.25,16660.0,2605.0,5490.0
2018-10-30,1961.5,32350.0,2541.0,10900.0
2018-10-31,1948.5,36610.0,2485.5,14210.0
2018-11-01,1961.5,36630.0,2540.5,12750.0
2018-11-02,1969.5,34340.0,2549.0,8790.0
2018-11-05,1969.0,32260.0,2527.0,4950.0
2018-11-06,1945.25,28940.0,2482.0,8840.0
2018-11-07,1980.25,40160.0,2462.5,8160.0
2018-11-08,1985.0,48400.0,2500.5,6570.0
2018-11-09,1948.5,36160.0,2500.0,5070.0
2018-11-12,1934.0,38830.0,2492.0,8470.0
2018-11-13,1926.5,50870.0,2498.0,5250.0
2018-11-14,1933.25,31050.0,2506.0,7790.0
2018-11-15,1917.5,53700.0,2567.5,7070.0
2018-11-16,1928.0,37700.0,2618.5,11080.0
2018-11-19,1921.0,47330.0,2598.5,31300.0
2018-11-20,1940.0,54820.0,2541.0,
2018-11-21,1954.5,28690.0,2564.0,
2018-11-22,1947.5,10900.0,2588.5,7490.0
2018-11-23,1949.25,18310.0,2507.5,6150.0
2018-11-26,1950.0,11430.0,2484.5,11220.0
2018-11-27,1928.5,16410.0,2421.0,10860.0
2018-11-28,1930.25,18840.0,2463.0,12580.0
2018-11-29,1938.75,20310.0,2460.5,10580.0
2018-11-30,1957.25,22400.0,2536.0,14610.0
2018-12-03,1972.25,26320.0,2578.5,16920.0
2018-12-04,1972.0,27410.0,2584.0,12840.0
2018-12-05,1967.25,16309.999999999998,2620.0,9150.0
2018-12-06,1933.5,16470.0,2605.5,11750.0
2018-12-07,1950.0,39010.0,2585.0,11620.0
2018-12-10,1930.5,37520.0,2572.0,4260.0
2018-12-11,1931.25,53730.0,2596.5,5820.0
2018-12-12,1931.0,25480.0,2563.5,8410.0
2018-12-13,1922.75,29090.0,2573.0,10570.0
2018-12-14,1916.0,12820.0,2534.0,12110.0
2018-12-17,1932.25,32710.0,2550.0,29440.0
2018-12-18,1923.75,49690.0,2513.5,
2018-12-19,1926.25,45290.0,2543.0,
2018-12-20,1912.0,82080.0,2543.5,7550.0
2018-12-21,1911.25,37300.0,2489.0,11850.0
2018-12-24,1895.5,14550.0,2478.0,8400.0
2018-12-27,1853.5,37210.0,2491.0,8640.0
2018-12-28,1846.5,27760.0,2444.5,10720.0
2018-12-31,1848.0,25440.0,2446.0,4300.0
2019-01-02,1799.0,45740.0,2395.0,13460.0
2019-01-03,1842.5,44780.0,2400.0,9280.0
2019-01-04,1874.75,58060.0,2448.5,8560.0
2019-01-07,1886.25,43790.0,2496.0,8410.0
2019-01-08,1870.5,57400.0,2482.0,14830.0
2019-01-09,1858.5,67260.0,2486.5,11100.0
2019-01-10,1866.0,102800.0,2451.5,16129.999999999998
2019-01-11,1839.0,78380.0,2497.0,15450.0
2019-01-14,1828.25,121030.0,2472.5,31880.0
2019-01-15,1844.25,32940.0,2455.0,
2019-01-16,1858.25,46520.0,2504.0,
2019-01-17,1858.0,75550.0,2537.0,10250.0
2019-01-18,1871.5,42620.0,2579.0,4530.0
2019-01-21,1851.5,17810.0,2575.5,5570.0
2019-01-22,1882.5,17200.0,2580.5,6730.0
2019-01-23,1908.5,40740.0,2617.5,12160.0
2019-01-24,1888.75,25160.0,2626.0,6390.0
2019-01-25,1918.0,18400.0,2682.0,12650.0
2019-01-28,1863.5,23860.0,2676.5,3010.0
2019-01-29,1888.0,18060.0,2655.5,1990.0
2019-01-30,1905.25,19560.0,2688.0,4930.0
2019-01-31,1906.0,25190.0,2723.5,4620.0
2019-02-01,1878.0,27570.0,2758.0,6300.0
2019-02-04,1915.0,31400.0,2799.5,3300.0
2019-02-05,1917.25,52010.0,2731.0,6810.0
2019-02-06,1901.0,27720.0,2709.5,3920.0
2019-02-07,1887.5,38840.0,2721.5,6500.0
2019-02-08,1874.25,30750.0,2697.0,5390.0
2019-02-11,1872.25,39440.0,2641.5,3850.0
2019-02-12,1851.0,44510.0,2608.0,4700.0
2019-02-13,1849.5,43090.0,2608.0,6040.0
2019-02-14,1839.25,40520.0,2588.0,12110.0
2019-02-15,1848.0,67330.0,2662.0,5110.0
2019-02-18,1846.0,30660.0,2642.0,25120.0
2019-02-19,1856.25,26160.0,2662.0,
2019-02-20,1868.0,22320.0,2698.0,
2019-02-21,1904.5,28700.0,2674.0,6040.0
2019-02-22,1912.0,32230.0,2711.0,10630.0
2019-02-25,1904.5,24690.0,2711.0,5690.0
2019-02-26,1908.5,30360.0,2742.5,8400.0
2019-02-27,1919.5,16970.0,2749.5,15840.0
2019-02-28,1908.5,25120.0,2757.5,14380.0
2019-03-01,1915.25,45070.0,2777.5,12810.0
2019-03-04,1870.5,43080.0,2741.5,11120.0
2019-03-05,1868.75,37380.0,2779.0,11290.0
2019-03-06,1860.5,29900.0,2784.5,20470.0
2019-03-07,1858.5,32760.0,2735.0,17100.0
2019-03-08,1866.5,30400.0,2716.0,12480.0
2019-03-11,1839.0,44250.0,2749.0,11730.0
2019-03-12,1865.75,69620.0,2842.0,10430.0
2019-03-13,1897.5,35280.0,2836.0,
2019-03-14,1895.25,28290.0,2820.25,
2019-03-15,1889.5,26170.0,2782.75,
2019-03-18,1912.75,45610.0,2775.5,
2019-03-19,1946.0,94040.0,2815.5,
2019-03-20,1938.0,32400.0,2877.5,
2019-03-21,1900.0,41870.0,2836.75,
2019-03-22,1903.25,44370.0,2820.25,
2019-03-25,1881.0,48450.0,2840.25,
2019-03-26,1886.5,41370.0,2878.0,
2019-03-27,1909.5,28910.0,2883.5,
2019-03-28,1901.75,33940.0,2868.0,
2019-03-29,1911.0,47940.0,2911.25,
2019-04-01,1896.0,47250.0,2897.75,
2019-04-02,1885.0,37650.0,2870.0,
2019-04-03,1891.25,43980.0,2933.0,
2019-04-04,1890.0,36290.0,2914.25,
2019-04-05,1884.5,61570.0,2919.0,
2019-04-08,1864.0,124980.0,2899.0,
2019-04-09,1871.0,111780.0,2854.25,
2019-04-10,1857.5,46360.0,2879.0,
2019-04-11,1853.75,52700.0,2870.5,
2019-04-12,1856.5,41040.0,2923.5,
2019-04-15,1858.0,41130.0,2897.5,
2019-04-16,1855.75,32310.000000000004,2810.25,
2019-04-17,1850.0,90320.0,2809.5,
2019-04-18,1867.5,32760.0,2794.25,
2019-04-23,1864.5,36170.0,2749.75,
2019-04-24,1870.75,27140.0,2747.75,
2019-04-25,1855.75,18900.0,2747.5,
2019-04-26,1835.5,26900.0,2763.5,
2019-04-29,1825.0,31120.0,2797.25,
2019-04-30,1793.0,55910.0,2824.5,
2019-05-01,1810.75,34230.0,2758.25,
2019-05-02,1810.5,33890.0,2736.75,
2019-05-03,1789.5,51460.0,2770.75,
2019-05-07,1808.75,67240.0,2697.0,
2019-05-08,1789.25,53230.0,2647.5,
2019-05-09,1791.0,39910.0,2637.5,
2019-05-10,1800.25,36680.0,2639.5,
2019-05-13,1800.0,68320.0,2577.0,
2019-05-14,1845.25,19420.0,2591.75,
2019-05-15,1856.0,16730.0,2633.25,
2019-05-16,1860.5,18480.0,2633.5,
2019-05-17,1837.5,17090.0,2596.75,
2019-05-20,1797.25,13490.0,2573.5,
2019-05-21,1796.0,66220.0,2582.75,
2019-05-22,1779.25,25130.0,2545.75,
2019-05-23,1797.5,17960.0,2525.75,
2019-05-24,1800.25,11500.0,2555.5,
2019-05-28,1806.25,14000.0,2559.75,
2019-05-29,1793.75,16410.0,2540.0,
2019-05-30,1780.75,27610.0,2557.5,
2019-05-31,1793.25,40300.0,2523.25,
2019-06-03,1774.0,42100.0,2475.5,
2019-06-04,1782.5,44350.0,2472.75,
2019-06-05,1766.75,25080.0,2459.25,
2019-06-06,1770.75,28850.0,2510.75,
2019-06-07,1758.25,32560.000000000004,2483.5,
2019-06-10,1768.5,40320.0,2475.25,
2019-06-11,1771.75,44820.0,2520.0,
2019-06-12,1782.75,38140.0,2512.0,
2019-06-13,1779.0,43080.0,2476.25,
2019-06-14,1756.5,26230.0,2455.25,
2019-06-17,1749.25,34020.0,2472.5,
2019-06-18,1781.0,76210.0,2513.75,
2019-06-19,1786.25,42130.0,2464.25,
2019-06-20,1783.25,40600.0,2464.0,
2019-06-21,1769.0,38130.0,2433.5,
2019-06-24,1794.0,32410.0,2490.25,
2019-06-25,1815.25,34080.0,2534.0,
2019-06-26,1821.0,29800.0,2501.75,
2019-06-27,1790.25,37000.0,2488.75,
2019-06-28,1800.25,48100.0,2492.25,
2019-07-01,1792.75,31270.0,2460.75,
2019-07-02,1779.75,42960.0,2468.75,
2019-07-03,1787.5,28680.0,2448.5,
2019-07-04,1804.5,12020.0,2426.5,
2019-07-05,1800.5,49560.0,2410.0,
2019-07-08,1806.25,41630.0,2382.0,
2019-07-09,1820.0,88070.0,2368.25,
2019-07-10,1848.5,71260.0,2406.5,
2019-07-11,1823.5,67760.0,2394.0,
2019-07-12,1818.25,45460.0,2436.0,
2019-07-15,1839.75,58120.0,2441.0,
2019-07-16,1850.0,69030.0,2466.75,
2019-07-17,1848.0,30080.0,2473.5,
2019-07-18,1855.0,17750.0,2456.0,
2019-07-19,1848.75,16940.0,2424.25,
2019-07-22,1815.25,23710.0,2427.5,
2019-07-23,1814.75,19240.0,2444.25,
2019-07-24,1824.25,16400.0,2454.75,
2019-07-25,1824.25,12800.0,2426.75,
2019-07-26,1801.0,32000.0,2440.75,
2019-07-29,1808.75,14050.0,2461.0,
2019-07-30,1800.25,17400.0,2444.5,
2019-07-31,1795.75,14690.0,2439.75,
2019-08-01,1776.25,35970.0,2394.75,
2019-08-02,1765.0,33790.0,2353.25,
2019-08-05,1757.0,49210.0,2320.75,
2019-08-06,1752.0,86500.0,2305.75,
2019-08-07,1736.75,77570.0,2275.25,
2019-08-08,1769.75,35970.0,2304.0,
2019-08-09,1762.5,39180.0,2238.0,
2019-08-12,1760.75,39940.0,2273.0,
2019-08-13,1775.75,48500.0,2330.0,
2019-08-14,1765.75,55560.0,2270.75,
2019-08-15,1772.25,15620.0,2262.75,
2019-08-16,1782.0,19350.0,2266.5,
2019-08-19,1784.75,45150.0,2257.0,
2019-08-20,1782.0,61940.0,2233.0,
2019-08-21,1780.0,57970.0,2286.5,
2019-08-22,1766.5,40670.0,2241.0,
2019-08-23,1770.5,16350.000000000002,2245.0,
2019-08-27,1760.75,18640.0,2279.0,
2019-08-28,1744.75,38080.0,2267.75,
2019-08-29,1751.25,17250.0,2255.25,
2019-08-30,1751.0,34000.0,2219.0,
2019-09-02,1746.75,16800.0,2241.25,
2019-09-03,1750.5,49820.0,2209.75,
2019-09-04,1772.5,63490.0,2314.0,
2019-09-05,1781.5,70350.0,2332.5,
2019-09-06,1788.5,48940.0,2322.0,
2019-09-09,1797.0,87170.0,2305.75,
2019-09-10,1818.5,89950.0,2343.5,
2019-09-11,1822.5,84860.0,2353.5,
2019-09-12,1799.25,75110.0,2341.25,
2019-09-13,1804.75,75010.0,2391.0,
2019-09-16,1788.0,47230.0,2356.0,
2019-09-17,1792.0,47790.0,2341.5,
2019-09-18,1785.5,90210.0,2322.75,
2019-09-19,1806.0,41930.0,2317.5,
2019-09-20,1803.0,23370.0,2293.25,
2019-09-23,1785.0,206210.0,2331.5,100410.0
2019-09-24,1762.5,304950.0,2282.0,140850.0
2019-09-25,1752.0,374010.0,2290.0,158360.0
2019-09-26,1737.0,278420.0,2302.0,137710.0
2019-09-27,1735.0,298280.0,2303.5,114630.0
2019-09-30,1721.5,290360.0,2378.0,168830.0
2019-10-01,1740.0,473950.0,2305.0,277360.0
2019-10-02,1705.0,484720.0,2318.0,207540.0
2019-10-03,1718.0,329770.0,2295.0,125030.0
2019-10-04,1719.0,286900.0,2300.0,127830.0
2019-10-07,1746.0,347490.0,2289.0,175790.0
2019-10-08,1751.5,432340.0,2298.0,240900.0
2019-10-09,1744.0,414940.0,2291.0,309160.0
2019-10-10,1753.0,552560.0,2388.0,287690.0
2019-10-11,1722.0,617820.0,2419.0,264300.0
2019-10-14,1720.0,417470.0,2420.0,131310.0
2019-10-15,1728.0,284230.0,2438.0,107520.0
2019-10-16,1728.0,293720.0,2434.0,104790.0
2019-10-17,1727.0,183130.0,2439.0,110480.0
2019-10-18,1738.0,142680.0,2454.0,
2019-10-21,1729.0,153920.0,2473.0,67080.0
2019-10-22,1719.0,119890.0,2467.5,100340.0
2019-10-23,1730.0,140070.0,2468.0,102090.0
2019-10-24,1724.0,130240.0,2491.0,122300.0
2019-10-25,1728.0,215820.0,2510.0,145910.0
2019-10-28,1737.0,180310.0,2543.5,117450.0
2019-10-29,1754.0,203370.0,2544.0,110410.0
2019-10-30,1760.0,220050.0,2529.0,105130.0
2019-10-31,1755.0,263070.0,2482.5,130940.0
2019-11-01,1786.0,269740.0,2520.0,91270.0
2019-11-04,1815.0,338470.0,2539.0,123570.0
2019-11-05,1811.0,380830.0,2498.0,150620.0
2019-11-06,1810.0,324870.0,2475.0,126580.0
2019-11-07,1813.0,327530.0,2485.0,156620.0
2019-11-08,1807.5,214850.0,2482.0,122720.0
2019-11-11,1779.0,236340.0,2496.5,146390.0
2019-11-12,1778.0,297180.0,2472.0,114790.0
2019-11-13,1765.0,308690.0,2422.0,103370.0
2019-11-14,1741.0,316130.0,2396.0,103280.0
2019-11-15,1755.0,374790.0,2380.0,91720.0
2019-11-18,1738.0,385280.0,2344.0,146210.0
2019-11-19,1731.0,267390.0,2344.0,129460.0
2019-11-20,1741.0,186320.0,2313.0,113450.0
2019-11-21,1734.0,191720.0,2293.0,78670.0
2019-11-22,1739.0,185150.0,2305.0,81170.0
2019-11-25,1736.0,156810.0,2281.0,82200.0
2019-11-26,1753.0,206030.0,2299.0,108040.0
2019-11-27,1764.0,205070.0,2297.0,78480.0
2019-11-28,1752.0,134590.0,2278.0,51590.0
2019-11-29,1770.0,230240.0,2273.5,74920.0
2019-12-02,1790.0,254150.0,2243.0,112010.0
2019-12-03,1766.0,330180.0,2202.0,154880.0
2019-12-04,1758.0,241720.0,2246.0,110970.0
2019-12-05,1747.0,235730.0,2234.0,137720.0
2019-12-06,1765.0,318490.0,2238.0,148490.0
2019-12-09,1757.0,278870.0,2239.0,139060.0
2019-12-10,1755.0,286860.0,2227.5,161370.0
2019-12-11,1760.0,279790.0,2222.0,141700.0
2019-12-12,1775.0,315170.0,2263.0,135090.0
2019-12-13,1768.0,210290.0,2253.0,109380.0
2019-12-16,1778.0,363450.0,2291.0,110510.0
2019-12-17,1764.0,298040.0,2281.5,119050.0
2019-12-18,1777.0,726930.0,2301.0,87970.0
2019-12-19,1797.0,272880.0,2325.0,76740.0
2019-12-20,1800.0,221700.0,2341.0,65000.0
2019-12-23,1804.0,172250.0,2291.0,70260.0
2019-12-24,1814.0,169820.0,2274.0,69080.0
2019-12-27,1825.0,181720.0,2305.0,62480.0
2019-12-30,1827.0,193900.0,2306.0,64090.0
2019-12-31,1810.0,253420.0,2272.0,69670.0
2020-01-02,1804.5,290020.0,2310.0,113530.0
2020-01-03,1824.0,258970.00000000003,2306.0,93500.0
2020-01-06,1833.0,295360.0,2324.5,90530.0
2020-01-07,1816.0,302340.0,2346.0,130060.0
2020-01-08,1800.0,313190.0,2403.0,166780.0
2020-01-09,1803.5,383680.0,2377.0,183660.0
2020-01-10,1806.0,378240.0,2378.0,122960.0
2020-01-13,1798.0,383510.0,2378.0,174860.0
2020-01-14,1809.0,209810.0,2373.5,117200.0
2020-01-15,1801.0,178690.0,2385.0,92630.0
2020-01-16,1812.0,196030.0,2422.0,109360.0
2020-01-17,1805.0,137120.0,2429.5,61100.0
2020-01-20,1812.0,182450.0,2444.0,54330.0
2020-01-21,1824.5,278860.0,2454.5,100510.0
2020-01-22,1811.0,233040.0,2396.0,91970.0
2020-01-23,1795.0,216450.0,2344.0,108460.0
2020-01-24,1781.0,313990.0,2341.0,140950.0
2020-01-27,1764.0,255550.0,2240.0,82890.0
2020-01-28,1752.0,282540.0,2230.0,99600.0
2020-01-29,1737.0,312470.0,2211.0,92120.0
2020-01-30,1731.0,245750.0,2188.0,94400.0
2020-01-31,1722.0,338490.0,2200.0,129740.0
2020-02-03,1686.5,415240.0,2146.0,129740.0
2020-02-04,1686.0,399920.0,2166.5,184540.0
2020-02-05,1717.0,288690.0,2213.0,134470.0
2020-02-06,1737.0,278000.0,2207.0,137370.0
2020-02-07,1726.0,360500.0,2145.0,218790.0
2020-02-10,1702.0,276600.0,2134.0,194450.0
2020-02-11,1734.0,365050.0,2148.0,191100.0
2020-02-12,1737.0,288820.0,2148.0,152830.0
2020-02-13,1748.0,265630.0,2175.0,161950.0
2020-02-14,1722.0,186700.0,2149.0,82860.0
2020-02-17,1721.0,265800.0,2172.0,98540.0
2020-02-18,1720.0,219360.0,2145.0,108330.0
2020-02-19,1720.0,166360.0,2128.0,94450.0
2020-02-20,1711.0,144510.0,2112.0,79260.0
2020-02-21,1713.5,145510.0,2115.0,110110.0
2020-02-24,1699.0,173230.0,2046.0,108340.0
2020-02-25,1703.0,176110.0,2029.0,113530.0
2020-02-26,1696.0,189030.0,2046.0,90670.0
2020-02-27,1690.0,228870.0,2012.0,100650.0
2020-02-28,1694.5,313520.0,2021.5,115820.0
2020-03-02,1717.0,307230.0,2023.0,118170.0
2020-03-03,1722.0,294570.0,1975.5,133640.0
2020-03-04,1726.0,300240.0,1982.0,149240.0
2020-03-05,1720.0,268250.0,2011.0,120160.0
2020-03-06,1685.0,323220.0,1984.0,124190.0
2020-03-09,1687.0,377880.0,1979.0,120280.0
2020-03-10,1697.0,419490.0,1976.0,139490.0
2020-03-11,1675.0,388960.0,1987.0,161360.0
2020-03-12,1656.0,334080.0,1938.0,137840.0
2020-03-13,1680.5,388580.0,1985.0,116480.0
2020-03-16,1675.0,542380.0,1942.0,126490.0
2020-03-17,1651.5,418760.0,1871.0,135790.0
2020-03-18,1650.0,434180.0,1846.0,134090.0
2020-03-19,1630.0,358250.0,1847.0,122440.0
2020-03-20,1582.0,296680.0,1848.0,106290.0
2020-03-23,1561.0,291330.0,1818.5,79480.0
2020-03-24,1547.5,179210.0,1815.5,59460.0
2020-03-25,1537.5,229790.0,1836.0,62940.0
2020-03-26,1536.0,198030.0,1860.0,84320.0
2020-03-27,1545.5,283630.0,1878.0,84610.0
2020-03-30,1530.5,259680.0,1872.0,84960.0
2020-03-31,1526.0,240540.0,1905.5,98740.0
2020-04-01,1499.5,286730.0,1870.5,101790.0
2020-04-02,1491.0,291430.0,1887.5,87810.0
2020-04-03,1481.5,241540.0,1882.0,61630.0
2020-04-06,1472.0,238320.0,1904.5,77620.0
2020-04-07,1477.5,313660.0,1924.0,146430.0
2020-04-08,1465.5,482040.0,1923.0,110350.0
2020-04-09,1479.5,431850.0,1901.0,120820.0
2020-04-14,1503.5,371080.0,1922.5,167030.0
2020-04-15,1507.5,245550.0,1931.0,87020.0
2020-04-16,1512.5,212300.0,1938.0,61620.0
2020-04-17,1507.0,255680.0,1958.0,52430.0
2020-04-20,1503.0,181580.0,1947.0,54810.0
2020-04-21,1490.5,222720.0,1911.0,82160.0
2020-04-22,1515.0,150810.0,1895.5,85030.0
2020-04-23,1510.0,232820.0,1872.5,68480.0
2020-04-24,1514.0,380390.0,1883.0,68750.0
2020-04-27,1507.0,134360.0,1905.0,65290.00000000001
2020-04-28,1504.5,200210.0,1930.5,76000.0
2020-04-29,1506.0,198350.0,1946.5,69500.0
2020-04-30,1494.5,277970.0,1939.5,89790.0
2020-05-01,1487.0,167880.0,1913.5,58760.0
2020-05-04,1483.0,226620.0,1899.5,62920.0
2020-05-05,1484.5,240300.0,1918.0,75650.0
2020-05-06,1479.5,219430.0,1975.0,99100.0
2020-05-07,1485.0,242400.0,2003.5,131690.0
2020-05-11,1497.5,323420.0,2028.5,121360.0
2020-05-12,1477.5,274520.0,2005.0,97570.0
2020-05-13,1480.0,314460.0,1975.0,92020.0
2020-05-14,1475.0,819110.0,1957.0,72310.0
2020-05-15,1462.0,290090.0,1961.5,73360.0
2020-05-18,1496.0,354830.0,2024.0,122620.0
2020-05-19,1492.0,277510.0,2033.5,101070.0
2020-05-20,1512.5,340470.0,2036.5,81730.0
2020-05-21,1521.0,216590.0,1983.5,76630.0
2020-05-22,1506.5,223090.0,1985.5,88690.0
2020-05-26,1519.5,214750.0,1982.0,97910.0
2020-05-27,1525.0,354800.0,1920.5,90190.0
2020-05-28,1537.0,251270.0,1934.5,92520.0
2020-05-29,1548.0,294570.0,1988.0,104350.0
2020-06-01,1537.0,234260.0,2022.0,90220.0
2020-06-02,1547.0,284860.0,2019.5,95180.0
2020-06-03,1568.5,221950.0,2021.5,90510.0
2020-06-04,1570.5,220000.0,2033.0,87290.0
2020-06-05,1591.5,289580.0,2052.5,126990.0
2020-06-08,1605.0,286960.0,2042.0,128760.0
2020-06-09,1605.5,306610.0,2017.5,116390.0
2020-06-10,1627.5,320330.0,2020.5,101870.0
2020-06-11,1601.5,324180.0,2007.0,106090.0
2020-06-12,1585.0,341460.0,1977.0,82730.0
2020-06-15,1577.0,318710.0,1982.5,100720.0
2020-06-16,1597.5,224950.0,1995.5,101840.0
2020-06-17,1607.5,168670.0,2019.5,72320.0
2020-06-18,1606.5,149770.0,2052.0,76300.0
2020-06-19,1592.0,151590.0,2082.0,62430.0
2020-06-22,1603.0,129270.0,2087.5,65590.0
2020-06-23,1595.0,125420.0,2040.0,70340.0
2020-06-24,1576.0,126810.0,2036.5,72030.0
2020-06-25,1570.0,149620.0,2050.0,58920.0
2020-06-26,1601.5,205520.0,2038.5,49230.0
2020-06-29,1609.0,155590.0,2061.5,60220.0
2020-06-30,1619.5,192480.0,2047.5,82550.0
2020-07-01,1621.0,260050.0,2041.5,82660.0
2020-07-02,1621.0,227090.0,2044.5,80270.0
2020-07-03,1614.0,26760.0,2026.0,14320.0
2020-07-06,1634.5,33660.0,2063.0,23160.0
2020-07-07,1634.0,32250.0,2070.0,20080.0
2020-07-08,1665.0,55110.0,2131.0,38490.0
2020-07-09,1664.0,56370.0,2156.0,30650.0
2020-07-10,1688.5,44110.0,2193.5,23690.0
2020-07-13,1690.0,58300.0,2261.5,32760.0
2020-07-14,1688.5,39420.0,2194.5,22870.0
2020-07-15,1683.5,32620.0,2200.5,20750.0
2020-07-16,1670.5,43580.0,2225.5,18520.0
2020-07-17,1661.5,27500.0,2182.5,16580.0
2020-07-20,1664.5,29320.0,2200.5,18470.0
2020-07-21,1696.5,61850.0,2245.0,26970.0
2020-07-22,1691.0,35740.0,2213.0,26310.0
2020-07-23,1701.0,28480.0,2239.5,16560.0
2020-07-24,1700.0,35960.0,2218.0,16800.0
2020-07-27,1708.0,20570.0,2237.0,12700.0
2020-07-28,1724.0,33010.0,2246.5,24250.0
2020-07-29,1725.0,24500.0,2297.0,26370.0
2020-07-30,1720.0,32520.000000000004,2286.5,24830.0
2020-07-31,1713.5,51660.0,2318.5,25550.0
2020-08-03,1752.0,62260.0,2324.0,23220.0
2020-08-04,1770.0,45850.0,2339.5,27370.0
2020-08-05,1767.0,48210.0,2409.0,35200.0
2020-08-06,1777.5,36430.0,2412.0,22740.0
2020-08-07,1771.0,32590.000000000004,2404.0,26590.0
2020-08-10,1786.0,36400.0,2397.0,22960.0
2020-08-11,1786.0,37810.0,2410.0,23800.0
2020-08-12,1787.0,30200.0,2401.0,21260.0
2020-08-13,1763.5,33920.0,2375.0,18600.0
2020-08-14,1746.0,30980.0,2367.5,20390.0
2020-08-17,1756.0,29510.0,2442.0,29360.0
2020-08-18,1773.5,43090.0,2458.5,38900.0
2020-08-19,1793.5,34280.0,2505.0,23070.0
2020-08-20,1789.5,39320.0,2489.0,16280.000000000002
2020-08-21,1765.0,44340.0,2456.0,21800.0
2020-08-24,1770.5,27870.0,2445.5,13670.0
2020-08-25,1775.5,26240.0,2482.0,15060.0
2020-08-26,1780.0,27520.0,2467.0,13290.0
2020-08-27,1781.0,28440.0,2485.5,16340.0
2020-08-28,1800.0,38940.0,2515.0,28970.0
2020-09-01,1816.5,48020.0,2553.0,35710.0
2020-09-02,1786.0,51110.0,2533.5,23650.0
2020-09-03,1780.0,32860.0,2514.0,22500.0
2020-09-04,1786.5,25410.0,2483.0,17710.0
2020-09-07,1797.5,18540.0,2509.5,9650.0
2020-09-08,1792.0,28460.0,2417.0,32340.000000000004
2020-09-09,1784.0,28470.0,2423.0,21080.0
2020-09-10,1789.5,27730.0,2416.5,19010.0
2020-09-11,1775.0,24430.0,2471.0,21260.0
2020-09-14,1800.5,32820.0,2480.5,12380.0
2020-09-15,1789.5,27830.0,2496.5,24180.0
2020-09-16,1795.5,64330.0,2528.0,28720.0
2020-09-17,1781.0,28670.0,2514.0,24270.0
2020-09-18,1792.5,29550.0,2538.0,19100.0
2020-09-21,1779.5,29830.0,2458.5,20370.0
2020-09-22,1776.5,27790.0,2464.5,16010.000000000002
2020-09-23,1754.5,44650.0,2404.0,17960.0
2020-09-24,1740.0,47910.0,2370.0,27780.0
2020-09-25,1748.5,34330.0,2369.0,18380.0
2020-09-28,1775.0,30060.0,2432.0,17260.0
2020-09-29,1783.0,27430.0,2424.5,16580.0
2020-09-30,1765.0,34350.0,2403.0,18420.0
2020-10-01,1739.5,37580.0,2326.5,21940.0
2020-10-02,1768.0,44790.0,2327.0,20650.0
2020-10-05,1776.0,24540.0,2326.5,13550.0
2020-10-06,1765.0,34260.0,2363.0,15900.0
2020-10-07,1783.5,31170.0,2357.0,18260.0
2020-10-08,1804.5,33990.0,2365.0,12490.0
2020-10-09,1841.5,53270.0,2434.0,34180.0
2020-10-12,1855.5,40660.0,2440.0,18730.0
2020-10-13,1858.0,38710.0,2417.0,18780.0
2020-10-14,1852.0,29290.0,2417.0,13670.0
2020-10-15,1852.0,27000.0,2425.5,15710.0
2020-10-16,1870.5,38890.0,2436.0,13440.0
2020-10-19,1853.5,35960.0,2491.0,16470.0
2020-10-20,1834.5,49740.0,2529.5,31260.0
2020-10-21,1843.5,31680.0,2568.5,19610.0
2020-10-22,1846.5,19610.0,2578.5,20480.0
2020-10-23,1842.5,19120.0,2558.5,20080.0
2020-10-26,1827.5,26420.0,2539.5,14760.0
2020-10-27,1822.0,25720.0,2545.0,14630.0
2020-10-28,1809.5,29500.0,2529.0,22870.0
2020-10-29,1803.0,28750.0,2531.5,17160.0
2020-10-30,1848.5,39200.0,2523.0,17870.0
2020-11-02,1866.0,37530.0,2540.5,19150.0
2020-11-03,1905.5,48030.0,2566.5,22440.0
2020-11-04,1908.5,50980.0,2593.5,19500.0
2020-11-05,1897.5,35080.0,2615.5,20550.0
2020-11-06,1901.5,30700.0,2634.5,14740.0
2020-11-09,1893.5,39380.0,2641.5,27030.0
2020-11-10,1908.0,23750.0,2645.0,14820.0
2020-11-11,1918.0,29720.0,2624.0,17890.0
2020-11-12,1930.0,24440.0,2626.0,13330.0
2020-11-13,1932.0,21990.0,2629.0,11180.0
2020-11-16,1951.0,30550.0,2679.5,19240.0
2020-11-17,1977.5,69400.0,2689.5,33600.0
2020-11-18,1998.0,37160.0,2747.0,32440.0
2020-11-19,1992.5,24750.0,2759.0,21420.0
2020-11-20,1993.0,38680.0,2793.5,19450.0
2020-11-23,1973.5,34720.0,2729.5,22760.0
2020-11-24,1986.5,37330.0,2757.0,16510.0
2020-11-25,1970.0,42090.0,2754.5,12790.0
2020-11-26,1976.0,23630.0,2760.5,12330.0
2020-11-27,1998.5,41470.0,2795.0,22630.0
2020-11-30,2045.0,59750.0,2790.5,25930.0
2020-12-01,2064.5,52660.0,2770.0,20700.0
2020-12-02,2055.0,44650.0,2747.5,21970.0
2020-12-03,2028.0,47050.0,2756.0,13950.0
2020-12-04,2044.0,24950.0,2757.0,12410.0
2020-12-07,2017.0,24280.0,2786.5,18670.0
2020-12-08,1990.0,31760.0,2799.5,14710.0
2020-12-09,2035.0,31370.0,2855.5,16790.0
2020-12-10,2060.0,25620.0,2867.0,15980.0
2020-12-11,2022.5,27260.0,2795.0,21000.0
2020-12-14,2047.0,27080.0,2836.0,16400.0
2020-12-15,2029.5,23340.0,2814.5,15200.0
2020-12-16,2035.0,32730.0,2832.0,13880.0
2020-12-17,2053.0,77920.0,2856.0,25560.0
2020-12-18,2056.5,28190.0,2872.5,16670.0
2020-12-21,2020.5,28900.0,2834.5,26330.0
2020-12-22,1995.5,38660.0,2775.0,18670.0
2020-12-23,2006.0,29260.0,2819.0,15320.0
2020-12-24,2030.0,13620.0,2842.5,10580.0
2020-12-29,1991.0,33360.0,2762.0,22930.0
2020-12-30,1999.5,16880.0,2784.5,10690.0
2020-12-31,1979.5,19690.0,2751.0,13220.0
2021-01-04,2031.5,37700.0,2792.0,17900.0
2021-01-05,2040.5,25750.0,2813.0,16900.0
2021-01-06,2038.5,43440.0,2860.0,18190.0
2021-01-07,2036.5,24130.0,2888.0,16940.0
2021-01-08,2021.5,23800.0,2813.5,20420.0
2021-01-11,2009.5,27560.0,2767.5,19870.0
2021-01-12,2019.5,31570.0,2778.0,17080.0
2021-01-13,2013.0,26940.0,2773.5,14750.0
2021-01-14,2005.5,26940.0,2757.0,19310.0
2021-01-15,1991.0,29540.0,2699.0,17330.0
2021-01-18,1972.0,26850.0,2682.5,11980.0
2021-01-19,1964.0,36710.0,2686.0,13730.0
2021-01-20,1980.5,25050.0,2728.0,10970.0
2021-01-21,1997.5,37650.0,2709.0,11880.0
2021-01-22,1994.5,30070.0,2715.0,19760.0
2021-01-25,2012.0,28240.0,2705.5,9220.0
2021-01-26,2020.0,26820.0,2656.5,16079.999999999998
2021-01-27,1992.0,27470.0,2583.5,24120.0
2021-01-28,1984.5,28400.0,2592.5,25250.0
2021-01-29,1977.5,37310.0,2579.5,27000.0
2021-02-01,1969.0,37530.0,2570.5,18740.0
2021-02-02,1972.5,31410.0,2569.5,16030.000000000002
2021-02-03,1973.5,23370.0,2615.0,18770.0
2021-02-04,1993.5,28780.0,2627.0,17480.0
2021-02-05,2015.5,26970.0,2665.5,16820.0
2021-02-08,2028.0,25150.0,2651.0,16990.0
2021-02-09,2054.0,30050.0,2695.5,14970.0
2021-02-10,2079.0,32390.0,2725.0,15740.0
2021-02-11,2079.5,24460.0,2789.5,13600.0
2021-02-12,2089.5,23690.0,2834.0,17930.0
2021-02-15,2083.5,22940.0,2842.5,12860.0
2021-02-16,2086.5,22690.0,2827.5,12860.0
2021-02-17,2115.0,31360.0,2816.0,16420.0
2021-02-18,2137.5,51770.0,2855.5,21170.0
2021-02-19,2131.5,56340.0,2881.0,25850.0
2021-02-22,2166.5,37190.0,2899.0,22760.0
2021-02-23,2147.0,47250.0,2854.5,17880.0
2021-02-24,2184.5,43080.0,2846.5,21150.0
2021-02-25,2235.0,77710.0,2890.0,26900.0
2021-02-26,2154.5,71660.0,2792.5,25370.0
2021-03-01,2129.5,61370.0,2816.0,17800.0
2021-03-02,2211.5,69320.0,2851.0,27490.0
2021-03-03,2200.0,52340.0,2787.0,23250.0
2021-03-04,2153.5,65040.00000000001,2748.5,36550.0
2021-03-05,2176.0,39100.0,2773.5,17950.0
2021-03-08,2171.0,30620.0,2782.0,15520.0
2021-03-09,2168.5,38030.0,2777.5,16800.0
2021-03-10,2168.0,33790.0,2764.0,11370.0
2021-03-11,2178.0,55220.0,2823.0,18780.0
2021-03-12,2171.0,29900.0,2804.0,12530.0
2021-03-15,2218.0,50210.0,2858.5,15190.0
2021-03-16,2202.5,49120.0,2810.0,21480.0
2021-03-17,2227.5,31960.0,2827.0,12590.0
2021-03-18,2216.0,35380.0,2792.0,14810.0
2021-03-19,2265.5,42730.0,2837.0,17270.0
2021-03-22,2272.0,50250.0,2866.0,16129.999999999998
2021-03-23,2219.5,59290.0,2838.5,21990.0
2021-03-24,2258.0,25990.0,2800.5,14830.0
2021-03-25,2246.0,42020.0,2771.0,16870.0
2021-03-26,2298.0,39960.0,2830.5,13320.0
2021-03-29,2266.0,27680.0,2829.5,15690.0
2021-03-30,2231.0,26180.0,2810.0,14470.0
2021-03-31,2212.0,39460.0,2818.5,14960.0
2021-04-01,2225.5,26580.0,2774.5,17640.0
2021-04-06,2268.0,36050.0,2824.0,20670.0
2021-04-07,2260.0,24200.0,2832.5,14040.0
2021-04-08,2282.5,26240.0,2854.5,18350.0
2021-04-09,2264.0,21730.0,2829.5,13640.0
2021-04-12,2262.0,25750.0,2758.0,20860.0
2021-04-13,2293.0,29400.0,2785.5,18770.0
2021-04-14,2323.5,33650.0,2823.0,16500.0
2021-04-15,2339.0,38650.0,2864.5,17460.0
2021-04-16,2315.0,25130.0,2856.0,15520.0
2021-04-19,2330.0,24090.0,2846.0,13260.0
2021-04-20,2309.5,26760.0,2814.0,16260.000000000002
2021-04-21,2364.5,48110.0,2815.0,18980.0
2021-04-22,2363.0,24180.0,2822.5,15070.0
2021-04-23,2364.5,23230.0,2852.0,14880.0
2021-04-26,2403.5,24420.0,2915.0,19760.0
2021-04-27,2396.0,31900.0,2925.5,24090.0
2021-04-28,2399.5,22920.0,2919.5,18730.0
2021-04-29,2417.0,42740.0,2919.0,24470.0
2021-04-30,2397.0,38220.0,2926.0,18220.0
2021-05-04,2428.0,32890.0,2968.0,20830.0
2021-05-05,2444.5,28420.0,2933.0,14960.0
2021-05-06,2488.5,55690.0,2943.5,17900.0
2021-05-07,2540.0,54330.0,3015.0,36280.0
2021-05-10,2531.0,78160.0,2991.5,26930.0
2021-05-11,2521.0,51160.0,3009.0,18800.0
2021-05-12,2480.5,55020.0,2969.0,22080.0
2021-05-13,2451.5,54520.0,2920.0,25470.0
2021-05-14,2463.0,51350.0,2938.0,15480.0
2021-05-17,2499.0,39250.0,3014.0,18900.0
2021-05-18,2478.0,57570.0,3057.0,42710.0
2021-05-19,2415.0,50350.0,2939.0,29130.0
2021-05-20,2396.0,40940.0,2959.5,17590.0
2021-05-21,2370.0,66910.0,2971.0,19160.0
2021-05-24,2387.0,63500.0,2948.5,19090.0
2021-05-25,2372.0,39980.0,2982.5,18030.0
2021-05-26,2402.0,29250.0,2968.5,12070.0
2021-05-27,2481.0,44880.0,3061.0,21260.0
2021-05-28,2483.0,54850.0,3060.0,19450.0
2021-06-01,2469.0,40240.0,3064.0,17700.0
2021-06-02,2444.0,31340.0,3082.5,17330.0
2021-06-03,2405.0,25610.0,2984.5,27340.0
2021-06-04,2455.0,26120.0,3010.5,12710.0
2021-06-07,2426.0,28840.0,2999.5,18290.0
2021-06-08,2452.5,25850.0,3016.5,13820.0
2021-06-09,2458.5,29820.0,3019.0,13180.0
2021-06-10,2476.0,38540.0,2995.0,14890.0
2021-06-11,2464.5,38800.0,3044.5,18050.0
2021-06-14,2494.0,23290.0,3044.5,13540.0
2021-06-15,2467.0,51900.0,3029.0,32700.000000000004
2021-06-16,2469.5,28800.0,3024.0,23910.0
2021-06-17,2400.0,51260.0,2911.5,30520.0
2021-06-18,2385.0,42820.0,2822.5,32820.0
2021-06-21,2403.5,35250.0,2837.0,21000.0
2021-06-22,2425.0,31160.0,2861.5,18130.0
2021-06-23,2439.5,26670.0,2893.0,13520.0
2021-06-24,2440.0,39860.0,2916.0,17420.0
2021-06-25,2486.0,60510.0,2907.5,20150.0
2021-06-28,2490.0,36920.0,2905.0,13620.0
2021-06-29,2551.5,39390.0,2950.5,18290.0
2021-06-30,2523.5,41140.0,2974.5,23310.0
2021-07-01,2512.0,29370.0,2938.5,16480.0
2021-07-02,2562.0,31240.0,2935.0,17950.0
2021-07-05,2556.0,24760.0,2945.5,13460.0
2021-07-06,2530.0,35310.0,2934.5,16500.0
2021-07-07,2499.5,37710.0,2958.5,14620.0
2021-07-08,2442.0,42390.0,2933.5,14410.0
2021-07-09,2501.5,31820.0,2977.0,14860.0
2021-07-12,2489.5,34450.0,2949.5,14680.0
2021-07-13,2535.5,34500.0,2934.5,14430.0
2021-07-14,2525.0,21450.0,2925.5,15110.0
2021-07-15,2518.0,25620.0,2968.5,14050.0
2021-07-16,2488.5,23920.0,3003.0,14320.0
2021-07-19,2425.5,41110.0,2977.0,22030.0
2021-07-20,2465.5,60720.0,2962.0,27260.0
2021-07-21,2453.5,35610.0,2929.0,16980.0
2021-07-22,2483.0,29330.0,2938.5,15900.0
2021-07-23,2502.5,25530.0,2963.0,14040.0
2021-07-26,2519.0,34820.0,3011.0,19010.0
2021-07-27,2490.0,34410.0,2982.5,22430.0
2021-07-28,2537.0,40940.0,2979.5,21570.0
2021-07-29,2591.5,46890.0,2998.0,21120.0
2021-07-30,2590.0,62860.0,3027.0,26710.0
2021-08-02,2615.0,33540.0,3050.5,29590.0
2021-08-03,2586.0,39180.0,2969.5,28800.0
2021-08-04,2566.5,24790.0,2973.5,15940.0
2021-08-05,2588.0,22730.0,3028.5,19340.0
2021-08-06,2578.0,30090.0,2983.5,26600.0
2021-08-09,2549.0,42080.0,2951.5,18180.0
2021-08-10,2574.5,37920.0,3000.0,16790.0
2021-08-11,2585.5,21600.0,3043.5,21940.0
2021-08-12,2582.5,32810.0,2992.5,17830.0
2021-08-13,2600.0,27260.0,3033.5,15650.0
2021-08-16,2602.0,33970.0,3031.0,14050.0
2021-08-17,2599.5,68570.0,3015.0,30320.0
2021-08-18,2555.0,37380.0,2985.0,18650.0
2021-08-19,2545.5,49790.0,2951.5,34990.0
2021-08-20,2546.5,32790.0,2928.5,22620.0
2021-08-23,2602.0,41380.0,2929.0,18520.0
2021-08-24,2615.0,49170.0,3018.0,30880.0
2021-08-25,2617.5,25690.0,3026.0,17570.0
2021-08-26,2619.5,35400.0,3002.0,13910.0
2021-08-27,2649.5,60330.0,3002.0,15160.0
2021-08-31,2718.0,63980.0,3003.5,15890.0
2021-09-01,2690.0,53080.0,2981.5,17800.0
2021-09-02,2695.0,57920.0,2979.0,14960.0
2021-09-03,2727.0,36370.0,2996.5,15640.0
2021-09-06,2773.0,41120.0,3007.5,10380.0
2021-09-07,2757.0,22830.0,3044.0,24590.0
2021-09-08,2794.0,46320.0,3062.0,26420.0
2021-09-09,2839.5,47380.0,3075.5,14320.0
2021-09-10,2924.0,56530.0,3119.0,21850.0
2021-09-13,2896.5,71540.0,3084.5,22870.0
2021-09-14,2831.0,57540.0,3052.0,21280.0
2021-09-15,2893.0,72980.0,3075.5,23400.0
2021-09-16,2879.5,40820.0,3082.0,18430.0
2021-09-17,2885.5,35700.0,3088.0,20740.0
2021-09-20,2863.0,38730.0,3014.0,19740.0
2021-09-21,2846.0,40300.0,2978.0,25080.0
2021-09-22,2935.0,61220.0,3025.5,25550.0
2021-09-23,2949.5,56000.0,3091.0,28360.0
2021-09-24,2915.5,41620.0,3128.5,23840.0
2021-09-27,2883.5,42200.0,3067.5,21220.0
2021-09-28,2944.5,59190.0,3079.0,17990.0
2021-09-29,2911.5,36670.0,3054.0,20270.0
2021-09-30,2858.5,60390.0,2988.0,23990.0
2021-10-01,2857.0,38560.0,2982.5,18360.0
2021-10-04,2916.0,25250.0,3016.0,17130.0
2021-10-05,2921.0,26220.0,3046.5,12590.0
2021-10-06,2897.0,38670.0,3014.5,16350.000000000002
2021-10-07,2946.0,42440.0,3049.5,12660.0
2021-10-08,2966.0,60140.0,3151.0,40360.0
2021-10-11,3064.0,64030.0,3230.0,39500.0
2021-10-12,3068.0,58810.0,3263.0,29960.0
2021-10-13,3068.0,51510.0,3401.5,47540.0
2021-10-14,3117.0,69440.0,3528.5,42760.0
2021-10-15,3171.5,66740.0,3794.5,56270.0
2021-10-18,3167.5,59540.0,3696.5,41940.0
2021-10-19,3112.0,74020.0,3508.0,52160.0
2021-10-20,3069.5,70750.0,3563.5,31290.0
2021-10-21,2910.5,90310.0,3429.5,38850.0
2021-10-22,2868.0,105920.0,3447.5,27810.0
2021-10-25,2875.5,50450.0,3459.5,12520.0
2021-10-26,2829.0,64000.0,3425.0,24940.0
2021-10-27,2686.0,116370.0,3335.0,25700.0
2021-10-28,2746.5,87060.0,3372.0,17180.0
2021-10-29,2716.5,67420.0,3378.5,25380.0
2021-11-01,2719.5,39110.0,3357.5,18760.0
2021-11-02,2692.5,46720.0,3342.5,18560.0
2021-11-03,2656.0,56410.0,3307.0,27280.0
2021-11-04,2554.5,68700.0,3240.5,26140.0
2021-11-05,2556.5,53690.0,3228.5,24350.0
2021-11-08,2605.0,33760.0,3271.0,19540.0
2021-11-09,2556.5,42700.0,3281.5,19180.0
2021-11-10,2578.0,36590.0,3292.0,12340.0
2021-11-11,2660.0,41370.0,3279.0,15030.0
2021-11-12,2700.0,38530.0,3267.5,16270.0
2021-11-15,2657.0,41160.0,3217.0,14810.0
2021-11-16,2574.5,61520.0,3223.0,20850.0
2021-11-17,2616.5,32340.000000000004,3192.0,16079.999999999998
2021-11-18,2616.0,28270.0,3159.0,14220.0
2021-11-19,2679.5,42360.0,3238.0,19550.0
2021-11-22,2689.5,30230.0,3348.5,25370.0
2021-11-23,2668.5,20740.0,3301.0,17040.0
2021-11-24,2704.0,29450.0,3322.0,19740.0
2021-11-25,2717.5,23860.0,3300.5,10120.0
2021-11-26,2615.0,48350.0,3194.0,22590.0
2021-11-29,2630.0,49980.0,3198.0,16100.000000000002
2021-11-30,2625.0,51650.0,3200.5,28660.0
2021-12-01,2664.5,61530.0,3202.5,18120.0
2021-12-02,2600.0,55450.0,3146.0,22850.0
2021-12-03,2623.0,32720.0,3161.5,11780.0
2021-12-06,2588.0,34480.0,3162.5,15650.0
2021-12-07,2628.5,25960.0,3226.5,18650.0
2021-12-08,2627.0,21620.0,3310.0,20150.0
2021-12-09,2626.5,28640.0,3310.0,14190.0
2021-12-10,2606.5,28340.0,3328.5,10490.0
2021-12-13,2654.0,35020.0,3325.0,17200.0
2021-12-14,2628.5,26750.0,3304.5,17380.0
2021-12-15,2597.0,41760.0,3271.5,19880.0
2021-12-16,2667.0,66370.0,3422.0,58470.0
2021-12-17,2724.5,46100.0,3387.0,28580.0
2021-12-20,2671.0,38220.0,3354.5,17130.0
2021-12-21,2754.0,39130.0,3427.5,23510.0
2021-12-22,2824.5,62530.0,3531.5,29690.0
2021-12-23,2846.0,43450.0,3527.0,18880.0
2021-12-24,2837.0,17780.0,3519.0,7770.0
2021-12-29,2810.5,74660.0,3513.0,24100.0
2021-12-30,2818.0,47530.0,3532.5,15140.0
2021-12-31,2807.5,47530.0,3534.0,15140.0
2022-01-04,2839.0,52870.0,3604.0,28040.0
2022-01-05,2922.0,68350.0,3588.0,23530.0
2022-01-06,2921.5,51160.0,3550.0,18750.0
2022-01-07,2914.5,47050.0,3533.0,17280.0
2022-01-10,2931.5,1120.0,3477.0,450.0
2022-01-11,2970.0,42570.0,3556.0,25860.0
2022-01-12,2982.5,56450.0,3552.0,22570.0
2022-01-13,2952.0,40860.0,3563.5,21680.0
2022-01-14,2976.5,60360.0,3521.0,21420.0
2022-01-17,2997.0,25070.0,3508.0,10450.0
2022-01-18,3024.5,43360.0,3567.0,16430.0
2022-01-19,3050.5,46620.0,3581.5,18180.0
2022-01-20,3111.0,81130.0,3649.5,27730.0
2022-01-21,3040.5,51530.0,3635.0,20270.0
2022-01-24,3028.5,34440.0,3595.5,17260.0
2022-01-25,3092.0,45240.0,3572.5,12910.0
2022-01-26,3094.0,30610.0,3610.0,15650.0
2022-01-27,3098.5,36620.0,3630.5,26510.0
2022-01-28,3082.5,40850.0,3609.5,16079.999999999998
2022-01-31,3021.0,34830.0,3586.0,18490.0
2022-02-01,3032.5,33740.0,3602.5,12000.0
2022-02-02,2986.0,64019.99999999999,3610.0,12840.0
2022-02-03,3050.0,39360.0,3596.5,15470.0
2022-02-04,3074.0,42230.0,3612.5,15450.0
2022-02-07,3132.0,45880.0,3625.0,18330.0
2022-02-08,3183.0,77230.0,3593.0,20320.0
2022-02-09,3266.0,51530.0,3644.5,16460.0
2022-02-10,3250.5,64739.99999999999,3703.0,30440.0
2022-02-11,3136.5,73470.0,3626.5,24690.0
2022-02-14,3214.5,55230.0,3574.5,26470.0
2022-02-15,3208.0,41550.0,3582.0,19290.0
2022-02-16,3256.0,55310.0,3584.0,16280.000000000002
2022-02-17,3268.0,39810.0,3606.0,14510.0
2022-02-18,3262.5,42990.0,3575.5,25820.0
2022-02-21,3279.5,28210.0,3558.0,11640.0
2022-02-22,3303.0,69130.0,3605.0,17960.0
2022-02-23,3292.5,50200.0,3571.5,16920.0
2022-02-24,3394.5,106850.0,3641.0,26160.0
2022-02-25,3357.5,57610.0,3621.5,18430.0
2022-02-28,3368.5,85690.0,3666.0,26160.0
2022-03-01,3478.0,68560.0,3746.0,28570.0
2022-03-02,3569.0,68400.0,3861.0,44590.0
2022-03-03,3716.5,106230.0,3920.5,42980.0
2022-03-04,3849.0,76730.0,4051.0,31930.0
2022-03-07,3740.0,83050.0,4112.5,41460.0
2022-03-08,3498.0,92280.0,4135.5,57980.0
2022-03-09,3341.0,69170.0,3940.0,43050.0
2022-03-10,3427.5,53250.0,3863.0,19530.0
2022-03-11,3483.0,30790.0,3815.0,13060.0
2022-03-14,3319.5,37150.0,3809.0,14960.0
2022-03-15,3277.5,63060.0,3798.0,23490.0
2022-03-16,3258.5,36070.0,3808.5,17400.0
2022-03-17,3384.5,29820.0,3825.5,15120.0
2022-03-18,3381.0,27280.0,3826.0,10660.0
2022-03-21,3521.0,39490.0,3940.0,11370.0
2022-03-22,3504.5,32400.0,3888.0,11690.0
2022-03-23,3653.0,32580.0,4100.0,18240.0
2022-03-24,3623.5,30650.0,4039.0,21050.0
2022-03-25,3605.0,20850.0,4066.5,9360.0
2022-03-28,3614.0,17900.0,4087.5,9980.0
2022-03-29,3436.0,60300.0,4027.0,16690.0
2022-03-30,3551.0,24500.0,4149.0,12420.0
2022-03-31,3491.0,37280.0,4173.5,17810.0
2022-04-01,3450.0,29150.0,4339.0,17160.0
2022-04-04,3447.0,30760.0,4369.0,15770.0
2022-04-05,3465.0,24420.0,4296.5,11290.0
2022-04-06,3441.0,34060.0,4274.0,13310.0
2022-04-07,3385.0,41480.0,4188.0,12690.0
2022-04-08,3374.5,25820.0,4254.5,14700.0
2022-04-11,3248.0,50280.0,4290.0,19620.0
2022-04-12,3267.0,33610.0,4376.0,15110.0
2022-04-13,3236.0,31950.0,4461.5,18100.0
2022-04-14,3285.5,27380.0,4412.0,14270.0
2022-04-19,3261.0,32810.0,4498.5,18140.0
2022-04-20,3269.0,43640.0,4418.0,20050.0
2022-04-21,3298.0,21170.0,4450.0,12500.0
2022-04-22,3245.5,,4434.5,17330.0
2022-04-25,3095.0,,4168.5,27450.0
2022-04-26,3064.5,33240.0,4183.5,17640.0
2022-04-27,3093.5,24270.0,4219.5,16810.0
2022-04-28,3031.5,30340.0,4136.5,20270.0
2022-04-29,3052.5,36840.0,4107.0,18300.0
2022-05-03,2911.0,61370.0,3961.5,24460.0
2022-05-04,2953.0,34420.0,3965.0,16290.0
2022-05-05,2916.0,48400.0,3904.5,27340.0
2022-05-06,2842.0,48510.0,3772.0,23210.0
2022-05-09,2755.0,51520.0,3615.0,26270.0
2022-05-10,2753.5,44150.0,3597.5,20850.0
2022-05-11,2778.0,44510.0,3668.5,19430.0
2022-05-12,2742.0,46720.0,3530.0,25860.0
2022-05-13,2788.0,37940.0,3489.5,22640.0
2022-05-16,2832.0,29610.0,3563.5,17830.0
2022-05-17,2890.5,42270.0,3661.5,23310.0
2022-05-18,2857.5,33800.0,3620.0,12360.0
2022-05-19,2906.5,33060.0,3714.5,17140.0
2022-05-20,2946.0,40390.0,3707.0,12410.0
2022-05-23,2956.0,35610.0,3786.0,13200.0
2022-05-24,2901.5,30170.0,3790.5,14960.0
2022-05-25,2874.0,32050.0,3750.5,12820.0
2022-05-26,2865.0,23780.0,3735.5,11430.0
2022-05-27,2871.5,23680.0,3843.5,16790.0
2022-05-30,2888.5,18020.0,3900.5,18960.0
2022-05-31,2787.0,40090.0,3913.5,16040.0
2022-06-01,2726.0,57000.0,3864.5,18160.0
2022-06-06,2782.5,44100.0,3873.0,16379.999999999998
2022-06-07,2778.5,39600.0,3797.0,21760.0
2022-06-08,2819.0,35340.0,3821.5,14710.0
2022-06-09,2761.0,41390.0,3762.0,14250.0
2022-06-10,2680.0,44180.0,3692.5,13600.0
2022-06-13,2628.0,61180.0,3613.5,25210.0
2022-06-14,2570.0,51080.0,3596.5,17160.0
2022-06-15,2592.5,46510.0,3643.0,17310.0
2022-06-16,2504.5,56340.0,3577.5,23190.0
2022-06-17,2498.0,40740.0,3523.5,24770.0
2022-06-20,2527.0,21890.0,3517.5,15940.0
2022-06-21,2533.5,51390.0,3592.0,39280.0
2022-06-22,2479.5,44780.0,3536.5,23590.0
2022-06-23,2477.5,52340.0,3491.5,31020.0
2022-06-24,2456.0,50250.0,3350.0,37820.0
2022-06-27,2495.5,39570.0,3318.0,23600.0
2022-06-28,2491.0,43940.0,3333.0,18340.0
2022-06-29,2471.0,42730.0,3360.0,16920.0
2022-06-30,2445.5,52720.0,3157.0,38350.0
2022-07-01,2444.0,73290.0,3029.0,45950.0
2022-07-04,2464.0,20980.0,3118.0,15160.0
2022-07-05,2392.0,50630.0,2992.0,28560.0
2022-07-06,2409.5,45930.0,2998.0,24710.0
2022-07-07,2442.5,52600.0,3110.0,25330.0
2022-07-08,2436.5,,3099.0,
2022-07-11,2380.0,,3049.5,
2022-07-12,2365.0,,3019.5,
2022-07-13,2363.0,,2933.5,
2022-07-14,2328.0,,2866.5,
2022-07-15,2344.0,,2931.5,
2022-07-18,2435.0,,2992.5,
2022-07-19,2386.0,,2948.5,
2022-07-20,2425.0,,3001.5,
2022-07-21,2440.0,,2953.5,
2022-07-22,2469.0,,2993.5,
2022-07-25,2415.0,,2989.5,
2022-07-26,2437.0,,3034.5,
2022-07-27,2427.0,,3037.5,
2022-07-28,2456.0,39160.0,3160.0,20320.0
2022-07-29,2488.5,50790.0,3308.5,28830.0
2022-08-01,2430.5,34760.0,3328.0,22740.0
2022-08-02,2414.5,47650.0,3312.0,26640.0
2022-08-03,2378.0,34520.0,3277.0,20710.0
2022-08-04,2403.0,37720.0,3450.5,29210.0
2022-08-05,2416.0,35260.0,3488.5,30460.0
2022-08-08,2445.5,22400.0,3445.5,15890.0
2022-08-09,2490.5,37710.0,3536.5,22310.0
2022-08-10,2489.5,38510.0,3608.5,25620.0
2022-08-11,2520.5,33310.0,3686.5,27030.0
2022-08-12,2434.5,38040.0,3589.0,25430.0
2022-08-15,2390.0,46760.0,3563.5,20530.0
2022-08-16,2392.0,77430.0,3672.0,42980.0
2022-08-17,2411.0,33890.0,3513.5,22450.0
2022-08-18,2403.0,37750.0,3472.5,18140.0
2022-08-19,2386.0,35650.0,3487.5,14990.0
2022-08-22,2390.5,30330.0,3497.0,11060.0
2022-08-23,2424.0,43330.0,3484.5,16340.0
2022-08-24,2430.0,33070.0,3513.5,17410.0
2022-08-25,2433.5,29560.0,3548.0,14620.0
2022-08-26,2493.5,51010.0,3565.5,16050.0
2022-08-30,2391.0,52070.0,3482.0,20860.0
2022-08-31,2359.0,56070.0,3459.5,20200.0
2022-09-01,2295.0,62330.0,3259.5,43590.0
2022-09-02,2295.5,38740.0,3135.5,32220.0
2022-09-05,2285.5,27490.0,3197.5,16160.0
2022-09-06,2260.5,47100.0,3166.5,16780.0
2022-09-07,2235.0,49520.0,3123.5,19210.0
2022-09-08,2276.5,,3154.0,
2022-09-09,2286.0,52510.0,3167.5,20850.0
2022-09-12,2283.0,30510.0,3196.5,12040.0
2022-09-13,2313.0,41670.0,3227.0,22240.0
2022-09-14,2270.5,44100.0,3229.5,14300.0
2022-09-15,2307.5,46520.0,3186.5,16760.0
2022-09-16,2277.0,23360.0,3153.5,9740.0
2022-09-19,2251.0,23360.0,3140.5,9740.0
2022-09-20,2245.5,34550.0,3128.5,17460.0
2022-09-21,2202.5,68030.0,3098.5,19350.0
2022-09-22,2228.5,45660.0,3106.5,16970.0
2022-09-23,2165.0,41380.0,3008.0,21590.0
2022-09-26,2139.5,37040.0,2924.0,24310.0
2022-09-27,2114.0,41900.0,2861.5,24690.0
2022-09-28,2124.0,48590.0,2853.0,19570.0
2022-09-29,2197.0,81670.0,2929.5,24730.0
2022-09-30,2162.0,52170.0,2968.0,27010.0
2022-10-03,2219.5,51200.0,2960.5,14390.0
2022-10-04,2348.0,66170.0,3047.0,19280.0
2022-10-05,2352.0,53310.0,3044.0,22740.0
2022-10-06,2347.0,46800.0,3120.5,20900.0
2022-10-07,2299.0,34590.0,2991.5,16580.0
2022-10-10,2260.0,35040.0,2964.0,17500.0
2022-10-11,2236.0,44160.0,2928.5,17620.0
2022-10-12,2305.0,42530.0,2908.5,16970.0
2022-10-13,2359.5,71880.0,2901.0,19670.0
2022-10-14,2306.0,35860.0,2941.0,20030.0
2022-10-17,2229.0,42210.0,2866.5,19230.0
2022-10-18,2193.0,58180.0,2863.5,26190.0
2022-10-19,2170.5,39280.0,2899.0,16580.0
2022-10-20,2209.5,39800.0,2964.0,16090.0
2022-10-21,2206.0,31460.0,2928.0,21010.0
2022-10-24,2175.0,31670.0,2958.0,11290.0
2022-10-25,2215.0,40190.0,2905.0,16410.0
2022-10-26,2335.0,56820.0,2948.5,15460.0
2022-10-27,2287.5,46130.0,2942.0,14600.0
2022-10-28,2211.5,44840.0,2821.5,24000.0
2022-10-31,2222.0,39310.0,2697.0,35970.0
2022-11-01,2242.5,36750.0,2743.5,20920.0
2022-11-02,2251.0,31050.0,2748.5,10570.0
2022-11-03,2264.0,26950.0,2720.0,25570.0
2022-11-04,2355.5,46460.0,2874.0,35280.0
2022-11-07,2337.0,35080.0,2886.0,22060.0
2022-11-08,2372.0,36210.0,2931.0,24120.0
2022-11-09,2319.0,39270.0,2853.5,17680.0
2022-11-10,2327.0,42750.0,2884.0,21290.0
2022-11-11,2463.5,79520.0,3024.5,29880.0
2022-11-14,2452.5,50330.0,3131.5,26110.0
2022-11-15,2435.0,48120.0,3111.5,27370.0
2022-11-16,2412.0,31530.0,3053.5,18750.0
2022-11-17,2391.0,37170.0,2987.0,19320.0
2022-11-18,2430.0,31760.0,3031.0,16840.0
2022-11-21,2379.0,31880.0,2906.0,20890.0
2022-11-22,2429.0,31170.0,2914.5,18560.0
2022-11-23,2397.0,25660.0,2906.5,10190.0
2022-11-24,2367.5,18460.0,2918.0,6590.0
2022-11-25,2362.5,25800.0,2920.5,9350.0
2022-11-28,2362.5,25180.0,2937.0,12520.0
2022-11-29,2379.5,30250.0,2934.5,17530.0
2022-11-30,2477.5,54780.0,3037.5,27310.0
2022-12-01,2485.0,58010.0,3079.5,16750.0
2022-12-02,2545.5,52480.0,3079.0,17880.0
2022-12-05,2522.5,44150.0,3126.0,16650.0
2022-12-06,2508.5,42060.0,3156.0,27310.0
2022-12-07,2485.5,35770.0,3183.0,24710.0
2022-12-08,2503.0,31520.0,3236.5,18840.0
2022-12-09,2480.5,27200.0,3240.5,16190.000000000002
2022-12-12,2414.0,37300.0,3269.5,20230.0
2022-12-13,2461.0,40430.0,3318.5,21870.0
2022-12-14,2444.0,25660.0,3238.5,23670.0
2022-12-15,2384.0,49860.0,3160.0,32190.0
2022-12-16,2375.0,39580.0,3018.0,26090.0
2022-12-19,2361.0,30520.0,3012.0,19420.0
2022-12-20,2372.5,40100.0,3082.5,18130.0
2022-12-21,2391.5,30100.0,3009.5,17460.0
2022-12-22,2406.0,25550.0,2948.0,18120.0
2022-12-23,2389.5,24640.0,2965.0,15230.0
2022-12-28,2381.0,31080.0,3005.5,18000.0
2022-12-29,2405.0,23860.0,2984.5,10720.0
2022-12-30,2378.0,29180.0,2972.5,10570.0
2023-01-03,2311.0,54930.0,3002.0,16260.000000000002
2023-01-04,2266.5,50900.0,2992.0,14750.0
2023-01-05,2255.5,45600.0,3005.0,15880.0
2023-01-06,2295.5,51620.0,3023.5,20440.0
2023-01-09,2438.5,71020.0,3205.5,33150.0
2023-01-10,2463.5,61280.0,3160.5,24240.0
2023-01-11,2510.0,54330.0,3207.0,19440.0
2023-01-12,2548.5,56550.0,3235.5,23830.0
2023-01-13,2595.0,73010.0,3324.0,28050.0
2023-01-16,2621.0,58200.0,3304.5,15620.0
2023-01-17,2618.5,44740.0,3295.0,13130.0
2023-01-18,2638.0,69660.0,3405.0,28030.0
2023-01-19,2587.5,53220.0,3457.5,30210.0
2023-01-20,2610.5,33430.0,3420.5,14660.0
2023-01-23,2636.5,24390.0,3420.5,11780.0
2023-01-24,2650.5,29730.0,3429.0,14440.0
2023-01-25,2658.5,29940.0,3450.0,13740.0
2023-01-26,2639.0,30470.0,3486.5,15630.0
2023-01-27,2627.0,29450.0,3413.5,14400.0
2023-01-30,2589.5,39440.0,3446.0,17860.0
2023-01-31,2644.0,55090.0,3389.0,19600.0
2023-02-01,2631.5,43500.0,3349.5,18690.0
2023-02-02,2617.0,55120.0,3382.5,21620.0
2023-02-03,2569.5,39840.0,3241.5,21820.0
2023-02-06,2533.5,50900.0,3131.0,22220.0
2023-02-07,2524.5,40650.0,3136.5,25520.0
2023-02-08,2481.0,64180.00000000001,3132.0,25450.0
2023-02-09,2499.0,49810.0,3123.0,19460.0
2023-02-10,2440.5,44190.0,3042.5,22080.0
2023-02-13,2412.5,54610.0,3097.5,25140.0
2023-02-14,2408.0,43630.0,3082.5,19970.0
2023-02-15,2384.5,47140.0,3018.5,16620.0
2023-02-16,2394.0,46940.0,3003.5,23870.0
2023-02-17,2387.5,44830.0,3058.0,25720.0
2023-02-20,2457.5,31170.0,3126.0,15950.0
2023-02-21,2467.5,43760.0,3135.5,15860.0
2023-02-22,2418.0,41890.0,3057.0,18880.0
2023-02-23,2396.0,37980.0,3034.5,15540.0
2023-02-24,2335.5,64250.0,2964.0,24240.0
2023-02-27,2363.0,39580.0,2988.5,21260.0
2023-02-28,2373.0,38400.0,3000.5,18020.0
2023-03-01,2431.5,49090.0,3115.5,25450.0
2023-03-02,2399.5,43510.0,3048.0,20820.0
2023-03-03,2405.0,34220.0,3077.5,17870.0
2023-03-06,2382.0,39030.0,3032.5,14970.0
2023-03-07,2350.0,38460.0,2954.0,23660.0
2023-03-08,2354.0,51930.0,2975.0,22610.0
2023-03-09,2328.0,31340.0,2974.0,15290.0
2023-03-10,2313.0,67680.0,2937.0,23650.0
2023-03-13,2333.5,74010.0,2946.5,30450.0
2023-03-14,2352.5,43540.0,2909.5,24020.0
2023-03-15,2277.0,74190.0,2866.0,31820.0
2023-03-16,2267.5,50620.0,2857.5,21280.0
2023-03-17,2274.0,50170.0,2895.0,22740.0
2023-03-20,2274.5,38190.0,2885.5,19620.0
2023-03-21,2266.5,55050.0,2864.5,26230.0
2023-03-22,2286.5,39550.0,2866.0,13870.0
2023-03-23,2326.0,46760.0,2907.0,18040.0
2023-03-24,2337.0,48870.0,2891.5,16860.0
2023-03-27,2363.5,33150.0,2912.0,18480.0
2023-03-28,2389.0,37350.0,2936.5,13860.0
2023-03-29,2380.0,49140.0,2968.0,22120.0
2023-03-30,2386.0,33560.0,2932.0,15210.0
2023-03-31,2413.0,39510.0,2922.5,27880.0
2023-04-03,2397.5,62870.0,2898.5,18130.0
2023-04-04,2370.5,47940.0,2831.5,20120.0
2023-04-05,2333.5,41760.0,2789.5,22390.0
2023-04-06,2333.5,35590.0,2779.0,23510.0
2023-04-11,2302.5,52180.0,2757.5,18800.0
2023-04-12,2325.0,51150.0,2785.0,15510.0
2023-04-13,2367.0,54900.0,2837.0,17060.0
2023-04-14,2385.5,47400.0,2856.5,19810.0
2023-04-17,2378.5,41560.0,2832.0,12870.0
2023-04-18,2437.0,65880.0,2871.0,14000.0
2023-04-19,2445.0,69600.0,2790.0,34790.0
2023-04-20,2421.0,55300.0,2770.0,34330.0
2023-04-21,2396.5,38980.0,2719.0,28950.0
2023-04-24,2381.0,34040.0,2670.0,25430.0
2023-04-25,2335.5,55640.0,2600.0,27240.0
2023-04-26,2327.0,44970.0,2645.0,24970.0
2023-04-27,2319.0,50300.0,2621.0,24680.0
2023-04-28,2356.0,49680.0,2647.5,19430.0
2023-05-02,2366.5,55320.0,2609.5,22610.0
2023-05-03,2321.0,39430.0,2630.0,16550.0
2023-05-04,2287.0,50090.0,2622.5,19570.0
2023-05-05,2318.5,44970.0,2686.5,19400.0
2023-05-09,2320.0,54980.0,2674.0,17720.0
2023-05-10,2268.0,51230.0,2623.5,20520.0
2023-05-11,2211.0,96500.0,2548.0,27530.0
2023-05-12,2231.5,66670.0,2549.0,24340.0
2023-05-15,2259.5,54320.0,2532.0,15450.0
2023-05-16,2259.5,65239.99999999999,2492.0,25730.0
2023-05-17,2296.5,58170.0,2524.0,19360.0
2023-05-18,2283.5,49960.0,2459.0,22440.0
2023-05-19,2283.5,37970.0,2479.0,30930.0
2023-05-22,2263.5,49010.0,2431.5,22650.0
2023-05-23,2227.0,59380.0,2372.5,26040.0
2023-05-24,2205.0,79560.0,2313.0,23680.0
2023-05-25,2231.0,59560.0,2272.0,41920.0
2023-05-26,2237.5,47640.0,2343.5,27230.0
2023-05-30,2224.0,48900.0,2302.5,25330.0
2023-05-31,2246.0,57580.0,2248.5,42270.0
2023-06-01,2282.5,59200.0,2267.0,26210.0
2023-06-02,2263.5,69550.0,2306.5,33380.0
2023-06-05,2244.0,56060.0,2288.5,21700.0
2023-06-06,2210.0,62460.0,2319.0,23950.0
2023-06-07,2219.0,48790.0,2398.5,33780.0
2023-06-08,2254.5,48070.0,2408.5,25530.0
2023-06-09,2268.0,46040.0,2404.5,24620.0
2023-06-12,2228.0,39150.0,2349.5,19580.0
2023-06-13,2232.0,38410.0,2381.5,19320.0
2023-06-14,2253.5,47120.0,2486.5,34770.0
2023-06-15,2249.5,53920.0,2480.5,28940.0
2023-06-16,2271.0,59770.0,2478.0,18850.0
2023-06-19,2241.0,38240.0,2437.0,13730.0
2023-06-20,2230.0,69350.0,2359.5,45840.0
2023-06-21,2223.0,48180.0,2416.0,24020.0
2023-06-22,2201.0,38740.0,2456.0,21480.0
2023-06-23,2174.5,49790.0,2364.5,18630.0
2023-06-26,2148.5,51760.0,2328.0,22600.0
2023-06-27,2195.0,64050.0,2386.5,19680.0
2023-06-28,2173.5,45720.0,2349.5,16190.000000000002
2023-06-29,2160.0,35190.0,2341.5,17030.0
2023-06-30,2151.5,56830.0,2388.0,20220.0
2023-07-03,2157.5,38080.0,2365.0,15300.0
2023-07-04,2167.5,25760.0,2411.0,10280.0
2023-07-05,2142.5,50910.0,2357.5,17520.0
2023-07-06,2129.0,40500.0,2363.5,14040.0
2023-07-07,2145.5,40180.0,2362.0,14670.0
2023-07-10,2147.0,37170.0,2353.0,16910.0
2023-07-11,2168.5,47220.0,2356.0,20610.0
2023-07-12,2236.0,77010.0,2425.5,28240.0
2023-07-13,2278.0,78300.0,2479.0,32230.0
2023-07-14,2276.5,52990.0,2439.0,22580.0
2023-07-17,2255.0,39240.0,2410.0,20220.0
2023-07-18,2203.5,53980.0,2395.0,30740.0
2023-07-19,2190.5,49970.0,2359.5,30270.0
2023-07-20,2201.0,41300.0,2383.5,20830.0
2023-07-21,2204.5,30010.0,2372.0,18550.0
2023-07-24,2209.0,30520.0,2417.0,22110.0
2023-07-25,2240.0,48350.0,2488.0,38250.0
2023-07-26,2213.0,39260.0,2473.5,23790.0
2023-07-27,2205.0,39960.0,2454.0,29880.0
2023-07-28,2222.0,40180.0,2497.5,24890.0
2023-07-31,2282.5,60800.0,2565.0,35450.0
2023-08-01,2255.5,54100.0,2569.0,29090.0
2023-08-02,2209.0,54760.0,2482.5,28960.0
2023-08-03,2230.0,49070.0,2485.0,21690.0
2023-08-04,2232.5,39680.0,2504.0,22040.0
2023-08-07,2230.0,24380.0,2496.5,14780.0
2023-08-08,2200.5,108550.0,2456.0,86840.0
2023-08-09,2195.0,38000.0,2479.5,21300.0
2023-08-10,2204.0,40190.0,2457.0,22660.0
2023-08-11,2175.5,39060.0,2397.5,29160.0
2023-08-14,2146.0,39950.0,2349.5,29280.0
2023-08-15,2142.5,64019.99999999999,2314.5,47430.0
2023-08-16,2143.0,39480.0,2283.5,43360.0
2023-08-17,2145.5,50260.0,2298.0,33870.0
2023-08-18,2137.0,40270.0,2300.0,22560.0
2023-08-21,2144.0,50070.0,2317.5,22780.0
2023-08-22,2177.0,72870.0,2332.0,20120.0
2023-08-23,2179.5,34330.0,2371.0,18490.0
2023-08-24,2157.5,36010.0,2394.0,25870.0
2023-08-25,2150.5,38070.0,2382.5,22560.0
2023-08-29,2168.5,44750.0,2440.0,30960.0
2023-08-30,2201.5,57950.0,2435.0,25070.0
2023-08-31,2208.0,72070.0,2430.5,29360.0
2023-09-01,2237.0,77490.0,2485.5,28930.0
2023-09-04,2212.5,34400.0,2479.5,14960.0
2023-09-05,2193.0,38790.0,2472.5,21350.0
2023-09-06,2193.5,45700.0,2463.0,19900.0
2023-09-07,2196.0,42470.0,2479.5,23260.0
2023-09-08,2183.5,41260.0,2443.5,26800.0
2023-09-11,2205.5,40690.0,2509.5,30420.0
2023-09-12,2196.5,30500.0,2479.0,22350.0
2023-09-13,2217.5,45410.0,2526.0,20180.0
2023-09-14,2224.5,46050.0,2570.0,43360.0
2023-09-15,2190.0,52600.0,2520.5,27280.0
2023-09-18,2220.0,57000.0,2542.0,22700.0
2023-09-19,2215.5,39690.0,2497.5,26910.0
2023-09-20,2256.0,89150.0,2555.5,36930.0
2023-09-21,2212.0,50990.0,2514.0,28470.0
2023-09-22,2240.5,54990.0,2562.0,31000.0
2023-09-25,2233.5,40260.0,2532.0,19240.0
2023-09-26,2243.5,37480.0,2511.0,29080.0
2023-09-27,2238.0,48750.0,2476.5,33740.0
2023-09-28,2277.5,70490.0,2620.5,55820.0
2023-09-29,2347.0,95450.0,2649.5,35900.0
2023-10-02,2321.0,70930.0,2600.5,28840.0
2023-10-03,2290.0,62870.0,2502.0,35430.0
2023-10-04,2246.5,69010.0,2493.0,31330.0
2023-10-05,2232.0,41330.0,2476.5,18300.0
2023-10-06,2239.5,42620.0,2509.0,16700.0
2023-10-09,2241.5,45560.0,2513.0,26370.0
2023-10-10,2212.5,45590.0,2472.0,28140.0
2023-10-11,2214.0,32770.0,2476.5,16850.0
2023-10-12,2200.0,48570.0,2449.5,20270.0
2023-10-13,2199.5,40020.0,2446.0,21640.0
2023-10-16,2180.5,43470.0,2446.0,16650.0
2023-10-17,2177.0,70350.0,2421.0,37540.0
2023-10-18,2182.0,34320.0,2436.5,15640.0
2023-10-19,2185.0,36400.0,2414.5,14170.0
2023-10-20,2181.5,27910.0,2438.0,17400.0
2023-10-23,2176.0,31710.0,2420.0,23010.0
2023-10-24,2191.0,44210.0,2442.5,19480.0
2023-10-25,2219.0,47390.0,2480.0,24370.0
2023-10-26,2197.5,43570.0,2435.0,24520.0
2023-10-27,2220.0,48140.0,2471.5,20990.0
2023-10-30,2266.5,62100.0,2465.5,18140.0
2023-10-31,2251.5,56470.0,2429.5,20450.0
2023-11-01,2236.5,42640.0,2500.0,51220.0
2023-11-02,2227.5,41980.0,2478.0,27940.0
2023-11-03,2254.0,40540.0,2524.5,19380.0
2023-11-06,2287.5,51860.0,2573.0,31120.0
2023-11-07,2265.0,51620.0,2568.0,25310.0
2023-11-08,2263.5,38180.0,2610.0,28600.0
2023-11-09,2242.5,51750.0,2602.5,17540.0
2023-11-10,2215.0,68040.0,2562.0,22570.0
2023-11-13,2223.5,51720.0,2553.0,19660.0
2023-11-14,2231.0,59270.0,2600.5,22340.0
2023-11-15,2232.5,50730.0,2656.0,38910.0
2023-11-16,2215.5,50830.0,2576.0,41690.0
2023-11-17,2207.0,50950.0,2555.0,33950.0
2023-11-20,2245.5,56950.0,2563.5,23020.0
2023-11-21,2258.5,68140.0,2546.0,31030.0
2023-11-22,2218.5,57600.0,2495.0,33050.0
2023-11-23,2224.5,25810.0,2537.5,16640.0
2023-11-24,2216.0,33860.0,2553.5,15630.0
2023-11-27,2210.5,43900.0,2539.0,21990.0
2023-11-28,2217.0,58480.0,2537.5,25410.0
2023-11-29,2214.0,45230.0,2501.0,26940.0
2023-11-30,2193.0,63090.0,2475.5,34810.0
2023-12-01,2209.0,78710.0,2509.5,30630.0
2023-12-04,2182.0,58390.0,2453.0,29740.0
2023-12-05,2160.0,72110.0,2421.5,36960.0
2023-12-06,2148.5,48020.0,2428.5,32030.0
2023-12-07,2132.5,57900.0,2406.5,28090.0
2023-12-08,2134.0,61180.0,2399.5,38530.0
2023-12-11,2117.0,54540.0,2407.0,27190.0
2023-12-12,2121.0,52890.0,2430.5,28420.0
2023-12-13,2140.0,60910.0,2426.5,19830.0
2023-12-14,2210.0,121660.0,2493.0,38260.0
2023-12-15,2247.5,122120.0,2532.0,31170.0
2023-12-18,2283.0,74700.0,2539.0,28920.0
2023-12-19,2262.5,59360.0,2581.5,31220.0
2023-12-20,2241.0,103250.0,2573.0,43330.0
2023-12-21,2244.0,41940.0,2547.0,21480.0
2023-12-22,2326.0,90090.0,2601.0,23850.0
2023-12-27,2387.0,75270.0,2641.5,24970.0
2023-12-28,2378.0,65890.0,2641.0,21520.0
2023-12-29,2384.0,42760.0,2658.0,20900.0
2024-01-02,2335.5,63260.0,2621.0,29620.0
2024-01-03,2312.5,64290.00000000001,2585.5,27440.0
2024-01-04,2281.0,49500.0,2538.0,25150.0
2024-01-05,2273.5,51500.0,2562.5,26440.0
2024-01-08,2236.5,55620.0,2509.0,28190.0
2024-01-09,2249.5,49140.0,2503.5,22400.0
2024-01-10,2232.5,42840.0,2495.5,27400.0
2024-01-11,2235.0,56730.0,2502.5,23160.0
2024-01-12,2219.5,55890.0,2514.0,23830.0
2024-01-15,2204.5,40390.0,2558.5,24530.0
2024-01-16,2214.0,50410.0,2547.0,21780.0
2024-01-17,2178.0,71080.0,2466.0,41520.0
2024-01-18,2163.5,59260.0,2462.5,30620.0
2024-01-19,2166.0,43890.0,2462.0,23400.0
2024-01-22,2159.0,49950.0,2456.5,21500.0
2024-01-23,2228.0,92560.0,2519.5,32240.000000000004
2024-01-24,2229.5,88650.0,2584.5,35940.0
2024-01-25,2238.5,58260.0,2580.0,28380.0
2024-01-26,2274.5,59370.0,2577.5,20240.0
2024-01-29,2264.5,55080.0,2552.0,18020.0
2024-01-30,2274.5,49530.0,2564.5,18180.0
2024-01-31,2280.0,52650.0,2527.5,30100.0
2024-02-01,2247.0,49340.0,2478.0,36000.0
2024-02-02,2233.5,47310.0,2451.0,31390.0
2024-02-05,2212.5,44460.0,2420.0,29540.0
2024-02-06,2230.5,61350.0,2432.5,30600.0
2024-02-07,2222.0,43500.0,2400.5,38350.0
2024-02-08,2221.5,49760.0,2327.5,36260.0
2024-02-09,2216.0,48950.0,2300.5,31810.0
2024-02-12,2227.0,45200.0,2320.0,29150.0
2024-02-13,2225.5,35230.0,2314.5,29460.0
2024-02-14,2235.5,45780.0,2312.5,29570.0
2024-02-15,2224.5,74100.0,2354.5,34840.0
2024-02-16,2218.0,50020.0,2385.0,28490.0
2024-02-19,2197.0,50480.0,2401.5,29150.0
2024-02-20,2193.5,63440.0,2379.0,25900.0
2024-02-21,2219.5,107970.0,2394.5,28310.0
2024-02-22,2198.0,75190.0,2386.5,23610.0
2024-02-23,2180.0,62590.0,2405.0,23900.0
2024-02-26,2180.0,42310.0,2424.5,29110.0
2024-02-27,2191.5,44440.0,2422.0,23080.0
2024-02-28,2190.5,48120.0,2414.5,31740.0
2024-02-29,2228.0,61930.0,2426.0,26990.0
2024-03-01,2245.0,59750.0,2417.0,26940.0
2024-03-04,2234.0,46960.0,2449.0,26100.0
2024-03-05,2228.5,42390.0,2455.0,36200.0
2024-03-06,2235.0,45090.0,2494.5,37940.0
2024-03-07,2253.0,76630.0,2535.0,49880.0
2024-03-08,2240.0,54220.0,2527.5,41890.0
2024-03-11,2259.0,48680.0,2567.0,31080.0
2024-03-12,2265.0,53120.0,2561.0,39950.0
2024-03-13,2264.0,45450.0,2576.0,32590.000000000004
2024-03-14,2251.5,42590.0,2548.0,27680.0
2024-03-15,2274.5,61210.0,2561.0,25520.0
2024-03-18,2277.5,63010.0,2532.0,27950.0
2024-03-19,2269.0,113230.0,2505.5,45470.0
2024-03-20,2273.0,61180.0,2508.5,20530.0
2024-03-21,2301.5,87410.0,2524.5,30970.0
2024-03-22,2309.0,78730.0,2484.0,33600.0
2024-03-25,2326.0,68450.0,2495.5,27440.0
2024-03-26,2303.5,60450.0,2442.0,32730.0
2024-03-27,2298.5,52640.0,2437.0,39210.0
2024-03-28,2337.0,62230.0,2439.0,27070.0
2024-04-02,2380.0,112270.0,2479.5,48710.0
2024-04-03,2429.0,121770.0,2548.0,42460.0
2024-04-04,2444.5,103720.0,2645.5,50830.0
2024-04-05,2450.5,89210.0,2638.5,49460.0
2024-04-08,2460.5,106850.0,2664.0,81570.0
2024-04-09,2460.0,76760.0,2709.5,62750.0
2024-04-10,2456.0,87390.0,2735.5,59240.0
2024-04-11,2454.0,48910.0,2758.5,47400.0
2024-04-12,2494.0,91760.0,2828.5,68100.0
2024-04-15,2555.0,196150.0,2774.5,56580.0
2024-04-16,2561.5,85900.0,2771.0,39300.0
2024-04-17,2587.0,105910.0,2839.0,42380.0
2024-04-18,2614.5,90810.0,2812.5,37720.0
2024-04-19,2669.0,115940.0,2852.0,36070.0
2024-04-22,2670.5,78630.0,2832.0,28190.0
2024-04-23,2579.0,112140.0,2792.5,30160.0
2024-04-24,2603.0,73420.0,2805.0,24640.0
2024-04-25,2563.5,67890.0,2848.0,33250.0
2024-04-26,2569.5,52040.0,2844.0,33500.0
2024-04-29,2590.0,56400.0,2943.5,34650.0
2024-04-30,2591.5,63050.0,2926.0,47750.0
2024-05-01,2577.5,41490.0,2881.0,29810.0
2024-05-02,2528.0,74220.0,2886.0,33260.0
2024-05-03,2551.5,59790.0,2903.0,25080.0
2024-05-07,2569.5,64060.0,2960.0,37990.0
2024-05-08,2549.0,56150.0,2905.5,32900.0
2024-05-09,2561.5,34790.0,2909.5,25500.0
2024-05-10,2529.5,73570.0,2930.5,29170.0
2024-05-13,2542.0,74040.0,2997.5,32200.000000000004
2024-05-14,2551.0,68970.0,3003.5,29300.0
2024-05-15,2598.5,90120.0,2976.0,40940.0
2024-05-16,2586.5,79570.0,2960.0,29490.0
2024-05-17,2612.0,49420.0,3031.0,29860.0
2024-05-20,2630.0,59790.0,3114.0,38820.0
2024-05-21,2725.5,148050.0,3139.5,43830.0
2024-05-22,2636.5,90170.0,3062.5,32550.0
2024-05-23,2621.5,63010.0,3062.5,28590.0
2024-05-24,2662.0,51710.0,3057.0,20110.0
2024-05-28,2729.5,57680.0,3100.0,20540.0
2024-05-29,2767.5,74360.0,3103.0,27310.0
2024-05-30,2703.5,88150.0,3071.5,32010.0
2024-05-31,2652.5,72910.0,2969.5,33530.0
2024-06-03,2661.5,50280.0,2943.0,36270.0
2024-06-04,2663.5,69630.0,2935.0,34310.0
2024-06-05,2622.0,60690.0,2864.0,45460.0
2024-06-06,2647.5,45410.0,2910.0,30890.0
2024-06-07,2578.0,62230.0,2767.0,38320.0
2024-06-10,2572.0,54170.0,2850.5,33690.0
2024-06-11,2533.5,64620.00000000001,2771.0,49020.0
2024-06-12,2575.5,58670.0,2894.0,36200.0
2024-06-13,2557.0,55280.0,2860.0,28170.0
2024-06-14,2517.5,44320.0,2767.5,39730.0
2024-06-17,2501.5,56950.0,2815.5,29120.0
2024-06-18,2486.5,78050.0,2838.0,33570.0
2024-06-19,2499.0,34430.0,2869.0,16059.999999999998
2024-06-20,2521.5,42680.0,2873.5,16570.0
2024-06-21,2513.5,41720.0,2844.0,19580.0
2024-06-24,2503.0,36520.0,2846.0,19520.0
2024-06-25,2496.0,32130.000000000004,2871.0,20780.0
2024-06-26,2512.0,45900.0,2941.0,37880.0
2024-06-27,2492.5,32620.0,2929.5,21460.0
2024-06-28,2524.5,45090.0,2937.5,33440.0
2024-07-01,2515.5,34970.0,2928.5,31430.0
2024-07-02,2522.5,34170.0,2922.5,22550.0
2024-07-03,2548.0,42120.0,2991.0,28380.0
2024-07-04,2522.5,23640.0,2986.5,17750.0
2024-07-05,2535.5,37310.0,3001.0,27510.0
2024-07-08,2531.5,36170.0,2955.5,23400.0
2024-07-09,2496.5,41610.0,2930.5,26670.0
2024-07-10,2483.5,52070.0,2965.5,27310.0
2024-07-11,2476.5,50450.0,2959.0,23130.0
2024-07-12,2481.0,45770.0,2943.0,23900.0
2024-07-15,2461.5,52910.0,2955.0,21020.0
2024-07-16,2406.0,119860.0,2885.0,40230.0
2024-07-17,2402.0,59100.0,2847.5,30760.0
2024-07-18,2385.0,58790.0,2809.0,34770.0
2024-07-19,2351.5,59350.0,2776.5,29290.0
2024-07-22,2299.5,86290.0,2726.5,45760.0
2024-07-23,2295.0,71790.0,2688.5,38520.0
2024-07-24,2300.5,64300.0,2685.0,35260.0
2024-07-25,2270.5,100590.0,2681.0,39160.0
2024-07-26,2289.0,63540.0,2669.0,29320.0
2024-07-29,2250.5,67020.0,2637.0,28780.0
2024-07-30,2224.5,83020.0,2629.0,30440.0
2024-07-31,2290.5,90810.0,2675.5,31550.0
2024-08-01,2296.0,59490.0,2707.0,30320.0
2024-08-02,2263.5,59200.0,2653.0,30440.0
2024-08-05,2250.0,80300.0,2633.5,44460.0
2024-08-06,2296.0,55400.0,2601.0,37180.0
2024-08-07,2288.0,62380.0,2581.5,32490.000000000004
2024-08-08,2274.0,41730.0,2646.0,34080.0
2024-08-09,2301.5,45690.0,2736.5,45700.0
2024-08-12,2305.5,38920.0,2743.0,30930.0
2024-08-13,2332.0,45430.0,2688.5,38150.0
2024-08-14,2335.5,55580.0,2715.0,35140.0
2024-08-15,2363.5,45600.0,2782.0,30370.0
2024-08-16,2365.5,40220.0,2762.5,21080.0
2024-08-19,2445.5,75970.0,2787.0,25440.0
2024-08-20,2502.0,140510.0,2805.0,33750.0
2024-08-21,2487.0,72350.0,2850.5,35260.0
2024-08-22,2480.0,74950.0,2858.0,31370.0
2024-08-23,2542.0,62440.0,2912.0,34800.0
2024-08-27,2549.5,76720.0,2943.0,33030.0
2024-08-28,2496.0,52390.0,2881.0,37590.0
2024-08-29,2457.5,46360.0,2878.0,26600.0
2024-08-30,2447.0,59520.0,2897.0,28910.0
2024-09-02,2424.0,37380.0,2841.0,24810.0
2024-09-03,2407.5,51830.0,2846.0,31630.0
2024-09-04,2396.5,50090.0,2795.5,35960.0
2024-09-05,2378.5,53050.0,2737.5,41060.0
2024-09-06,2342.0,64209.99999999999,2717.5,36970.0
2024-09-09,2350.5,55460.0,2731.0,33920.0
2024-09-10,2336.5,56050.0,2712.0,29830.0
2024-09-11,2370.5,46360.0,2770.0,39050.0
2024-09-12,2415.5,50570.0,2856.0,38050.0
2024-09-13,2471.0,44240.0,2904.5,31350.0
2024-09-16,2528.5,78200.0,2946.0,31050.0
2024-09-17,2524.0,60790.0,2926.0,33240.0
2024-09-18,2536.5,97280.0,2886.0,54870.0
2024-09-19,2539.5,63330.0,2929.5,33490.0
2024-09-20,2485.0,61340.0,2874.0,33800.0
2024-09-23,2494.5,57410.0,2885.0,31700.0
2024-09-24,2556.0,77160.0,3009.5,43560.0
2024-09-25,2538.5,68020.0,2997.5,37590.0
2024-09-26,2611.5,84000.0,3099.0,41990.0
2024-09-27,2646.5,78630.0,3089.5,41330.0
2024-09-30,2611.5,66290.0,3091.0,34380.0
2024-10-01,2648.0,49230.0,3146.5,28710.0
2024-10-02,2678.5,47630.0,3173.5,22720.0
2024-10-03,2629.0,47610.0,3124.0,25740.0
2024-10-04,2653.0,43890.0,3166.0,24210.0
2024-10-07,2658.0,29770.0,3174.5,22610.0
2024-10-08,2571.0,71700.0,3091.0,45020.0
2024-10-09,2541.0,61000.0,3020.0,46320.0
2024-10-10,2586.0,55120.0,3086.5,33210.0
2024-10-11,2632.5,77800.0,3154.0,32930.0
2024-10-14,2594.0,61510.0,3082.5,39730.0
2024-10-15,2570.5,74840.0,3053.0,42210.0
2024-10-16,2584.0,55300.0,3052.5,34460.0
2024-10-17,2553.5,45800.0,3052.0,32340.000000000004
2024-10-18,2612.0,49620.0,3089.5,26900.0
2024-10-21,2595.5,53970.0,3075.5,30810.0
2024-10-22,2633.5,48420.0,3137.5,29020.0
2024-10-23,2669.5,60370.0,3144.0,47950.0
2024-10-24,2650.0,66500.0,3174.5,61370.0
2024-10-25,2677.5,66520.0,3102.0,55390.0
2024-10-28,2645.5,42120.0,3139.0,30160.0
2024-10-29,2659.0,47580.0,3122.0,35000.0
2024-10-30,2616.0,52980.0,3086.5,27410.0
2024-10-31,2617.5,53460.0,3029.0,39810.0
2024-11-01,2600.0,57460.0,3069.5,37010.0
2024-11-04,2620.0,38580.0,3035.5,34170.0
2024-11-05,2660.0,52910.0,3103.5,33760.0
2024-11-06,2615.5,72820.0,2973.0,47690.0
2024-11-07,2694.5,95660.0,3052.0,40060.0
2024-11-08,2620.5,75330.0,2979.5,38020.0
2024-11-11,2586.5,44240.0,2979.0,28280.0
2024-11-12,2563.0,54530.0,2938.0,33110.0
2024-11-13,2530.5,55400.0,2981.0,33860.0
2024-11-14,2516.5,74260.0,2942.5,40330.0
2024-11-15,2649.5,148970.0,2947.5,46810.0
2024-11-18,2607.5,88360.0,2951.5,30080.0
2024-11-19,2644.5,68640.0,2951.0,35790.0
2024-11-20,2644.0,62200.0,2987.5,34350.0
2024-11-21,2631.5,38110.0,2990.0,27890.0
2024-11-22,2624.0,37650.0,2966.5,25840.0
2024-11-25,2652.0,53770.0,3020.0,23420.0
2024-11-26,2612.5,51590.0,3075.5,44670.0
2024-11-27,2595.5,39600.0,3131.5,40610.0
2024-11-28,2599.0,32870.0,3054.0,37990.0
2024-11-29,2594.0,39590.0,3103.0,33120.0
2024-12-02,2590.0,43190.0,3076.5,26260.0
2024-12-03,2609.5,53100.0,3095.5,32490.000000000004
2024-12-04,2646.5,47360.0,3099.0,28660.0
2024-12-05,2639.0,39060.0,3118.5,27120.0
2024-12-06,2603.5,55650.0,3071.5,33340.0
2024-12-09,2588.0,55700.0,3126.0,36050.0
2024-12-10,2608.5,53430.0,3135.0,20200.0
2024-12-11,2601.0,39370.0,3125.5,22340.0
2024-12-12,2599.5,44580.0,3075.0,28810.0
2024-12-13,2605.0,41980.0,3095.5,25930.0
2024-12-16,2566.5,58790.0,3056.0,21870.0
2024-12-17,2542.5,53780.0,3035.5,30020.0
2024-12-18,2528.5,42340.0,2995.0,26830.0
2024-12-19,2507.0,78890.0,2967.0,49210.0
2024-12-20,2534.5,39830.0,2971.5,27620.0
2024-12-23,2527.0,32740.000000000004,2984.5,23230.0
2024-12-24,2565.0,40850.0,3049.0,17760.0
2024-12-27,2558.0,37190.0,3031.5,20000.0
2024-12-30,2551.0,25600.0,3019.0,21590.0
2024-12-31,2551.5,22960.0,2978.5,17110.0
2025-01-02,2529.0,46190.0,2927.0,44370.0
2025-01-03,2493.5,56380.0,2888.0,35570.0
2025-01-06,2490.0,60370.0,2901.5,38500.0
2025-01-07,2517.5,61470.0,2875.5,37040.0
2025-01-08,2498.5,56680.0,2825.0,48170.0
2025-01-09,2539.0,55970.0,2848.0,36980.0
2025-01-10,2571.5,72190.0,2868.0,33900.0
2025-01-13,2578.5,48090.0,2865.5,31850.0
2025-01-14,2560.0,67880.0,2862.5,34790.0
2025-01-15,2601.5,,2863.0,
2025-01-16,2635.0,,2876.0,
2025-01-17,2682.0,,2946.0,
2025-01-20,2691.0,,2960.0,
2025-01-21,2652.0,,2911.0,
2025-01-22,2635.0,,2895.0,
2025-01-23,2631.0,,2846.0,
2025-01-24,2637.0,,2828.0,
2025-01-27,2612.0,,2830.5,
2025-01-28,2576.55,,2772.5,
2025-01-29,2621.95,,2788.5,
2025-01-30,2617.45,,2788.5,
2025-01-31,2595.3,,2750.5,
2025-02-03,2626.2,,2806.5,
2025-02-04,2632.25,,2813.5,
2025-02-05,2625.65,,2791.5,
2025-02-06,2622.9,,2823.5,
2025-02-07,2637.75,,2849.5,
2025-02-10,2666.6,,2850.5,
2025-02-11,2639.05,,2829.5,
2025-02-12,2629.3,,2870.5,
2025-02-13,2610.65,,2840.5,
2025-02-14,2638.95,,2847.5,
2025-02-17,2650.15,,2875.5,
2025-02-18,2670.45,,2894.5,
2025-02-19,2683.9,,2876.5,
2025-02-20,2728.8,,2916.5,
2025-02-21,2675.1,,2928.5,
2025-02-24,2656.3,,2850.3,
2025-02-25,2639.75,,2808.4,
2025-02-26,2632.3,,2821.5,
2025-02-27,2636.0,,2814.5,
2025-02-28,2608.05,,2800.73,
2025-03-03,2617.45,,2849.0,
2025-03-04,2618.25,,2818.75,
2025-03-05,2665.4,,2881.5,
2025-03-06,2705.55,,2932.35,
2025-03-07,2696.05,,2882.35,
2025-03-10,2690.0,,2848.68,
2025-03-11,2705.0,,2917.5,
2025-03-12,2699.0,,2938.23,
2025-03-13,2702.9,,2950.33,
2025-03-14,2682.0,,2979.13,
2025-03-17,2690.5,,2960.18,
2025-03-18,2655.2,,2956.83,
2025-03-19,2669.2,,2925.18,
2025-03-20,2656.55,,2929.83,
2025-03-21,2626.2,,2930.13,
2025-03-24,2614.25,,2944.5,
2025-03-25,2607.6,,2971.83,
2025-03-26,2606.5,,2955.93,
2025-03-27,2561.85,,2897.93,
2025-03-28,2550.85,,2855.5,
2025-03-31,2536.75,,2855.4,
2025-04-01,2504.45,,2823.45,
2025-04-02,2490.35,,2787.5,
2025-04-03,2456.05,,2715.1,
2025-04-04,2378.05,,2661.4,
2025-04-07,2379.55,,2635.78,
2025-04-08,2339.6,,2564.7,
2025-04-09,2342.57,,2562.35,
2025-04-10,2369.0,,2626.5,
2025-04-11,2401.85,,2657.15,
2025-04-14,2386.05,,2638.65,
2025-04-15,2372.9,,2614.2,
2025-04-16,2388.6,,2589.4,
2025-04-17,2383.15,,2591.8,
2025-04-22,2394.55,,2607.5,
2025-04-23,2439.4,,2644.25,
2025-04-24,2459.9,,2699.65,
2025-04-25,2437.4,,2650.6,
2025-04-28,2435.3,,2640.7,
2025-04-29,2467.85,,2649.3,
2025-04-30,2397.5,,2585.0,
2025-05-01,2412.1,,2575.05,
2025-05-02,2440.4,,2611.8,
2025-05-06,2424.45,,2631.85,
2025-05-07,2380.05,,2617.9,
2025-05-08,2408.75,,2628.0,
2025-05-09,2421.1,,2655.9,
2025-05-12,2470.9,,2678.0,
2025-05-13,2490.95,,2716.45,
2025-05-14,2523.2,,2759.55,
2025-05-15,2500.6,,2728.65,
2025-05-16,2479.9,,2690.85,
2025-05-19,2439.15,,2673.95,
2025-05-20,2482.95,,2716.6,
2025-05-21,2477.25,,2690.5,
2025-05-22,2460.2,,2705.3,
2025-05-23,2472.4,,2708.0,
2025-05-27,2483.45,,2705.85,
2025-05-28,2470.55,,2688.6,
2025-05-29,2450.35,,2674.75,
2025-05-30,2446.4,,2636.2,
2025-06-02,2474.55,,2697.75,
2025-06-03,2472.6,,2703.5,
2025-06-04,2489.6,,2701.85,
2025-06-05,2479.2,,2689.0,
2025-06-06,2453.4,,2667.0,
2025-06-09,2480.65,,2652.5,
2025-06-10,2492.35,,2657.3,
2025-06-11,2517.95,,2654.6,
2025-06-12,2521.7,,2644.75,
2025-06-13,2506.05,,2627.0,
2025-06-16,2518.4,,2661.4,
2025-06-17,2547.7,,2639.25,
2025-06-18,2545.0,,2640.8,
2025-06-19,2527.25,,2645.0,
2025-06-20,2556.5,,2640.75,
2025-06-23,2589.95,,2686.85,
2025-06-24,2575.85,,2690.15,
2025-06-25,2571.1,,2709.35,
2025-06-26,2592.35,,2776.55,
2025-06-27,2598.85,,2782.55,
2025-06-30,2601.65,,2752.7,
2025-07-01,2602.1,,2716.65,
2025-07-02,2623.2,,2755.6,
2025-07-03,2608.15,,2745.5,
2025-07-04,2595.65,,2728.65,
2025-07-07,2569.65,,2686.45,
2025-07-08,2594.55,,2730.45,
2025-07-09,2605.2,,2745.5,
2025-07-10,2609.25,,2781.95,
2025-07-11,2603.7,,2737.5,
2025-07-14,2596.15,,2727.75,
2025-07-15,2582.45,,2698.15,
2025-07-16,2577.9,,2705.2,
2025-07-17,2588.25,,2740.3,
2025-07-18,2635.9,,2824.35,
2025-07-21,2644.95,,2844.75,
2025-07-22,2657.25,,2856.5,
2025-07-23,2645.65,,2865.5,
2025-07-24,2652.05,,2842.8,
2025-07-25,2635.85,,2831.6,
2025-07-28,2634.35,,2815.55,
2025-07-29,2608.0,,2817.5,
2025-07-30,2607.2,,2796.25,
2025-07-31,2565.55,,2766.15,
2025-08-01,2573.35,,2732.85,
2025-08-04,2564.6,,2752.15,
2025-08-05,2567.75,,2760.45,
2025-08-06,2624.35,,2795.85,
2025-08-07,2608.85,,2817.05,
2025-08-08,2615.75,,2832.1,
2025-08-11,2584.5,,2813.5,
2025-08-12,2628.3,,2851.5,
2025-08-13,2610.7,,2827.5,
2025-08-14,2624.25,,2842.0,
2025-08-15,2603.6,,2795.0,
2025-08-18,2585.75,,2781.5,
2025-08-19,2565.1,,2769.1,
2025-08-20,2582.6,,2788.5,
2025-08-21,2592.85,,2768.05,
2025-08-22,2622.55,,2807.02,
2025-08-26,2638.2,,2808.05,
2025-08-27,2605.4,,2763.45,
2025-08-28,2609.55,,2790.0,
2025-08-29,2620.15,,2826.7,
2025-09-01,2617.4,,2835.7,
2025-09-02,2621.25,,2868.5,
2025-09-03,2617.3,,2869.27,
2025-09-04,2591.75,,2839.6,
2025-09-05,2606.15,,2863.6,
2025-09-08,2614.4,,2875.95,
2025-09-09,2629.45,,2862.4,
2025-09-10,2628.2,,2890.4,
2025-09-11,2678.85,,2901.25,
2025-09-12,2699.9,,2948.8,
2025-09-15,2703.7,,2977.8,
2025-09-16,2714.55,,2981.8,
2025-09-17,2684.05,,2939.95,
2025-09-18,2696.5,,2912.35,
2025-09-19,2672.7,,2894.3,
2025-09-22,2650.35,,2901.65,
2025-09-23,2642.15,,2891.5,
2025-09-24,2656.0,,2933.3,
2025-09-25,2661.15,,2928.1,
2025-09-26,2652.6,,2893.45,
2025-09-29,2679.15,,2945.05,
2025-09-30,2681.95,,2953.9,
2025-10-01,2697.25,,2992.2,
2025-10-02,2689.35,,3020.55,
2025-10-03,2711.25,,3029.65,
2025-10-06,2720.25,,3006.9,
2025-10-07,2743.9,,3044.55,
2025-10-08,2759.05,,3003.6,
2025-10-09,2785.95,,3017.6,
2025-10-10,2749.55,,2995.85,
2025-10-13,2769.8,,3022.45,
2025-10-14,2746.1,,2946.65,
2025-10-15,2747.05,,2941.85,
2025-10-16,2799.2,,2972.7,
2025-10-17,2774.55,,2940.45,
2025-10-20,2773.75,,2971.85,
2025-10-21,2781.2,,2993.9,
2025-10-22,2809.8,,3029.33,
2025-10-23,2863.05,,3021.95,
2025-10-24,2859.9,,3023.6,
2025-10-27,2876.15,,3060.15,
2025-10-28,2899.7,,3062.52,
2025-10-29,2884.6,,3080.73,
2025-10-30,2872.55,,3039.98,
2025-10-31,2892.55,,3054.88,
2025-11-03,2912.95,,3107.1,
2025-11-04,2862.0,,3084.5,
2025-11-05,2863.2,,3058.1,
2025-11-06,2844.15,,3052.85,
2025-11-07,2856.95,,3066.55,
2025-11-10,2882.8,,3085.77,
2025-11-11,2878.55,,3068.5,
2025-11-12,2892.6,,3076.2,
2025-11-13,2879.15,,3048.9,
2025-11-14,2860.0,,3018.55,
2025-11-17,2815.8,,2991.6,
2025-11-18,2788.9,,2989.45,
2025-11-19,2813.25,,2985.95,
2025-11-20,2812.7,,3011.25,
2025-11-21,2805.7,,2992.8,
2025-11-24,2814.85,,3002.1,
2025-11-25,2811.9,,3003.9,
2025-11-26,2871.65,,3055.2,
2025-11-27,2833.25,,3020.4,
2025-11-28,2873.6,,3060.2,
2025-12-01,2892.55,,3101.45,
2025-12-02,2862.45,,3063.1,
2025-12-03,2901.5,,3068.75,
2025-12-04,2901.75,,3089.85,
2025-12-05,2909.2,,3097.2,
2025-12-08,2888.8,,3120.4,
2025-12-09,2856.63,,3092.4,
2025-12-10,2871.8,,3081.8,
2025-12-11,2903.85,,3211.1,
2025-12-12,2877.0,,3130.6,
2025-12-15,2873.9,,3088.75,
2025-12-16,2881.7,,3034.7,
2025-12-17,2902.4,,3065.2,
2025-12-18,2916.1,,3063.9,
2025-12-19,2958.9,,3078.25,
2025-12-22,2942.95,,3080.45,
2025-12-23,2947.45,,3100.3,
2025-12-24,2956.95,,3090.8,
2025-12-29,2951.15,,3087.48,
2025-12-30,2987.15,,3132.05,
2025-12-31,2995.95,,3121.7,
2026-01-02,3023.1,,3130.1,
2026-01-05,3087.4,,3206.85,
2026-01-06,3133.85,,3249.45,
2026-01-07,3086.55,,3175.05,
2026-01-08,3089.05,,3133.85,
2026-01-09,3147.85,,3155.45,
2026-01-12,3189.8,,3202.8,
2026-01-13,3190.4,,3212.05,
2026-01-14,3186.5,,3279.95,
2026-01-15,3170.25,,3314.2,
2026-01-16,3140.7,,3208.95,
2026-01-19,3166.4,,3229.5,
2026-01-20,3117.8,,3178.9,
2026-01-21,3119.58,,3167.8,
2026-01-22,3140.9,,3229.35,
2026-01-23,3175.35,,3279.25,
2026-01-26,3199.35,,3354.65,
2026-01-27,3210.35,,3360.9,
2026-01-28,3267.0,,3384.6,
2026-01-29,3230.5,,3431.75,
2026-01-30,3117.65,,3393.63,
2026-02-02,3054.2,,3321.2,
2026-02-03,3105.15,,3328.5,
2026-02-04,3052.15,,3315.3,
2026-02-05,3035.1,,3307.7,
2026-02-06,3111.65,,3365.05,
2026-02-09,3129.55,,3384.0,
2026-02-10,3101.5,,3392.6,
2026-02-11,3119.85,,3417.55,
2026-02-12,3097.15,,3368.45,
2026-02-13,3095.75,,3347.35,
2026-02-16,3045.3,,3290.55,
2026-02-17,3040.3,,3284.85,
2026-02-18,3084.5,,3374.15,
2026-02-19,3071.85,,3341.1,
2026-02-20,3101.9,,3377.95,
2026-02-23,3092.75,,3348.4,
2026-02-24,3110.9,,3394.65,
2026-02-25,3175.4,,3388.75,
2026-02-26,3148.1,,3372.8,
2026-02-27,3146.9,,3319.75,
2026-03-02,3194.45,,3322.15,
2026-03-03,3277.5,,3273.0,
2026-03-04,3333.5,,3321.15,
2026-03-05,3279.95,,3236.6,
2026-03-06,3425.9,,3302.05,
2026-03-09,3384.45,,3325.5,
2026-03-10,3393.0,,3345.7,
2026-03-11,3446.0,,3309.05,
2026-03-12,3519.35,,3316.5,
2026-03-13,3420.0,,3290.3,
2026-03-16,3391.2,,3270.45,
2026-03-17,3369.6,,3231.65,
2026-03-18,3415.18,,3141.45,
2026-03-19,3242.0,,3071.25,
2026-03-20,3194.95,,3073.4,
2026-03-23,3227.5,,3092.7,
2026-03-24,3239.5,,3044.15,
2026-03-25,3245.5,,3095.15,
2026-03-26,3248.95,,3087.25,
2026-03-27,3275.2,,3118.55,
2026-03-30,3431.5,,3200.55,
2026-03-31,3429.55,,3234.3,
2026-04-01,3523.8,,3306.5,
2026-04-02,3468.5,,3263.1,
2026-04-07,3464.5,,3315.1,
2026-04-08,3478.0,,3293.25,
2026-04-09,3446.6,,3331.45,
2026-04-10,3511.25,,3326.6,
2026-04-13,3626.75,,3319.95,
2026-04-14,3584.0,,3343.6,
2026-04-15,3620.15,,3397.25,
2026-04-16,3644.45,,3425.4,
2026-04-17,3557.0,,3436.2,
2026-04-20,3555.0,,3412.4,
2026-04-21,3532.5,,3450.85,
2026-04-22,3629.0,,3471.45,
2026-04-23,3619.52,,3463.0,
2026-04-24,3603.0,,3476.45,
2026-04-27,3580.8,,3399.6,
2026-04-28,3539.5,,3371.15,
2026-04-29,3481.4,,3316.2,
2026-04-30,3483.5,,3368.4,
2026-05-01,3518.4,,3340.45,
2026-05-05,3575.75,,3369.3,
2026-05-06,3526.0,,3409.45,
2026-05-07,3483.23,,3451.1,
2026-05-08,3503.05,,3429.2,
2026-05-11,3578.45,,3477.35,
2026-05-12,3575.2,,3526.95,
2026-05-13,3653.85,,3559.35,
2026-05-14,3653.0,,3584.65,
2026-05-15,3564.0,,3528.75,
2026-05-18,3561.65,,3524.1,
2026-05-19,3596.0,,3511.55,
2026-05-20,3631.35,,3561.85,
2026-05-21,3638.05,,3521.35,
2026-05-22,3650.9,,3541.8,
2026-05-26,3678.55,,3535.25,
2026-05-27,3627.0,,3518.3,
2026-05-28,3673.65,,3561.2,
2026-05-29,3675.0,,3534.4,
2026-06-01,3731.95,,3572.15,
2026-06-02,3762.0,,3640.95,
2026-06-03,3700.05,,3592.6,
2026-06-04,3667.6,,3587.25,
2026-06-05,3598.5,,3526.15,
2026-06-08,3594.2,,3537.2,
2026-06-09,3525.9,,3544.05,
2026-06-10,3475.5,,3481.65,
2026-06-11,3518.48,,3494.45,
2026-06-12,3543.0,,3578.25,
2026-06-15,3375.65,,3584.35,
2026-06-16,3393.85,,3565.6,
2026-06-17,3422.35,,3603.05,
2026-06-18,3399.45,,3640.8,
2026-06-19,3400.85,,3563.45,
2026-06-22,3362.6,,3610.35,
2026-06-23,3258.2,,3498.85,
2026-06-24,3119.0,,3418.25,
2026-06-25,3173.25,,3443.85,
2026-06-26,3199.0,,3502.85,
2026-06-29,3099.8,,3486.7,
2026-06-30,3098.15,,3558.3,
2026-07-01,3097.35,,3505.25,
2026-07-02,3085.45,,3486.25,
2026-07-03,3093.3,,3549.6,
2026-07-06,3111.25,,3583.15,
2026-07-07,3141.0,,3574.85,
2026-07-08,3141.0,,3530.1,
2026-07-09,3209.0,,3629.0,
2026-07-10,3146.35,,3614.3,
2026-07-13,3155.65,,3565.7,
2026-07-14,3175.6,,3595.9,
2026-07-15,3147.5,,3548.45,
2026-07-16,3178.4,,3581.1,
2026-07-17,3164.65,,3524.8,
2026-07-20,3137.5,,3514.75,
2026-07-21,3166.2,,3552.6,
2026-07-22,3190.55,,3592.85,
2026-07-23,3191.55,,3585.85,
2026-07-24,3165.05,,3589.65,
2026-07-27,3171.0,,3618.3,
2026-07-28,3148.6,,3578.3,
2026-07-29,3178.6,,3575.8,
2026-07-30,3194.0,,3617.5,
2026-07-31,3194.65,,3645.5,
