date,zinc_close,zinc_volume,zinc_inventory,zinc_regime,zinc_regime_next,aluminium_close,aluminium_volume,aluminium_inventory,aluminium_regime,aluminium_regime_next,usd_index,oil_price
2015-01-01,2894.1155845351464,10675,150000.0,0,0,2388.90082242229,19296,150000.0,0,0,100.03047170797544,70.16592303610757
2015-01-02,2813.640971706493,10883,155551.01409463023,0,0,2394.3459347534977,18430,156984.12596855327,0,0,99.9264732973514,70.24059711571009
2015-01-05,2788.2325282562174,5933,161217.8263811358,0,0,2409.10645880214,18398,163045.6782752758,0,0,100.00151841693204,70.54319762249654
2015-01-06,2781.708347401579,10073,171771.26074387677,0,0,2434.8762604875315,5746,181894.11950974216,0,0,100.09557488857116,70.68853365427105
2015-01-07,2852.6719237881275,19275,179653.31622155002,0,0,2473.6000040611398,9537,186588.24618637218,0,0,99.90047136970578,71.0538512105064
2015-01-08,2849.487737645886,18847,187590.31941549198,0,0,2456.282130630783,13633,189787.88787922476,0,0,99.77025341901954,71.3296783135005
2015-01-09,2896.5911406549817,6202,192723.58289345185,0,0,2403.9140225341384,7297,195294.2960001165,0,0,99.78303745933627,71.78618844932159
2015-01-12,2941.2954410526427,8314,211051.86669669294,0,0,2356.8427591645514,12152,196581.15909111098,0,0,99.75141320010192,71.89382727449346
2015-01-13,2950.4347799337943,15406,220772.5193404953,0,0,2317.9316981839606,10443,210527.3787079701,0,0,99.74973308435149,72.16540509494165
2015-01-14,2951.7453380914894,7024,234751.09251033838,0,0,2294.7404589600887,11311,216154.4045486359,0,0,99.66442869159413,72.0732669730159
2015-01-15,2952.9087660450878,16525,240692.505365503,0,0,2305.0742832433825,6369,220957.13194014397,0,0,99.75236848908041,71.89282872954821
2015-01-16,2942.791180664939,5089,240638.95431439643,0,0,2267.1633541606147,11989,227315.79955283564,0,0,99.8301476826233,72.4048590216739
2015-01-19,2927.3464554765974,11539,241052.02808656712,0,0,2277.986641222716,10906,229683.5145515223,0,0,99.83675075237943,72.46972042457071
2015-01-20,2941.34983325352,13829,242193.40758641993,0,0,2270.281688411987,11521,235021.3344852003,0,0,99.94947487307623,72.71118459432942
2015-01-21,2977.0168252630665,15963,248704.87875856055,0,0,2247.505226890095,17021,245817.81156787646,0,0,99.99622580730144,72.74830659865285
2015-01-22,2988.390831732542,12480,256836.82662710536,0,0,2230.609365546098,6211,251117.3541025172,0,0,99.91029656101311,72.57235190337686
2015-01-23,3022.278295222659,15760,256904.80160229234,0,0,2210.0655996317037,18222,256267.21237511514,0,0,99.94717163942136,72.57564677115157
2015-01-26,3077.827185872744,15844,256930.87522628932,0,0,2206.08058224917,9277,264687.3848775574,0,0,99.85128337933847,73.00644497648189
2015-01-27,3128.746446147451,15733,265068.4450985295,0,0,2201.0524333097756,8633,269430.86760978395,0,0,99.93912840946919,73.17301699876572
2015-01-28,3089.106078333388,5488,276991.6449962413,0,0,2178.3660484267402,11278,273179.1415342442,0,0,99.93413581837056,72.65957505084657
2015-01-29,3039.3174250215448,10263,286341.51174390706,0,0,2131.372113302583,16644,275842.390132533,0,0,99.91564958201604,72.59500171387373
2015-01-30,2932.9317252060055,17096,285517.8680670438,0,0,2117.438344722214,12529,288175.40197572584,0,0,99.84755662757564,73.12968985168514
2015-02-02,2881.6282117758255,11386,285682.64739205124,0,0,2125.574183796386,7577,287159.1981553205,0,0,99.96981076144304,73.06555079313016
2015-02-03,2822.5349885899927,16868,285244.0500096285,0,0,2174.9853837393293,12854,290871.5779715029,0,0,99.95435781323617,72.5254071856099
2015-02-04,2772.55370034429,7941,291294.1731918874,0,0,2241.976983278757,18372,298441.6354405413,0,0,99.91152503101985,73.09332185123667
2015-02-05,2781.186155195994,16437,297134.11921800335,0,0,2304.406309811024,5201,302105.4352677112,0,0,99.87631167597104,73.2980396041805
2015-02-06,2766.177949922784,9128,297519.916107362,0,0,2328.1229455856874,5226,307893.0269726803,0,0,99.92954259452637,73.27703574653665
2015-02-09,2692.158619071116,12383,303136.7206988062,0,0,2358.3507865264896,7102,314139.2379375087,0,0,99.96608700096277,73.16561042571205
2015-02-10,2661.477125481258,9160,302644.9415253581,0,0,2340.223521254988,6990,321165.87084161176,0,0,100.00736026212238,73.49031600464956
2015-02-11,2640.368230217719,8042,311017.96751199936,0,0,2326.180894139995,8362,326449.93685392727,0,0,100.05044236242317,73.3277209845817
2015-02-12,2590.5363969283662,7519,318820.9982186783,0,0,2275.5070022423006,19003,336146.4791752621,0,0,100.26460712251021,73.6721979119365
2015-02-13,2550.9808455560374,12763,322702.19746958086,0,0,2262.2552044157915,13493,340622.1659053474,0,0,100.22396562087175,73.83485649765377
2015-02-16,2483.419724525056,15673,329004.8856211273,0,0,2249.379772961764,12032,349976.655213424,0,0,100.17274134796459,73.90826107529998
2015-02-17,2429.6500216655,11937,333134.03651673865,0,0,2277.234774857474,12988,354123.6691989818,0,0,100.09136407513981,73.95191551690066
2015-02-18,2461.877147014862,12003,345553.0307934225,0,0,2304.337794035815,9080,354551.8558397379,0,0,100.15296201739736,73.89942510588641
2015-02-19,2448.4583503160343,8129,343502.8803123193,0,0,2329.6853941287586,6229,358489.12572024565,0,0,100.26585924666945,74.21311714194918
2015-02-20,2428.1055741141513,19396,348960.44029089314,0,0,2329.7361435968555,11689,360125.9480380358,0,0,100.25446450090396,73.95351429231863
2015-02-23,2398.1076085570126,7908,357177.80773003364,0,0,2321.647863213848,13001,363712.1236251077,0,0,100.1704488532077,73.46693675426957
2015-02-24,2372.3325688600207,12500,355688.4964029499,0,0,2338.89195089999,14575,370597.26225816784,0,0,100.08800073163859,73.65126879113731
2015-02-25,2385.660935990809,19574,357249.5313599522,0,0,2366.6142800823127,16697,380917.6721835097,0,0,100.15306001042104,73.84064028955746
2015-02-26,2364.117631140049,16896,356145.4756696956,0,0,2384.2238204305195,12356,376850.80276513577,0,0,100.22738542754139,73.98471263531098
2015-02-27,2419.77168520589,14613,358540.74123657605,0,0,2347.460631414675,16336,383409.7419899608,0,0,100.28170085437192,74.1070311461964
2015-03-02,2407.1454173987895,15399,365480.15412324417,0,0,2332.5327449313727,11038,394234.8389947832,0,0,100.21514988364305,74.01086903269514
2015-03-03,2372.5691704779156,11934,370517.421072898,0,0,2347.953773859225,8978,397198.53117779753,0,0,100.23836601594972,74.2471138440108
2015-03-04,2396.309892302869,10431,372363.8048622649,0,0,2345.572886030283,11541,396240.5145007376,0,0,100.25003459686378,74.23344640598444
2015-03-05,2444.4914920162014,10025,371425.7034809086,0,0,2348.75012859933,9425,400682.04396693583,0,0,100.27190345653669,74.08731233773987
2015-03-06,2494.7234776218165,10514,373208.6393538514,0,0,2364.1021354096556,16253,412146.64845404035,0,0,100.35904633433151,73.99374494406327
2015-03-09,2524.7027576685887,14471,375037.3130554747,0,0,2418.778756040058,7580,419950.5943972617,0,0,100.38140588920898,74.59993685369601
2015-03-10,2504.7831349635585,5359,374556.11834319995,0,0,2479.8013899198727,16001,415726.46609680454,0,0,100.44929724551616,74.07944402908238
2015-03-11,2473.783646867404,16508,377840.98316208087,0,0,2475.738917839148,6603,419179.5991028758,0,0,100.45605515246505,74.22938046037112
2015-03-12,2453.1287015917997,14130,376668.74065135646,0,0,2482.803261669721,11750,425005.81989725353,0,0,100.48496709233406,73.72564733208401
2015-03-13,2410.350458351283,9508,376374.1115584847,0,0,2504.8395948710518,18190,420515.35937787645,0,0,100.54809591491791,73.6931773305871
2015-03-16,2414.021603580383,11251,377884.2601928182,0,0,2544.2852539092237,6184,425929.11683475354,0,0,100.40238033293234,73.56308908504086
2015-03-17,2384.624941607503,11372,380002.2456927834,0,0,2571.3058450924786,17221,431029.12606247293,0,0,100.37041321129661,72.9375805960369
2015-03-18,2372.8747476616086,7306,382865.29219181446,0,0,2576.3129791877736,13245,431945.62269787537,0,0,100.32337594586733,73.05429187316702
2015-03-19,2324.74757966545,7576,390535.75182642357,0,0,2537.8589041107125,9856,434108.36561663187,0,0,100.259488161043,72.94028045450936
2015-03-20,2343.693925181896,5960,399944.9023920026,0,0,2535.8046114435365,9804,430409.60184325324,0,0,100.23197393592034,72.31051855174098
2015-03-23,2421.5883904080033,6525,396538.6711098068,0,0,2525.2858048280386,8370,438889.350203015,0,0,100.38146806704377,72.56238897897326
2015-03-24,2487.052730762943,19142,392127.729269094,0,0,2542.248078810341,17995,439010.25345498277,0,0,100.29488495547444,72.99289083236995
2015-03-25,2540.190895525569,18768,389677.100802822,0,0,2561.2118713524114,9331,448353.67734471586,0,0,100.3917127909336,73.43992813505892
2015-03-26,2620.1746947742126,6409,371016.5097641682,0,0,2544.0301456767384,14200,443609.2305494232,0,0,100.22342581377201,73.54761506725436
2015-03-27,2680.061586838073,6763,354161.8205871089,0,1,2470.0386457527507,12910,441339.92890015896,0,0,100.18993731077343,73.5614325088275
2015-03-30,2758.1744226409683,7602,344951.52802138403,1,1,2435.027993475224,11832,435544.283971617,0,0,100.20621261728394,73.95987949509623
2015-03-31,2815.321422782615,8395,328115.0256017045,1,1,2406.0983695922137,16131,424602.1246453833,0,0,100.26483485041986,74.46459457069827
2015-04-01,2853.028585222665,19855,315550.02653285826,1,1,2356.8730743599426,5953,408119.93803788576,0,1,100.33595750839915,74.80466518156095
2015-04-02,2793.6157356737694,13582,300853.4248224909,1,1,2338.962289762891,6884,386200.08678801655,1,1,100.41529223191914,74.52220390089201
2015-04-03,2828.547037101012,19453,285489.2303333812,1,1,2261.986535465439,5984,372501.80610114714,1,1,100.38041972469429,74.58260735685649
2015-04-06,2870.8331827774587,6533,272003.1271369858,1,1,2262.078325889754,8580,359746.4023504114,1,1,100.33418454542785,74.71446220014391
2015-04-07,2948.0799409825177,18957,261404.74088304306,1,1,2234.421442905482,17605,348948.29479357833,1,1,100.41998213355356,74.17157710946874
2015-04-08,2982.0025039418865,7866,247293.6592508767,1,1,2231.3491518505693,19511,334478.3990883465,1,1,100.40085170106539,74.31238530735497
2015-04-09,3023.734542244739,11466,228457.3463765515,1,1,2221.6305068049965,5620,327673.81338691036,1,1,100.2732830687316,74.9942828551488
2015-04-10,3071.4266408817853,8473,218654.13897486997,1,1,2211.8773602949204,17577,300243.12589837756,1,1,100.15995434733125,75.18626370488903
2015-04-13,3074.1262139041814,9241,212851.40018216253,1,1,2220.285917015013,8526,289454.5580447008,1,1,100.0680091187311,75.62828762932156
2015-04-14,3107.8969898846653,19446,192742.24491247037,1,1,2187.924227274089,10369,272288.25298222865,1,1,100.11772519313647,75.68316204836017
2015-04-15,3100.272942025654,8604,186245.5285448679,1,1,2170.952034026691,11421,260286.58751184755,1,1,100.13196776674353,75.66119655116502
2015-04-16,3138.3392965492553,18413,183281.0075133357,1,1,2174.4569533355466,10335,254386.0222678933,1,1,100.20101630215031,75.77557796818931
2015-04-17,3084.170121367409,19792,175950.89819078866,1,1,2203.8553793555384,18044,250782.02401884552,1,1,100.15829103751665,75.53082997379398
2015-04-20,3037.120804599996,12773,156991.57881852836,1,1,2204.152944363523,13263,243333.3526886846,1,1,100.17414500662431,75.24169741762367
2015-04-21,3037.1998187430295,13594,146236.6465445414,1,1,2256.634970544071,15039,237017.07733889433,1,1,100.23670404602106,75.62158878477447
2015-04-22,3017.9908592462893,14884,136010.25986400121,1,1,2195.817153471672,6362,226226.14803145907,1,1,100.20576939204904,76.03329148763443
2015-04-23,3073.577948290751,9820,137170.34961440353,1,1,2139.159246741444,13279,224598.8613541815,1,1,100.25144691580478,75.73595959295822
2015-04-24,3025.8784542768944,18158,132155.00086875528,1,1,2120.1141878929784,8995,211948.9501018956,1,1,100.18525432169811,76.02635923432439
2015-04-27,2984.3070408706844,15778,118639.58754063353,1,1,2127.8413445248225,10157,203010.46964960595,1,1,100.1489489370416,76.00027124164258
2015-04-28,3027.324655662802,12700,112016.39376794439,1,1,2158.259672000764,5729,207445.39541579905,1,1,100.11077514764176,76.1022138139897
2015-04-29,3072.6263209132194,16460,98026.61287297864,1,1,2131.695818719341,14476,202281.7049983836,1,0,99.99119118308286,76.24027940582023
2015-04-30,3141.4281375134697,11004,88718.37281009907,1,1,2138.442169588805,5760,193616.07784693714,0,0,100.03988843116142,76.53858454625752
2015-05-01,3194.657806604927,6336,79780.78978292752,1,1,2159.6359357406027,10779,184950.4413947561,0,1,99.99294819714115,76.56340000681648
2015-05-04,3146.774741203788,5357,65441.79650325172,1,1,2127.3291581105987,7023,178962.9144923682,1,1,99.99419760901392,76.98644860540706
2015-05-05,3114.806376802925,14065,57283.789297018295,1,1,2167.0776878330316,18796,167819.62688995156,1,1,100.0422722749045,77.07927245733504
2015-05-06,3066.6257398071807,11986,53425.58011086179,1,1,2166.027946273672,13193,157125.7576315398,1,1,100.08692539250751,77.2665277390759
2015-05-07,3078.3457834779733,19844,52566.29350368567,1,1,2165.554039679555,19986,154228.55625469607,1,1,100.15346390340478,77.01654896161473
2015-05-08,3074.8503786380948,5626,56333.32264257516,1,1,2184.9703995087466,13136,142158.21708194524,1,1,100.14361535495384,77.66414666482618
2015-05-11,3110.400108371053,12546,67793.02760705004,1,1,2177.908356513595,15570,139549.47032432994,1,1,100.10128552374943,77.80509414178766
2015-05-12,3094.6953441201704,18977,71050.90563322975,1,0,2214.275440650567,10975,127900.38940517917,1,1,100.09331370265879,78.0189933693912
2015-05-13,3073.0968760700102,5638,78976.53259402266,0,0,2183.5974092692595,18626,130086.42147497005,1,1,99.92458025926298,77.53653762602774
2015-05-14,3071.689573021738,10446,89845.34189012727,0,0,2154.894996910857,17727,142392.25212422927,1,1,99.77986901202067,77.289727019104
2015-05-15,3143.39301046467,15923,98397.33168101039,0,0,2165.488351033156,18477,147248.22917514291,1,1,99.64759905078523,77.66109212547963
2015-05-18,3228.986387576112,17034,108758.62228136031,0,0,2073.773773225828,15290,149426.2173837427,1,0,99.54787436802508,77.74715946096741
2015-05-19,3315.6884357816257,13895,112085.85679820481,0,0,2013.4737976460553,6559,155564.54217396342,0,0,99.58785179069743,77.17302554051872
2015-05-20,3344.6329529594577,10154,118704.29989295363,0,0,1964.7555036287463,8877,163576.20278072642,0,0,99.49730388516141,77.48451251921388
2015-05-21,3324.9382170973295,8592,124354.31980802468,0,0,1940.0934749668077,19163,176953.65269432066,0,0,99.45948762975749,77.32137767790806
2015-05-22,3225.7370718414004,11773,135293.28749236552,0,0,1922.4974598891731,7356,181760.26778559113,0,0,99.58941045953608,77.74477277367107
2015-05-25,3152.8785146963182,8205,144252.48771216304,0,0,1943.177576857669,18092,197566.5743145753,0,0,99.55378406242994,77.71842207008996
2015-05-26,3146.7190597043073,6186,148865.79700479802,0,0,1981.7383663529945,10125,200819.26422520305,0,0,99.62753561927666,77.77983407589612
2015-05-27,3149.2540798318682,11134,161635.4937452208,0,0,1993.5781255898678,5183,214374.12466590383,0,0,99.53417385127567,78.13352044947361
2015-05-28,3147.9463387432647,14690,170762.8397581596,0,0,1983.637248875207,9818,222697.64113572432,0,0,99.5136300954889,77.86427255821721
2015-05-29,3143.4792567097534,8595,175576.50048716165,0,0,2012.739219564445,15829,233691.7372451677,0,0,99.41862788999785,77.56641851586703
2015-06-01,3088.623753886911,10745,177900.14973531867,0,0,2020.4764411117674,18748,243217.995769378,0,0,99.38472458240778,77.5074689897476
2015-06-02,3092.4925257181126,17165,179969.64719194797,0,0,2031.4203454382425,14145,242403.28248219204,0,0,99.46875539615353,77.75562082963397
2015-06-03,3076.9814067712896,16919,183907.62026321943,0,0,2049.113156587734,13565,253678.7708152725,0,0,99.2960233538343,77.35635765384993
2015-06-04,3100.9154535010193,5144,191364.4974036995,0,0,2047.9048735878002,8511,260075.62103603428,0,0,99.33946571818888,76.85594727388319
2015-06-05,3099.005033557098,5435,195106.58043921826,0,0,2070.027122200122,7393,269446.50835093943,0,0,99.36323927842211,77.10306355199633
2015-06-08,3040.8045663869448,9999,195168.84071980417,0,0,2083.128869329632,12402,270597.2085529983,0,0,99.30382428285243,76.92217005822623
2015-06-09,3046.6937223808527,18453,199704.70896901397,0,0,2140.1570357036535,9880,282280.4445627781,0,0,99.15921849741359,76.80450225435014
2015-06-10,3049.541255218084,10979,203606.01054954724,0,0,2158.624936502325,15555,287131.59013640735,0,0,99.16643144818497,76.24745913376809
2015-06-11,3047.0049912969885,11332,210777.52273946573,0,0,2150.4772709167837,9482,290460.18812443316,0,0,99.11348217727858,76.0437653394625
2015-06-12,3029.805197768262,13895,226546.019030405,0,0,2120.2659659301917,18252,288969.1338115737,0,0,99.13674979841406,76.04149515047315
2015-06-15,3010.2151664485164,18288,231275.20986220118,0,0,2065.436423746621,15100,298891.2988984056,0,0,99.1389350129664,76.32060850776001
2015-06-16,2990.6638198495357,18415,233954.57593992678,0,0,2031.4437964837566,11321,307294.263158373,0,0,99.2991129020985,76.08923945788963
2015-06-17,2979.9065458951777,16980,237230.01892838906,0,0,2023.8565081425784,17635,314131.30670204776,0,0,99.27517733935119,76.58645229395938
2015-06-18,2992.1155027872383,16377,244333.04943927983,0,0,2016.7678266470264,5520,316539.31908523047,0,0,99.17282759008901,76.38108548670544
2015-06-19,3027.72679398906,10883,246137.1964576233,0,0,2015.3644369731232,17006,325350.2454155548,0,0,99.19075515358463,76.17615794622989
2015-06-22,2992.973871007493,5832,255140.96549084317,0,0,2020.594138952159,7883,328867.5771448543,0,0,99.21275482198182,76.63736521179922
2015-06-23,2956.4696230677887,12462,259566.47461257788,0,0,2007.4967181258262,15601,336954.5126499313,0,0,99.34867357950586,76.7008032575084
2015-06-24,2891.928305064516,17234,256890.2413234797,0,0,2011.1592085125142,18446,344479.0593227725,0,0,99.43218470409732,76.53519583880492
2015-06-25,2865.3289557589374,11969,269136.2771712893,0,0,2023.1341270738337,14379,355390.4759664867,0,0,99.46787181001227,76.48865589945075
2015-06-26,2842.7453607767675,14471,275028.9260128557,0,0,2040.9353535386979,15818,359663.542323934,0,0,99.61420209913422,76.89457797271336
2015-06-29,2908.875407115645,13967,280239.2788091682,0,0,2035.1578190502257,9108,359277.39364167204,0,0,99.49532579370194,77.33443881860107
2015-06-30,2964.0502059329315,18974,285358.22027019016,0,0,1982.336973054191,15066,366725.8593182302,0,0,99.43135064042697,77.08940086481999
2015-07-01,3050.1458633232082,12753,293271.6992792949,0,0,1957.386964796894,6822,375876.98526898975,0,0,99.33869304628641,77.07667072179626
2015-07-02,3142.0368816760874,13004,295792.77705550194,0,0,1987.7291353338856,9227,381215.62868464895,0,0,99.29971206597084,77.10371777009654
2015-07-03,3151.0702435315316,12190,303685.78616072604,0,0,2008.4870538180087,17073,380224.33868867473,0,0,99.1620434512152,76.80784573694156
2015-07-06,3100.1534012834013,7569,311693.9004358195,0,0,1972.7984857822833,19462,379295.35806242435,0,0,99.22555854589665,76.79114022114655
2015-07-07,3028.7469220391185,17258,315293.04900987924,0,0,1970.6442335933905,12479,380909.42882276804,0,0,99.20333627618676,76.79273707928206
2015-07-08,2936.986472183105,8272,322497.88819486764,0,0,1972.263127605238,7332,378694.6709306853,0,0,99.0562556467365,77.13479992296308
2015-07-09,2934.260943881197,8975,328195.8526647704,0,0,1968.7778860334581,14028,388321.1295940174,0,0,98.95469773861575,77.49702743145644
2015-07-10,2936.318212847195,19171,330404.9749769534,0,0,1954.1245956891166,19579,396995.94832227344,0,0,98.98604912336077,77.39826461194875
2015-07-13,2961.4161536886877,13858,336207.1917129534,0,0,1927.7317680743834,10407,388469.0134954574,0,0,99.0698617801502,77.3340786687905
2015-07-14,2998.258341775293,5733,343096.0875270505,0,0,1966.1516311953098,5146,382666.6315979493,0,0,99.26953486931939,77.5333663594072
2015-07-15,3037.531198075829,13693,349415.41596584447,0,0,1932.1037379193922,9615,376044.1152111546,0,0,99.56092111592012,77.35780982472909
2015-07-16,3081.769372838232,6957,351359.76650285913,0,0,1887.6690173930922,12558,368007.8470939772,0,0,99.60236205924771,77.5344018702503
2015-07-17,3101.346721677847,10549,353492.96980571427,0,0,1880.838735593416,16208,368231.8020130615,0,1,99.50340824724454,77.50802992403955
2015-07-20,2996.350120529459,16089,357719.3482403004,0,0,1886.236055220551,17597,351935.3141370193,1,1,99.2902036191714,77.21721035071796
2015-07-21,2932.568163293934,13651,363799.6424221477,0,0,1887.8079112795876,19158,347978.3732561996,1,1,99.31697476540579,76.93015933685406
2015-07-22,2979.775173484284,19716,367525.43610371806,0,0,1867.518903469257,7031,344891.04612115026,1,1,99.23568065587475,77.36427694566339
2015-07-23,2968.203764737385,13032,379786.76582747896,0,0,1911.5138403487158,14556,334367.079880604,1,1,99.19414492985678,77.3173505019204
2015-07-24,2956.0710146563547,5050,384246.84218600567,0,0,1858.7946903626816,12218,316796.6617106589,1,1,99.1329352499508,77.80945673008989
2015-07-27,2930.589160053991,10216,389264.82581622136,0,0,1833.525088708115,7406,308587.7343835601,1,1,99.11885616130917,77.65536585187543
2015-07-28,2887.920650355723,14312,384190.97672293725,0,0,1812.3571004556215,9204,298319.7886404125,1,1,99.22545418438793,77.74272741221488
2015-07-29,2876.3710118676777,5025,383023.3294721162,0,0,1841.1766113489457,7143,291850.4301346715,1,1,99.24115904113246,78.46053042912035
2015-07-30,2910.8434165438825,17256,386096.5808639424,0,0,1864.803211132289,6167,280029.76287981984,1,1,99.2252955574286,78.14331440572136
2015-07-31,2940.7729722505173,10478,384758.47707969556,0,0,1902.8884255099342,14347,274553.3627096085,1,1,99.12173018214601,77.57397005575143
2015-08-03,2940.032807606254,13844,388483.5880563783,0,0,1913.0092765080649,9303,254284.23461771684,1,1,98.95426188767557,77.9599470951376
2015-08-04,2951.8208526667568,5715,396783.0145580909,0,0,1917.6971124176616,7690,246899.85181809645,1,1,98.90563109676825,77.71190436351968
2015-08-05,2940.4801285782673,12937,411118.99136085756,0,0,1939.188522615402,11899,235459.10829917778,1,1,98.90025284168641,77.70569245428781
2015-08-06,2926.185078993305,16232,409847.3557392835,0,0,1874.7577046660845,11659,236195.3145811709,1,1,99.0770458330444,77.52991699115233
2015-08-07,2892.4765488339945,16235,411458.62935102696,0,0,1905.3835778152688,19726,220266.63973321227,1,1,99.09007328519169,77.61036582543893
2015-08-10,2880.3929485250546,15195,423082.38993960357,0,0,1915.8742959181022,5811,210746.05272138212,1,1,99.18834723629399,77.3252049632832
2015-08-11,2924.563608432907,8625,423949.4872855579,0,0,1929.7670802579173,14026,198151.59057004531,1,1,99.13841767644008,77.2712229369182
2015-08-12,3001.3341585823296,18783,425197.7701597434,0,0,1942.6740598741262,17965,190422.23289378308,1,1,99.01992329979838,77.40616753488517
2015-08-13,3068.3998884648076,9948,431134.6934597701,0,0,1931.758407316002,6161,179649.67107231347,1,1,98.92341162357513,77.1036748690029
2015-08-14,3094.8834247768755,14011,429469.71085461025,0,0,1973.791687112204,19658,172062.06621758873,1,1,98.85088901712156,76.89364966010913
2015-08-17,3113.426613814988,17115,437994.05095029937,0,0,1939.5464328051792,8664,163214.05475453997,1,1,99.06373599036507,76.78943481002958
2015-08-18,3150.019772191064,13250,439520.752906048,0,0,1906.2524966709573,15616,149390.6492737055,1,1,98.98159732244264,76.3607901797617
2015-08-19,3157.334088854125,11794,441768.927531872,0,0,1893.9072646284174,5955,144934.6786715637,1,1,99.06544624281628,76.23402188492206
2015-08-20,3141.222530341683,9778,439592.59843032376,0,0,1884.923324148415,8926,137202.06754285502,1,1,98.97515352500757,76.26966084689293
2015-08-21,3092.802755671636,8606,438089.02849340474,0,0,1872.3655591620027,16126,122445.51066719744,1,1,99.06831082629499,76.1497961644164
2015-08-24,3059.163661804714,6237,440251.61565324967,0,0,1850.6162274964447,17609,110230.84724291266,1,1,99.10680592290558,76.06838321653689
2015-08-25,3094.2210170713297,16674,442288.32739216543,0,0,1895.0434538407628,9206,97045.38537747136,1,1,99.09114213313977,76.06241271526491
2015-08-26,3124.297237362239,13878,444511.52803745394,0,0,1923.6644330987076,12509,91298.65952466475,1,1,99.08706588052623,75.86568967653521
2015-08-27,3151.5418840211382,5377,442013.88536016596,0,0,1915.7596277987018,12309,89386.46364645154,1,1,99.02158711098329,76.07300844629528
2015-08-28,3167.85654678899,13962,445712.9368524563,0,0,1900.3225843523112,16467,78429.98258834323,1,1,99.0661943311315,76.50380188373582
2015-08-31,3132.5733423360193,11171,439745.21943247603,0,0,1933.5898805695995,13382,73553.3128758373,1,1,99.02069598309743,76.36448776607718
2015-09-01,3116.5531884030056,6152,434391.49655098113,0,0,1896.7702094215242,19376,63312.46238572763,1,1,98.8981354067207,76.51004723552049
2015-09-02,3060.0259915228376,8694,427662.81811201025,0,0,1853.6134607995277,9295,58872.501578331045,1,1,98.77034164928874,76.4381620888901
2015-09-03,3006.038728488684,16019,418272.28139423457,0,0,1804.0588537164135,18671,52614.51520940417,1,1,98.78760044106095,76.54780829240165
2015-09-04,2976.774425610247,16849,403344.82739363547,0,1,1796.1730860593675,6576,46892.033327665195,1,1,98.94550956670199,77.01754215176263
2015-09-07,2920.2370087162976,10976,387148.0310963533,1,1,1771.620627576981,7225,39033.58619489638,1,1,98.96150872805933,77.17014001466805
2015-09-08,3020.260517238021,11484,369079.32144724,1,1,1810.288621071345,7408,35824.62687739819,1,1,98.94964489544834,76.63811565302515
2015-09-09,3098.246805044374,8261,360429.15841692826,1,1,1833.9225998503368,16904,28441.30558991284,1,1,98.9782275094086,76.77431434245923
2015-09-10,3102.736523983047,16100,350501.5516963118,1,1,1854.23796999989,7945,26409.085091153134,1,1,99.10882768357928,77.14417346545194
2015-09-11,3137.9998098324145,19485,343342.80950074224,1,1,1863.9792388926217,10379,17125.814691006253,1,1,99.13076593371567,77.07769461445251
2015-09-14,3094.0510591641887,12634,343261.26139604155,1,1,1853.0337547597844,8023,9404.801298527009,1,1,99.0896732106323,77.37638505628786
2015-09-15,3192.2006830840096,7922,349202.5763240695,1,1,1842.9644071682649,5978,3406.49045086131,1,1,99.20030208163828,77.16935039394228
2015-09-16,3296.6918195205735,11520,349703.8803209077,1,0,1869.1108398395772,11095,4342.810670839681,1,1,99.24317772548444,76.72368864608559
2015-09-17,3424.8838464905166,11469,355683.276402852,0,0,1786.3637176802065,15973,10326.953179674427,1,1,99.39675332468404,76.76603935173539
2015-09-18,3485.0897853708466,18474,363046.76934404526,0,0,1710.4376579495208,12510,20549.91549169054,1,1,99.41507676840624,76.23909633551149
2015-09-21,3509.488637486339,11009,367046.7063076952,0,0,1667.3657595131792,14865,28233.156308691676,1,0,99.29262986523419,76.1671650316434
2015-09-22,3505.369620766656,9603,370339.1178382028,0,0,1647.1840608343612,8221,38009.3447769734,0,0,99.15581394530962,76.55321771043707
2015-09-23,3564.7834420392323,12672,374452.75611720636,0,0,1658.3793938593876,10964,51026.616984056265,0,0,99.32090673853274,75.98028883871318
2015-09-24,3619.691291013309,15721,383261.26790101425,0,0,1691.189493795823,15069,58289.06306223959,0,0,99.49327331061107,75.596439799939
2015-09-25,3608.943410607335,15219,388518.816845444,0,0,1673.7580177514462,14239,70993.98067134507,0,0,99.47532138928281,75.28683012639054
2015-09-28,3624.189134964739,14051,385357.9259656902,0,0,1670.842152950678,5458,77949.00714382104,0,0,99.43700265716922,75.26783416847725
2015-09-29,3609.2168391897926,6513,390340.7795446758,0,0,1651.3081303215472,19788,95902.83625955976,0,0,99.58314708639344,75.15811913278338
2015-09-30,3539.1572483656423,13602,393822.7576240877,0,0,1636.7588700755887,12281,101051.3494748908,0,0,99.47244251818908,75.57786004729222
2015-10-01,3551.493806386057,13313,386982.95872657414,0,0,1619.5005300546868,10033,107162.7962735998,0,0,99.3829698162935,75.86416454601972
2015-10-02,3551.7156492697973,10627,387970.7300832041,0,0,1623.0837524348624,11059,121651.46157751387,0,0,99.4473024957624,76.0127464298403
2015-10-05,3602.9141616457478,6132,393383.18790191185,0,0,1608.1662428106033,7007,129059.61875232428,0,0,99.40784198347644,76.05643552414347
2015-10-06,3667.4460911592105,8907,403174.0972735428,0,0,1632.4958834352221,5990,139525.12215953865,0,0,99.40732979680445,76.17440445723892
2015-10-07,3652.23640525662,12022,402400.8458428267,0,0,1657.2139327681448,17071,141895.05261718296,0,0,99.39098550695199,75.91580975064491
2015-10-08,3582.6104179351332,9180,411823.66026614286,0,0,1689.8480860043132,19542,150454.22082906598,0,0,99.42474296183188,76.1729728567119
2015-10-09,3506.7531308578773,17912,413468.1773967694,0,0,1722.423159439651,13755,163378.9923255699,0,0,99.56549114796326,75.83935958040414
2015-10-12,3517.0730864703687,5351,417077.81823398947,0,0,1752.4926396113908,19233,168910.354301902,0,0,99.57454963865342,76.0899726785748
2015-10-13,3470.3344877633563,12585,424961.039460313,0,0,1750.395932670676,10320,183423.69437845834,0,0,99.63894351798112,76.44581542921044
2015-10-14,3408.851712482307,17266,420255.7219902033,0,0,1776.0131218689125,5387,188834.87996034662,0,0,99.43392630787801,76.50907480983687
2015-10-15,3441.3017369137606,8398,422864.68180278153,0,0,1791.152449680147,17101,193965.60566826782,0,0,99.429054467685,76.45621089214828
2015-10-16,3475.6545283446717,6817,421969.2788483308,0,0,1799.504115471117,5549,197572.2042160927,0,0,99.3447314406557,76.57630386464118
2015-10-19,3530.211749817635,9650,424377.5847910259,0,0,1782.064674693868,16826,207420.48294253985,0,0,99.22285013461335,75.71784835361098
2015-10-20,3571.8046259902035,16742,427771.2723551499,0,0,1782.214808670386,5730,217491.95555992168,0,0,99.13503489792048,75.80852581915661
2015-10-21,3560.3695312094796,14009,432203.38076756947,0,0,1775.2032073594016,12692,223221.92924466747,0,0,99.10162255385039,75.77451961980468
2015-10-22,3502.1031534308104,19784,436176.1404877396,0,0,1755.8895985200638,17382,232104.68577764192,0,0,99.193212808086,75.75933118588758
2015-10-23,3400.923575563261,15360,434059.27488060575,0,0,1755.6414481892891,5577,235209.29018643856,0,0,99.06057353631203,75.97129093975693
2015-10-26,3307.759340967025,5235,431234.06680653035,0,0,1764.27177458671,10453,229182.76261489527,0,0,99.06363668557148,75.94886026328751
2015-10-27,3236.6086152180133,5192,434538.0721376506,0,0,1769.2634365721278,6287,224214.95826694157,0,0,99.01521974223812,75.60679820629217
2015-10-28,3276.7066056972567,10455,431136.72180308827,0,0,1785.1028670707935,7927,216767.62361338598,0,0,98.98245243280192,75.56437740504455
2015-10-29,3247.0689459358255,8047,429804.19013307616,0,0,1778.8114783368737,5497,209257.3249589,0,1,99.0827282153324,75.58464405026879
2015-10-30,3234.1681721411815,7520,428015.6475489352,0,0,1792.802583311753,8405,202552.0566900277,1,1,99.13653975903279,75.6191242237431
2015-11-02,3216.2567058462123,13111,431571.068763741,0,0,1751.746803531838,5098,195933.87213919943,1,1,99.27027956977706,75.66770003392863
2015-11-03,3206.0549342582162,11032,432511.70098100003,0,0,1747.4110571591866,18750,178382.68351126896,1,1,99.25482900185206,75.97951074740419
2015-11-04,3231.9934440723046,11776,440719.44275921996,0,0,1713.156185561501,8841,168727.29644596283,1,1,99.18523474068499,75.65370038149395
2015-11-05,3269.4103916460867,9369,443396.9481285758,0,0,1762.6569552783346,9629,151597.52844809115,1,1,99.16284885899694,75.7064105183434
2015-11-06,3303.6722343158935,6230,448490.68771683204,0,0,1799.7843152680832,7167,142221.10914059423,1,1,99.18709853812406,76.09338942792887
2015-11-09,3409.13374536082,7331,450938.0407427077,0,0,1880.240666542446,18310,131538.38795145226,1,1,99.20475587396943,75.5730059788477
2015-11-10,3433.4059471255787,7895,452140.32710850914,0,0,1951.1384193813788,10766,131970.07775518464,1,1,99.0963170667461,75.62689998308173
2015-11-11,3442.3174331714554,6664,452792.9673362194,0,0,2006.3783800539247,13408,122408.45505900499,1,1,99.10536604490889,75.45128643248981
2015-11-12,3413.4957906234454,14870,454899.1059839679,0,0,2047.30204625428,19100,123453.60993911079,1,1,99.12818887792278,75.34007331714788
2015-11-13,3402.758959982187,7552,456546.35015758843,0,0,2079.146662506459,11583,112727.5063821846,1,1,99.37993628167617,75.06863106618356
2015-11-16,3329.5278131072964,16135,459375.0470216747,0,0,2125.4634367249896,8377,106437.35516647255,1,1,99.56762074280434,75.01776585147343
2015-11-17,3352.9453202514765,16438,465178.63005804445,0,0,2128.375183970792,16144,92965.4228954394,1,1,99.48229640774845,75.5701425358015
2015-11-18,3321.0146726101166,17323,473010.80572909897,0,0,2170.3596418873253,8655,84017.57568702185,1,1,99.45355807159353,75.19081342744833
2015-11-19,3336.794729363582,16320,468641.02433530457,0,0,2148.315140625776,15182,80896.4872998086,1,1,99.30721387140984,74.83993042670468
2015-11-20,3426.379485680671,7671,466226.2018230761,0,0,2136.2873198486336,10715,76964.68651560498,1,1,99.24814317001349,74.44935005565563
2015-11-23,3512.7409411336707,18722,473075.0251863927,0,0,2186.736459945716,18463,71188.77001597754,1,1,99.27970367037253,74.96757554164407
2015-11-24,3505.234153613511,11132,469132.1514481779,0,0,2177.398808976672,10289,57400.1246555669,1,1,99.40028903246134,74.82887362998767
2015-11-25,3588.3129872294985,5120,473215.3632558978,0,0,2203.614732579551,18628,50905.62566308331,1,1,99.32738064868698,74.82118191188337
2015-11-26,3653.020586450312,18159,473044.3167923508,0,0,2192.4245944393692,8740,48323.87649096183,1,1,99.2619660046802,74.7003470295515
2015-11-27,3666.3287068336567,14352,475196.08362325164,0,0,2191.1939025278643,15542,45189.43302916925,1,1,99.04723710170634,74.41702016603057
2015-11-30,3658.6519012210256,17375,476257.8240928859,0,0,2221.726976063069,10769,42820.39659701379,1,1,99.03097050965185,74.34647497204624
2015-12-01,3677.3192692653797,12328,475042.4109249775,0,0,2237.4425708534695,12137,40371.37367275768,1,1,98.9247290684659,75.08394805376722
2015-12-02,3687.6346464699955,13812,481274.4593805531,0,0,2247.459335892215,5880,33340.74251060979,1,1,98.87178512572929,75.50156933005948
2015-12-03,3770.144273122057,9668,484443.1965547911,0,0,2230.041070085949,19664,30238.591271370915,1,1,98.78409904791253,75.24568798472181
2015-12-04,3821.461107344383,11947,488112.03948943847,0,0,2258.2735060988366,9554,23484.279304637123,1,1,98.77467279248727,75.43996021564031
2015-12-07,3865.997973717132,15950,492059.5659946036,0,0,2204.590305046516,7950,23251.087899899838,1,1,98.5988999533516,75.1905033838404
2015-12-08,3898.896559546695,9468,497403.2974517451,0,0,2160.663726075709,7164,13709.809820121995,1,1,98.45219542881252,74.65759309218653
2015-12-09,3923.6670923764373,12995,498762.6246662301,0,0,2133.3710175778833,14297,8246.640826253733,1,1,98.66512014001535,74.96344636748591
2015-12-10,3944.3755409059054,17193,503850.82495880756,0,0,2086.211311623243,16152,1000.0,1,1,98.53637788188794,75.31147422147899
2015-12-11,4006.309733315655,8164,504404.80413149425,0,0,2095.7309514813255,14902,1000.0,1,1,98.42669932404247,75.62528989679336
2015-12-14,3970.6851240687606,6717,509188.22382506914,0,0,2112.3336376914267,17558,1000.0,1,1,98.6103906768746,75.48433032202749
2015-12-15,3945.7871929141165,13808,508807.84619303077,0,0,2115.9416414468024,7528,1000.0,1,1,98.90089739379864,75.43429760182688
2015-12-16,3915.276874197709,10586,506514.0789328854,0,0,2072.8142309684436,8171,1000.0,1,1,98.78374073091611,75.65922726792432
2015-12-17,3892.2845634477817,15544,509505.4249349082,0,0,2109.592113544389,11785,1000.0,1,1,98.7469158352373,75.77667607912876
2015-12-18,3850.9304803200475,5468,507117.47785146686,0,0,2116.010108327639,9311,1000.0,1,1,98.78107139033136,75.65858483773964
2015-12-21,3785.245547785873,19284,502885.3969094649,0,0,2171.7645964331477,10627,1000.0,1,1,98.95394115477191,75.17286329170419
2015-12-22,3730.3552938652797,9642,499071.33882269537,0,0,2125.8739463348406,19067,1000.0,1,1,98.85525544692909,75.2070258499468
2015-12-23,3701.6736955346664,10751,489859.6875551273,0,0,2110.45085101976,18411,1000.0,1,1,98.83072766233488,75.53072874171764
2015-12-24,3650.6795672717926,15082,470009.5437886627,0,0,2038.6101267802585,15353,1000.0,1,1,98.90846141994106,75.17145225500738
2015-12-25,3700.203275555254,14170,459279.5281278095,0,1,2044.9710216205806,19686,1000.0,1,1,98.95193802738773,75.36308006951018
2015-12-28,3751.4248561563636,7338,447878.8773550922,1,1,2046.0617071647607,14528,1000.0,1,1,98.91432242026471,75.46254257805029
2015-12-29,3777.2795852279587,16799,436954.1203377159,1,1,2094.192144484866,14191,1000.0,1,1,98.9009401238131,75.68758705701998
2015-12-30,3843.2897409238026,15074,416667.5837717945,1,1,2066.4836651941246,8432,1000.0,1,1,98.7634505429761,75.94917970693568
2015-12-31,3896.1819667705463,17217,407965.941869259,1,1,2046.8148600729655,12830,1000.0,1,1,98.73963316857864,75.74084013435808
2016-01-01,4017.888694705655,17921,397030.4779183024,1,1,2027.9479630563003,14198,1000.0,1,1,98.71299441957774,75.2557523143086
2016-01-04,4113.180569840887,9015,381185.9004139142,1,1,2008.0236522760515,15026,1000.0,1,1,98.73621140854037,75.09569645660373
2016-01-05,4210.401799023462,19503,373901.147756324,1,1,2040.3464888513934,13189,1000.0,1,1,98.68067868665847,75.36243465186183
2016-01-06,4214.372532636191,7807,363158.65615710616,1,1,2024.7285698916332,13653,1000.0,1,1,98.72783253891298,75.19983348080405
2016-01-07,4236.843843263875,7000,351402.0763614345,1,1,1998.8773394835887,12691,1000.0,1,1,98.82910412069496,74.99162048364676
2016-01-08,4157.494294505899,6184,340888.5857928701,1,1,2026.6606478819144,15988,1000.0,1,1,98.84464705346181,74.44521538106936
2016-01-11,4186.309207877992,9421,330970.91706843575,1,1,2019.3654745262486,17230,1000.0,1,1,98.87982269430174,74.97100964743464
2016-01-12,4204.145669826268,13097,316673.84240997484,1,1,2052.5401197691776,14118,1000.0,1,1,98.88513822905952,75.21872373986224
2016-01-13,4243.521856154188,7030,306342.242673461,1,1,2016.9047728233938,16219,1000.0,1,1,98.88514666836866,75.44969253424466
2016-01-14,4175.415286762676,16693,293320.73506775947,1,1,2011.4023992217383,8960,1000.0,1,1,98.81299086501437,75.74001015027851
2016-01-15,4287.643485401227,18870,278901.7001967613,1,1,1999.8275832746594,5910,1000.0,1,1,98.8446402911817,75.91302265874153
2016-01-18,4410.889564836442,8213,264018.3042944607,1,1,1999.876115774994,16166,1000.0,1,1,98.83491163134036,75.83972400218767
2016-01-19,4519.705708261741,14857,260018.56871991674,1,1,1991.4430288273475,18928,1000.0,1,1,99.04422846223342,75.790594770951
2016-01-20,4682.234469623736,5517,246942.892001563,1,1,2030.0478336067317,9120,1000.0,1,1,99.20156395248094,75.66232546157337
2016-01-21,4865.260390609309,6027,236211.37034742118,1,1,1983.5640754281474,9143,1000.0,1,1,99.24014860773659,76.45274768789787
2016-01-22,4968.171154672718,8543,234923.5758818642,1,1,1984.6150870865413,19369,1000.0,1,1,99.16384288676711,76.6195212972877
2016-01-25,5000.956054937435,15201,228787.9778257343,1,1,1941.3443263149268,18446,1000.0,1,1,99.05260173956877,76.48038116488227
2016-01-26,5044.413976177654,10285,215730.43337313598,1,1,1971.4008875803215,16595,1000.0,1,1,99.17171603487766,76.62003019713215
2016-01-27,4993.233494980545,6871,203245.3597617528,1,1,1996.4351851600516,7633,1000.0,1,1,99.19799095739238,76.31676952177526
2016-01-28,5064.039865712192,13234,196555.60861576966,1,1,2037.6725260643777,12494,4610.264489698106,1,1,99.24600529773153,76.76812153735203
2016-01-29,5093.1352322474495,16326,183089.56792893825,1,1,2064.971157662616,11017,1000.0,1,1,99.07154669903412,76.56980080860988
2016-02-01,5093.671823042456,5745,171894.77988768104,1,1,2105.2940044591883,5587,1000.0,1,1,99.16429054718994,76.72012643839662
2016-02-02,5036.416657572035,15327,165543.2744833735,1,1,2120.4557625835487,12757,1000.0,1,1,99.20973258101137,77.03991972731957
2016-02-03,5033.481553190113,16625,159025.67289563306,1,1,2137.6582399835697,19918,1000.0,1,1,99.09868951256992,77.15535029058107
2016-02-04,4978.056721054143,17004,150497.7303558729,1,1,2112.729094327492,13146,1000.0,1,1,99.05153703182492,77.18369128812695
2016-02-05,5056.335961490153,7660,142646.75944770445,1,1,2090.802112655231,14920,1000.0,1,1,99.07790875226058,77.18693191358376
2016-02-08,4992.730623168453,6064,128363.53129869395,1,1,2062.6912965759357,9049,1000.0,1,1,99.0831554320962,77.16999958451763
2016-02-09,4950.477626350275,19901,119241.82297939486,1,1,1989.452487340309,5181,1000.0,1,1,99.05393831351584,76.99699003783938
2016-02-10,4914.711975849032,11621,106790.19574024374,1,1,1960.906966264294,10234,1000.0,1,1,99.04358948670925,76.86214500890847
2016-02-11,5033.572746622642,5834,98859.52840527146,1,1,1918.1264587634473,7252,1000.0,1,1,99.01839174888856,77.30602212100375
2016-02-12,4973.672526827784,11889,98482.79944294521,1,1,1912.7035565436488,19585,8797.577573475095,1,1,99.03364800009881,77.2734611311982
2016-02-15,4813.099944595002,17056,91757.95481800674,1,1,1912.8387087251012,7154,5420.3830190811495,1,1,99.18079719739812,77.03772225038337
2016-02-16,4745.216824670196,7023,89220.07135857642,1,1,1909.0279556522764,18151,1613.7936942207534,1,1,98.924131353305,76.88283297132492
2016-02-17,4700.154672966978,18060,80374.38544251428,1,1,1908.5646884432663,8030,1000.0,1,1,98.90044632685402,77.21294417553408
2016-02-18,4668.147470733967,9785,72277.53566804774,1,1,1900.7969977378878,9380,1000.0,1,1,98.91809756899127,77.41562616548343
2016-02-19,4671.94108961695,5179,69212.45077382916,1,1,1885.926456196262,11865,1426.3290942340982,1,1,98.94769696795998,77.5837249189531
2016-02-22,4667.684057190341,10650,59065.973477480264,1,1,1914.325497884125,9573,6311.718672228683,1,1,98.91050550982786,77.50646855928017
2016-02-23,4702.621462558903,8454,62187.420866221815,1,1,1940.1468008578333,17804,1000.0,1,1,98.73483333157999,77.67847730033205
2016-02-24,4723.606337202922,7939,52839.41401562564,1,1,1931.1342673607885,8316,1000.0,1,1,98.7676328799514,77.48540896284685
2016-02-25,4672.622289962652,15719,48690.315938402535,1,1,1901.462917174224,15162,1000.0,1,1,98.94036790136782,77.40752475344313
2016-02-26,4653.632632081853,16412,42033.16567864132,1,1,1938.1061095710454,11809,1000.0,1,1,98.78698176087622,77.69846609966065
2016-02-29,4721.465777069364,19937,29608.803462821237,1,1,1989.491426213596,12534,1000.0,1,1,98.87336456224602,77.96074940333637
2016-03-01,4605.1574963538915,11161,26027.59831593008,1,1,2048.123791211697,5500,2502.953272403075,1,1,98.84051203993374,77.66617644955112
2016-03-02,4541.072391220724,14154,25599.609182586846,1,1,2083.6426752849648,17287,1000.0,1,1,98.83437960535086,77.40951851367855
2016-03-03,4428.441587379174,17965,14769.508490845628,1,1,2147.008207461365,18023,1000.0,1,1,98.72908975428047,77.44212915952258
2016-03-04,4416.827429576013,18296,7890.428992297067,1,1,2200.3055110594937,12144,1000.0,1,1,98.69564413704488,77.95996887192342
2016-03-07,4431.181660572693,12773,4822.029926359911,1,1,2264.551506617545,13521,1000.0,1,1,98.82564859651477,77.38529932258272
2016-03-08,4410.3006601174875,15195,6395.524754702594,1,1,2308.729688716059,12295,1000.0,1,1,98.88391412071354,77.46879920445387
2016-03-09,4474.869003983074,10074,9871.662714575516,1,1,2347.7841918095446,18289,1000.0,1,1,99.05714528125453,77.05598620498193
2016-03-10,4314.209591155735,12845,3615.193507871073,1,1,2382.575682721779,14074,1910.7583304804734,1,1,99.1748864701523,76.86568690692427
2016-03-11,4177.355479065416,16770,1000.0,1,1,2396.2824827509335,14354,1000.0,1,1,99.21879513804527,76.756358381505
2016-03-14,4124.7067961931125,15797,1000.0,1,1,2454.0412433560264,13282,1000.0,1,1,99.39318859066204,76.63020587847393
2016-03-15,4054.407840711453,10920,1140.5214830560565,1,1,2408.5071882444745,13097,1000.0,1,1,99.43708790653587,76.47006709657617
2016-03-16,4018.7041772547122,15166,1000.0,1,1,2344.9936439546286,9815,1000.0,1,1,99.51988672421558,76.47222921468908
2016-03-17,4037.586445762162,6960,1000.0,1,1,2364.2619079945175,6969,1000.0,1,1,99.49022962886211,76.31165254469991
2016-03-18,4007.5385597543755,8884,1000.0,1,1,2384.152942864621,13595,1000.0,1,1,99.49688421044803,75.87291532924367
2016-03-21,4110.879961241071,5603,1000.0,1,1,2454.8814137541003,5307,1000.0,1,1,99.427141828118,76.10687621300049
2016-03-22,4080.7128826802864,10327,3256.7214077253634,1,1,2404.4810556125303,13027,1000.0,1,1,99.52610022157748,76.33273786314516
2016-03-23,4034.407995360201,8949,1000.0,1,1,2355.5923871435743,9988,1000.0,1,1,99.408269859266,76.58569015615195
2016-03-24,4028.360706476873,18104,5777.807510941319,1,1,2336.3806337181177,17929,1833.568940237581,1,1,99.48650489350776,76.12346980727274
2016-03-25,4080.14755128413,16193,7338.781091355675,1,1,2364.2179570970616,12458,1000.0,1,1,99.46743978775724,76.21314525304798
2016-03-28,3991.8528210557065,8829,20864.3894717946,1,1,2311.5200336609614,18447,1000.0,1,1,99.58456449710398,76.41593890979006
2016-03-29,3944.2102956281874,9761,29117.998551131634,1,0,2314.2127272586436,13753,1000.0,1,1,99.65965139597711,76.10657828925818
2016-03-30,3932.1120717677295,8256,41318.394906712165,0,0,2348.1235942828857,15377,1000.0,1,1,99.84171601174178,76.10933026371282
2016-03-31,3876.7411766049527,17238,55070.872318113485,0,0,2305.7012730903148,9174,1000.0,1,1,99.91479348085565,76.07445027011971
2016-04-01,3838.8679454878657,13153,61655.3834766986,0,0,2253.002251459768,13702,1000.0,1,1,99.75758945529033,76.6270954676902
2016-04-04,3786.127204356278,15403,67244.74309743581,0,0,2218.481910245934,17922,1000.0,1,1,99.7508941380005,77.20444427879396
2016-04-05,3776.1195156637605,17227,80243.61930702667,0,0,2231.2814588782153,18935,1000.0,1,1,99.63369341874102,76.70513736079491
2016-04-06,3751.2636175122907,6423,86531.41500416472,0,0,2247.4036696655053,9562,2283.3217570110564,1,1,99.5818654345044,77.4533154625133
2016-04-07,3773.90871554488,10672,104884.16523112325,0,0,2275.14273265003,7196,1000.0,1,1,99.73298827783206,77.1787477461673
2016-04-08,3766.4807235657318,15083,114472.55567592543,0,0,2260.6288071010745,9188,1000.0,1,1,99.79674165892183,77.47294973446553
2016-04-11,3839.9424514942825,8034,123837.72076407795,0,0,2281.698293291238,16764,1000.0,1,1,99.72684861606396,77.76409912872465
2016-04-12,3910.5030813093686,10093,136089.07810028407,0,0,2236.309701651502,5971,1000.0,1,1,99.62547687941992,77.4653920606721
2016-04-13,3885.027638471386,19758,143073.51697599844,0,0,2256.30483223803,15753,1000.0,1,1,99.62875508870755,77.61337239882383
2016-04-14,3824.1754546410507,19396,157211.3616270805,0,0,2285.921254924364,9976,1000.0,1,1,99.50709907376944,77.58111227554402
2016-04-15,3783.66374727019,9681,163150.32825998584,0,0,2246.5407854814293,7659,1000.0,1,1,99.43998504602978,77.74741127693373
2016-04-18,3805.0026018455214,16405,166789.4975723738,0,0,2192.1530769541396,16116,1000.0,1,1,99.4711859931849,77.81661296764793
2016-04-19,3753.444930995266,7528,175510.06293715106,0,0,2150.4154794836904,9613,1000.0,1,1,99.58671719679558,78.175514813259
2016-04-20,3741.6342827249123,7116,189448.1229405726,0,0,2165.391189323744,9793,1000.0,1,1,99.64759334401802,78.19813467620281
2016-04-21,3730.6610969495887,13338,208597.0095790857,0,0,2153.3846048265123,11591,1000.0,1,1,99.4184643931582,78.14777245537492
2016-04-22,3682.1491215766855,13334,213787.4341227952,0,0,2146.5739477442567,13981,1000.0,1,1,99.44890106606124,78.47659172529208
2016-04-25,3623.3164914763674,9428,222624.33122690688,0,0,2130.306191049502,15026,1000.0,1,1,99.45610442338449,78.65071051474965
2016-04-26,3581.454864529668,15552,228839.93673039816,0,0,2161.177163071396,5605,1000.0,1,1,99.49749345192176,78.87025453304592
2016-04-27,3463.5082514673663,7207,240889.19182984062,0,0,2126.187763856968,15159,1000.0,1,1,99.65911442008688,78.67087853136834
2016-04-28,3381.528884298174,11718,245267.38891691924,0,0,2039.3231587255952,15893,1000.0,1,1,99.4527905924064,78.3572996969488
2016-04-29,3340.0892066080205,15395,253105.99829533012,0,0,2029.7287545346867,12663,4860.644381295951,1,1,99.3936802498873,78.186983053973
2016-05-02,3352.146279945985,16117,258044.92675003308,0,0,2023.8573044466289,8752,2656.008272559991,1,1,99.45277088216663,78.0007366382688
2016-05-03,3390.362300480767,16995,263967.3810694769,0,0,2019.1736924792278,17369,1000.0,1,1,99.29461144222124,78.23659641886468
2016-05-04,3360.597576204504,19679,268999.1098249629,0,0,2035.734075669659,7767,1000.0,1,1,99.44220634702658,78.5293916339529
2016-05-05,3323.28090192612,17845,273096.4630643866,0,0,1983.2497541395508,16492,1000.0,1,1,99.47904200829666,78.48285254709317
2016-05-06,3377.921679778775,6766,280270.96302551933,0,0,1996.2460694769047,12644,1000.0,1,1,99.563700406881,78.91212825274049
2016-05-09,3411.509326017682,9775,283757.9080383234,0,0,2008.3471725800098,19345,1000.0,1,1,99.50660604072881,79.32266907087002
2016-05-10,3431.189634005668,7010,288094.59994010685,0,0,2001.1987556919264,15880,1000.0,1,1,99.58798240972544,79.39568874579018
2016-05-11,3420.2494902862986,6623,294010.2302935362,0,0,1988.543276407496,17624,1000.0,1,1,99.69482956532434,79.14912121432727
2016-05-12,3465.172273433538,16579,304585.6683647929,0,0,2034.414651760096,6541,1000.0,1,1,99.71811736733805,79.62173420915794
2016-05-13,3576.7890012466373,18479,302330.6489570557,0,0,2029.870562595208,17448,1000.0,1,1,99.74155745660792,79.60342900384941
2016-05-16,3603.2327578054487,14777,307522.468505892,0,0,2047.8397009439527,10328,1000.0,1,1,99.7685917805361,79.64127856277871
2016-05-17,3591.155637279875,16451,312925.02915952564,0,0,2008.6619536830974,10302,1000.0,1,1,99.68225725406216,79.53939705509674
2016-05-18,3612.874240734423,16159,315656.21390473185,0,0,2002.6031427336998,13570,1000.0,1,1,99.66750438603813,79.27245995720757
2016-05-19,3631.038804054451,12426,321431.25334235904,0,0,1997.9773024351698,18931,1000.0,1,1,99.6522521327929,78.83186812811299
2016-05-20,3711.058734747852,14737,331380.26187568443,0,0,2038.07610101741,13539,1000.0,1,1,99.69059151922824,79.02172862518017
2016-05-23,3798.8519124386216,5702,341971.5163655188,0,0,1992.2933775397441,7499,1000.0,1,1,99.79057394391927,78.78670830901119
2016-05-24,3796.628646109824,12052,344147.7915547699,0,0,1952.63063914907,11554,1000.0,1,1,99.68472033572142,79.70456767771023
2016-05-25,3772.094781828804,8947,349459.02388564765,0,0,1897.5630882707321,18296,1000.0,1,1,99.67221943268947,79.37874560292649
2016-05-26,3706.0622733990135,15879,354167.0857024892,0,0,1866.4681228755837,19063,1000.0,1,1,99.82036498745536,79.00153086043208
2016-05-27,3697.2613713388305,17397,353215.1819846489,0,0,1842.1378329916872,8638,1000.0,1,1,99.74600616457411,79.15457247511611
2016-05-30,3718.3439390189146,17347,362696.60435824405,0,0,1825.7334249538815,13051,1000.0,1,1,99.66378116284508,79.6133665188063
2016-05-31,3717.1127502473164,12083,371055.06880107924,0,0,1809.5488655985662,5953,1000.0,1,1,99.6840117820282,79.63274341588927
2016-06-01,3639.3731321476466,12008,375248.67802717315,0,0,1815.4109710316952,11322,1000.0,1,1,99.76845030107673,79.80441614194545
2016-06-02,3571.172429530743,5331,373918.885822255,0,0,1817.0018362449102,12470,1000.0,1,1,99.7695929066328,79.25135191670783
2016-06-03,3476.9651458368694,13884,377501.783487874,0,0,1827.4493079181843,11184,1000.0,1,1,99.9024889656765,79.0480984530003
2016-06-06,3447.0721839564403,12298,377641.3625810696,0,0,1824.2128670145983,6056,1000.0,1,1,99.98816836393314,78.72601373425904
2016-06-07,3416.7870681350055,13155,387378.4759322679,0,0,1815.5596594635585,7996,1000.0,1,1,100.07235037062216,78.15749997927468
2016-06-08,3491.145489499518,9022,387397.88663641637,0,0,1821.35335891515,19752,2755.0221034959995,1,1,100.12776202075456,78.19259404948184
2016-06-09,3528.079078891407,14531,389187.4086304128,0,0,1835.6358024117537,19192,1000.0,1,1,100.36052733078917,77.51974576299871
2016-06-10,3621.447721194021,11545,388410.4105919832,0,0,1842.8639026718301,6816,1000.0,1,1,100.34001116190257,77.12308697317248
2016-06-13,3650.7373087070932,6221,394657.8642991633,0,0,1849.033660466319,17466,1000.0,1,1,100.13965893269591,76.96192883496845
2016-06-14,3651.457807226365,9766,394372.7378951804,0,0,1859.8398654938658,10084,1000.0,1,1,100.30008436884764,76.71254308418312
2016-06-15,3582.994236929759,8390,395050.8155219193,0,0,1843.253601287669,19436,4925.837878986256,1,1,100.25431442575194,76.83146563484524
2016-06-16,3456.000448684917,7157,392040.6888729549,0,0,1888.4836514851631,14569,2291.807368876678,1,1,100.26510247018625,76.92313969241599
2016-06-17,3423.0130730193096,10957,393775.218639478,0,0,1889.1462586474393,5853,6230.463217942445,1,1,100.39605753867231,77.19127931619663
2016-06-20,3367.4679328755105,8075,403600.5876093765,0,0,1875.965667400781,12109,2584.467762445085,1,0,100.23583158456641,77.41699443601043
2016-06-21,3350.878070159902,19929,404851.4909021532,0,0,1874.4507144904355,13238,1135.9757630777747,0,0,100.1106668631558,77.75923827281885
2016-06-22,3357.643560471936,10960,404923.3150285549,0,0,1874.5005886767444,5881,1000.0,0,1,99.9505390694439,77.75866275281614
2016-06-23,3353.5921324548826,11524,406632.60375596577,0,0,1844.195751254648,16203,1000.0,1,1,99.87112544044138,77.84970282306114
2016-06-24,3391.306580931676,10942,402443.8594988,0,0,1875.8030298048388,5008,1208.529844816203,1,1,99.91508910104307,78.00315693363689
2016-06-27,3430.5846151918386,17768,406219.1607775391,0,0,1915.0527091022147,12966,1000.0,1,1,99.96750788532435,78.04565394285419
2016-06-28,3556.784860063316,17305,414379.8676201849,0,0,1947.3731148923778,14588,1000.0,1,1,99.9951353032572,77.92649564987907
2016-06-29,3638.047561805688,5797,418759.8702383573,0,0,1950.4912070065639,5440,1000.0,1,1,99.85385871486797,77.82676288957714
2016-06-30,3592.2963475888773,13394,418697.45184390014,0,0,1925.011521026198,15329,1000.0,1,1,99.6228483712047,77.58149537007816
2016-07-01,3635.06629076784,18905,423106.03196261794,0,0,1943.8915538476056,17513,1000.0,1,1,99.62828372974374,77.7079804190511
2016-07-04,3735.5161622290693,13933,429594.75080739224,0,0,1955.2950832097424,11544,1000.0,1,1,99.58110612637991,77.67977586682555
2016-07-05,3773.555632629266,18931,433483.81048580416,0,0,1950.1703410956036,8090,5038.354258871202,1,1,99.62704470355156,77.48082374163452
2016-07-06,3842.1952513641186,15052,429199.6085147046,0,0,1923.6077234629574,16551,1018.5686578885179,1,1,99.69724006617369,77.28215029583714
2016-07-07,3868.40610457511,16211,430579.31436922256,0,0,1955.8304555499308,15369,1000.0,1,1,99.71106420937956,76.9190306775023
2016-07-08,3905.029526822845,9951,432677.0225010464,0,0,1984.5696819956947,13991,1000.0,1,1,99.78707751791714,77.21268307987347
2016-07-11,3927.3048483018038,9589,432732.1975715223,0,0,1992.563789768645,19956,1000.0,1,1,99.80999865532866,77.23626838073301
2016-07-12,3933.782037522076,12052,433740.58241649275,0,0,1998.831172492231,6805,1000.0,1,1,99.8630051258888,76.97742837486102
2016-07-13,3937.9036965160417,18071,440708.2743311805,0,0,2024.8472052887967,18991,1000.0,1,1,99.79253779960182,77.21999269974162
2016-07-14,3850.4277068526903,9764,440659.84217425605,0,0,2008.0474965257913,12504,1000.0,1,1,99.77457665821866,77.05185805680333
2016-07-15,3737.5814172063847,13587,442573.81873587676,0,0,2016.0499658988615,9986,1000.0,1,1,99.79425426788436,76.62990786869965
2016-07-18,3662.706790236182,10986,450512.8015565309,0,0,2012.8855873825369,18756,1000.0,1,1,99.8763071154261,76.93627455546539
2016-07-19,3556.4965760946643,9147,455440.978366157,0,0,2020.4718247086275,18003,1000.0,1,1,99.83693299820365,76.77514545859556
2016-07-20,3497.013962684497,11560,456706.5683125087,0,0,1962.6896062209498,5909,2748.651260664395,1,1,99.88904972377686,76.65247573153292
2016-07-21,3474.5677193519227,18675,454931.92533764406,0,0,1992.2132222098196,15381,1014.8010500052617,1,1,99.86246584458532,76.66482973763767
2016-07-22,3428.4323166885124,9573,456851.9994674489,0,0,2007.8399221703144,10870,1000.0,1,1,99.8507116278525,77.00760650447471
2016-07-25,3400.781832369607,18159,462510.08395122393,0,0,2037.7318724006636,10026,1000.0,1,1,99.93366353205491,77.0136176917346
2016-07-26,3403.19042661218,13770,463651.5993043471,0,0,2013.1400144665558,19654,1000.0,1,1,99.73435749494949,76.65388255389104
2016-07-27,3394.5644229199006,6288,470143.2867094257,0,0,1995.4931819948374,13834,1648.2012915605924,1,1,99.60471026214202,76.81704565512469
2016-07-28,3346.2284342161847,16956,469482.0202819921,0,0,1968.4092503863228,13784,1000.0,1,1,99.45649172239774,76.67154873784617
2016-07-29,3280.6277735622125,13096,472876.282609588,0,0,2048.161779527611,9206,1000.0,1,1,99.22313011041291,77.237925929305
2016-08-01,3280.0023586277443,10197,474993.2711004557,0,0,2115.685153772775,19337,1000.0,1,1,99.15530366639739,77.23759001270564
2016-08-02,3265.32375307872,5944,481223.21866609476,0,0,2222.493522485435,5413,1000.0,1,1,99.23024705637016,76.56707936333603
2016-08-03,3215.0589645987357,6418,478516.27189465833,0,0,2322.801997662951,6998,1000.0,1,1,99.20175864973191,76.67428885498275
2016-08-04,3172.517175349132,9877,490971.4353335408,0,0,2344.293569035774,13851,1000.0,1,1,99.22153765792609,77.25766819266082
2016-08-05,3203.8573615077607,7619,498728.0895353674,0,0,2386.975153775678,8667,1000.0,1,1,99.33045940759717,77.73044427922443
2016-08-08,3224.3461138113234,6258,498440.05606224644,0,0,2369.0212516484216,6174,1000.0,1,1,99.46322802082395,78.2797305658514
2016-08-09,3297.387397116956,18216,503645.6876467016,0,0,2359.013142429612,8915,1000.0,1,1,99.45631422735133,77.97380251023696
2016-08-10,3323.7330276842163,18902,500211.03585556283,0,0,2384.5317975359117,17470,1000.0,1,1,99.59167281630826,78.24744822903
2016-08-11,3240.6236461768826,18440,496148.7622024106,0,0,2338.9659249984616,17273,1000.0,1,1,99.60088548215168,78.03084986710898
2016-08-12,3233.7106052723,18446,499079.6472606116,0,0,2371.3105030441097,19516,1000.0,1,1,99.51714565976893,78.09813668693405
2016-08-15,3250.3240714966346,11980,497232.70630336175,0,0,2392.073570141074,5090,1000.0,1,1,99.45770562454906,77.71625095831214
2016-08-16,3193.3704626475783,10476,496608.5202267492,0,0,2402.217277195306,12878,1000.0,1,1,99.30965197329256,77.52291422884733
2016-08-17,3146.877689689359,6812,495688.1078140507,0,0,2352.54829373012,15884,1000.0,1,1,99.22083858791919,77.32004021963824
2016-08-18,3019.8553619169907,18709,499888.45460832905,0,0,2362.161401676692,19609,1000.0,1,1,99.18503691911175,77.58960680368102
2016-08-19,2995.835472671798,16790,505015.0657062671,0,0,2318.4944021538386,19815,1000.0,1,1,99.2653954210496,77.82982254018192
2016-08-22,3028.3317319973044,19625,502753.26451076433,0,0,2371.776722272604,6801,1000.0,1,1,99.4374724041662,77.91286845898117
2016-08-23,3116.1051835866633,14071,504443.93519421364,0,0,2426.178102745647,17391,1000.0,1,1,99.2992542526285,77.50774203356455
2016-08-24,3097.334898090567,15812,508148.5757618,0,0,2438.394618895585,18058,1000.0,1,1,99.33853699945449,77.41425020337964
2016-08-25,3111.709563416605,15435,514662.41493523715,0,0,2442.710652089758,18643,1000.0,1,1,99.23448260553874,77.19041525849681
2016-08-26,3086.0283567446513,6464,511661.70278668706,0,0,2449.3847437867275,9449,3480.1636475626137,1,1,99.28195231438507,77.45131798550517
2016-08-29,3175.6245467743042,14035,504481.9082408302,0,0,2426.181798753472,13031,1000.0,1,1,99.2688436493163,77.80477344135032
2016-08-30,3217.755844045788,9504,509110.0904154898,0,0,2466.8657640687393,14732,1000.0,1,1,99.08575306673154,78.12168911715959
2016-08-31,3231.1458845043776,11954,509555.2924792192,0,0,2451.297058191896,10153,2649.639560249604,1,1,99.17858276588838,77.89512329133449
2016-09-01,3201.4224902279343,18099,522032.4474970922,0,0,2410.1571557530065,5890,1000.0,1,1,99.11808269460751,77.07326335464764
2016-09-02,3155.5446010299906,15967,527815.0293538318,0,0,2469.2620665450277,8493,1000.0,1,1,99.06469267077016,76.54317478520862
2016-09-05,3144.3792600709844,7635,524437.8112361594,0,0,2518.200126661573,5638,1000.0,1,1,98.95771742964119,76.96966287863329
2016-09-06,3150.7112478578506,19851,520029.91485989094,0,0,2496.200545850674,10479,1000.0,1,1,98.89228910197244,76.84928639683733
2016-09-07,3192.299091587519,13644,519123.7909098208,0,0,2485.603712435949,16586,1000.0,1,1,98.93507814604192,76.6240690113578
2016-09-08,3224.571453626675,19693,516988.21565864293,0,0,2530.9648970425774,19627,1000.0,1,1,98.91615371194828,77.11686709938867
2016-09-09,3250.6316608932366,5271,515971.2228667601,0,0,2550.0127759325305,15543,1000.0,1,1,98.94901991217652,77.49641508303517
2016-09-12,3237.5444563051196,6874,514109.2751027281,0,0,2597.0238620864393,15580,1000.0,1,1,98.98521209756942,77.5037496996111
2016-09-13,3221.913537843979,14264,517591.04395766696,0,0,2530.7701593291563,10368,1000.0,1,1,99.11727826312223,77.41572877229191
2016-09-14,3197.729869167039,5527,514227.06196192326,0,0,2455.5955242661953,13427,3926.718670098547,1,1,99.0829996480358,77.37609840844797
2016-09-15,3203.915223662662,6793,516723.5274700912,0,0,2385.0012537041357,10517,1000.0,1,1,98.93531386635122,77.44424724796421
2016-09-16,3212.660920854774,7387,518549.3854321103,0,0,2348.8044666651763,7553,1000.0,1,1,99.04203610800842,77.9242614323601
2016-09-19,3192.3618164590075,13731,516733.5798230062,0,0,2357.24632729028,13764,1000.0,1,1,99.0088872907987,78.05100165963127
2016-09-20,3176.665856816662,8235,516637.0098002107,0,0,2316.439991578456,12521,1000.0,1,1,99.12034653525643,78.268810369543
2016-09-21,3180.488476213629,6207,519130.23136046727,0,0,2351.982507010093,8385,1000.0,1,1,99.15868424657468,78.61959140226406
2016-09-22,3187.860284448311,19073,520570.88274004037,0,0,2337.956752364843,19195,1000.0,1,1,99.14557049355435,78.26868860195674
2016-09-23,3157.792304603564,5069,523386.82190725364,0,0,2303.324611959085,19118,1000.0,1,1,99.18044808295897,78.49514716969895
2016-09-26,3140.834920800635,10484,520779.03953515744,0,0,2353.532675536806,10974,1000.0,1,1,99.37554933897161,78.40677654330047
2016-09-27,3111.0381165030476,17383,518757.04457627924,0,0,2424.7994492550483,11881,1000.0,1,1,99.58324739187698,77.65194798456864
2016-09-28,3153.231792273452,13780,519381.2262055147,0,0,2490.9795941078282,15219,1000.0,1,1,99.59018550539025,77.01349712197289
2016-09-29,3148.35810532455,5990,507554.7129847097,0,0,2570.9138392802533,6144,1000.0,1,1,99.60620456472196,76.70806183851728
2016-09-30,3213.8496213882217,19457,493837.50456247875,0,0,2645.905710118364,6873,1000.0,1,1,99.7138285804686,76.86742880709507
2016-10-03,3255.053606417297,19365,481083.49757074006,0,0,2737.614129175852,9822,1000.0,1,1,99.62926247719187,76.90156867669715
2016-10-04,3253.7469029108292,13651,467805.864975972,0,1,2839.4426163774906,17533,1000.0,1,1,99.6625695144537,76.95687868884986
2016-10-05,3307.6593694836174,12595,449455.45491690794,1,1,2935.7821835058576,7632,1000.0,1,1,99.65998322965831,77.54216173365586
2016-10-06,3245.430696068222,10021,433612.71556197555,1,1,2946.810912215505,6411,1000.0,1,1,99.69137405080406,77.16143484919792
2016-10-07,3165.8614140699656,6903,413074.0791938844,1,1,2969.1223052276837,6644,3693.398145758506,1,1,99.60803717020913,77.1532048429428
2016-10-10,3146.963849429372,17251,402242.4805081984,1,1,2939.3718503333507,12376,1000.0,1,1,99.44908042087823,77.24453549978693
2016-10-11,3094.278066404815,14568,389823.9629808618,1,1,2931.5418177227048,13844,1000.0,1,1,99.2417820772791,77.02365356482544
2016-10-12,3178.9164685046676,11080,367943.9472612529,1,1,2958.0573531477853,8758,1000.0,1,1,99.13004366598014,77.03215158835032
2016-10-13,3304.239220725995,19660,349892.31536486646,1,1,2937.2588276763604,6224,1000.0,1,1,99.0841761374862,76.55216678812502
2016-10-14,3369.5753188023505,7291,335552.993386772,1,1,3000.4939287933785,6063,1000.0,1,1,99.05485697882132,76.97513865330752
2016-10-17,3462.1038161736997,11682,326651.0156673319,1,1,2945.933222478579,9995,1000.0,1,1,99.24858009506428,76.7706542875484
2016-10-18,3547.8267343109915,15999,312674.9445014734,1,1,2898.1733113613145,11173,7467.867526029064,1,1,99.35917943205502,77.38007433698195
2016-10-19,3605.6388953546025,14321,297018.06224004447,1,1,2901.534940040165,18062,11191.82743029446,1,1,99.26297032042085,77.37033203980671
2016-10-20,3683.5632478777597,16049,283228.4370025391,1,1,2974.175817411184,8307,12563.070242920654,1,1,99.29774116566594,77.67874810942646
2016-10-21,3743.14121944381,17464,269128.7106112281,1,1,2869.708625556225,14669,24058.308642100765,1,0,99.25703334203091,77.66275724872912
2016-10-24,3786.9164046119963,11307,258306.92935774816,1,1,2824.395476773099,17993,37288.630800551866,0,0,99.2285969582269,77.65353409905096
2016-10-25,3844.3144352109816,19128,240053.67713454438,1,1,2795.6038927347554,5846,46713.49948778147,0,0,99.24712952316844,77.47832529908436
2016-10-26,3816.736825178641,12870,234463.54547806174,1,1,2774.4721584741606,15231,59694.439606761596,0,0,99.30904663486598,77.51406247789424
2016-10-27,3752.092415686152,14976,227294.82487713906,1,1,2736.45233025696,5109,66317.90315038526,0,0,99.27512078647757,77.60946208621846
2016-10-28,3769.951634502066,15713,217585.43214476766,1,1,2785.6800883148603,16575,70744.58954471828,0,0,99.38150593975101,77.3741845335439
2016-10-31,3746.6925928432793,10528,209282.740251823,1,1,2757.9066765090747,15889,86398.64422850449,0,0,99.26731211713677,77.33667120878593
2016-11-01,3737.793188401023,17115,188941.03263620727,1,1,2789.6548258991224,14317,95033.71885845804,0,0,99.267946023373,77.1536415489688
2016-11-02,3753.81652513456,11283,185389.2179885868,1,1,2762.831028797008,15677,100401.70865331523,0,0,99.52771339603258,77.84354076985325
2016-11-03,3734.501025403641,9954,181210.1635164938,1,1,2712.574731491545,16106,112390.2644849185,0,0,99.55002137029511,77.81662153887977
2016-11-04,3810.6483996320517,19053,188355.6240381501,1,1,2700.8289015345463,14796,117622.36127288606,0,0,99.69334282095572,78.28019118438874
2016-11-07,3722.469759941777,19107,197309.6807490431,1,1,2716.553626401641,13555,126091.19741839753,0,0,99.70249483877305,78.22150448514643
2016-11-08,3690.2349828797524,11003,204074.147125612,1,0,2675.1842664513747,11256,141238.60413311032,0,0,99.76057254830603,78.2992907776069
2016-11-09,3605.6174232668723,18557,217088.1377565188,0,0,2621.829648952599,13055,150109.4160170963,0,0,99.75489422886676,77.90288155611331
2016-11-10,3575.828191260052,12158,224777.1645949858,0,0,2567.044788608205,15833,156257.2918582055,0,0,99.73785347075034,77.76875977855296
2016-11-11,3582.8734226227934,15977,221933.03406673172,0,0,2565.9506801705656,7254,150994.91084936477,0,0,99.6599052310778,77.83192017978973
2016-11-14,3594.5975761507116,9158,227494.3249755889,0,0,2539.246081212987,17170,145873.01767419837,0,0,99.70293536697355,78.3077213290777
2016-11-15,3635.1804136736628,8934,231049.61925384743,0,0,2534.776778529407,16292,135866.66411405543,0,1,99.61778164805497,78.37431616238058
2016-11-16,3635.617159308153,6318,241630.56495103918,0,0,2483.001806796746,14264,133540.52710990424,1,1,99.68434017168632,78.78943227073847
2016-11-17,3629.333087175391,6151,245104.06318909535,0,0,2547.863314841664,13749,123659.88819549882,1,1,99.79286887213091,78.98165100379936
2016-11-18,3625.189905141337,13373,254058.6696152971,0,0,2622.2528639943434,9416,122870.52026357767,1,1,99.82952201285462,79.46987140563876
2016-11-21,3668.083181518716,10734,259870.7413268788,0,0,2649.5033252022295,16836,118049.31129649049,1,1,99.80089713949906,79.45215874044723
2016-11-22,3651.182329974414,12468,266352.4066896568,0,0,2683.6592609820877,13951,108234.47507072407,1,1,99.84629369742993,80.16922555364278
2016-11-23,3640.971528264004,15493,265279.02814406995,0,0,2708.9380045869384,13460,95637.29304886551,1,1,99.81542639187529,80.02360669276854
2016-11-24,3641.2140862288566,18161,271334.9387122094,0,0,2728.597155665049,16153,91859.70837903228,1,1,99.9089811044218,79.79366814250925
2016-11-25,3663.454795051406,6288,278237.02783091494,0,0,2784.44876195865,17194,86082.36749763972,1,1,99.72584049600029,79.43065228760253
2016-11-28,3622.6477159323777,17448,285610.1921590154,0,0,2718.136287132856,13147,79318.43451535825,1,1,99.69227975918842,80.12995968906995
2016-11-29,3614.872193041445,16662,294353.5747624937,0,0,2687.8926227584825,13381,72198.03132352942,1,1,99.49319855967603,80.37579396085532
2016-11-30,3560.4976186733124,16042,296719.5776134926,0,0,2646.367097243752,7624,61334.522272225186,1,1,99.3436924766533,80.27555774084124
2016-12-01,3431.939724275856,13150,295154.42189943144,0,0,2679.4941095109857,9110,50351.864012534774,1,1,99.4800786996347,80.65026454990328
2016-12-02,3484.2196772527227,19082,300080.98690101976,0,0,2731.9047838216266,6261,45723.211471025425,1,1,99.56959719783187,80.85657220543861
2016-12-05,3614.920031383018,15677,302011.779159042,0,0,2770.8573351499,15715,46009.60301523405,1,1,99.4976491745034,81.44641044685129
2016-12-06,3686.5084850381368,15573,308433.9626978935,0,0,2776.6288859629235,13084,41090.516503820225,1,1,99.3473988288993,80.98206059702932
2016-12-07,3707.144183324374,13565,312127.0221616122,0,0,2804.69724579668,8206,30629.79341216697,1,1,99.05094594511513,80.90245256453504
2016-12-08,3747.771894309418,7730,315987.8590260599,0,0,2811.8343213543053,18756,21654.277497846633,1,1,98.99659639432187,80.7636961493522
2016-12-09,3754.9152820826007,9850,329567.3403917643,0,0,2827.6944437509765,8792,13673.537455321857,1,1,99.2386378955466,80.17159134642961
2016-12-12,3795.9639720934892,7963,336564.6999136866,0,0,2778.9708877409516,9802,5442.558925601819,1,1,99.28212632269297,80.48968950786352
2016-12-13,3851.54106904653,17487,339061.1803528827,0,0,2831.1829669082354,11006,2909.4890654030414,1,1,99.22616909408802,80.40857054112251
2016-12-14,3896.162690668276,18452,350796.61377108167,0,0,2860.6383876338205,16504,1000.0,1,1,99.27267711503805,80.63045990261848
2016-12-15,3892.603694893657,7744,354874.0402919757,0,0,2917.736289696002,19043,1000.0,1,1,99.11658127973861,81.33839148291737
2016-12-16,3922.455315897985,8189,361298.44539600913,0,0,2918.8161143738316,12171,1000.0,1,1,99.08684894346885,81.2324183753691
2016-12-19,4009.9903630838103,7447,367423.20903280936,0,0,2917.210669088191,8274,1000.0,1,1,99.09679669077042,81.10607248057194
2016-12-20,4083.5886596849823,16488,370699.34072666627,0,0,2947.307878671599,10070,1000.0,1,1,99.08818662558832,81.14167173148914
2016-12-21,4090.5367138127776,18176,374033.519487336,0,0,2912.213960927199,11564,1000.0,1,1,99.16726723775733,81.43784593738417
2016-12-22,4113.342022387914,11732,373179.6613541155,0,0,2938.8512551195568,8281,1000.0,1,1,99.20173176038092,81.26783202979112
2016-12-23,4083.121993794825,16359,385724.60526529024,0,0,2996.0980635406454,18513,1000.0,1,1,99.26856436219173,81.07854355065147
2016-12-26,4123.090126506684,11916,381590.8270760579,0,0,2985.0145569354067,13284,1000.0,1,1,99.19972713396865,81.39570033172389
2016-12-27,4106.774312393922,18423,386761.3229399989,0,0,3018.38040460932,5819,1000.0,1,1,99.28950867480971,81.5092921288753
2016-12-28,4005.5784596712533,10588,386974.1761699875,0,0,3005.412658103919,16066,1000.0,1,1,99.45240236957211,80.89587364997385
2016-12-29,3970.9904273558946,15708,388738.6864074606,0,0,3035.8225034901398,16705,1000.0,1,1,99.35538741760696,80.52825611013311
2016-12-30,3929.1677672385063,12465,396317.05279143254,0,0,3071.003763554132,15945,5510.111102733948,1,1,99.26661785203551,80.97862686928129
2017-01-02,3892.3331030776517,5598,400650.34241379716,0,0,3039.790553381906,13255,1000.0,1,1,99.40019628566753,81.09920535420493
2017-01-03,3884.714901576062,17095,391849.76419230475,0,0,3124.093067467523,9336,1000.0,1,1,99.38106188699803,80.87054657489375
2017-01-04,3831.0195242117175,14219,385765.9072213277,0,0,3022.5976798482566,8751,3711.219144739621,1,1,99.52144402620468,80.81942367772325
2017-01-05,3834.3023211639966,18752,390877.6264945941,0,0,2907.4967972989743,5855,4971.592306890889,1,1,99.47719045501546,80.82339467956376
2017-01-06,3847.442235686115,6682,391936.48965614534,0,0,2855.2500902033717,15989,1000.0,1,1,99.62269501264254,81.0441146876478
2017-01-09,3850.9123782483375,6356,391672.6553723749,0,0,2809.1550007781316,16509,1000.0,1,1,99.63584359432308,80.63663566919017
2017-01-10,3831.460786438557,9893,392335.8893670822,0,0,2792.6509107177217,13052,1000.0,1,1,99.66166647665536,80.38435092758903
2017-01-11,3834.381874384332,18767,394460.9055332942,0,0,2767.38880059336,17257,1000.0,1,1,99.81813827882235,80.46623765404804
2017-01-12,3883.0175989584313,7205,396896.18562645995,0,0,2773.831573152845,19664,1000.0,1,1,99.78196123107793,80.43628727989942
2017-01-13,3887.5239087008936,11141,403860.8120720147,0,0,2800.231094080657,14989,1000.0,1,1,99.68784902148543,80.60784503469043
2017-01-16,3974.267780575352,14964,404748.54364131845,0,0,2809.1470279515183,12577,1000.0,1,1,99.64299260068259,80.23899281548255
2017-01-17,4112.571272672187,7069,400751.99984719785,0,0,2818.8377395810844,5299,1000.0,1,1,99.6882259957469,80.34613141836394
2017-01-18,4116.723490775227,16734,393653.5725702606,0,0,2810.985870384693,9464,1000.0,1,1,99.53165008852885,80.67360650417719
2017-01-19,4114.778426455776,10888,398539.11843906733,0,0,2782.789138260336,13550,1000.0,1,1,99.59539717879397,80.81965206832197
2017-01-20,4150.608281451872,8851,398627.9844741961,0,0,2796.4784846211264,19889,12494.386178157474,1,1,99.5415200470322,80.86138559025045
2017-01-23,4141.538141043416,8948,401037.74671356316,0,0,2768.8914273289024,5237,5830.256358228873,1,1,99.65630131310554,80.83262050948066
2017-01-24,4150.716494187734,8527,399245.25018704025,0,0,2820.8509478565866,12239,9829.008866193832,1,1,99.4168752826155,80.58216516364921
2017-01-25,4233.258861502541,5378,402729.93476562115,0,0,2815.262411160445,10253,9731.53628688671,1,1,99.33821870510509,80.56056558591727
2017-01-26,4265.543236161398,10546,405074.02472780604,0,0,2825.194566567119,16342,1633.7067117193124,1,1,99.16957188998167,80.9384773417814
2017-01-27,4284.322919336714,8298,416219.71836458956,0,0,2802.490096838356,6811,1000.0,1,1,99.08694894334528,80.90276878980136
2017-01-30,4263.1963080121095,14892,413864.97451569646,0,0,2792.461172524408,7076,5990.75771359466,1,1,99.11171553345618,80.63582759299683
2017-01-31,4295.104490211825,14376,417659.12953481264,0,0,2864.383003033513,9966,1989.8233469114643,1,1,99.0937928709112,80.48815346636722
2017-02-01,4357.851342534864,16052,416936.7401696461,0,0,2808.1817206728238,19785,1000.0,1,1,99.0684551140164,80.54840855555
2017-02-02,4457.644497053993,14699,419117.9410312012,0,0,2774.339799425387,6139,1000.0,1,1,99.05253662687839,80.43635435639574
2017-02-03,4404.165720297377,8433,411490.1576843824,0,0,2790.1396760747925,14900,1000.0,1,1,99.07287545094039,80.58194534131468
2017-02-06,4375.8766296973845,6403,419100.4375869021,0,0,2776.727659468123,10955,1000.0,1,1,98.97202184674607,80.73879846953939
2017-02-07,4347.4557338162085,6810,421714.97476151044,0,0,2762.796793399834,9285,3417.8013872802517,1,1,99.04270681083598,81.00549342366078
2017-02-08,4256.015685243774,15149,422862.0083084947,0,0,2749.239336974229,18294,4606.991096094316,1,1,99.10897340787453,81.4325612653403
2017-02-09,4242.480109069732,9443,419798.2798913983,0,0,2771.2416036073455,19279,9126.235454479007,1,1,99.14747720164014,81.731318882652
2017-02-10,4152.713592686825,6467,424846.19316834427,0,0,2733.460502256768,11066,21017.584594897762,1,1,99.20313054591526,81.45104716340762
2017-02-13,4083.0618131930796,9716,428730.30185078044,0,0,2755.7345795206897,19100,34955.67789781641,1,0,99.23277234599612,81.17998682943474
2017-02-14,4078.548115199578,5941,432836.6304446919,0,0,2794.9988560042693,8862,48928.373781698945,0,0,99.43627967626924,81.15725538649679
2017-02-15,4195.333231350436,19578,433059.93559521466,0,0,2802.833228888786,16021,61903.833673904366,0,0,99.42757025916399,81.02190277932496
2017-02-16,4326.008237695939,6003,433132.1920437006,0,0,2778.14304827373,17705,75637.81538800163,0,0,99.39686193733053,80.68040476123667
2017-02-17,4340.878267058524,14598,434899.41253480327,0,0,2785.9135471598815,6954,81170.67898690852,0,0,99.3215091792948,80.54789722298477
2017-02-20,4272.488375747587,7418,438830.813201847,0,0,2778.4305121255175,9632,81644.895625106,0,0,99.218282912237,80.40554334289907
2017-02-21,4236.871446923931,9487,439528.04246833775,0,0,2777.8302560944644,8002,93546.8383867227,0,0,99.0938357334769,80.20398902097071
2017-02-22,4209.509642880488,13061,442592.05627552944,0,0,2759.674244490833,17763,104785.91603818286,0,0,99.0049560021538,80.10925217512421
2017-02-23,4230.149506571622,17799,442148.02863415773,0,0,2786.491404273855,18456,115160.57759118515,0,0,98.9978879639886,80.4627874302197
2017-02-24,4180.255299554358,12242,451103.913799963,0,0,2749.44270293257,17631,123357.00369560705,0,0,99.03131747683837,80.52255884259448
2017-02-27,4148.358707687088,15940,455857.04100856686,0,0,2725.3294437503996,18891,134231.01282183797,0,0,99.03643168269359,81.26410156541112
2017-02-28,4042.4266613595396,14775,450129.0955337801,0,0,2740.0596684507923,18807,149981.5272193054,0,0,98.95987815495062,81.31525402121702
2017-03-01,3962.9658663219952,15233,452650.78482651676,0,0,2702.8093053986513,10535,155762.15744133867,0,0,99.04989661135261,81.22823428903584
2017-03-02,3860.8736406395014,6452,453537.26864935155,0,0,2660.0603317987916,7555,162237.72624342027,0,0,99.1238378785827,81.2294741538323
2017-03-03,3850.567491166515,14966,457650.6802938286,0,0,2620.145072488678,14754,173473.12470478757,0,0,99.10787304784051,81.30642174736536
2017-03-06,3869.7031895323094,12911,466153.48515676224,0,0,2600.4030341972916,17805,183555.54741228407,0,0,99.04258143337404,81.43699793451668
2017-03-07,3833.7670691764265,14539,474625.8933116121,0,0,2596.7877796585067,19985,191694.9686774698,0,0,99.09742422545702,82.06001133227439
2017-03-08,3891.3581543137234,11365,475074.7020446411,0,0,2583.35170127577,15688,196722.42868659063,0,0,99.11622158420563,81.80641519278112
2017-03-09,3928.534927205601,6303,478865.095180551,0,0,2522.1182670800586,9422,204361.17923060484,0,0,98.97140885826413,82.06412901023444
2017-03-10,4026.067464076862,10990,472925.02692551294,0,0,2518.3325807351084,5042,210616.7757347963,0,0,98.96461083266568,82.12645418951867
2017-03-13,4031.865636775496,11999,482620.33659110405,0,0,2538.228807932029,10975,217240.8724709294,0,0,98.99081441387312,81.65512486674749
2017-03-14,3969.93231972607,15597,489572.08072151116,0,0,2549.692322863533,8483,224020.00863513732,0,0,98.90084493522434,81.88633450137591
2017-03-15,3900.2308231138936,10355,494847.6395112407,0,0,2555.068521269405,17082,232518.99141175003,0,0,98.91982927450809,82.26662156961709
2017-03-16,3906.6703067629023,8290,499565.699693615,0,0,2525.8913552718604,19610,234631.05090666687,0,0,98.77434702598231,82.00946864848386
2017-03-17,3921.531741887146,6234,493840.2938628103,0,0,2530.722094121131,16755,241009.51257476775,0,0,98.90796563598353,82.00678848811627
2017-03-20,3923.9336318427563,5652,500525.92350548826,0,0,2543.689597706974,7067,252028.9850235246,0,0,99.03276063448946,81.48918220951396
2017-03-21,3814.6173100552614,15359,501087.5253792395,0,0,2528.4757068841104,17452,250443.084237499,0,0,99.00750890105917,81.11154027160866
2017-03-22,3782.6591321452834,10796,506921.0452284371,0,0,2457.6097650841607,15919,255321.98234368698,0,0,99.04385433484308,81.42594914489383
2017-03-23,3724.67896491546,19816,506427.00175224326,0,0,2463.9138722227117,14418,255683.0494359556,0,0,98.8028621382631,81.2860241930916
2017-03-24,3698.6620004753236,6336,506802.8558341108,0,0,2519.4657463676035,7696,266196.0488519132,0,0,98.68722737223656,80.9533833006102
2017-03-27,3638.973194218307,16306,503763.1499658732,0,0,2554.5159761785467,17039,269530.92015149636,0,0,98.65784948022134,81.02222140994772
2017-03-28,3560.8413428058852,19686,505482.90981692466,0,0,2590.5362607386273,19873,268398.74071854056,0,0,98.55063617807866,80.86549768051842
2017-03-29,3515.2431865496555,14771,504876.2349689317,0,0,2580.002141726199,5281,268308.47928621905,0,0,98.62207582634173,80.72425118318576
2017-03-30,3506.314256674352,8266,505920.06732103415,0,0,2614.4213217462207,13659,272249.1866207141,0,0,98.82180547941653,80.94604899088822
2017-03-31,3517.4790787663696,17439,501421.8814991345,0,0,2653.379939604389,8315,280639.1443170681,0,0,98.7041440074736,80.59752898320792
2017-04-03,3601.7310316732724,17671,502533.0644656548,0,0,2692.8336288822984,7944,287869.3889022761,0,0,98.62039766706508,80.32591941940336
2017-04-04,3623.8000698320147,6832,501624.43092248007,0,0,2677.9712053149656,9008,292835.9027146275,0,0,98.64394250389607,80.37214341704804
2017-04-05,3705.081961973005,15444,502887.60531501553,0,0,2679.8570251400497,12416,303133.9649670567,0,0,98.80505411874603,80.6629663542725
2017-04-06,3717.867513816958,11470,502047.461044022,0,0,2689.0950807139216,13206,311486.0025398868,0,0,98.68281668749204,81.03441444471945
2017-04-07,3709.8585517392953,14140,504026.7316478705,0,0,2692.7359529736036,19624,322115.7162976396,0,0,98.70772029972274,80.83489592861096
2017-04-10,3658.1751981645743,6173,509356.7067929033,0,0,2642.81569202382,14721,329996.83627579757,0,0,98.88985018480405,81.11610901868686
2017-04-11,3685.168759113972,13115,514263.1882265858,0,0,2658.3954739507285,12535,335325.4204261486,0,0,98.72467426998612,80.88086633064573
2017-04-12,3770.4055225185334,8097,508517.569590926,0,0,2679.8076936724487,7090,349771.42824067606,0,0,98.59656734930154,81.42872913471777
2017-04-13,3879.3563691106633,7405,511578.60328069795,0,0,2698.419546255615,19980,352662.5992777927,0,0,98.55420668865546,81.08859782709186
2017-04-14,3985.8014885480056,8562,516148.16600883997,0,0,2710.758878096712,6827,353264.96130605746,0,0,98.50214784736991,81.48714147032938
2017-04-17,4007.191360469949,5495,514318.4676059166,0,0,2831.159774677482,13111,359989.1907603097,0,0,98.58340797614528,81.29019563828376
2017-04-18,3989.922258851845,5506,522129.28956908727,0,0,2902.2617105227264,7490,366541.62482723844,0,0,98.60757394812735,81.89416957472213
2017-04-19,4005.653997809984,8268,524618.5195943123,0,0,2930.869716033269,9201,369964.63485884416,0,0,98.43007774216315,82.07156579337789
2017-04-20,4125.8915902997305,9440,528019.0197804011,0,0,2987.853252619342,6882,374313.6425116104,0,0,98.48161878245322,81.76676083455541
2017-04-21,4163.524897360674,13906,519349.1039989198,0,0,2980.2581256580274,10103,373462.5921896676,0,0,98.42386489371766,81.61008929069266
2017-04-24,4197.724186516604,5208,518698.86993100744,0,0,3007.1067149820246,7934,385859.52915736433,0,0,98.55130961541178,81.84444365225978
2017-04-25,4176.591760433737,10223,523161.49112688866,0,0,3038.7809496640775,6321,388082.85406748264,0,0,98.48855086176809,82.16023697754446
2017-04-26,4180.409608213694,9100,524919.2092405995,0,0,3083.8553998197085,12624,385390.4363392624,0,0,98.42488933345787,82.13902230002711
2017-04-27,4166.784330132739,15807,522277.9602433785,0,0,3084.8286605415237,10887,389836.93038710067,0,0,98.47900249453832,82.15241978431615
2017-04-28,4095.5033002691225,15931,521910.7948506127,0,0,3118.02983118335,7231,387927.2211072825,0,0,98.55529514277201,82.37992569410937
2017-05-01,4062.196613585886,9399,528318.6955207898,0,0,3151.4789840823705,11023,385045.49111975986,0,0,98.60010507916564,82.41946522221262
2017-05-02,4008.5236430424557,18933,531423.6668056586,0,0,3215.5497613444354,6714,392921.4902962195,0,0,98.43154534742716,82.03141376441111
2017-05-03,3997.6523143210834,7243,520678.94763846666,0,0,3217.620500518835,19724,391870.6366802912,0,0,98.48534879141998,81.78752155701905
2017-05-04,4046.170175625365,18903,527236.8817983174,0,0,3230.99985438545,5591,390731.1765241754,0,0,98.38191798625255,81.85805753996455
2017-05-05,4074.84167644077,10981,525487.9701220464,0,0,3300.3748857463024,8044,393111.4734649995,0,0,98.40544559741137,82.22270226491386
2017-05-08,4142.09316630188,13061,522349.9285734794,0,0,3430.401493047381,6121,396716.73444106046,0,0,98.26307215387146,82.70749699216248
2017-05-09,4129.171147343956,14097,523284.4684901808,0,0,3479.41855469705,8199,400697.7846637749,0,0,98.30770436862576,82.9413558183939
2017-05-10,4194.78842801476,17722,525960.7613435123,0,0,3504.403502237158,6160,408024.7882535679,0,0,98.22704447819503,83.02754304670482
2017-05-11,4173.166698678021,9388,536605.79093699,0,0,3566.7073761289225,5449,413763.53486906126,0,0,98.09878101316897,83.25218721249956
2017-05-12,4099.273954212929,11744,532196.6134132622,0,0,3645.3912607160037,17982,412110.45330627944,0,0,98.17016302681722,83.0521619574375
2017-05-15,4008.1074734587373,16165,532832.0595259996,0,0,3717.3671907812086,10422,406083.1660298402,0,0,98.19432747898489,83.00619266936005
2017-05-16,3977.3917691707475,13371,531097.6260644961,0,0,3787.9539988715874,15432,408639.3090639859,0,0,98.13292979884561,82.7589534529582
2017-05-17,4009.5492466186543,13071,521531.7548635903,0,0,3884.997572996175,16489,409940.7103416609,0,0,98.27804768374772,82.38433066974588
2017-05-18,4096.324119050721,19101,522068.9897508468,0,0,3922.467570427478,11065,411832.8938075645,0,0,98.23398244159074,82.48439537323675
2017-05-19,4174.283053414264,6234,506976.0418194861,0,0,3879.1022045007594,16379,422578.4542072747,0,0,98.23719320898783,82.54004936521217
2017-05-22,4179.594501669397,8001,492007.1222602113,0,1,3925.1013968014336,8628,423698.73199351894,0,0,98.2640845537557,82.74634511056487
2017-05-23,4087.3759541825675,7241,473568.3916028273,1,1,3837.5056112791776,8820,431605.7255009759,0,0,98.20211796034283,82.91017865983261
2017-05-24,4193.429371993493,6747,458007.37376338575,1,1,3838.0417702280356,7584,440686.28720383206,0,0,98.24923158968282,82.98297194122976
2017-05-25,4220.502749724125,7370,434967.2623212788,1,1,3783.878805328078,10922,435864.3516924604,0,0,98.19588635496635,83.14995694093304
2017-05-26,4223.927204717262,12428,421780.3105256202,1,1,3790.3678714583475,8903,431730.14701719687,0,0,98.15472252274473,83.13715201206479
2017-05-29,4259.778552118149,11641,403801.6689794579,1,1,3790.0924375150944,16191,438429.9539840313,0,0,98.29098678672506,83.2610194306315
2017-05-30,4279.184897949408,17423,389897.2851567989,1,1,3855.122207842922,17018,444442.19808569504,0,0,98.18692818147382,83.0431761098256
2017-05-31,4155.399645662036,19633,385005.9229933863,1,1,3865.0499934042614,16907,449901.13941702136,0,0,97.94565014838086,83.15408788751733
2017-06-01,4160.509388489444,12044,374429.77110055985,1,1,3884.5197180715368,10395,453056.93812754017,0,0,98.10674384788206,83.35461319310313
2017-06-02,4133.054278509475,12958,349247.4349196687,1,1,3856.0481097865577,19106,456143.83922448114,0,0,98.36167664314276,83.15370876468148
2017-06-05,4117.542950520574,6018,338885.07859693613,1,1,3793.732456115421,13576,459578.28752291494,0,0,98.32114971659783,83.16925839437934
2017-06-06,4082.206813632343,15170,325903.84865480434,1,1,3769.9938357868195,19648,464632.8800343818,0,0,98.12746591253581,82.98217764149052
2017-06-07,4103.625355570952,7561,321139.5592278931,1,1,3731.8203717678034,16282,460266.8120559964,0,0,98.09641751491621,82.82422563253569
2017-06-08,4194.520675323085,16979,311667.2810743342,1,1,3714.5323312259993,5105,463394.5895684187,0,0,98.06779521993215,82.48674682600505
2017-06-09,4144.185997304472,12714,305138.2821557453,1,1,3686.6810836595578,9205,466865.4187540536,0,0,98.04880283582992,82.86647930355501
2017-06-12,4114.366052013098,16156,295059.1703595726,1,1,3691.3143567903717,15619,466900.4217900624,0,0,97.93746403163773,83.18618485597102
2017-06-13,4063.8181174153437,7560,280678.38963593217,1,1,3631.958940725077,7010,469792.72143291397,0,0,97.99542014588539,83.34741501223922
2017-06-14,4121.815601507292,14283,275602.4803478099,1,1,3598.0000168516585,9336,466947.7811849845,0,0,98.04787088341399,83.93907379782237
2017-06-15,4128.44134754786,5663,269006.3714898277,1,1,3592.4763923171636,15383,466503.33016881987,0,0,97.89843032143206,83.88230008885185
2017-06-16,4215.861478168115,6985,252960.17722070622,1,1,3567.341545532281,8861,463816.630703029,0,0,97.96834999460155,84.79182881338505
2017-06-19,4116.030942564485,10560,241514.99296534044,1,1,3628.2132231789974,19047,467535.0195514705,0,0,98.17361849279614,84.72356998877608
2017-06-20,4096.75887946311,8258,231010.87092370016,1,1,3650.172336012052,7708,465555.8391718523,0,0,98.19081452603984,84.80012799430288
2017-06-21,4096.415670776854,8056,217145.91531663662,1,1,3669.782999898891,10774,475176.6843344374,0,0,98.15708200983299,84.68079462012082
2017-06-22,4048.0764745224274,8103,207307.443915134,1,1,3647.6371340495352,5506,482406.91981481115,0,0,98.14288168839224,84.79249228813892
2017-06-23,4093.09885077384,19668,202226.97436786207,1,1,3655.399411179608,18934,486059.4461391573,0,0,98.2044073650891,85.04317676650479
2017-06-26,4167.658813325821,13208,200943.639481541,1,1,3598.052865998672,12731,489651.00618105923,0,0,98.03134020453838,85.00900184858887
2017-06-27,4106.735240998177,11155,188082.695843095,1,1,3543.129194718903,8120,487425.32136202126,0,0,98.0477792748361,85.54201780272415
2017-06-28,4079.850051975291,9870,180203.13148888623,1,1,3493.345324819158,13510,489295.9812957316,0,0,98.00873287988982,85.61376258811418
2017-06-29,4023.700633217435,11073,170194.16129635248,1,1,3464.8383727323544,12539,496925.4040290401,0,0,98.19351538118543,85.69490820394725
2017-06-30,4085.8200717564314,11176,164536.00098286898,1,1,3483.297650887808,5855,499173.8111619895,0,0,98.17609810780493,85.42220889559313
2017-07-03,4084.587033051634,9210,154114.82765760596,1,1,3445.1549898275757,13385,502772.82303064,0,0,98.34288686891689,85.54775861795824
2017-07-04,4069.082181133847,8938,142476.2130226902,1,1,3325.0400986900568,14440,502749.20580997656,0,0,98.23251279913869,85.50755045171543
2017-07-05,4121.943670958034,6374,134557.95274447315,1,1,3239.2817767387382,11556,509424.1120543072,0,0,98.29123871581896,85.32507853291425
2017-07-06,4015.801667938003,18486,133845.56904223998,1,1,3159.5380701049235,18586,513182.6889599384,0,0,98.32317874219808,85.09213621046973
2017-07-07,3907.513784166561,16237,132526.2460854159,1,1,3140.4871562732997,12784,514533.49841836834,0,0,98.23627401741162,85.89366522439674
2017-07-10,3824.5337033281985,7978,124632.02824937843,1,1,3133.740722464185,12571,511342.674920859,0,0,98.2540136288753,85.81462204934303
2017-07-11,3665.0102498501114,12686,120644.14616267949,1,1,3065.2416444609707,19998,511720.3979766724,0,0,98.37526551255847,85.37752642310865
2017-07-12,3468.0659481640646,14434,110894.28529727344,1,1,2980.789753247219,15507,508970.42598446144,0,0,98.3428863421298,85.16805998518888
2017-07-13,3334.9931941462946,19921,101465.14030755042,1,1,2966.032017858104,6749,516480.2410659204,0,0,98.17369007721283,85.15258963334601
2017-07-14,3204.6171843014286,10694,98213.54965894729,1,1,3019.3830177321934,10842,517654.55042573105,0,0,98.17193379456508,85.31658974313096
2017-07-17,3152.3893307156945,19189,92574.65698779187,1,1,3062.4546123301275,17647,517610.32163123373,0,0,98.08169148508583,85.48302869964856
2017-07-18,3108.8866999186175,17800,91328.09132634506,1,1,3022.894275282154,7785,514644.14983901335,0,0,98.04745739121944,85.68601306518151
2017-07-19,3083.1193494066874,8893,80837.03521289607,1,1,3033.3359765430473,13012,514705.5756180303,0,0,98.03929861425092,85.49255497319031
2017-07-20,3061.756079568339,6247,71066.87444851793,1,1,3065.7210784478348,7068,518327.8100482088,0,0,97.86873339264937,85.59468710624078
2017-07-21,3112.237749631858,19730,52057.63845016631,1,1,3052.776927115214,10918,522091.5492544562,0,0,97.70716755871732,85.3318692670076
2017-07-24,3069.24872352218,15544,43393.36442112865,1,1,3031.901414424043,6388,523852.07711360726,0,0,97.75537424226987,85.1459763721034
2017-07-25,3075.373355411382,16501,40518.08922132049,1,1,3029.0274807021506,6281,528483.2122940845,0,0,97.70310237265289,84.87066367975332
2017-07-26,3135.164169295557,9587,33248.37176705992,1,1,3017.7525779743646,10499,528874.8520019957,0,0,97.44662793847084,84.51414702337384
2017-07-27,3072.7416043316807,19321,26900.01481519379,1,1,2987.276679810657,10543,524676.5516017403,0,0,97.52511234213165,84.83340987003125
2017-07-28,3038.9364873342756,10918,19190.176450645416,1,1,2994.095389679591,8927,524379.7545066827,0,0,97.55234931765908,85.03999338032492
2017-07-31,2984.8283969095396,7878,9995.969788892507,1,1,3039.106483895168,9357,532473.2183019725,0,0,97.48096183525543,85.33299299131835
2017-08-01,3045.449205725782,18327,5112.410407708534,1,1,3035.2214644668225,12310,532608.9437400312,0,0,97.3492788141496,85.34478691112564
2017-08-02,3106.4622886965003,19324,1000.0,1,1,3033.2140166468857,12948,539607.7181422857,0,0,97.43285960378104,85.57782922078519
2017-08-03,3169.3774037895782,8428,3961.7954043100654,1,1,3070.6562652747075,9521,534891.5157450587,0,0,97.46779466603708,85.04944239939242
2017-08-04,3243.8992392699133,6876,1000.0,1,1,3138.105058274279,9838,534044.3745782728,0,0,97.7060548943055,85.30836865480603
2017-08-07,3265.317807267666,8112,1000.0,1,1,3179.4697645655574,12266,532083.9493676317,0,0,97.74807375417798,85.36150460380753
2017-08-08,3261.4368784965295,8219,1000.0,1,1,3167.6443612685375,9111,533357.6760208014,0,0,97.78684406830419,85.54963748385228
2017-08-09,3206.184535462746,15196,1000.0,1,1,3147.624101358237,13254,542542.2117371033,0,0,97.77015127529333,85.66364447356688
2017-08-10,3271.958513820131,5787,1000.0,1,1,3152.5386268554726,18461,546205.5592451367,0,0,97.8518288620134,85.3675279272058
2017-08-11,3340.8213568279944,5325,1000.0,1,1,3222.534992531772,11905,548943.3513186267,0,0,97.91433738213823,84.91811599458849
2017-08-14,3432.6700458250216,18535,1000.0,1,1,3260.9817730967234,17094,552069.5793014682,0,0,98.03950988299474,84.7044997447336
2017-08-15,3441.6056358573474,12682,1000.0,1,1,3267.3069414810634,6623,558598.8500687928,0,0,97.98737759113101,84.87397492911548
2017-08-16,3513.291219459283,12931,1000.0,1,1,3174.8808703444656,12875,550898.9620780384,0,0,97.94383684383662,85.0810023536681
2017-08-17,3458.4994425173127,15586,1000.0,1,1,3133.0783028207125,17529,555792.6382345734,0,0,97.89592652674541,84.67061967045353
2017-08-18,3421.972279224649,7893,1000.0,1,1,3138.8281937664765,8310,555256.6078169066,0,0,97.97500669886331,84.37628986021306
2017-08-21,3337.5548807099294,13639,1000.0,1,1,3081.5746861957064,7030,561625.72855904,0,0,98.124844142893,84.15931915443082
2017-08-22,3394.8392663516233,15788,1000.0,1,1,3086.231925071013,9148,561842.9508018744,0,0,98.07896009357806,84.05212763635078
2017-08-23,3506.198770615157,10697,1000.0,1,1,3128.349590171517,18984,555978.1712245232,0,0,98.03648272079874,83.64351238709497
2017-08-24,3578.9477442844113,9106,1000.0,1,1,3107.9921182778476,16875,556205.9387846651,0,0,98.06789044318573,83.21689685725293
2017-08-25,3571.9492640521325,6154,1000.0,1,1,3113.45172295251,10609,553562.9505066618,0,0,98.04331429318444,82.97034626833067
2017-08-28,3520.6634254214046,8294,1000.0,1,1,3143.224512874305,12273,547456.0973914772,0,0,98.13851965849842,82.99622241919818
2017-08-29,3544.4666165039102,14752,1000.0,1,1,3119.666493281317,18687,550994.2158122585,0,0,97.91334192943653,82.64204411727212
2017-08-30,3570.2154809737976,5430,1000.0,1,1,3099.078983430217,13342,550670.6165078941,0,0,97.83067142474484,82.6073030642806
2017-08-31,3533.591157336123,15618,1000.0,1,1,3049.2801200029185,13947,549067.3420604824,0,0,97.75242979134869,82.92486890912313
2017-09-01,3606.8420381001933,14115,1324.6715592123223,1,1,3082.2223854938024,5216,546852.8387322087,0,0,97.52039419011008,82.53433498789909
2017-09-04,3553.707450442943,10878,1000.0,1,1,3116.276872290934,7098,539382.0313781715,0,0,97.4240303456732,82.47240126037593
2017-09-05,3490.3185667224907,15680,1000.0,1,1,3133.3626796540284,15123,534737.0053319188,0,0,97.3325147340886,82.77982828050116
2017-09-06,3462.099243247079,9338,1000.0,1,1,3164.1913569359513,9432,522927.7787212375,0,0,97.31240426863673,82.65434776339201
2017-09-07,3407.382827789539,9913,1000.0,1,1,3182.7852649555025,18985,509289.27169418597,0,0,97.42370085780274,82.48224685613448
2017-09-08,3408.036397819609,8170,1000.0,1,1,3207.1401533513845,5543,498096.19769116695,0,0,97.39919479268367,82.83129560042643
2017-09-11,3470.834448254024,5110,1000.0,1,1,3263.727852991679,14029,480800.20317845163,0,1,97.29611342065657,82.73943497673497
2017-09-12,3463.2103503227927,10853,1000.0,1,1,3201.227430797949,11048,470102.6665873207,1,1,97.29041796653522,83.07078348429664
2017-09-13,3490.7653380526062,10026,1000.0,1,1,3192.2427030431654,12340,454563.3010496334,1,1,97.39533532867934,83.1994731016348
2017-09-14,3496.957459614783,18565,1000.0,1,1,3213.2772266588495,5776,438989.2906357503,1,1,97.29773944706785,83.09661970576184
2017-09-15,3505.511061443312,13203,1000.0,1,1,3125.827362592154,18672,426132.7836873876,1,1,97.2066819586757,83.2405268649411
2017-09-18,3469.379422458901,18644,1000.0,1,1,3195.579851721498,13334,414247.8848943816,1,1,97.26253685460313,83.3366617190949
2017-09-19,3528.5688382290164,16316,1000.0,1,1,3130.288163891275,16764,397833.2091362781,1,1,97.24038324303005,83.64292656539565
2017-09-20,3527.5798443043277,13925,1000.0,1,1,3060.7694872723746,17961,387902.66116698756,1,1,97.305131712101,83.47842290403615
2017-09-21,3526.3004820283377,16915,1000.0,1,1,2986.3900919949574,5098,363467.1559987948,1,1,97.30376703292147,83.49078472407064
2017-09-22,3525.4857859409713,15844,1000.0,1,1,2948.787602270695,6018,346344.11960030044,1,1,97.37393339773043,83.47233002018925
2017-09-25,3503.298452894278,15629,1000.0,1,1,2943.237890219221,11339,328613.33653494145,1,1,97.27042558632637,83.68357446268118
2017-09-26,3559.8292916447826,10339,1000.0,1,1,2960.1140655504573,18797,318998.4830760563,1,1,97.26921712124754,83.37602070434792
2017-09-27,3509.66539695344,7473,1000.0,1,1,2999.9616684165608,11494,301872.08865943586,1,1,97.24814811981122,83.68111381881928
2017-09-28,3505.007875121315,12895,1000.0,1,1,3013.0621893444927,19735,290822.28434860834,1,1,97.1265590274008,83.8210124504704
2017-09-29,3560.576333866846,11925,1000.0,1,1,3028.6689898978875,8764,281989.16431276256,1,1,96.97021123261393,83.42593492838053
2017-10-02,3568.483723546822,9190,1000.0,1,1,2952.1524610917427,8074,274617.1942468169,1,1,97.0387861361414,83.78841377602467
2017-10-03,3588.6814203410117,12278,1000.0,1,1,2982.7549465727275,13307,262070.24722300467,1,1,97.00369089791961,84.458641700264
2017-10-04,3621.3877609154715,5507,5496.054693795781,1,1,2960.958862599875,18878,249328.6193621319,1,1,96.90146286975487,84.75919189112881
2017-10-05,3581.996991576106,16005,2119.087924842211,1,1,3026.005613547991,8678,241283.16925719217,1,1,96.89184497606254,85.18728732129675
2017-10-06,3652.8820636856176,18885,1708.2453503069833,1,1,3042.08593590744,19083,235928.12445173445,1,1,97.00464686179747,85.21289873577753
2017-10-09,3689.9992062600095,14210,2124.1044775812284,1,1,3009.4384393636087,7901,225677.94405281928,1,1,96.77657307726028,84.71444725985597
2017-10-10,3685.067852453194,15809,5047.59625051402,1,1,3004.2309836886025,18055,220420.63869615237,1,1,96.62690920826995,84.16121112450573
2017-10-11,3667.364970529354,12270,4096.368187222859,1,1,3002.3239334450464,17841,210826.52457432868,1,1,96.53462056408041,84.23773573766604
2017-10-12,3677.395683625665,19334,1000.0,1,1,3027.7738117335257,7486,196288.65844925723,1,1,96.68073845075246,84.06014209534706
2017-10-13,3600.248277672409,13299,1000.0,1,1,3008.7180191134375,17437,190412.17712556536,1,1,96.70899714904438,83.78576921184884
2017-10-16,3689.510430129564,18414,1000.0,1,1,2946.1734438150547,6120,171455.39107040246,1,1,96.7857288730905,83.76694520665825
2017-10-17,3710.749190117174,5435,1733.7653935188844,1,1,2958.639686121406,16893,169050.24532945498,1,1,96.67171278117787,83.95162079301663
2017-10-18,3758.7631250238273,18555,1000.0,1,1,2964.2042426865414,13797,153697.0581741411,1,1,96.55975919365083,83.51579352898798
2017-10-19,3828.340205167633,11366,1000.0,1,1,2945.3671086128215,5004,141525.8157354652,1,1,96.6045405653231,83.38113024290388
2017-10-20,3825.7640546528028,18903,1000.0,1,1,2981.993443153021,9623,128509.33886829646,1,1,96.61036799841665,83.83409144783997
2017-10-23,3853.523001913197,16820,1000.0,1,1,2970.980510044611,13858,116185.36466066698,1,1,96.66524188030306,83.51150493377355
2017-10-24,3858.2796535870198,13031,1000.0,1,1,2954.0741148784987,17947,112740.54919258338,1,1,96.64647478121022,83.77243328992304
2017-10-25,3840.6454660355757,15631,1760.073815728355,1,1,2925.4186344993914,13126,99258.8552690531,1,1,96.67428915385567,83.62701406145834
2017-10-26,3892.2138889471307,8782,1000.0,1,1,2929.1743543100115,18931,88595.95236279507,1,1,96.69010106234619,83.79075218941333
2017-10-27,3831.7950471314484,7923,1000.0,1,1,2876.616283891769,18960,82851.31514475752,1,1,96.76787780125468,84.11995044157419
2017-10-30,3777.4702136187875,11958,1000.0,1,1,2939.977772573882,5352,85806.2728148737,1,1,96.84857862944912,84.3423349716697
2017-10-31,3660.243286312302,7730,1000.0,1,1,3007.1720014944226,15182,76246.00234991302,1,1,96.68659143000994,84.61508285233386
2017-11-01,3531.100235575863,11960,1000.0,1,1,3072.416022727937,19741,73141.1946282773,1,1,96.46186457447587,84.26960479231147
2017-11-02,3432.3568490891757,16589,1000.0,1,1,3134.387442562009,18105,66324.7181834426,1,1,96.56203911424102,84.60370270433387
2017-11-03,3309.741776284688,16770,1000.0,1,1,3193.0488499360895,15424,56567.40469033452,1,1,96.68081162356721,84.34789476994342
2017-11-06,3203.903817565704,12026,1000.0,1,1,3250.959339484742,9421,45453.24278674259,1,1,96.57874932161587,84.42575729961487
2017-11-07,3140.3286641536624,15256,1664.0597008185866,1,1,3289.6927209549813,12200,35995.07815360942,1,1,96.39276578096131,84.50323115571405
2017-11-08,3086.34611084135,9213,2934.1031429056225,1,1,3272.3316726191297,14945,31554.465987967775,1,1,96.40266926306202,84.64876792337492
2017-11-09,3019.005552002676,9120,1000.0,1,1,3320.4169157887936,10278,19962.841604797562,1,1,96.49575308569709,84.74985492619298
2017-11-10,2990.2999328868405,11349,1000.0,1,1,3387.1762650387,16182,11059.131023212321,1,1,96.67551253794052,84.49671193263556
2017-11-13,2957.7754601996494,18503,1000.0,1,1,3381.092086576646,9766,6663.887992161927,1,1,96.72714229515066,84.09175170894684
2017-11-14,2984.2708514699425,15829,1000.0,1,1,3361.6032029395114,13449,3695.5423045471534,1,1,96.6899706254921,84.35345631293538
2017-11-15,2998.8508823490974,18143,1000.0,1,1,3366.8218153893463,19652,1000.0,1,1,96.6006575633336,84.40920668619106
2017-11-16,2974.2776533308747,15493,1000.0,1,1,3382.3040415395644,16759,3551.685290339856,1,1,96.60180269250067,84.75401973847839
2017-11-17,2971.7890465186597,10184,1000.0,1,1,3434.9119655265936,11112,1000.0,1,1,96.57187622211214,84.74059985822204
2017-11-20,2894.7292418714487,14906,1000.0,1,1,3313.4638252492437,8998,1000.0,1,1,96.47036943153927,84.31905055001894
2017-11-21,3027.3073273149957,5308,1000.0,1,1,3221.443330139707,16447,1000.0,1,1,96.6752449966256,84.60888945432018
2017-11-22,3059.1360694125547,17948,1000.0,1,1,3192.3124623592294,15898,1000.0,1,1,96.8537618368328,84.49777827142185
2017-11-23,3123.690311621467,15284,1000.0,1,1,3213.8768795909145,13530,3028.337977986772,1,1,96.96736670518834,84.60037930864816
2017-11-24,3025.021001852257,15266,1000.0,1,1,3216.2475492188246,15656,1000.0,1,1,96.87528166540743,84.4061414801043
2017-11-27,2954.304946195694,17157,1000.0,1,1,3243.4863871926523,11345,1000.0,1,1,96.96078359783716,84.8994319931744
2017-11-28,2859.3286037120156,18315,1000.0,1,1,3203.6042789962357,11759,1000.0,1,1,97.02474623878695,84.63646254591944
2017-11-29,2836.9473546868935,15660,1000.0,1,1,3227.747362166379,16095,1000.0,1,1,97.06900080120735,84.53523361968759
2017-11-30,2808.113267092019,15284,1000.0,1,1,3268.636014152684,13317,1000.0,1,1,97.19396732791174,84.56746823049679
2017-12-01,2850.334679898835,5456,1000.0,1,1,3250.966790495206,17754,1000.0,1,1,97.25750444219787,84.2398135323707
2017-12-04,2822.7210840352695,5522,1000.0,1,1,3203.695608382235,17196,1000.0,1,1,97.33150586582829,84.33896939094697
2017-12-05,2751.8452352394497,15420,1000.0,1,1,3230.8638501626106,12612,5270.657742098201,1,1,97.39519649416552,84.82254253418722
2017-12-06,2762.743764287974,12193,2004.7132755023936,1,1,3206.777309354364,14546,1000.0,1,1,97.42927563496573,84.67540388597911
2017-12-07,2755.2965051209076,5348,1000.0,1,1,3207.51057758955,14942,2891.945034406118,1,1,97.2509145219943,84.79394673168864
2017-12-08,2740.5545539143295,16685,1000.0,1,1,3237.2195183102426,8292,1000.0,1,1,97.25927662973537,83.96911611587706
2017-12-11,2757.609208076515,19973,1000.0,1,1,3224.2613799844744,18360,1000.0,1,1,97.20365743385045,83.95743735573161
2017-12-12,2733.915165795788,17387,1000.0,1,1,3267.03772739631,19767,1000.0,1,1,97.07567333808645,83.86352466995375
2017-12-13,2735.5091888581283,10637,2100.5011265686007,1,1,3213.6680981987997,11673,1000.0,1,1,97.24385500001654,83.61797538923064
2017-12-14,2704.4468566218266,8041,1000.0,1,1,3151.1502620339334,12790,1000.0,1,1,97.41675453410511,83.94241053011919
2017-12-15,2686.748432636575,7994,1000.0,1,1,3070.401822280879,19113,1000.0,1,1,97.55267659413467,83.84453742563204
2017-12-18,2690.1748400844303,5615,10402.720289979874,1,1,3019.5188958079157,19507,1000.0,1,1,97.57819793582026,83.79129417950396
2017-12-19,2725.6849319340354,7678,17998.23421516045,1,1,2926.3899234358128,15664,1000.0,1,1,97.71326044791552,83.67813631706724
2017-12-20,2722.2649939895905,15761,29405.9850074468,1,0,2855.42308215759,11691,3856.9570207539805,1,1,97.7144657659757,83.10309155553773
2017-12-21,2721.0845899183496,12814,40858.25661822265,0,0,2865.5504724706902,6888,3203.384308275659,1,1,97.73474549366549,82.76349562351464
2017-12-22,2777.977094767425,15445,52319.4272248525,0,0,2850.1156699694507,8060,2410.153206949882,1,1,97.62539835661929,83.0518236693507
2017-12-25,2822.8181234484937,15881,58277.978222718164,0,0,2881.530597304404,16467,1000.0,1,1,97.66509748706916,82.4188384752867
2017-12-26,2842.801500064682,6222,74298.06535385731,0,0,2835.1151932518337,17200,1262.949125840698,1,1,97.6711360799116,82.188943870402
2017-12-27,2821.0994396443366,15452,86918.51274448932,0,0,2937.681461280078,16192,1000.0,1,1,97.54087086822815,82.06902785351507
2017-12-28,2778.9850055088127,18172,99941.18462054455,0,0,3014.1457271903346,8536,1000.0,1,1,97.5357511570465,82.59211441370255
2017-12-29,2758.4039952635576,12704,110915.58313438653,0,0,3070.2586592403727,14445,1000.0,1,1,97.52777820066082,82.82269554335144
2018-01-01,2687.3093885123526,10900,119963.45409825776,0,0,3190.141668207347,5060,1000.0,1,1,97.70753431732528,82.65554438523552
2018-01-02,2646.7693006241752,10434,126218.2211684487,0,0,3231.747307906854,7160,1000.0,1,1,97.79695565017663,83.04689849437018
2018-01-03,2615.1110461521184,13660,136042.17707028077,0,0,3273.0716171053423,8247,1000.0,1,1,97.79810019408578,82.82474374821984
2018-01-04,2585.285754806091,18202,147595.45928230623,0,0,3267.1460691025945,5023,1000.0,1,1,97.82297892506588,83.12747368934005
2018-01-05,2571.552111840924,7013,154210.1124476703,0,0,3275.3952379285774,14659,1000.0,1,1,97.8274001628763,82.71981051556315
2018-01-08,2584.903317199394,16240,156858.4671894458,0,0,3244.2956723903444,11190,1000.0,1,1,97.80710876439674,83.04178786509989
2018-01-09,2556.245931107305,14955,158525.2344351173,0,0,3329.375017676894,6218,1000.0,1,1,97.69886604465792,82.9199477714586
2018-01-10,2557.236310678321,19813,167184.49449738627,0,0,3282.3466976673185,6375,1000.0,1,1,97.68376085689722,82.61139649917621
2018-01-11,2629.0823979015317,15414,174305.1553113794,0,0,3242.2017309420426,5102,1000.0,1,1,97.60915103123197,82.54625341525332
2018-01-12,2681.045084733357,15427,179675.99440264565,0,0,3246.5529455538694,5640,1000.0,1,1,97.48411947733966,82.62945666916939
2018-01-15,2718.6121194582593,11810,185072.65717427531,0,0,3340.189551351381,5971,1000.0,1,1,97.5352416587944,82.48103214001168
2018-01-16,2704.920367986397,6473,189757.2227904015,0,0,3326.6924622628967,8097,1000.0,1,1,97.57436812478774,82.64721819181027
2018-01-17,2720.301531023219,12885,200137.01396980236,0,0,3327.0430643776804,18226,1000.0,1,1,97.39569737365092,82.47232002671105
2018-01-18,2752.894106560836,8603,202604.76529467822,0,0,3345.8698926237753,15374,1000.0,1,1,97.38342890990141,82.65843174489046
2018-01-19,2726.3054127374426,13906,214854.35427183748,0,0,3425.1553210767174,13303,1000.0,1,1,97.48299904849141,82.79109836350143
2018-01-22,2665.4126375798282,6777,215231.30808969494,0,0,3415.8945162496025,12249,1000.0,1,1,97.58892142238103,82.77282144708906
2018-01-23,2639.037428179156,15206,215726.57842344162,0,0,3415.1627600017805,10843,1000.0,1,1,97.69150510666957,82.64040675337927
2018-01-24,2557.64911386054,16498,213484.64740681433,0,0,3421.3642800218413,13257,1000.0,1,1,97.69539642735971,82.68586899210885
2018-01-25,2472.0986197253706,11823,206359.69153902738,0,1,3452.2968435939074,10115,1000.0,1,1,97.6108918945628,82.85094511501896
2018-01-26,2383.1425102015373,18622,194436.43432260142,1,1,3417.840968756597,7802,1000.0,1,1,97.50252201182698,83.46948486083845
2018-01-29,2308.050710239006,7460,184444.76187722356,1,1,3442.2203593164795,6940,1000.0,1,1,97.53698250230202,83.7513109873779
2018-01-30,2241.6587955035825,15190,173297.87999064883,1,1,3411.026807357658,10193,1000.0,1,1,97.57491050573854,84.04410797232265
2018-01-31,2163.516895010658,15575,158924.50588654677,1,1,3479.0021842865426,7920,1000.0,1,1,97.70364361689904,84.97066163078074
2018-02-01,2096.380748289632,15574,149598.52603690783,1,1,3408.320732415566,7818,1000.0,1,1,97.81364158193325,85.12544917381109
2018-02-02,2030.6954199110098,14875,147126.36811985003,1,1,3293.225311670196,15754,1000.0,1,1,97.80041871628013,85.2708422272046
2018-02-05,1961.1243327661575,19992,148382.43310696102,1,1,3285.913955337357,15856,1000.0,1,1,97.67599812839404,85.4820467495011
2018-02-06,1894.7459623001023,12127,139664.07593297845,1,1,3272.9298391099296,12512,1000.0,1,1,97.64408746869296,85.17935695622462
2018-02-07,1836.3504990424385,5841,136500.61287496684,1,1,3191.982414872492,16321,1000.0,1,1,97.66581058817401,85.04618646529899
2018-02-08,1763.636235032732,7386,135554.90119743266,1,1,3246.1519379398396,12399,1000.0,1,1,97.64560226363507,84.8943356852913
2018-02-09,1720.3658787685506,12448,139132.0298200155,1,1,3233.8832429642457,7553,1000.0,1,1,97.58781285282731,85.08861987845717
2018-02-12,1672.2425537815407,6830,140589.73376274592,1,1,3340.9130755233014,19333,1000.0,1,1,97.6131013343243,85.03636750979081
2018-02-13,1615.7612652045984,12858,153302.14825736376,1,0,3262.645188741498,18785,1529.5972661122314,1,1,97.56270556018323,85.07783453743309
2018-02-14,1597.037847370078,12996,163545.1731494874,0,0,3180.7509446175195,14013,1000.0,1,1,97.49989895181069,85.40407092347763
2018-02-15,1560.7967076228656,6376,163250.1526122293,0,0,3105.7979006069645,8196,1000.0,1,1,97.53104423524104,85.66301614508887
2018-02-16,1556.7670931922949,7965,169457.3816638203,0,0,3040.0738922802966,9445,1727.3612327725716,1,1,97.49084497722812,85.6144998441765
2018-02-19,1533.500281797837,19353,178738.0296928671,0,0,3014.0869672024915,18292,1000.0,1,1,97.51525541612595,85.41350131511304
2018-02-20,1543.547018592839,5510,196502.17118449757,0,0,2982.3875360960355,12708,1000.0,1,1,97.54257581841117,85.754083734609
2018-02-21,1536.1065205358304,12690,206249.04401370016,0,0,3047.501257834385,19064,1000.0,1,1,97.42863291830201,85.98625108888194
2018-02-22,1522.562819189378,9672,216212.99307828821,0,0,3002.7867654508473,19962,1000.0,1,1,97.38050880591547,85.50437404339334
2018-02-23,1527.2997298097582,19442,223165.88351445599,0,0,2986.5355949685336,14339,1000.0,1,1,97.52428649990712,85.41042786172085
2018-02-26,1517.7768777326028,11342,229790.75765693877,0,0,3042.2208735846707,16327,1000.0,1,1,97.40807854863368,85.46008250032588
2018-02-27,1477.1091985661192,6307,234750.51266391994,0,0,3035.200774788706,18555,1000.0,1,1,97.19641310373663,85.6937314154622
2018-02-28,1439.2654112973967,17049,234518.38445614153,0,0,3102.1831529607703,11264,1000.0,1,1,97.01022858841239,85.96676186394411
2018-03-01,1417.8296717834514,10685,238044.80752663183,0,0,3119.709446120523,17998,1000.0,1,1,97.01313958307004,86.05193366429677
2018-03-02,1407.9896699484696,11619,237819.1374757797,0,0,3111.763732671107,5374,3340.783353627801,1,1,97.01623131087332,86.22750792370442
2018-03-05,1398.615144748036,6691,235493.84525856253,0,0,3147.3363051861857,19859,3787.6720309539714,1,1,97.0044702253308,86.24674896441786
2018-03-06,1382.9560876844673,8571,221973.6016974975,0,1,3123.408125434556,12446,13564.010503081485,1,1,97.12588920822365,86.0445934579637
2018-03-07,1405.0089275139962,18977,214269.12448131051,1,1,3177.165646638559,18830,20681.400339599066,1,0,96.85860576491336,85.96621414065132
2018-03-08,1388.1368957107145,8520,204332.74704459595,1,1,3282.5244183233253,7066,31519.70690882696,0,0,96.89819915235644,85.97191149664336
2018-03-09,1378.4056015888534,13552,197790.3949151868,1,1,3343.492752206155,12266,39781.35685554121,0,0,97.0543429725368,85.96150772163777
2018-03-12,1375.7585116832597,8816,175926.17041949695,1,1,3398.750249704695,9352,51418.79666339118,0,0,96.94156489604764,85.39583585030474
2018-03-13,1392.8184950362363,16782,164243.24033900772,1,1,3334.3679196961943,17985,54092.45675851733,0,0,96.90358424486864,85.27659084982591
2018-03-14,1354.3827192245847,16759,161393.93778026217,1,1,3347.306931818539,6312,62433.800575717185,0,0,96.82829505314578,85.29345254575266
2018-03-15,1334.8608854536424,6649,151592.35455824295,1,1,3294.7086168015544,8693,74251.19675624509,0,0,96.73886044853802,85.20904154818095
2018-03-16,1335.932602424596,18947,144950.9449567792,1,1,3314.0465757197753,6914,81252.64112970288,0,0,96.70623424803573,85.13499440952747
2018-03-19,1338.5048959576782,9737,134793.63395570772,1,1,3225.9366073266888,15366,90449.14872829549,0,0,96.84898277640417,85.28139182076885
2018-03-20,1325.2148526745848,13802,121078.99683459681,1,1,3163.018188028079,7085,96405.5876774296,0,0,97.03272144395292,84.95770466465424
2018-03-21,1325.531531171831,15292,114186.49460513475,1,1,3134.852097096922,11090,112094.42186256038,0,0,96.99912752144891,84.46929200046888
2018-03-22,1338.3873662204317,12561,108814.34035136286,1,1,3169.511954645605,9156,124277.54789906954,0,0,97.18963354285536,84.36484106321788
2018-03-23,1323.1691399063486,6968,104369.35483808126,1,1,3219.3857621223797,5434,126850.79605162134,0,0,97.19319119055382,84.59407538486842
2018-03-26,1334.9357850851936,8368,87919.8141425972,1,1,3289.0094825762853,9488,138861.33108883133,0,0,97.36856029322392,85.10034129671442
2018-03-27,1328.3310419470724,15457,75936.4185360939,1,1,3364.3629206935016,5838,148029.06792301705,0,0,97.35923042825858,85.33497976844284
2018-03-28,1337.3838043408014,17447,82571.26086178455,1,1,3357.9133411856074,19398,157530.89796636067,0,0,97.3723362108632,84.89450064048218
2018-03-29,1335.2668303512485,16349,76850.8590573351,1,1,3352.7732749148936,10496,163469.57495766296,0,0,97.40888365812748,84.82479046866915
2018-03-30,1335.2618112413256,13608,72550.30323470723,1,1,3388.3442208843885,14424,160280.2813613954,0,0,97.72676902606423,84.90178078299361
2018-04-02,1321.2415177066198,7084,65883.19695436924,1,1,3431.5190302661417,12597,175605.5818535231,0,0,97.81189758354871,84.9550581180707
2018-04-03,1331.7459712328941,6519,53045.03014813222,1,1,3423.2981949386253,16809,179318.66808956902,0,0,97.74117113055357,85.11684948395356
2018-04-04,1283.2208920786275,15578,49987.47265635283,1,1,3428.364285684797,7666,187548.1345172565,0,0,97.83807091758115,84.84173480001532
2018-04-05,1334.365322702294,13824,45928.15798544373,1,1,3426.7576950662956,17505,193376.82259855795,0,0,97.80188766387272,84.86121772628054
2018-04-06,1402.8731324740752,18322,32548.700320788288,1,1,3458.144135642081,18005,200219.15528089204,0,0,97.7529126455826,84.98731457521339
2018-04-09,1460.0556504983606,11129,28992.13723381232,1,1,3426.57021593606,11843,211662.97479134848,0,0,97.8437727815718,85.23501586120449
2018-04-10,1494.023236168978,18297,28278.612297956126,1,1,3378.0277542725494,11597,212538.9533294515,0,0,97.84688134034892,84.99330041122064
2018-04-11,1491.514399321835,11955,24335.818152450116,1,1,3428.893051488326,16052,217647.52716262965,0,0,97.8747389318001,84.88975335104777
2018-04-12,1503.8651184653588,16286,32076.981388732107,1,1,3429.603221213099,12650,228016.99811798474,0,0,97.87613745398663,84.07860804702577
2018-04-13,1508.6326434586667,10237,40688.456923489655,1,1,3411.8525305262806,15280,231116.91600106796,0,0,97.90979576664718,83.89216945675244
2018-04-16,1500.6446766044626,11157,49799.66589859881,1,0,3454.6714956030346,11590,245139.56356890028,0,0,97.95229235639079,83.73484498886113
2018-04-17,1465.3394965293326,7750,53661.195277621446,0,0,3507.8989258673882,14032,240439.42700229847,0,0,97.75859566312025,83.4289696364109
2018-04-18,1442.7601573931238,9205,69581.42500482021,0,0,3623.0513217991634,11152,244771.4531862194,0,0,97.8252529299812,83.47865328148069
2018-04-19,1422.2914825001621,15580,83998.2941326045,0,0,3707.097466121257,6518,258324.00296681604,0,0,97.72705098799817,83.4618696518671
2018-04-20,1446.0672272463685,9165,94158.08351711249,0,0,3761.869332189929,14052,262313.29622007115,0,0,97.58282107444222,82.78410548859382
2018-04-23,1459.465605678837,19791,97971.10616433887,0,0,3734.4262669539794,9062,265949.5778686059,0,0,97.57697995005636,82.84875787938435
2018-04-24,1491.4602635976046,11112,111686.69590835832,0,0,3744.151861573531,9892,269939.77260826045,0,0,97.5853780503878,82.57026064014765
2018-04-25,1517.5505618959137,5477,118756.5622587084,0,0,3852.08161842997,13819,274634.80855235906,0,0,97.51602743393057,82.7159673279048
2018-04-26,1524.0974851708372,5874,130291.19426076347,0,0,3954.0006573051114,5873,280207.72406251903,0,0,97.59913061969738,82.3314119535862
2018-04-27,1533.215855408738,14207,142505.336568122,0,0,4053.413141734846,5152,286620.6794698113,0,0,97.46491310306028,82.34041391514549
2018-04-30,1532.8990911801516,5456,146428.47835972038,0,0,4035.587155953207,6424,299685.323631111,0,0,97.42421872818304,82.25546491647953
2018-05-01,1537.1209217751878,11786,156777.9776396102,0,0,3959.361437523819,5910,300171.1819382838,0,0,97.36573131468973,82.34639548196463
2018-05-02,1526.7414244995737,15122,152781.84157026702,0,0,3887.698361409555,8125,296011.08918150567,0,0,97.3610725876558,82.38380466526003
2018-05-03,1550.3801115339409,14333,160295.4595608611,0,0,3826.207211097135,10866,298059.43951842544,0,0,97.38895901612052,82.30725541275359
2018-05-04,1510.9303347556847,19892,165045.84059982683,0,0,3870.185540032082,15007,297831.8090458629,0,0,97.28816972115817,81.84637371854032
2018-05-07,1502.1679381550707,15322,170478.02690133077,0,0,3991.2557951136628,18710,307665.8584005971,0,0,97.36059798890379,81.40321132950201
2018-05-08,1486.1622802917964,15210,184270.05539062544,0,0,4000.7263542899414,7619,313666.2450662684,0,0,97.36689822573726,81.22804524777435
2018-05-09,1506.006412628693,5122,197600.7598990817,0,0,3866.6040654793615,18699,323213.3735748736,0,0,97.17770360040606,81.22556128259546
2018-05-10,1517.057970940488,8932,202406.40174536355,0,0,3805.872404637957,7109,334504.6735116811,0,0,96.98184445636636,81.04308689843573
2018-05-11,1516.961441768004,17689,214263.12182296233,0,0,3829.6558558391707,15684,337684.8725178122,0,0,96.98061252707343,81.23065047760957
2018-05-14,1494.7181146996083,7179,222559.65479757803,0,0,3870.2224124525037,15751,336184.9616879881,0,0,96.9585157952948,81.14688420184608
2018-05-15,1482.7762022999495,7913,231391.8041184349,0,0,3936.371942883201,16685,339165.7977535932,0,0,96.94817378393734,80.85738038441222
2018-05-16,1506.1898480323027,8705,240854.31087859216,0,0,3865.107529536661,15179,333542.36740627984,0,0,96.94537553828431,80.77395149651585
2018-05-17,1539.103512882653,17271,243891.70395825082,0,0,3907.0062632075355,9303,339904.2138172854,0,0,96.96793152223533,80.8417094474108
2018-05-18,1555.976729126109,9685,247176.0111715961,0,0,3904.5458804926748,7335,352574.886790579,0,0,97.06269648322017,80.93917486305818
2018-05-21,1573.3739565021724,18398,251674.6005454783,0,0,3946.6699270937283,16279,357703.7997140835,0,0,96.9515859931284,81.50268860265612
2018-05-22,1609.0166374583528,17861,256138.59732007785,0,0,4040.9919677555044,17307,357231.3842389929,0,0,96.83438883383833,81.3020158006551
2018-05-23,1602.6903047948529,18280,264131.7473240974,0,0,4090.612170939713,18354,358949.4551079101,0,0,96.72505644804959,81.27997220217797
2018-05-24,1587.662398902147,13937,270902.1578441024,0,0,4164.910516176567,16555,359177.6995606641,0,0,96.75394811476646,81.4078093862238
2018-05-25,1569.7442612208472,15288,278957.2428586147,0,0,4198.244201920399,10051,367563.1158997917,0,0,96.8784428526311,81.40078249846357
2018-05-28,1539.23876343085,12229,278025.0315253305,0,0,4192.319624052384,8418,365936.07261245535,0,0,96.83530890880715,81.25059705466697
2018-05-29,1514.5295300214718,15496,288318.9983610234,0,0,4268.558338517478,10555,374485.0601308552,0,0,96.58513892439119,80.78581990176369
2018-05-30,1493.5738980266383,7673,295040.4007664267,0,0,4361.0793279053,15738,376807.6845410341,0,0,96.41473963813014,80.63256953404779
2018-05-31,1471.5687330429876,19934,294212.8703250005,0,0,4426.282988790259,15894,373085.0423360996,0,0,96.33143596585055,80.31045881023245
2018-06-01,1438.3349647940195,10026,295375.0851006427,0,0,4487.422013348952,19601,376206.8686837223,0,0,96.27566307710103,79.79247680589532
2018-06-04,1411.0473094649585,5430,306052.8957905006,0,0,4556.079837558676,11801,380258.6289385022,0,0,96.23482421437555,79.55377315339413
2018-06-05,1404.0932817235018,13968,306933.9399567557,0,0,4565.921264171639,5927,381700.32578189304,0,0,96.23868232667364,79.2396456371642
2018-06-06,1397.9906101079632,17655,314389.0188717615,0,0,4494.017258798642,12911,388090.2430994889,0,0,96.2075076935914,79.4147816007521
2018-06-07,1397.3772035888367,13253,320032.64354276867,0,0,4401.203109769722,12619,396084.8470347324,0,0,96.31244165464574,79.59510915197637
2018-06-08,1385.828924605721,14279,318853.3450748168,0,0,4320.028287069668,10040,394366.104841128,0,0,96.24483992407761,79.3239453651021
2018-06-11,1385.0523141480292,19576,316371.6991366649,0,0,4290.410873079928,11356,403622.01957885997,0,0,96.15860812813006,79.24587677593317
2018-06-12,1393.436144019366,19254,307443.600821499,0,0,4346.922360386818,14831,410895.6631836347,0,0,96.20649568198209,78.68840397729942
2018-06-13,1389.905030263984,9017,297223.8530615408,0,0,4304.213646770552,17271,406576.04351749405,0,0,96.05293147498948,78.54010199224462
2018-06-14,1399.0736164827367,18733,283173.2223187198,0,1,4252.2416892597375,8293,413737.42483841494,0,0,96.09190064552149,78.65979656245531
2018-06-15,1371.5204820861263,14248,270856.5622710314,1,1,4164.575201309068,8149,414500.35038578947,0,0,96.1021559638941,78.90727792933954
2018-06-18,1417.415876013355,6358,254876.33068657527,1,1,4064.640307290958,11971,408803.26721800014,0,0,96.08741171490229,78.69336380483215
2018-06-19,1433.0723069876524,12866,244954.17230958416,1,1,3978.3110468997766,13862,413535.8359512597,0,0,96.24623932561722,79.0089202629904
2018-06-20,1430.404448688067,13981,225138.6324581519,1,1,3975.4908012696396,12343,418813.64809239993,0,0,96.18401858108776,78.55421268653636
2018-06-21,1443.1567159012086,19124,204667.5041560349,1,1,3892.489566369239,10980,418264.91820599284,0,0,96.39004839814015,78.17992434679323
2018-06-22,1460.0291730888475,11649,186831.83917327755,1,1,3856.1758867892145,19877,423111.88559442194,0,0,96.36750525321735,78.39282290648458
2018-06-25,1439.4532263285303,7389,176608.4091780218,1,1,3843.7717544120555,16442,420007.6219906908,0,0,96.23980360872032,78.89415927505357
2018-06-26,1425.5817611997218,9147,159383.61351622708,1,1,3792.880563977146,14542,411888.11916242563,0,0,96.24679556681981,79.04218887150867
2018-06-27,1397.000949013439,6812,150335.97478359292,1,1,3779.788713383605,12754,414948.7111484923,0,0,96.13917104678794,79.03008615554847
2018-06-28,1442.0888168200831,7610,138054.25184174904,1,1,3736.950294340749,9649,404884.27480366273,0,0,96.06399546200657,78.3715310315918
2018-06-29,1504.7345578788759,11674,119690.76173286921,1,1,3677.0630381606807,19293,397924.52909918636,0,0,96.10369879200813,77.76479691477876
2018-07-02,1538.5444912909454,6328,111689.63002919465,1,1,3647.98612137081,15003,384847.8208107184,0,1,96.15925700087314,77.80361977584752
2018-07-03,1562.151557177189,19579,100480.07394676135,1,1,3683.3131546673803,9538,372533.04696822475,1,1,96.09704023084771,77.69620097497616
2018-07-04,1599.0083379341274,6572,97606.4989240283,1,1,3721.6667757705613,17314,367276.8721893453,1,1,96.19578074535235,77.36445042033053
2018-07-05,1659.089855047562,14477,98498.98942772305,1,1,3688.0793933271552,17398,354072.32928716874,1,1,96.31153152115446,77.38411019457955
2018-07-06,1707.990674176185,12100,90943.5839475422,1,1,3739.1869655556725,7922,349573.16310942906,1,1,96.45516169681079,77.41864960483188
2018-07-09,1730.6503300859295,10442,83334.63879112787,1,1,3709.276627991926,14008,336196.66837315774,1,1,96.50810303752337,77.70197436539397
2018-07-10,1715.5463844860435,8444,74015.30071124568,1,1,3745.2637463468386,8397,327037.0290666737,1,1,96.64444590873194,77.74295505029778
2018-07-11,1706.1698501893543,6703,65632.87097225734,1,1,3624.621046776509,5633,318611.11675766093,1,1,96.45636606593453,78.1114733607981
2018-07-12,1687.1188919833378,7800,66026.43752466369,1,1,3761.8537890389935,10264,301535.9232344786,1,1,96.42457541107169,78.11387156966275
2018-07-13,1681.2582930081696,19666,57492.857251285284,1,1,3894.8204789873603,15855,290304.330292689,1,1,96.33787488543935,78.07927107122055
2018-07-16,1690.6090692342993,16324,45427.28331971804,1,1,4037.914125535794,10708,279330.2421062798,1,1,96.34979747155208,78.3985647270947
2018-07-17,1705.8584238247051,14453,31944.66903635967,1,1,4141.131210160152,18317,269411.3303001352,1,1,96.29265254963241,78.10503246308227
2018-07-18,1715.7312646201522,5533,33675.815564928474,1,1,4175.371858788077,18266,260579.0067375482,1,1,96.27603676543744,78.94936669906211
2018-07-19,1704.9181276753604,6916,32789.09130710623,1,1,4213.055072009056,6185,246279.42585529233,1,1,96.46425425345784,79.06194394251213
2018-07-20,1689.4418109050494,19110,28250.517576548325,1,1,4133.636839643485,15066,237140.28286620404,1,1,96.4472822738158,79.17619271836344
2018-07-23,1694.2680408710219,11841,25162.70862983112,1,1,4270.316341485763,9186,236523.1391770063,1,1,96.48866150553482,79.33372151055522
2018-07-24,1701.558377636292,9152,26539.35250314748,1,1,4364.688586877191,11856,238222.0975886878,1,1,96.4654345725424,79.89686245315471
2018-07-25,1659.5463065591448,14123,23583.893195502314,1,1,4389.074060004469,13031,234998.39091763584,1,1,96.47300590133808,80.1346146766565
2018-07-26,1672.042700192139,5214,10663.98514973793,1,1,4467.016229271028,15938,228705.61433657687,1,1,96.4736075693817,79.65309788295532
2018-07-27,1667.252815723644,11185,10120.356996961016,1,1,4378.489492896769,7481,217247.06233803002,1,1,96.518439975979,80.07413899838556
2018-07-30,1669.8191572025314,7568,12501.513944120034,1,1,4384.884493736698,18137,213025.3016591247,1,1,96.63497072953372,79.97187002455206
2018-07-31,1717.9141072352622,9181,8984.133694488346,1,1,4407.941213259757,11052,209007.86629147932,1,1,96.79971012929406,80.00401654640386
2018-08-01,1729.9875892483215,13531,7401.248511532187,1,1,4402.266786098478,18563,195802.36070569884,1,1,96.83067213748498,79.62024035475127
2018-08-02,1699.0965430126635,15732,1000.0,1,1,4427.623285718954,17482,192293.5518740256,1,1,96.88962682608853,79.77810096018845
2018-08-03,1746.9414762891552,16700,1000.0,1,1,4496.130115959455,16743,180166.17832307192,1,1,96.77454037516998,79.58268867316818
2018-08-06,1757.256433652606,10367,1000.0,1,1,4492.357131492027,16907,171495.1383296085,1,1,96.76575270092842,79.61273956456623
2018-08-07,1760.085718378961,11997,1000.0,1,1,4502.8632572352535,7683,158374.9538529448,1,1,96.85978164741678,79.52750986295798
2018-08-08,1751.815620608545,18103,1000.0,1,1,4449.398034022893,8611,146892.39105793153,1,1,96.94637851125849,80.10501370347875
2018-08-09,1765.6070238822817,15822,1000.0,1,1,4485.1092855554225,6623,138517.9366673132,1,1,96.967539484538,80.69969179352242
2018-08-10,1730.6932033230134,13599,1000.0,1,1,4495.770053290693,6796,123693.5528683833,1,1,97.0561788804948,80.71364574458684
2018-08-13,1760.8193536845251,19021,1000.0,1,1,4541.225516688514,15085,114462.17467419668,1,1,97.10525555139418,80.7328390579975
2018-08-14,1786.9672050122083,17940,1000.0,1,1,4515.654263726817,6491,110535.90439363346,1,1,97.22528617722011,80.62080616809264
2018-08-15,1797.6139770056582,13540,1000.0,1,1,4683.353064437551,14166,99627.84398827526,1,1,97.25422209291581,80.95260805554348
2018-08-16,1819.94872222901,18211,1000.0,1,1,4518.719392428415,19563,90678.0307477915,1,1,97.21865226135871,80.85393209444346
2018-08-17,1775.2194720147352,15343,1000.0,1,1,4395.601372427345,5431,84383.32020479391,1,1,97.25223638705202,80.72753091204976
2018-08-20,1792.159107668929,7469,1000.0,1,1,4307.386302660141,18141,75396.78095877694,1,1,96.95917694946674,81.02110877114924
2018-08-21,1836.7425148111113,12747,3046.1614635818087,1,1,4209.601585162392,9982,71372.74327201281,1,1,96.99746552310525,80.85961904255426
2018-08-22,1805.1592166468051,18663,1000.0,1,1,4178.432584623556,13935,63122.212289844,1,1,96.63262424058377,80.84829253221969
2018-08-23,1789.271373000408,5020,1000.0,1,1,4116.479462324053,18342,56841.32189283363,1,1,96.46027789984322,80.3738992977664
2018-08-24,1770.8349484005926,14111,1000.0,1,1,4132.498079395039,8025,57732.08628962966,1,1,96.50545475993732,80.58515640130335
2018-08-27,1819.960868294942,16854,1000.0,1,1,4189.019081193086,14159,53264.5756494608,1,1,96.553207693664,81.1674164830579
2018-08-28,1793.2171893951097,19933,1000.0,1,1,4180.287954166257,14860,43906.433412164224,1,1,96.43696481565,81.38378409489783
2018-08-29,1761.6264474374757,11936,1000.0,1,1,4187.20012946696,10753,35783.92712827304,1,1,96.36575461146211,81.82232384516203
2018-08-30,1752.1583870748857,9958,1572.5033386027321,1,1,4120.2832151559,16319,24363.151157800257,1,1,96.50280871032352,81.56849320430884
2018-08-31,1741.581603582641,6823,2111.9353375108085,1,1,4211.999030318202,11103,18835.34266871551,1,1,96.45440569716627,81.63939048891729
2018-09-03,1744.3914526541992,19248,9879.524080076771,1,1,4251.576266364579,16496,13868.001552374919,1,1,96.67869772840656,81.35644251160647
2018-09-04,1755.1944326957525,16476,2749.668466652263,1,1,4394.8694460627385,17872,10149.646656736966,1,1,96.67850574308892,81.28811284793207
2018-09-05,1733.6505021818666,7402,1000.0,1,1,4291.853907774139,7474,3720.3039152367787,1,1,96.71930936077705,81.51977629113783
2018-09-06,1758.0687490187356,6364,1000.0,1,1,4108.359610341493,12862,1000.0,1,1,96.88099680062692,81.55032247506881
2018-09-07,1812.7545326239483,10942,1000.0,1,1,3935.8293666637555,15016,1000.0,1,1,96.89409951224626,81.12653016828844
2018-09-10,1861.5245441735963,13710,2187.1535725292206,1,1,3817.6987588982693,19130,1000.0,1,1,96.79386511417717,80.73202143662712
2018-09-11,1885.444612656487,15659,1000.0,1,1,3785.0753222473263,9576,1000.0,1,1,96.78289236900774,80.3176722571799
2018-09-12,1901.307524380949,14759,2640.946482003069,1,1,3752.3769150889743,13286,1000.0,1,1,96.77933129538873,80.46510803416177
2018-09-13,1933.6713713700683,10166,1000.0,1,1,3773.134699104857,14712,2457.5287514769993,1,1,96.64285713016858,81.08427639485876
2018-09-14,1958.7216553830976,12929,1000.0,1,1,3752.251884253207,9301,1000.0,1,1,96.61727392303449,81.49301386805884
2018-09-17,1951.9689282106438,13221,1000.0,1,1,3800.86853037854,19125,1000.0,1,1,96.54305471363475,80.92421830831502
2018-09-18,1975.661770300055,5238,1000.0,1,1,3741.721288003234,13146,1000.0,1,1,96.6354904893535,81.35054108973596
2018-09-19,1982.1217101678897,12173,1000.0,1,1,3683.8101035200057,10579,1000.0,1,1,96.63895167677202,81.63146121484034
2018-09-20,1989.9017689548482,18998,1000.0,1,1,3637.4504456404243,10790,7353.081736993692,1,1,96.61067210185726,81.16787123118172
2018-09-21,1991.7130377294566,5424,1000.0,1,1,3598.303956727526,15538,1000.0,1,1,96.600053908795,81.07691074616856
2018-09-24,1995.4609654855842,7775,1000.0,1,1,3608.2979903291953,10846,1000.0,1,1,96.62236611063562,81.40556746961731
2018-09-25,2054.6076427523635,7424,1000.0,1,1,3593.1274545414926,6374,1000.0,1,1,96.6840475306046,81.57069752289775
2018-09-26,2024.5658676286125,13593,1000.0,1,1,3617.814031265835,16630,1000.0,1,1,96.58407630773766,81.17796900718135
2018-09-27,1996.0779563138512,6769,1000.0,1,1,3684.204670351661,7102,1000.0,1,1,96.47991754447554,81.36119165392022
2018-09-28,1942.0301806540865,17738,1000.0,1,1,3593.228125765379,14499,1000.0,1,1,96.59038546601579,80.71994147509604
2018-10-01,1873.7472000031148,17453,1000.0,1,1,3596.84141741411,14086,1000.0,1,1,96.54915177879532,80.65309482236887
2018-10-02,1810.987923825898,10173,1000.0,1,1,3603.459686210669,19818,1000.0,1,1,96.40746756953563,80.99448185318889
2018-10-03,1742.7870980253556,13277,1000.0,1,1,3541.980189707297,11333,1000.0,1,1,96.45184884047394,81.00000011786028
2018-10-04,1711.342991263005,11824,1000.0,1,1,3577.198866426188,11060,1000.0,1,1,96.4981858210772,80.8503188528717
2018-10-05,1722.6739194908664,14654,1000.0,1,1,3573.0920203459514,7930,5426.647823096781,1,1,96.34511429535154,81.1171227290034
2018-10-08,1726.5032028960368,14411,1000.0,1,1,3513.5659196099587,5863,6154.747309115517,1,1,96.3680624668979,81.40954827352938
2018-10-09,1715.0996699941006,7315,1000.0,1,1,3616.538572564083,17892,20525.866987115132,1,0,96.44162077614074,81.80256018138947
2018-10-10,1707.3307319359014,15265,1000.0,1,1,3684.289424432435,18540,37503.311091604446,0,0,96.47905942131136,82.06486290992338
2018-10-11,1707.2172553895423,16756,1000.0,1,1,3723.949833126406,7237,46633.81896122053,0,0,96.5422575696875,82.38927534810452
2018-10-12,1706.3548360125917,10718,5044.381361873821,1,1,3760.4016793149135,19159,53860.726661883156,0,0,96.40183065987843,82.60914791533578
2018-10-15,1687.6816758285388,9414,1000.0,1,1,3720.393286374505,16292,65149.12017430802,0,0,96.43493467537805,82.68880651007072
2018-10-16,1682.5403392732755,15924,1000.0,1,1,3670.9014415682864,5566,68023.42047176762,0,0,96.404672699431,82.71565920999987
2018-10-17,1677.401105566026,9668,1000.0,1,1,3659.8630910185407,17937,81842.00192202609,0,0,96.35639368355854,82.64448129427065
2018-10-18,1649.186571154389,10463,2376.8227913525293,1,1,3676.980435793675,14090,98604.1226745871,0,0,96.44344924450051,82.28077080635273
2018-10-19,1671.5884767435666,16345,1000.0,1,1,3670.9842343638447,6699,108013.70207318566,0,0,96.59137669556793,81.99417735370679
2018-10-22,1691.259916656444,9826,1000.0,1,1,3623.672952653699,9223,108607.26232114251,0,0,96.77081370102796,81.90957300912622
2018-10-23,1678.6053911359688,5316,8945.82382457906,1,1,3633.7783177483184,11144,112886.13912851064,0,0,96.90229448817855,81.98200865700696
2018-10-24,1712.5250508385486,14505,1000.0,1,1,3608.4751707748055,16217,117828.19275611409,0,0,96.89132107001554,82.41425243640823
2018-10-25,1691.065713717218,7056,6728.84678174678,1,1,3532.7366663310204,15099,127695.92667235939,0,0,96.92659308631818,82.40171326804558
2018-10-26,1715.007601864315,7905,17166.49688508254,1,1,3494.192037947843,7157,134211.9878848416,0,0,97.00327537349659,82.70275615530888
2018-10-29,1715.7264212152293,19971,32329.697225725726,1,0,3484.9274022347295,11905,140381.99700298713,0,0,97.01539316842654,83.02655085223851
2018-10-30,1731.7772499144621,15998,47467.14883147481,0,0,3549.0938489257837,5442,150973.02589501275,0,0,97.0284695872177,82.95711681293187
2018-10-31,1725.1431699255727,17901,47038.939479540124,0,0,3573.855219582927,11999,159339.0499421607,0,0,97.11084490040531,83.13552387634293
2018-11-01,1714.9922301864576,5884,57041.89578279832,0,0,3533.671204488297,10146,174698.09034929433,0,0,97.10491663580272,83.06246546382548
2018-11-02,1703.4516696567998,11860,72849.8510777136,0,0,3547.295481160155,10342,178403.29961103934,0,0,97.03198794216536,83.45910623204902
2018-11-05,1704.675343131283,5133,79373.37502654917,0,0,3467.3851139261246,17667,186570.36289879214,0,0,96.99054063558177,83.6498592335288
2018-11-06,1697.5521561225898,15463,85891.62322887105,0,0,3461.6544015941163,8495,190793.83366613465,0,0,97.05393167335515,83.2927141071223
2018-11-07,1705.5324809846284,7423,93548.90718519798,0,0,3506.4018306344433,7715,195054.35856934037,0,0,97.05423100247513,83.34117150276845
2018-11-08,1752.904572453072,18934,103754.73119005952,0,0,3470.4659201636678,10855,199750.25566261174,0,0,97.08825200016197,83.8356051513156
2018-11-09,1787.2255454480076,14988,113342.53584192171,0,0,3488.7590632683855,7604,208450.99107067767,0,0,97.1552599243822,83.7812358409516
2018-11-12,1821.5795982858504,9277,121711.8222352187,0,0,3489.6904022791537,14925,211727.5045057082,0,0,97.11777577809244,83.91555034998012
2018-11-13,1839.59718617658,12937,129085.76042200427,0,0,3502.749449696525,14550,214014.49815951296,0,0,97.19340059445541,84.07931400130187
2018-11-14,1860.426597800849,17113,144590.31703754226,0,0,3402.69908341577,13705,221307.7576934665,0,0,97.23128485480126,83.76832713155248
2018-11-15,1851.097136650733,10916,156379.8495813615,0,0,3364.006467752309,17004,228010.3035232813,0,0,97.1078035461101,83.92153951631654
2018-11-16,1858.1989558058062,8952,164593.5630001951,0,0,3348.1592544670393,17995,232381.7810272571,0,0,97.25203402522872,83.50338897070615
2018-11-19,1932.0938151192233,6757,177837.98887172347,0,0,3342.2200234007623,8403,243136.04426544343,0,0,97.20195955085303,83.31570173878573
2018-11-20,1929.0162207715507,17390,185324.89663229024,0,0,3316.929433467587,12707,249948.9347921431,0,0,97.03645001653452,83.63841862903399
2018-11-21,1931.8802879394848,19148,192967.51042354573,0,0,3309.6179471908285,10043,261398.61808076786,0,0,96.9319456455759,83.7454455161265
2018-11-22,1929.6004298479752,16235,199020.8514261505,0,0,3266.71633447386,11901,262768.83357493026,0,0,96.82984112950805,83.65410217380254
2018-11-23,1906.3573972526615,8288,204188.0599827292,0,0,3287.501448028301,17111,271536.69215001824,0,0,96.8350584613738,83.7880404801761
2018-11-26,1919.2806472635518,16460,211220.68125351428,0,0,3311.042749731831,16478,281697.5150806773,0,0,96.80767341081919,83.77001280584956
2018-11-27,1911.1888638221528,11964,215750.03646268335,0,0,3302.2703082256744,7651,287113.3302943424,0,0,96.77399021405513,83.7737863565551
2018-11-28,1908.0229288005532,5379,212514.95354774917,0,0,3259.733082183735,19234,291748.0802748213,0,0,96.83596041060338,83.97083191457115
2018-11-29,1893.1208902148655,8160,204388.65256959293,0,0,3211.361387454543,6738,299994.85081589804,0,0,96.86994794672265,83.7526215923734
2018-11-30,1900.7853965308607,15239,203156.54058291778,0,0,3071.749237199595,18087,310369.11636792566,0,0,96.90155273378707,83.76472251403982
2018-12-03,1916.4359971286597,11965,200723.4335556997,0,1,2949.352452249956,8438,314330.4757282278,0,0,96.94253557951994,83.67104205565782
2018-12-04,1898.6348138733597,8817,195848.16863891383,1,1,2934.5740964985775,12300,315540.58045948704,0,0,97.00414904632017,83.19536104327774
2018-12-05,1902.5542309460384,10522,196928.83456084935,1,1,2949.081925805774,13236,324341.878859857,0,0,96.79335371214242,82.91922431640295
2018-12-06,1916.516700957304,7961,189895.11140888283,1,1,2970.007127822564,14562,318341.0600255447,0,0,96.75690988691598,83.3896862505221
2018-12-07,1891.3345604081899,10174,176214.65040423482,1,1,2939.9212206098587,14411,319807.36705409735,0,0,96.53888888046703,83.50510324489767
2018-12-10,1880.1874705694017,13501,165270.64514404626,1,1,2964.3427128494413,11395,309261.82668634667,0,0,96.54249487314681,83.10802675447725
2018-12-11,1901.7025473659335,11897,147548.26541145166,1,1,2956.4499606464356,11919,300583.85182582383,0,1,96.54203157592437,82.64592044172272
2018-12-12,1864.3263655608393,11071,139568.66534484716,1,1,3023.1646091730363,10403,289205.7640237023,1,1,96.64658480340334,82.61227127168955
2018-12-13,1874.982809381631,6666,132163.75641329007,1,1,3010.1763483098102,9237,276517.949048123,1,1,96.76534824267546,83.0806272316425
2018-12-14,1847.823375602098,15393,128650.22267799836,1,1,3059.7615967427496,16458,260398.42671026237,1,1,96.78562574750069,83.0245997912012
2018-12-17,1870.5002134520216,8150,125213.29330649538,1,1,3026.131814725963,17378,241646.66371274833,1,1,96.735589639761,83.4166996572224
2018-12-18,1847.0707661563006,16075,118149.18804831582,1,1,2968.8955173630843,18312,226161.79441276347,1,1,96.78410575101557,83.522278888468
2018-12-19,1851.642966599755,6603,109945.92879245867,1,1,2986.7479280171624,16926,213995.81391731004,1,1,96.73131398728314,83.66365402582176
2018-12-20,1836.2215562081724,6638,98362.7497929159,1,1,3028.061695142267,14664,212192.18111699313,1,1,96.7311747221388,83.2629378730304
2018-12-21,1866.4002378456241,7958,99166.06181332085,1,1,2920.7607200801335,7211,202466.4615740315,1,1,96.82978835383489,83.54419474955532
2018-12-24,1855.7193206407394,15764,90709.917665164,1,1,2861.249156222393,8166,193920.69280206432,1,1,96.77401121923594,83.44371513837324
2018-12-25,1848.7173702306475,12755,80561.69990478354,1,1,2813.434636342047,14343,185327.1617269821,1,1,96.85457908316019,83.70264287445652
2018-12-26,1866.496276384837,6766,75237.79534239725,1,1,2780.002335426226,15237,175144.92201767422,1,1,96.92231922002942,83.45839187986067
2018-12-27,1863.9910047075455,9347,69922.58390734176,1,1,2757.5096847573354,11919,166918.83411388527,1,1,96.82684003831635,83.51150668411366
2018-12-28,1886.5070783863105,18381,58947.80954880129,1,1,2789.2897773068685,19488,149197.0763857327,1,1,96.92422945113809,83.61710757029493
2018-12-31,1864.8398564912393,19591,53714.97610074255,1,1,2813.108574828477,14151,143634.87941248316,1,1,96.99408608567524,83.57089757532218
2019-01-01,1842.4685529330266,16663,51547.18710331751,1,1,2750.809633404675,13182,138402.1494417083,1,1,97.0042786744125,83.69226113324802
2019-01-02,1843.5293556518436,7626,33781.41003219151,1,1,2815.2418365971525,16639,131494.36966963907,1,1,96.92804632860974,83.61234201069027
2019-01-03,1827.235840820024,17013,31928.19443340383,1,1,2886.4049408353912,16708,125081.96553655188,1,1,96.84212572675217,83.41762408477788
2019-01-04,1831.2043624380933,13457,25268.071287855677,1,1,2926.03638362674,11002,114316.79662317336,1,1,96.78835946906187,83.89926909961608
2019-01-07,1801.2146776467985,18018,15741.358854254131,1,1,3009.587233138597,17215,99369.84130499087,1,1,96.84261891539107,84.21395495952451
2019-01-08,1817.5598141671219,18961,12670.442140230361,1,1,3091.275119297459,16253,92013.56300479836,1,1,96.74705639865093,83.98569553601006
2019-01-09,1807.1686942331078,8021,7739.588334643406,1,1,3259.988532246379,12112,89156.41049971568,1,1,96.79080762351292,84.15622882768844
2019-01-10,1828.8791797788306,14983,5736.03354801038,1,1,3336.002207615462,11919,96743.57108028045,1,1,96.66663207062508,83.9334251712781
2019-01-11,1830.1461803625311,17004,1000.0,1,1,3469.237945790898,6150,108740.34587394868,1,1,96.64622521218119,83.5780197781794
2019-01-14,1826.5667036571458,8208,1000.0,1,1,3544.4108920823733,14534,119722.0632021119,1,0,96.65718998763859,83.8881626105991
2019-01-15,1802.9909146361515,17716,1000.0,1,1,3637.7183170778203,11142,127657.0037115868,0,0,96.90170300214449,83.37693272290487
2019-01-16,1830.2664611153148,19921,4686.837847668547,1,1,3667.550632184575,10065,137832.7897592651,0,0,96.76397143659244,83.65498949697783
2019-01-17,1856.2075767725782,17018,1107.7851571314254,1,1,3688.3557234160253,8379,144812.39166745808,0,0,96.91117289324146,83.57917280320592
2019-01-18,1890.0650940531245,7264,1000.0,1,1,3703.7824039774273,16623,147997.41603375916,0,0,96.92615713464019,83.51570882228175
2019-01-21,1904.9962799603263,16276,2703.226080396039,1,1,3671.9599898576344,14184,152024.04688878817,0,0,96.96727432644178,83.63863418816874
2019-01-22,1885.352945454576,13102,1000.0,1,1,3747.2450231891185,10164,152126.44600506828,0,0,96.97910911778061,83.81299383176702
2019-01-23,1882.2681405886692,18294,1000.0,1,1,3772.1220847174163,16060,163665.68707280388,0,0,97.02358179960014,83.56509087871835
2019-01-24,1881.7438609936346,18410,1000.0,1,1,3791.2334752165343,18976,168524.4070246805,0,0,97.00821328916393,83.78040856134336
2019-01-25,1925.045150047744,10903,1000.0,1,1,3811.236225491172,8891,179723.16038742583,0,0,97.15361830730967,83.81441972275093
2019-01-28,1877.585843537146,12813,1000.0,1,1,3810.426655713756,13031,177819.17079701409,0,0,97.1079711928872,83.43760328489051
2019-01-29,1845.4021410385203,18805,1000.0,1,1,3728.610405269165,17830,182687.75125457637,0,0,97.22119465010513,83.3866409398166
2019-01-30,1832.0807035668527,19376,1000.0,1,1,3717.637024981693,19041,189842.30920441062,0,0,97.15675793808383,83.80102464448427
2019-01-31,1803.997987226919,10236,1000.0,1,1,3651.759890132991,5761,198644.37289955505,0,0,97.15073275344369,84.30400308395798
2019-02-01,1802.4644201806534,16764,1000.0,1,1,3566.5159190756153,18558,211112.44936682264,0,0,97.04353649821468,84.51920762124058
2019-02-04,1810.071510586342,16030,1000.0,1,1,3514.157064083883,19776,217289.11830881555,0,0,97.08903887024942,84.16210457479008
2019-02-05,1819.1173928271444,14429,1000.0,1,1,3547.6300638558814,14370,214163.1076443642,0,0,97.23355146594209,84.30928664552684
2019-02-06,1799.4414854270954,6903,4951.23718232025,1,1,3443.674326376274,10578,214392.48428841427,0,0,97.22581584795999,84.5645449166846
2019-02-07,1779.550419947483,13916,1000.0,1,1,3356.3071341537584,11380,203714.0704694924,0,0,97.20612727808961,84.78225731168021
2019-02-08,1799.504201078038,5260,1000.0,1,1,3379.5512017547744,19950,184702.73349016687,0,1,97.0946655817828,85.0177435982866
2019-02-11,1775.2955028022384,17683,1000.0,1,1,3393.6319724797117,14593,176177.27212246435,1,1,97.07173631642758,85.12672252206086
2019-02-12,1773.1628767716131,12876,1000.0,1,1,3401.5894439536814,19067,162444.20741936617,1,1,96.91245689045543,85.1049988204117
2019-02-13,1753.3189184896942,9099,5806.956832676377,1,1,3443.22543522885,15304,152110.4552442332,1,1,96.82116909178355,84.92248857164049
2019-02-14,1759.7979697968537,7456,1000.0,1,1,3445.887934632544,16768,149490.64915130226,1,1,96.84384769639446,84.35310791609004
2019-02-15,1776.9175296743265,9288,1000.0,1,1,3453.0212274519763,16543,142672.76772855697,1,1,96.97574901616859,84.45500044610404
2019-02-18,1799.496022010745,14348,1000.0,1,1,3438.7152691248502,17411,128309.08776274888,1,1,97.25667010229155,84.5108162991997
2019-02-19,1793.122235671841,8024,1000.0,1,1,3440.397741326692,12445,124799.17419356566,1,1,97.19801159378446,84.67808905204714
2019-02-20,1763.5861552825313,5732,1000.0,1,1,3439.4173195807502,19367,116134.44625937985,1,1,97.341541609449,84.27682594405928
2019-02-21,1833.0169506513655,16477,1000.0,1,1,3368.0240707688604,7988,112655.65822104,1,1,97.36591685748917,84.47033095085379
2019-02-22,1869.7532258162282,9395,2233.863709442636,1,1,3444.0608675602552,17774,118989.87637956133,1,1,97.35079209281453,85.08669447924002
2019-02-25,1924.704535317366,7153,1000.0,1,1,3505.9900159510416,6337,118008.12599424997,1,1,97.39405153798714,85.1102295184734
2019-02-26,1949.8751184508621,12783,1000.0,1,1,3501.517406130552,6211,126086.93152886363,1,1,97.40024318635514,85.09172992271144
2019-02-27,1966.9270552375121,19117,1000.0,1,1,3475.746823467371,16108,132855.58216036655,1,0,97.41128275891636,85.18443062953715
2019-02-28,2001.3641395073728,19951,1000.0,1,1,3500.1285309070245,10252,136806.00397014234,0,0,97.3704494426337,85.79413173695025
2019-03-01,1996.5391578123176,17218,1000.0,1,1,3547.80860849992,8302,150904.52034717088,0,0,97.23063847665381,85.48703740844029
2019-03-04,1968.3731766921107,16629,1000.0,1,1,3580.3712891653204,15400,158655.7035655371,0,0,97.0762759564016,85.54799948845846
2019-03-05,1959.2386896538596,8550,1089.8048342737407,1,1,3651.695493987049,15440,165953.14628172774,0,0,97.14160044472973,85.30810226176916
2019-03-06,1887.7150704600663,16065,1000.0,1,1,3690.2729872432583,16611,174276.59397364745,0,0,97.11393043572116,85.14400084551566
2019-03-07,1932.9500684706986,11605,1000.0,1,1,3749.2336331660813,9462,175744.56899464157,0,0,97.05432154575554,85.12912375315108
2019-03-08,1975.0064718284643,18769,1000.0,1,1,3810.5580840455577,18589,178277.99983483646,0,0,97.05517210842785,85.53332072563515
2019-03-11,1983.3301375306253,16427,1000.0,1,1,3843.344421741957,10129,191877.35484934517,0,0,97.13466533371941,86.07361790584177
2019-03-12,1963.4810034867494,18325,1000.0,1,1,3902.876848112599,17238,197159.23422806643,0,0,97.15270172802205,86.20806054922978
2019-03-13,1971.5167964804991,7381,1000.0,1,1,3955.071231915735,15921,210640.9503461306,0,0,97.08709623435796,86.09508213232274
2019-03-14,1945.9894033077917,6800,1863.8094324502404,1,1,3981.1802484249365,12416,220509.2478976194,0,0,97.20972552992285,86.84290379231429
2019-03-15,2007.0548443109633,8738,1000.0,1,1,3955.5532245407817,11512,228062.52519630588,0,0,97.36764408022101,86.71463744791544
2019-03-18,2055.8284029488823,8310,1000.0,1,1,3996.6537181550493,12983,239590.13429045357,0,0,97.4170997457533,86.54329667360751
2019-03-19,2086.271063229724,11153,1000.0,1,1,3911.1373446794823,17459,246626.77616317407,0,0,97.51446609688772,86.0108137602339
2019-03-20,2090.3103451923575,14288,3332.4596068622855,1,1,3840.591106177797,5880,248254.70397252022,0,0,97.63866209656909,86.42964123100732
2019-03-21,2112.596798162688,17791,1000.0,1,1,3727.308043529829,19480,260240.7690720501,0,0,97.75167202820954,86.72011490871871
2019-03-22,2123.325025269843,8751,1000.0,1,1,3692.335471968273,8961,262332.7814286518,0,0,97.8130819459208,87.44545656955364
2019-03-25,2089.470599076637,9104,1000.0,1,1,3715.3679976273174,8349,262965.25424767844,0,0,97.8729166506283,87.0285995638882
2019-03-26,2135.346260929028,17625,1000.0,1,1,3695.759376153449,12584,265183.8251248572,0,0,97.92488270796295,87.46605080613193
2019-03-27,2152.661512452664,15998,1000.0,1,1,3612.5781602518578,5823,276604.8398109056,0,0,97.81514894050824,87.48709146164178
2019-03-28,2133.9234365034,6677,1000.0,1,1,3565.8564611176944,7832,287466.7202881936,0,0,97.8852212561942,87.72892152668182
2019-03-29,2164.1800196661516,16460,1000.0,1,1,3474.57726172381,15301,295866.528402318,0,0,97.74963985908154,87.23458838435047
2019-04-01,2140.9199162100394,18039,2972.261650847906,1,1,3438.596936920678,19010,293723.73755707196,0,0,97.67017991356904,87.67501293115006
2019-04-02,2120.454641896285,16430,1000.0,1,1,3416.8445585907916,10363,299880.4870378594,0,0,97.80053642034984,87.91096795654961
2019-04-03,2106.3740747925763,9801,3384.2908246611273,1,1,3344.0256134778747,16615,306748.64244512666,0,0,97.88455843661927,87.89929494611376
2019-04-04,2108.4832440094383,5659,1000.0,1,1,3304.439388071476,18629,313150.7476193149,0,0,98.03329826558785,88.09282875241209
2019-04-05,2092.143439312936,16629,1000.0,1,1,3281.8953681283683,16044,314245.34608027333,0,0,98.00613082721912,87.86318016209941
2019-04-08,2029.6726983213146,12350,1000.0,1,1,3241.819943748234,8670,314249.57960244245,0,0,97.89090594309144,87.68934813642491
2019-04-09,2025.4995008549504,12837,2669.103033054066,1,1,3250.789701519173,10544,320947.99396699667,0,0,97.86686222338442,87.55031475233729
2019-04-10,2031.7931145694183,9765,4551.608673551045,1,1,3253.4748153969113,13847,326989.9038040235,0,0,97.87706535310846,86.9944963938302
2019-04-11,2047.0700443743574,18721,1000.0,1,1,3269.1594264349324,12331,327787.4027919514,0,0,97.88496422474248,87.25302394209122
2019-04-12,2034.0099224768257,9086,1000.0,1,1,3216.100560449387,13045,332607.4916240734,0,0,97.99833227261814,87.61050202634598
2019-04-15,2027.6477856097101,13496,1000.0,1,1,3187.216591588893,18230,338190.64509837073,0,0,97.96220523011779,87.40009878141683
2019-04-16,2063.512944674301,17191,1000.0,1,1,3127.627058597503,9418,348379.1121609438,0,0,97.99740867729808,87.50455968620028
2019-04-17,2038.3840220923698,14344,1429.3648479895096,1,1,3157.895782601045,13593,350570.91205210687,0,0,97.89854596235463,87.42489754381151
2019-04-18,1980.6215935025486,13778,1000.0,1,1,3173.7669845903847,17118,355764.43250739784,0,0,97.943577690159,87.52337973243581
2019-04-19,1937.36362660255,6010,1000.0,1,1,3152.8107175267533,17482,361003.9013356149,0,0,97.94388854517757,87.3351065600725
2019-04-22,1905.4736539184817,8169,1000.0,1,1,3162.5531292689907,17932,368019.81795412424,0,0,97.86890721134912,87.07007901324621
2019-04-23,1826.92340444466,19639,1000.0,1,1,3111.127132476504,6641,375056.0490421347,0,0,97.84532427513163,87.38570147905334
2019-04-24,1772.5290968435902,15765,1000.0,1,1,3043.295605967905,5969,378665.00430106325,0,0,97.82690670048011,87.36654030351599
2019-04-25,1725.4036649903321,18456,1000.0,1,1,2980.1604527057007,10390,376677.0525078112,0,0,97.79989118754641,87.97317298877203
2019-04-26,1701.0111928325662,15816,1000.0,1,1,2968.9977839595017,6816,377848.51345625456,0,0,97.97702531177318,87.98706597821027
2019-04-29,1684.9775859200245,7131,1000.0,1,1,3014.24640124821,12208,386425.9657080472,0,0,97.96718071154238,87.70924256610513
2019-04-30,1692.4197766811526,19029,1000.0,1,1,3057.341727524981,6285,389441.574056866,0,0,97.94279110052464,88.07732482903592
2019-05-01,1698.7484490853808,18986,1000.0,1,1,3110.795508783975,17602,390477.37020348554,0,0,97.73304600476364,88.26656487827972
2019-05-02,1691.9078274808767,19748,2356.944352858495,1,1,3205.3441884583767,8784,394767.568427771,0,0,97.64362526956569,88.48462673738865
2019-05-03,1672.5317715522256,17600,1000.0,1,1,3257.7455349272986,14021,394406.9588223809,0,0,97.61731792712006,88.84180694104901
2019-05-06,1708.1567279574629,12494,2255.0770982847043,1,1,3286.6866040417835,17440,406919.1473265766,0,0,97.54873265950239,88.64596805289528
2019-05-07,1690.025035179721,8383,6677.169450460675,1,1,3333.1494178005246,17806,410871.1261186266,0,0,97.68690341884017,88.6077920601997
2019-05-08,1693.1102218735398,18552,4050.8622881586853,1,1,3345.9917152336193,10470,409458.6242253944,0,0,97.67040964130055,88.55635711075337
2019-05-09,1699.9156029376634,19125,1000.0,1,1,3322.6530934489883,6339,406054.2769439513,0,0,97.79925406623238,88.16913314967867
2019-05-10,1686.0455684426206,17245,1000.0,1,1,3267.730644009573,18658,404768.6687051019,0,0,97.8054245296374,88.0900561046312
2019-05-13,1699.5973113924829,8484,1000.0,1,1,3218.953712895059,14764,400109.5024607119,0,0,97.80914731327957,88.49096994199425
2019-05-14,1657.9153876083847,16921,1000.0,1,1,3202.8906806359128,12277,378261.11329731956,0,0,97.80026766850831,88.5621713731324
2019-05-15,1666.374195545096,12018,1000.0,1,1,3226.7870814265934,11673,359217.20022330584,0,1,97.80064729367047,88.15835297477891
2019-05-16,1669.3183045648127,6925,1000.0,1,1,3134.051671573327,16274,346694.6966889334,1,1,97.97252679397545,87.69160115127943
2019-05-17,1631.6718651504345,10992,1000.0,1,1,3184.620758739714,7093,332320.7870992335,1,1,97.74056572130033,88.19103396890391
2019-05-20,1656.557937665064,12558,1000.0,1,1,3237.6575396349817,11114,322296.3446394218,1,1,97.54041114685646,88.16393826582737
2019-05-21,1698.1459252985042,12384,1000.0,1,1,3203.0272576594466,10156,313731.5439488132,1,1,97.48609406375084,87.96971520411688
2019-05-22,1769.2978473789503,13316,1000.0,1,1,3126.0337111295526,5487,306546.36656604655,1,1,97.4875468519446,87.88751767464778
2019-05-23,1801.4815736579885,18653,1000.0,1,1,3173.75005832413,18038,293496.21460133983,1,1,97.55655729442101,87.44432534835258
2019-05-24,1810.018074034575,17078,2112.9430528946823,1,1,3137.1951435720875,6254,274898.54236817936,1,1,97.60386601422375,87.87125389320606
2019-05-27,1798.2196842172557,6036,3376.926510121205,1,1,3101.2081858239594,17484,261184.27500872032,1,1,97.56544142293569,87.75333801193025
2019-05-28,1794.732428847756,10055,1000.0,1,1,3027.2712859077283,17758,254498.17906503417,1,1,97.66734579225987,88.16355847025179
2019-05-29,1779.3750765537684,7574,1000.0,1,1,3024.988299051362,15287,241428.5130208614,1,1,97.77036533257514,88.17905398458598
2019-05-30,1821.9119382805502,9295,1000.0,1,1,3060.986859035506,13426,237199.24783252476,1,1,97.7887711157023,88.6079135769565
2019-05-31,1819.8002404623226,7467,1379.5200864412807,1,1,3017.9568497846094,12593,227737.06156580307,1,1,97.88503687295099,88.68492192666943
2019-06-03,1813.8570855758878,8144,1000.0,1,1,3031.7935189371033,19781,213766.63873402198,1,1,97.9123013992942,88.94089172553015
2019-06-04,1833.3710656601093,10887,1000.0,1,1,3065.294550422464,7755,199123.62419179286,1,1,97.85615309661591,89.15661963935665
2019-06-05,1833.2353842034738,15270,1000.0,1,1,3051.269031088532,11167,187096.19980984525,1,1,97.92593478051592,89.34360695923225
2019-06-06,1855.8775563938786,17834,1000.0,1,1,3057.6991967251765,17024,172695.17912336776,1,1,97.93699609277378,89.44798730238706
2019-06-07,1810.011346645838,13236,1000.0,1,1,3137.395330304663,9052,164374.65077723525,1,1,97.93713007744923,89.37813208755239
2019-06-10,1778.583727360251,8377,1000.0,1,1,3116.137021449269,5848,156938.47111320717,1,1,98.08442543466819,89.95276249502425
2019-06-11,1751.8965964811482,17021,2129.0406014970768,1,1,3124.9840955342665,5348,141031.92290430886,1,1,97.83933822181417,89.68068139949547
2019-06-12,1712.7783255390955,8309,1000.0,1,1,3090.335515915402,5117,136328.4420802619,1,1,97.69756980479822,89.68197369219843
2019-06-13,1674.44697490624,5965,3491.8147401655096,1,1,3109.270818614179,9334,135812.3125536608,1,1,97.57886276216078,89.6864394547607
2019-06-14,1643.7003823916377,12374,1000.0,1,1,3114.064042324402,12610,121971.77553079298,1,1,97.5425366974039,89.80717168076376
2019-06-17,1617.498838643498,19259,1000.0,1,1,3051.3288121421824,6204,107386.13522763668,1,1,97.5170758804273,89.67832988699541
2019-06-18,1584.192389223839,19385,1000.0,1,1,3079.8819502713077,19513,107745.33092021695,1,1,97.36634331565,89.77275377867228
2019-06-19,1537.1357391820832,13784,3253.1606691957704,1,1,3103.8818287193235,6956,96399.52911112837,1,1,97.2678275124189,89.72210100311139
2019-06-20,1479.9971959936856,13596,1000.0,1,1,3094.442575802879,10334,87043.98236731713,1,1,97.18174334456656,89.24751524788002
2019-06-21,1426.338433155534,7247,1000.0,1,1,3100.093754809105,17862,85180.96727824374,1,1,97.42748575377415,89.25038093375707
2019-06-24,1380.418612230513,15839,2866.4137327174044,1,1,3100.4168037136506,17167,84880.4131614021,1,1,97.60765994854886,88.92021133384803
2019-06-25,1346.251138795395,19172,1000.0,1,1,3089.9563161349993,14340,76239.67238177943,1,1,97.5664850067804,88.39989560511336
2019-06-26,1309.4545974985951,17332,1000.0,1,1,3121.606703727298,7482,74781.82765320712,1,1,97.5301266777497,88.44095760132018
2019-06-27,1291.2121494590194,19609,1000.0,1,1,3112.691015568466,11293,73690.37368876483,1,1,97.41520627803088,88.58732260392604
2019-06-28,1285.102321085613,11281,1000.0,1,1,3129.148948831419,5207,79572.11414275863,1,1,97.22439323670835,88.74533201655741
2019-07-01,1287.0186633957535,15429,1000.0,1,1,3092.5974962139526,5184,81997.76388265783,1,1,97.2127052180675,88.91548322866332
2019-07-02,1280.815126088571,10958,1000.0,1,1,3056.222615477553,13764,95860.9846467706,1,0,97.1129200197431,88.33570652238114
2019-07-03,1292.2832327550102,5994,1000.0,1,1,2973.3891459808106,11857,98845.86789962849,0,0,97.1044349665769,87.9274014440089
2019-07-04,1259.9663389811744,11263,1000.0,1,1,2962.18129791303,7018,105008.39311260934,0,0,96.94441438167256,88.519457875053
2019-07-05,1276.9050417218698,16985,1000.0,1,1,2985.8469639717273,17626,108769.2991082738,0,0,96.86821693584153,88.20529524702988
2019-07-08,1298.580054103947,7327,2775.396878208724,1,1,3028.6343857476563,16667,117630.9196371442,0,0,96.88307964537181,88.3885475563709
2019-07-09,1300.457407222026,16920,1000.0,1,1,3092.629732576292,18368,126439.7912559117,0,0,96.9197006051502,88.18246626987114
2019-07-10,1306.1417495544526,12845,1000.0,1,1,3101.443048663757,5177,136310.27205436045,0,0,96.9614478010244,88.20636809165141
2019-07-11,1298.7303983843856,11151,1000.0,1,1,3019.4166476827722,15632,139547.5066758956,0,0,96.8293989026087,88.01639183096934
2019-07-12,1305.2884940528352,5456,1000.0,1,1,2959.42365040902,14970,150588.45455818746,0,0,96.91486747562226,88.18485417735523
2019-07-15,1272.4600897299533,14649,3845.67742218358,1,1,2963.4440544634854,8628,164928.20473653296,0,0,96.83484630596207,88.22588641255024
2019-07-16,1273.6702010217978,5355,2826.4256934926016,1,1,2930.9933118247127,9104,169132.74604081942,0,0,96.8981320974228,88.09139948045697
2019-07-17,1299.6008019104277,8739,1000.0,1,1,2931.635565736803,6860,170374.83383849883,0,0,96.89706822976099,87.77634784455276
2019-07-18,1291.947576837463,16160,1000.0,1,1,2851.0896326631073,11680,167877.28997743918,0,0,96.7594294798532,87.85668010380051
2019-07-19,1290.598382659941,13948,1000.0,1,1,2769.989800081842,16689,163894.7485523386,0,0,96.72780970939507,87.49286446408775
2019-07-22,1281.9764589702515,14814,1000.0,1,1,2675.3803288866443,17582,162200.5953855251,0,1,96.76434608360145,87.62110877672399
2019-07-23,1278.5446988440872,19361,1000.0,1,1,2603.646683489822,6502,158428.0541790701,1,1,96.82564262164891,88.40905424943506
2019-07-24,1268.1230458001965,12047,1000.0,1,1,2530.467083480197,19817,153380.23298015306,1,1,96.81154383190446,88.81410526481366
2019-07-25,1283.7084745856055,14064,1000.0,1,1,2531.5188856240384,17434,140599.29850364875,1,1,96.96472172096458,89.02960963088191
2019-07-26,1253.519461795246,9174,1000.0,1,1,2570.3418180145813,18192,133195.80123454984,1,1,97.06547279806323,89.00392744155957
2019-07-29,1268.1283139328555,15250,1000.0,1,1,2556.7904280743237,18763,122707.93489737048,1,1,97.03980738642325,88.4223016534585
2019-07-30,1291.2140673257165,10227,1000.0,1,1,2529.501789414206,19181,116278.6987559353,1,1,97.11481956763694,88.02561573468846
2019-07-31,1254.3720292348214,6862,1000.0,1,1,2533.893133972152,13077,109750.45956605457,1,1,97.30819891615576,88.41045359151927
2019-08-01,1238.8498956560386,16684,1000.0,1,1,2522.1570821317746,18188,99225.47204321399,1,1,97.50424737623406,88.17352676748183
2019-08-02,1226.7673401562693,15526,1000.0,1,1,2494.9309259634742,19773,96462.14531528125,1,1,97.38144738815181,87.96375113803262
2019-08-05,1221.4383901659746,7587,1000.0,1,1,2482.791174775029,9499,90125.08196121034,1,1,97.2887940770361,87.91405599532742
2019-08-06,1197.7407298968337,11275,1000.0,1,1,2476.366691667105,7789,85794.3127601792,1,1,97.43728595570948,87.59544211767344
2019-08-07,1209.9553183009498,18179,1000.0,1,1,2452.098774751432,5500,78423.24484134035,1,1,97.33145785062572,87.22741149730795
2019-08-08,1206.574759799349,15541,1000.0,1,1,2490.8905552853585,19239,74741.29882742363,1,1,97.19920373729656,87.21226927547353
2019-08-09,1205.572231291046,13319,1000.0,1,1,2452.6896237308356,15930,74994.56934260552,1,1,97.15058432422666,86.94481043907192
2019-08-12,1212.7279040022813,12168,1000.0,1,1,2371.905474174377,9613,69826.78134165429,1,1,97.19260699517412,86.72250486513825
2019-08-13,1216.4184578064876,9344,1000.0,1,1,2320.2016341403237,16180,70243.43912575471,1,1,97.182367324513,86.48814755729414
2019-08-14,1210.511156636389,17710,1000.0,1,1,2294.228430114227,11718,69864.34548252466,1,1,97.11731096247244,86.64485562144449
2019-08-15,1207.66860345932,5290,1000.0,1,1,2261.2379709627985,18362,81267.3932052023,1,1,97.04988971629999,86.57521791429588
2019-08-16,1210.2608076897948,19164,1000.0,1,1,2308.6871626452626,16703,92692.19750904542,1,0,96.97865600985872,86.52164632392771
2019-08-19,1197.2378639597475,6178,1000.0,1,1,2361.863077515602,14111,96070.03347378719,0,0,96.89070504699282,86.70073009312038
2019-08-20,1216.606989352982,12104,1000.0,1,1,2416.4364574464093,19854,100211.65331345779,0,0,97.11886833472043,86.6581182106505
2019-08-21,1205.83854806159,17877,1142.0995038939213,1,1,2408.192953927405,5283,108958.62001620658,0,0,97.14861944183899,86.57464208011335
2019-08-22,1210.899283093515,17498,1019.7378352770713,1,1,2419.679304115904,11400,111991.05701954513,0,0,97.23729534727946,86.71577718678441
2019-08-23,1182.3651693358586,16173,1000.0,1,1,2437.4798498859304,10281,123766.590492331,0,0,97.18838760046756,86.9162365398517
2019-08-26,1220.2365709907674,11575,3117.1489401304275,1,1,2445.4423277232218,5418,133958.6775987685,0,0,97.16979193274896,86.8721144899991
2019-08-27,1216.0071540055203,13018,1000.0,1,1,2506.801031086692,5368,138872.0785296937,0,0,97.09843653461193,86.89629682268526
2019-08-28,1212.727557507621,18882,3101.1949635673245,1,1,2528.7452995176145,8275,144219.38726790642,0,0,96.83326570112001,86.66175975376527
2019-08-29,1205.9356696882853,10311,8410.758019144976,1,1,2524.512583242843,16676,145588.37639454266,0,0,96.69546477343522,86.4035548408159
2019-08-30,1215.8179033606334,8427,9525.405098238467,1,1,2511.754854530026,9464,151323.28998280707,0,0,96.51440290543718,86.63429909140595
2019-09-02,1175.809376375963,14251,10306.180474052817,1,1,2445.3526438129966,8293,158449.71016248295,0,0,96.28942452764203,86.76778171016934
2019-09-03,1172.6961033904404,6335,21425.495772538754,1,0,2409.0595492970187,16513,164881.4379616986,0,0,96.16988863021221,86.9043712416943
2019-09-04,1167.2652956270176,10123,35463.50543674891,0,0,2413.842775230419,11554,169732.23427309454,0,0,96.30238419815038,86.98862754631196
2019-09-05,1183.6950833509686,18346,49987.010133415984,0,0,2397.082488708065,15428,177924.8278898034,0,0,96.29794058137993,87.00248852905645
2019-09-06,1159.5913008077953,17752,58785.8838893757,0,0,2358.5175130755383,19971,185498.73579438112,0,0,96.42699695761206,87.21141209630329
2019-09-09,1143.0729804192788,11859,69989.3222125405,0,0,2339.667448172956,15457,192735.16593549793,0,0,96.46809521530214,87.49194472461012
2019-09-10,1164.3960766861965,15086,70898.9846551272,0,0,2364.3510152969957,13806,198856.26314214017,0,0,96.54635109787365,87.76531312616731
2019-09-11,1188.1994965705812,12025,74400.57723984869,0,0,2371.673206031157,18720,204912.44226329407,0,0,96.4562613983432,87.73507975138352
2019-09-12,1191.7266532308554,15148,96375.0019661671,0,0,2349.859027002422,7884,217386.62871137925,0,0,96.50865649376247,88.15117757035617
2019-09-13,1202.6919432198865,14369,109897.34499013284,0,0,2329.5849820424933,10758,220000.27027278804,0,0,96.58152791716991,88.21971577487587
2019-09-16,1205.390833014042,6652,117992.41714337056,0,0,2329.019467426331,9056,228356.58299628773,0,0,96.52386318794653,88.40942863264561
2019-09-17,1187.1827684959442,5083,118708.53572611586,0,0,2272.8987918629327,9952,237164.3402879362,0,0,96.57981722500816,88.49405499989606
2019-09-18,1173.9471827354118,18560,136818.88403088922,0,0,2240.6846742375105,16283,246888.80096119456,0,0,96.63643600086563,88.56815701214133
2019-09-19,1163.1496265495375,15996,147939.0092056419,0,0,2244.8510420786665,13436,254511.81657576855,0,0,96.58148073875263,88.34743141506623
2019-09-20,1163.3127241565228,5289,153460.42633551176,0,0,2242.563332358226,13101,257390.55166525717,0,0,96.46920389552552,88.55783666656967
2019-09-23,1158.9169123903048,18741,162258.8801752722,0,0,2230.499087892994,16780,256201.70487596327,0,0,96.3507910623357,89.41142498504198
2019-09-24,1168.3344838274402,6388,170108.71197477993,0,0,2249.071812939203,5945,259077.46082424687,0,0,96.35944161652785,89.29898646260494
2019-09-25,1174.6362130267803,18874,180088.57273516353,0,0,2219.3928988066555,17440,267236.94553495507,0,0,96.39214260340678,89.32028487723242
2019-09-26,1177.1231512675965,11489,184544.96964278052,0,0,2230.182104769844,13857,271749.705263072,0,0,96.31289002036098,89.18642329792826
2019-09-27,1195.19177494673,16683,196324.46627024992,0,0,2238.1610162599954,9897,277342.54940907215,0,0,96.3155485544936,89.04001732745967
2019-09-30,1217.9031960373204,11959,203939.62201153848,0,0,2215.271603929864,5536,282821.5874098387,0,0,96.37260225810745,89.50335217089527
2019-10-01,1211.6700607130667,7090,216264.70874473968,0,0,2160.6745908028342,18156,288459.99119531293,0,0,96.43442132957398,89.30146086557703
2019-10-02,1203.543484408708,15763,222126.28558044593,0,0,2126.7705745479557,6755,297130.35197870684,0,0,96.58960934158623,89.15923672356712
2019-10-03,1199.031204386931,7806,229305.17378861236,0,0,2106.9648864322057,10419,304483.7154849144,0,0,96.71730742480602,88.68298887644774
2019-10-04,1187.4233170011244,14170,235264.9808313399,0,0,2082.674662613632,18993,311875.3607319702,0,0,96.61717828153037,88.45570535908506
2019-10-07,1188.8367471469853,18318,243049.89919772232,0,0,2055.8805812503597,11905,310063.2805337912,0,0,96.78553690248418,87.94318539119905
2019-10-08,1176.8390136473822,8832,250434.844767843,0,0,2022.0555280080098,18345,311309.11265069846,0,0,96.7324392520286,88.13272680096263
2019-10-09,1153.588784097958,17699,258365.0014662034,0,0,2006.3812048702066,9159,315801.1057372218,0,0,96.83692653327405,88.97263596751382
2019-10-10,1151.1441456281848,6749,263410.56281890965,0,0,1996.7836856567183,8132,318093.9478246766,0,0,96.84372519587916,88.86263232941866
2019-10-11,1156.2101250458616,7050,268551.90494770027,0,0,2018.3830932316848,13112,326093.3089669559,0,0,96.80251025803346,88.3626049495216
2019-10-14,1142.1073673066935,8614,274808.5322992419,0,0,2035.1870083343483,19186,335199.2720586083,0,0,96.62174057205597,88.63260484885052
2019-10-15,1105.620214350306,11833,282021.6738244372,0,0,2052.4588300104156,14261,333891.946176367,0,0,96.60458412103434,88.41452736117147
2019-10-16,1084.6912012001635,16583,290426.1915279565,0,0,2068.8904970879466,18915,333424.8864740892,0,0,96.44864579750377,88.80433144033753
2019-10-17,1088.3406189787381,9622,297825.2454745593,0,0,2061.8998539548566,6229,343609.8731185456,0,0,96.54537572108805,88.71972272600055
2019-10-18,1108.4480273532113,13801,302820.8676344942,0,0,2102.8527959578164,10993,349011.2688038246,0,0,96.69705498680197,88.53017801927571
2019-10-21,1124.2343538036034,10142,305352.2119937855,0,0,2152.8699385433542,9545,347656.50423066923,0,0,96.6173638878723,88.476790752552
2019-10-22,1098.0334745214775,7300,301317.45891798317,0,0,2156.1946414298045,6916,332307.9752956921,0,0,96.64756096212423,88.70412378083286
2019-10-23,1077.666482996295,16475,302501.53194183536,0,0,2154.1059776691177,8910,324537.95224829303,0,0,96.57502180992343,88.63589759160617
2019-10-24,1083.9744797526375,9695,306642.4449600026,0,0,2220.5101897301447,12328,311358.907834889,0,1,96.51217333690975,88.48688018076805
2019-10-25,1084.9379955812924,6085,312429.3212463719,0,0,2177.398337233676,6178,299807.7950219052,1,1,96.5896228072963,88.4272306998744
2019-10-28,1066.3304708024048,15436,317717.0533293273,0,0,2138.214042311605,18318,282446.2581340734,1,1,96.58576898111195,88.04567414452413
2019-10-29,1042.745360194042,19620,325713.0799529418,0,0,2106.485320888545,5569,268471.31593482953,1,1,96.75973378530504,88.16478362521232
2019-10-30,1034.4745119518016,8973,333865.9912905065,0,0,2072.183516636296,10749,273569.6042393663,1,1,96.71151053743476,87.62876564705886
2019-10-31,1019.1570260384609,11560,338956.5353145107,0,0,2100.004011193902,13044,273428.6783410648,1,1,96.81144417068221,87.4955292107492
2019-11-01,1008.1968189988935,6186,335858.07682689803,0,0,2149.644681317051,17195,284025.9838951242,1,1,96.82118551197799,87.72334477339842
2019-11-04,992.5779360741828,11463,341854.5974051944,0,0,2182.5512445019835,7954,293547.42594274663,1,0,96.9007633129524,87.81425925827823
2019-11-05,995.2999791298762,14941,350727.5726975796,0,0,2245.1113028583272,15761,303900.4053145828,0,0,96.85604754721942,87.99135543017415
2019-11-06,976.5426961756112,14883,356411.7508316465,0,0,2299.3025818742954,8208,316949.7821413708,0,0,96.85109166346426,87.9718417283585
2019-11-07,974.1069459012583,11602,357222.9491822843,0,0,2300.4761876426282,12574,323614.6442008427,0,0,96.83954177553436,88.32276558265416
2019-11-08,982.727071281283,19248,349053.6931819605,0,0,2304.872476765685,6703,326396.8340921285,0,0,96.75593606404978,88.6001753416851
2019-11-11,976.3525760589556,8846,347647.59058535186,0,0,2281.9267596048176,17862,326711.83552602626,0,0,96.82214421750795,88.7340176429594
2019-11-12,966.458616404274,12264,340434.3439057224,0,0,2291.8642676755103,13217,328340.1570936934,0,0,96.8871691180658,89.01228137615347
2019-11-13,977.4503329145151,12957,335769.0297866433,0,1,2289.392199361235,14557,332203.4329289792,0,0,96.94652458755635,89.23740844247453
2019-11-14,950.8288678275643,15853,323715.44340243377,1,1,2302.4964799901745,17462,343234.20010779926,0,0,97.10022115294812,89.10556938847047
2019-11-15,964.6346287558695,16735,312428.1623660847,1,1,2296.783402841658,6628,342416.1368508254,0,0,97.24515563307175,88.70239971496306
2019-11-18,989.6438548621267,14954,307003.58001262497,1,1,2295.4906892928807,12513,338639.15990082995,0,0,97.20766116408683,88.82850835271586
2019-11-19,1031.4538940902128,6420,295287.92585823574,1,1,2288.6329594229815,13585,343983.2042471872,0,0,97.24496639593025,88.99233512196528
2019-11-20,1035.4441039372343,18537,280772.2641896919,1,1,2252.7781468641574,17072,344753.30765063874,0,0,97.18260632700444,89.31947671930685
2019-11-21,1040.3736309427973,11590,272078.5338752645,1,1,2235.2632331057416,8589,347946.5586040489,0,0,97.18494185861589,89.03858033679326
2019-11-22,1060.7643154063849,17037,263606.58972464513,1,1,2250.329654717373,15284,358879.5677912792,0,0,97.124966913704,88.76665101901011
2019-11-25,1052.4497372010874,15170,250606.39727279166,1,1,2231.3284562442036,15790,362073.05601036607,0,0,97.2869739446176,88.90462109890245
2019-11-26,1050.3768311716674,13069,243278.39753064947,1,1,2240.1524408793584,7208,362065.57803654275,0,0,97.3233437596519,88.88327100224652
2019-11-27,1038.3429511628108,14339,231326.40587436358,1,1,2232.5228300789386,13698,373982.0032534489,0,0,97.30154084684146,88.31754251907518
2019-11-28,1025.9390146585274,14458,240448.45988939528,1,1,2223.4720364278955,5008,378240.89147294423,0,0,97.4209027040271,88.43007496820144
2019-11-29,1017.6372024261441,18204,243574.29314496898,1,1,2230.0057136181777,16132,377253.7581837314,0,0,97.20384116304756,87.87434809370475
2019-12-02,1015.5228615005469,16422,249261.5727310115,1,1,2219.4907290145984,6457,379285.3185084731,0,0,97.00243090356102,87.59077112814273
2019-12-03,1011.6346700982236,18599,255873.78402640874,1,0,2214.4271994098026,17633,386754.84013212234,0,0,97.082014769083,87.99627554000077
2019-12-04,999.0255145635165,19608,258527.020581501,0,0,2187.4669721847436,6024,392499.88559450436,0,0,97.08806161389474,88.5437392453429
2019-12-05,991.2105786639346,18800,258670.14275904585,0,0,2151.9425510151773,17393,394126.94462995493,0,0,97.11310624392081,88.17904233480132
2019-12-06,972.1626211823751,14238,266656.1146606801,0,0,2137.6398798919026,16836,396882.41213942587,0,0,96.98046663358896,88.0802248735775
2019-12-09,962.8552888672446,18571,269798.04045184073,0,0,2128.3588724789197,5402,404803.4285493873,0,0,96.97814326250392,88.09301163050112
2019-12-10,959.4714714182885,5816,281130.5584653492,0,0,2137.0783316527195,12672,407146.134541097,0,0,97.17849420354406,88.62737970877559
2019-12-11,962.8120665652876,13125,285255.2387218205,0,0,2165.2039139474045,12702,409479.19531074556,0,0,97.26091416552364,88.47951902442827
2019-12-12,974.2358275425723,7844,290468.7304566333,0,0,2194.872709897815,19832,416984.6091444105,0,0,97.27788482003793,88.33645381751829
2019-12-13,969.80735981512,16056,303252.66066473245,0,0,2230.3620022922396,13544,414079.46725286596,0,0,97.23397942902743,88.80107148505715
2019-12-16,966.0826186857256,6805,301661.4868855564,0,0,2253.5149049790493,14221,413593.0534117784,0,0,97.19452214384049,88.68863473924168
2019-12-17,985.2719755722144,7965,307203.57105167373,0,0,2288.1790228383406,17651,419629.5329607487,0,0,96.9816023549205,88.9052952519316
2019-12-18,991.7298242845621,18149,308981.76122173044,0,0,2334.196477076883,12643,422053.96500172204,0,0,97.0073663970126,88.46215236239789
2019-12-19,1013.2503941326767,7901,314957.8689106488,0,0,2340.985137830394,9289,416599.3578952497,0,0,97.0919147078608,88.41078253917019
2019-12-20,1022.5503304055328,18759,319120.48740969715,0,0,2313.271142032991,17103,425597.0815318643,0,0,96.93435277514374,87.91290348767225
2019-12-23,1022.450044845352,9674,319725.32833680674,0,0,2279.0648417186644,18347,427132.93174155644,0,0,96.86821108591305,87.59627335338556
2019-12-24,1014.4254450363252,8998,325462.7309253041,0,0,2250.715991579511,16162,426988.67230128555,0,0,96.7524646226897,87.84803375993123
2019-12-25,1012.9363592280106,11603,331839.32701575133,0,0,2235.856253047026,19109,432047.8475252198,0,0,96.65592950320882,87.83306214260521
2019-12-26,1008.9533384724751,6887,331457.8242949437,0,0,2231.933806771123,11412,436493.7978016908,0,0,96.66127766589102,87.73733042043932
2019-12-27,1003.7335480033303,8429,331448.49507356,0,0,2217.8527866066156,17408,430027.5801680807,0,0,96.45283745039217,87.51270553324504
2019-12-30,1006.9204349377192,18452,340367.10848635755,0,0,2212.379623079347,7346,435083.697402466,0,0,96.51426449422787,87.44650871127266
2019-12-31,999.2399448975071,14108,344944.0700244258,0,0,2253.1048137880434,10335,438834.41794187616,0,0,96.58965000122124,87.53684266140287
2020-01-01,1000.6138033756313,13487,350104.9970480028,0,0,2245.4367088557105,18662,444098.98800835793,0,0,96.56453974241755,87.8317175233414
2020-01-02,1024.4569231546352,15141,354819.9048612437,0,0,2277.7763910910976,6816,439240.264407587,0,0,96.3164688914191,87.04417351811236
2020-01-03,1058.9392984339022,18788,353751.10096105904,0,0,2275.092860738676,9158,447401.1766856323,0,0,96.21682702881887,86.79464516583351
2020-01-06,1065.1318542664421,10488,352786.36456970364,0,0,2263.7741527704293,15444,452992.1652668544,0,0,96.34011722222914,86.84237403849022
2020-01-07,1052.7288417157647,13610,357097.32350691326,0,0,2255.753205220423,9772,458057.03955639916,0,0,96.06231779415627,86.81271510370152
2020-01-08,1038.0823835647125,16897,360877.1286654731,0,0,2207.902336677691,14160,461657.0137563104,0,0,96.02756545293693,86.93372797645955
2020-01-09,1032.154786859051,14563,368481.3335728555,0,0,2188.076674762985,14681,462671.10063178226,0,0,95.9095653750902,87.01399006229751
2020-01-10,1007.5491765630328,7558,376187.5881637413,0,0,2166.868077944704,18688,458658.53021069214,0,0,95.99002240524868,86.92252970339949
2020-01-13,1007.9322086112448,14910,374372.8914808431,0,0,2176.119193169099,11471,460374.06861170963,0,0,95.92251101003434,86.76447374460334
2020-01-14,1017.0148605185775,14902,379822.4755293637,0,0,2170.9841487863628,13074,462693.97336782183,0,0,95.9629064121079,86.69082329768268
2020-01-15,1018.0311032403852,19260,381180.95679237094,0,0,2185.637564507992,8636,464395.8541114285,0,0,96.0194524540248,87.03544600262951
2020-01-16,1003.4554105041018,5521,392318.88807544275,0,0,2201.5636846106854,15810,471326.36372530303,0,0,96.2030750379978,86.8158436227578
2020-01-17,1001.1711301740463,11212,398148.17526670406,0,0,2203.013940437619,15299,475278.43756192486,0,0,96.18278084363027,86.79700160581461
2020-01-20,1011.1838952315501,9853,400811.6692016428,0,0,2167.075821430442,7651,482023.63476706354,0,0,96.22038528059254,86.85200427001413
2020-01-21,1008.5672177879168,13063,400637.0879823536,0,0,2164.792191616033,5223,481793.6259236248,0,0,96.07187973267979,87.32010954897648
2020-01-22,1006.9488962884699,7213,401908.8389545379,0,0,2150.2056206521884,18131,479959.35427985614,0,0,96.19092108900917,87.23001707150559
2020-01-23,1013.4491822156041,11410,402341.4211344151,0,0,2101.5997210259784,10273,486287.1912084337,0,0,96.11487020420202,87.51765906830887
2020-01-24,985.5328949510682,14144,402118.5481531044,0,0,2064.816469348371,11082,490636.15777098236,0,0,96.05879478779325,87.88725288928838
2020-01-27,993.400300700897,10629,401116.3211351895,0,0,2038.226323965579,10174,492180.0155321652,0,0,96.05657000830833,87.86812660979118
2020-01-28,987.5187854791512,14016,395219.1606920171,0,0,2021.4848620819832,18919,493754.47572578175,0,0,95.90028157377435,87.80491091606815
2020-01-29,980.7160384219654,15155,394349.22348612803,0,0,2020.8314372832735,19841,497290.6294358232,0,0,95.92315857666723,87.7061948144537
2020-01-30,983.2860966624589,17621,394743.58995609503,0,0,1988.3808003854135,14412,495209.3297690705,0,0,96.01990520395974,87.62944787418093
2020-01-31,981.3589757323408,7125,396032.1247856841,0,0,2002.6290771267754,6353,497221.2339214483,0,0,96.04919858630947,87.88571983235397
2020-02-03,983.4072982869285,19342,390307.6438080015,0,0,1979.6666424405669,14386,505904.7324486946,0,0,95.8903088298916,87.95502282553062
2020-02-04,992.5013139104055,15925,382256.48646597937,0,0,1989.7449781728433,6888,500996.68544093217,0,0,95.87792790045863,88.02560973828159
2020-02-05,1001.4925377474145,8358,365667.8929780097,0,1,1987.4678449585267,9136,505392.43403849774,0,0,95.95213079075658,87.68804268516763
2020-02-06,1009.9035246104487,7009,361740.6312156099,1,1,2011.7398237630007,14286,500310.85182295897,0,0,95.76433191416,87.39779566195506
2020-02-07,1002.4339559197442,17147,354092.02764046943,1,1,2021.3738193790641,6820,500826.40295304975,0,0,95.65685531277822,88.04082970938816
2020-02-10,1013.3650432957503,13685,345717.8439111277,1,1,2006.787613715894,12231,499371.7839397477,0,0,95.74450967318637,87.98748199180154
2020-02-11,991.3323584473395,13374,335488.0901648655,1,1,2023.520919402875,12817,501572.4320427247,0,0,95.7715192166061,87.75505039312804
2020-02-12,1011.6821436801621,14109,332591.2639237817,1,1,2081.0497999861977,11902,491715.27258294204,0,0,95.81271637481878,88.18438014280483
2020-02-13,1018.397980671239,9759,337485.7589232292,1,1,2088.8068735446504,13603,482130.0888201587,0,0,95.99866585558111,88.2689227074099
2020-02-14,1039.870387936606,12596,348253.8161551802,1,1,2114.638152948787,18680,474387.76606004656,0,0,96.04552113343172,88.44236918246925
2020-02-17,1027.5558054372405,16262,351687.56417999207,1,0,2121.4322537677035,10077,454181.2995158659,0,1,96.11130993447505,88.4009550598848
2020-02-18,1035.9682852896822,5654,363014.93914676656,0,0,2109.5850561765174,18060,436657.09045483865,1,1,96.38238448719687,88.30535313271176
2020-02-19,1041.1640969015762,11686,361209.20307812665,0,0,2099.1580300872215,15249,418299.9737838717,1,1,96.36100403138782,88.25447722096257
2020-02-20,1054.1665883269825,9589,360432.2082640294,0,0,2089.173074539111,10638,408968.90307005367,1,1,96.28121575502598,87.83965576987298
2020-02-21,1068.311843312402,13856,369342.2571914162,0,0,2088.8608663457294,15663,397760.37199023855,1,1,96.3239953948507,87.81327754704701
2020-02-24,1069.8802468200906,7209,375214.2778554422,0,0,2121.085226200813,14317,380710.51132209884,1,1,96.36789449778958,87.90208747015978
2020-02-25,1040.713514353249,15979,379582.0030181753,0,0,2074.2246704021154,9156,366650.13004059374,1,1,96.31522295859496,88.45722644031292
2020-02-26,1031.9505332323545,8702,386447.1839226036,0,0,2085.5548557448565,7375,352580.24423832603,1,1,96.21198325663947,88.48302615981449
2020-02-27,1027.7701863865984,7454,398141.8163803601,0,0,2048.02820784032,8237,350497.6173851851,1,1,96.44296769884848,87.7827730471514
2020-02-28,1018.5340416194759,8199,405060.1584751566,0,0,2102.889196075447,9009,349278.6384788354,1,1,96.47565204588729,87.754577417316
2020-03-02,1006.0228089912557,12836,407042.68688016117,0,0,2127.481518409345,10727,345438.70156088565,1,1,96.40242350774707,88.5764286572485
2020-03-03,985.2673346082066,8710,410734.3545884296,0,0,2144.155681161928,10866,352735.2705250088,1,0,96.49401653797504,88.836338527744
2020-03-04,986.5835024485218,5000,421018.49165169836,0,0,2161.709492227465,6753,358412.4469749856,0,0,96.48310202281891,88.59307184460144
2020-03-05,1006.8868846455089,17470,422254.37851810624,0,0,2158.0303280235507,5042,361729.9076096225,0,0,96.45781387818712,88.7704037989306
2020-03-06,1018.246320312993,11184,424713.1791139237,0,0,2123.3952594225875,18280,359873.70093265903,0,0,96.51404116537857,88.54779977146367
2020-03-09,1033.5567115624656,9221,420416.20206820726,0,0,2113.2069118084573,16236,364771.820082328,0,0,96.3848529385554,88.14165751559962
2020-03-10,1040.2084311048902,16850,413946.92265074037,0,0,2107.9434596187034,16230,364006.09224400704,0,0,96.42011565894713,88.0371467066294
2020-03-11,1068.3754555356227,17779,398669.36026347306,0,0,2090.5930651682856,11282,372101.88758970087,0,0,96.61141113972029,88.06460463840105
2020-03-12,1068.3588207362818,9080,378793.71147315844,0,1,2073.962662940745,18200,380245.7404833812,0,0,96.65802890594003,87.50295798767104
2020-03-13,1080.601705554968,6804,373104.73347979353,1,1,2053.165819653344,10973,381215.0307135018,0,0,96.62040769556168,87.15821020050944
2020-03-16,1059.6611521013847,11027,360870.19593064516,1,1,2019.2042034685971,13775,388513.26920642547,0,0,96.56969716751885,87.16131086946415
2020-03-17,1093.1908966346625,7269,353718.5212251548,1,1,2024.6270510624154,18013,391953.8858602743,0,0,96.52866317018434,87.03885891666746
2020-03-18,1119.6340425067842,15328,343731.4425250278,1,1,1999.1379259730236,8855,394844.01423985366,0,0,96.50326690237956,87.15730229801129
2020-03-19,1140.7613928740038,15635,330448.9396773769,1,1,2000.1236792986817,7264,395005.186950656,0,0,96.46548624910373,86.79290179981872
2020-03-20,1152.423261167482,7291,321348.41428128944,1,1,2019.6781487237668,16279,403094.6220275249,0,0,96.5571173932112,87.00713592438471
2020-03-23,1170.0113071137748,7581,307431.4804823435,1,1,2054.4476788621805,7273,411977.16505022196,0,0,96.3837964828903,86.65200819526665
2020-03-24,1147.2548157834797,5019,299870.41496147006,1,1,2089.316434669794,18379,420989.910590427,0,0,96.46999648793151,87.14482848584794
2020-03-25,1129.9179740494621,17081,288966.2904083302,1,1,2120.7213101781663,18404,425742.6350381518,0,0,96.43202783541726,86.63010100053444
2020-03-26,1116.8520945960697,11487,274437.10023311485,1,1,2115.1508483144694,14034,423023.3202166365,0,0,96.46972261398679,86.30233471941942
2020-03-27,1114.1789339549919,5973,259925.88084515705,1,1,2106.493318481379,5938,423472.9823083636,0,0,96.35702382296671,86.42754596032897
2020-03-30,1111.4011097455207,19184,258421.17839960125,1,1,2084.4906762151336,13046,426197.12876899046,0,0,96.48988692965165,86.92681593577825
2020-03-31,1129.5923824910233,19033,249313.0055532665,1,1,2067.739972809166,16000,429698.58691174915,0,0,96.61445042566884,87.0213288466131
2020-04-01,1122.1596242615694,15890,250481.58362372214,1,1,2015.2798926580385,12703,427002.28037766856,0,0,96.71040947824385,87.19018622266782
2020-04-02,1105.7196114428996,9981,240793.07903705633,1,1,1979.4299901289357,9431,429334.42008789716,0,0,96.5589340006645,87.19544729316974
2020-04-03,1128.0597212089099,8469,239997.21148729033,1,1,1945.0772740113312,10269,427627.40283399785,0,0,96.6418461077711,86.88752775693519
2020-04-06,1151.59662206496,14866,241266.95633971953,1,1,1930.7067050519418,15975,425869.8552446527,0,0,96.68233161653467,86.74048625246337
2020-04-07,1197.6249290382261,9571,234193.2326999293,1,1,1911.634869675285,13685,424472.6692945734,0,0,96.52180449182141,86.37691333646899
2020-04-08,1233.336547397494,10052,234932.6701903565,1,1,1891.1164196630018,19870,424146.5275368912,0,0,96.51937475344432,85.99330034613592
2020-04-09,1250.6536111001471,14825,238318.12705453282,1,0,1911.2606745405094,7725,425823.4516079641,0,0,96.55582820234766,86.11382502193186
2020-04-10,1266.7604152080448,13739,240557.9263970722,0,0,1891.1737605245535,17574,428975.60545037355,0,0,96.61143572972998,85.77687162730547
2020-04-13,1237.904290102178,10564,237339.28465185285,0,0,1860.0287869161546,5387,431790.4440395942,0,0,96.62916186642485,85.87273782932247
2020-04-14,1211.6256175579686,16122,243205.29389408507,0,0,1832.9768797580068,16731,439493.862272298,0,0,96.65828500810959,85.48219100365614
2020-04-15,1220.4124097997615,12351,248432.3644394758,0,0,1809.8015533823161,8620,445739.1079247125,0,0,96.8056461473349,85.57110590969117
2020-04-16,1222.499989436218,6821,252657.58927740552,0,0,1768.6810224059936,6470,439313.8223074077,0,0,96.92824953832597,85.42450113900227
2020-04-17,1241.056688182637,9520,248489.01761028526,0,0,1771.1864315091275,16682,443584.2729105709,0,0,96.6415440429477,85.84648579909748
2020-04-20,1229.5198255517937,16749,255090.84020738283,0,0,1750.235652985942,10069,453076.775692821,0,0,96.60980018746393,85.94360146777119
2020-04-21,1211.7537277228257,17238,260386.00562818517,0,0,1763.4309915186852,5679,450871.21700446645,0,0,96.59333508470954,86.31433633566944
2020-04-22,1189.5497508903227,12263,261227.80961866214,0,0,1780.7847219992182,19167,448355.629751593,0,0,96.41812522743683,86.08764232074188
2020-04-23,1191.5601420725927,15147,262520.7988686312,0,0,1769.7609559426285,6330,448671.0593161951,0,0,96.42754353326006,86.10448532281512
2020-04-24,1173.8675935249555,11555,268071.2144304985,0,0,1762.9854258351015,10219,456282.47121813265,0,0,96.55241931050112,85.81015917538025
2020-04-27,1184.6535140335127,7162,265335.21025977517,0,0,1761.7588253290094,13458,448696.4829694064,0,0,96.44376252454205,85.68607760255692
2020-04-28,1188.3961570932686,18029,270377.01522041427,0,0,1759.4564508658468,13191,444806.69680998434,0,0,96.47740261841105,85.60744633573353
2020-04-29,1188.9171823622928,5140,268550.6530920439,0,0,1763.8386619452447,17781,442095.88613863516,0,0,96.3858202706814,85.38968886952739
2020-04-30,1190.887852170577,18912,270046.4097739631,0,0,1780.8253154699742,10184,447508.35037296644,0,0,96.31862906831344,85.02503801187368
2020-05-01,1195.85628751571,14134,273155.24193123245,0,0,1826.8443727690026,18793,448358.89720255363,0,0,96.46636843173044,84.6009828147779
2020-05-04,1189.2196468310583,7513,280246.5012608306,0,0,1854.1932063074828,11668,453432.8904977454,0,0,96.41211264971926,83.89905838006567
2020-05-05,1157.8457214274304,14543,278548.29498771165,0,0,1877.6913876414858,14169,456326.35781920253,0,0,96.45833389862032,83.58215444101464
2020-05-06,1133.108868741198,15867,287147.10984555463,0,0,1911.261086552566,19151,463098.4231770855,0,0,96.27121208701422,83.77040261001619
2020-05-07,1117.3185862364178,15183,291884.24406089395,0,0,1918.9594524932788,6686,469438.70365898614,0,0,96.45744384315371,83.2908530504122
2020-05-08,1097.1597068422893,19581,291850.3378210353,0,0,1914.6568535006988,17930,474491.80669321027,0,0,96.51770908778435,82.8804161965362
2020-05-11,1104.066058948708,12022,297740.7911195361,0,0,1911.5701644969797,8486,476045.9816335004,0,0,96.49945910351933,83.41768576790608
2020-05-12,1086.9765436268192,7940,303915.03048210306,0,0,1906.348416620665,18958,473307.2665936968,0,0,96.55701375451932,83.22673695295161
2020-05-13,1083.2063764056036,6481,309298.4143384688,0,0,1884.459078077039,18381,474093.4943890687,0,0,96.41603181162453,83.32305075570106
2020-05-14,1084.598328940595,18715,312435.39817635523,0,0,1851.1368724096924,17663,483265.51410632534,0,0,96.5342848857998,83.51574589965121
2020-05-15,1078.7001763181765,12894,314187.1602044173,0,0,1852.3634546047447,19189,480005.1108679133,0,0,96.50188640825016,83.71450373858559
2020-05-18,1097.53702310636,17325,327281.79232499714,0,0,1867.4732777854456,14607,487139.105006875,0,0,96.48147945674532,83.25780946940317
2020-05-19,1113.4941375419219,17927,333495.6902220716,0,0,1866.6245662267684,7206,485182.67216269433,0,0,96.43231389524877,83.18849156543332
2020-05-20,1146.5165176227147,18562,330095.71048276906,0,0,1829.2717566887195,5067,487589.16956111474,0,0,96.37424875497422,82.7030233845778
2020-05-21,1184.6595124699713,9473,342777.0259269611,0,0,1796.1261200492247,9906,489940.7558294831,0,0,96.44371581613706,83.43691874225091
2020-05-22,1213.6528753642197,14852,348719.74349893717,0,0,1784.6990491509205,8533,489745.2796949056,0,0,96.46930650114747,82.95845616304622
2020-05-25,1246.7496895189333,9522,349819.568742757,0,0,1745.165337964102,9601,494663.01532726345,0,0,96.53448131528778,82.64410409738528
2020-05-26,1278.7568574617503,7223,359781.27894392156,0,0,1704.333807851058,5746,487575.47080549883,0,0,96.53360184633922,82.33192384093283
2020-05-27,1303.5703258870933,6579,366654.0583217994,0,0,1674.9645591178312,11856,497905.93828397803,0,0,96.58492182744695,81.88292569791597
2020-05-28,1328.7469938518313,11097,375296.9058353983,0,0,1660.751549908949,19541,501790.71838059707,0,0,96.54303695305444,82.28870387084292
2020-05-29,1330.7570070861418,6557,372300.8348040769,0,0,1615.9963736799975,9159,495892.9648124621,0,0,96.7660101371954,83.01543824116797
2020-06-01,1315.259653064562,11826,381658.9502353842,0,0,1549.6994488890969,9858,497298.30256428354,0,0,96.60921709555234,82.8727135053742
2020-06-02,1298.0138168409367,11294,382833.73115892045,0,0,1503.7496258309056,7066,496409.15138638986,0,0,96.73531082790863,82.47658656132087
2020-06-03,1300.591047689228,12422,389502.8324161591,0,0,1443.797316419268,17111,499564.7288449861,0,0,96.87210157298074,81.80550891170306
2020-06-04,1284.750196787798,19181,392890.9351580613,0,0,1414.2191354896934,11952,502978.2287366372,0,0,96.78688569238417,81.73227629614644
2020-06-05,1278.3419348721793,5358,399274.9453624162,0,0,1406.1353780358531,9877,500499.4826065089,0,0,97.00981305343977,81.637366669198
2020-06-08,1257.5404071216901,8035,409815.4302115181,0,0,1409.423999462138,6810,502976.73564476374,0,0,97.1093620817343,81.44197783128996
2020-06-09,1265.9502312488496,5871,416651.73473799264,0,0,1398.2699361587363,11280,502065.26119514374,0,0,97.20647598241659,81.50839040748282
2020-06-10,1300.5043549270995,19478,425320.39879505604,0,0,1411.377323793745,10142,501980.12116880214,0,0,97.20927820111919,81.62694235032747
2020-06-11,1296.612993140066,18879,428571.70209962444,0,0,1401.3707046100951,15707,509453.1640504594,0,0,97.18755558529732,81.72386732770883
2020-06-12,1305.0632135787926,16338,430201.771869775,0,0,1370.7162041052184,15567,513488.1634342775,0,0,97.16661470259336,81.62902986611829
2020-06-15,1311.081890660859,5239,431750.7903349022,0,0,1349.1943357436992,11289,518673.8701830243,0,0,97.2056677622253,81.29854331724601
2020-06-16,1307.0999352104188,7383,429654.3809430971,0,0,1354.701193740534,16127,519055.0933297032,0,0,97.3457863897287,81.49829324658803
2020-06-17,1332.2120677986525,7483,427787.0475943027,0,0,1350.6407666789016,13565,518230.21761165047,0,0,97.36391781151484,81.50204737441449
2020-06-18,1352.943417915258,10038,435086.98542516696,0,0,1356.7825949521568,13060,523773.2081067076,0,0,97.27277344920111,81.76855463186489
2020-06-19,1344.7462828058005,17294,440465.11882590124,0,0,1358.2767396246334,5489,527436.7887608348,0,0,97.3552161554396,82.00557729670655
2020-06-22,1348.4031791149646,6469,436152.35650528956,0,0,1380.7652324554301,5931,529797.9048731573,0,0,97.44733123007909,81.57904867599242
2020-06-23,1367.940874608689,16812,438460.713969971,0,0,1399.258924594079,16993,532634.1545699901,0,0,97.51279718292386,81.14878201375514
2020-06-24,1366.57031557344,10030,440671.65559365397,0,0,1396.5285287604256,15833,525630.9985722039,0,0,97.58734707357637,80.92211979813298
2020-06-25,1349.2939316797163,11445,441650.66100889887,0,0,1355.064616163144,11647,530089.0128373543,0,0,97.56025426056058,80.60524017564578
2020-06-26,1343.0790205842727,6893,445135.97205075703,0,0,1366.8762247181328,17176,528094.5764980052,0,0,97.46735534384753,80.83181570843861
2020-06-29,1340.5185601028982,5625,442114.90050970746,0,0,1359.4511304058817,12162,531498.7914884049,0,0,97.38053600078345,80.93720861123498
2020-06-30,1341.7616201442445,5522,447657.47937791754,0,0,1330.4581680082908,16112,524693.7751839211,0,0,97.21698967593767,81.26696380937058
2020-07-01,1342.812664080314,10689,445309.2623566852,0,0,1310.3856198520073,15842,512282.7384252192,0,0,97.24068453709226,81.38590985459385
2020-07-02,1353.2210877634427,7579,448837.0032283194,0,0,1335.7440451447808,7785,494087.990199388,0,1,97.2323396587696,81.44850472915586
2020-07-03,1359.5571402284327,13801,446825.28402092,0,0,1360.092132663595,13857,482168.76715763967,1,1,97.18834088831663,81.8084236632591
2020-07-06,1361.3094712694576,12829,444669.22408993053,0,0,1382.3539440858015,11911,468074.1948923748,1,1,96.89277900588212,81.94934186517963
2020-07-07,1362.3086729011443,6187,441514.90776189434,0,0,1390.9699888055225,12129,456395.21804234374,1,1,96.7680472589127,81.96977215421094
2020-07-08,1372.3068377038028,19495,451057.0005638643,0,0,1414.1111593985136,13616,444102.8447553507,1,1,96.88013132405302,82.41390806439014
2020-07-09,1380.3768146129441,17048,455412.3500720858,0,0,1415.9097288444743,9144,417553.5078655278,1,1,96.8136687240467,82.44846232933598
2020-07-10,1404.650075357618,19936,463215.57054008386,0,0,1407.1797431289478,18480,412698.0901676336,1,1,96.84972789181239,82.35716014786061
2020-07-13,1416.0655461447445,14247,472881.96463372634,0,0,1390.5126851419132,10350,405505.4458897902,1,1,96.71065934881487,82.10581317022732
2020-07-14,1433.8454875662242,17517,476521.1544963462,0,0,1390.6989389351668,7232,394486.2156359262,1,1,96.8545298970508,82.31672080794094
2020-07-15,1448.9997914645166,16207,473015.5036096504,0,0,1410.1131769123776,13250,385735.62400746,1,1,96.84012713104532,82.68783597049368
2020-07-16,1473.3266080005405,16484,460498.82365312433,0,0,1383.528253641553,16480,367220.4363379369,1,1,96.86913117069368,82.67265975006364
2020-07-17,1500.8543628668222,19629,455131.5539157467,0,0,1366.7710747578474,19525,360172.42099381355,1,1,97.10170914988184,83.0650344371976
2020-07-20,1488.2716261278595,12899,434433.9688027525,0,0,1363.1432612560875,7700,342444.549357653,1,1,97.25335315994079,82.47402992760613
2020-07-21,1483.4421613685415,11110,421833.47409678646,0,1,1353.2955868279118,12480,333922.0962366749,1,1,97.22269659781207,82.45739391516375
2020-07-22,1478.1714849588964,19681,404094.1994697419,1,1,1385.7453497370514,19376,328705.4652698151,1,1,97.16337457932504,82.44536544153243
2020-07-23,1467.1627945442772,14064,391346.3402852638,1,1,1391.7165663795204,15911,324154.65867613023,1,1,97.13082007817309,82.22726712981022
2020-07-24,1505.1851116772978,6079,381753.67986505333,1,1,1371.405966310304,18641,316705.2641696764,1,1,97.18180990302075,82.94242544120479
2020-07-27,1450.3408446155286,16821,361162.93548978993,1,1,1385.631396328714,9251,308946.0364608417,1,1,97.17128748959566,82.92256765139815
2020-07-28,1415.9880435715727,5212,349095.60140828957,1,1,1406.8495835889717,18658,297552.4460872625,1,1,97.13176307509531,82.80024841991683
2020-07-29,1392.4606634505496,7016,336286.97847492533,1,1,1387.1454936301927,11490,290002.49060721515,1,1,97.27848120016621,82.80803705394688
2020-07-30,1361.9334580350605,14367,331666.34332775377,1,1,1369.9413636816346,19780,266382.7472017264,1,1,97.26706021098843,82.20719293238912
2020-07-31,1320.3332474862943,18578,327002.3361512809,1,1,1384.1930239966032,12647,253868.9998946265,1,1,97.49701912029217,81.97923255478565
2020-08-03,1272.4298634285515,14365,328035.3682690625,1,1,1398.6859782189324,19693,247422.34083441814,1,1,97.50609337666738,82.27420454561927
2020-08-04,1241.404367805446,14659,334569.751114764,1,0,1392.1295635511563,12554,239837.37019396163,1,1,97.68462521608986,82.08552093913944
2020-08-05,1212.320565970231,13901,340006.92258764396,0,0,1376.6560123517913,8115,217710.8513928627,1,1,97.72035715836091,81.83685839029935
2020-08-06,1211.5668028525959,14667,342126.2821280452,0,0,1415.2537611166367,14098,212372.52531849986,1,1,97.81665321568586,82.22971608125368
2020-08-07,1199.5034662308576,12422,349528.5500800615,0,0,1400.3610648590063,10842,195551.07975327436,1,1,97.74419211053409,82.63179240153923
2020-08-10,1192.6058892474407,9845,356186.256969136,0,0,1383.7036436784858,12766,181042.12979546876,1,1,97.65881618827535,82.78688954318757
2020-08-11,1175.902380656837,19202,354105.83854926995,0,0,1394.3875476791668,18031,175489.9523222731,1,1,97.70478678377684,82.65035434297597
2020-08-12,1161.9886531862883,6559,361959.1103345499,0,0,1395.719785090359,7370,167305.53999213316,1,1,97.80364210802338,82.57851302344108
2020-08-13,1130.8847459794363,19694,360972.5157674552,0,0,1392.800147386694,8209,160335.57783275127,1,1,97.80766775822342,82.33726803496859
2020-08-14,1125.4545049697037,10153,372371.42283308675,0,0,1393.5926470231425,9075,144851.6644683176,1,1,97.67902842471506,82.03883609926
2020-08-17,1111.442097590986,11615,376277.17768062017,0,0,1389.3356184170448,12090,135042.79233398332,1,1,97.54300258808613,81.72551115276747
2020-08-18,1114.5622922063435,13205,374324.4857872574,0,0,1359.7005320253004,9307,125790.01118310825,1,1,97.4002889478675,81.5400948307319
2020-08-19,1102.068686455514,11805,377719.4169228741,0,0,1341.9405588965615,7074,117742.23257092641,1,1,97.22352673657356,81.22967853352648
2020-08-20,1102.612962914542,17327,379878.1955078703,0,0,1324.4652915622237,11105,114373.35813474508,1,1,97.23447527251827,80.76056699796354
2020-08-21,1097.812306689434,17576,384265.2884583155,0,0,1302.5571799813881,8597,95991.69085730772,1,1,97.34697966468907,80.8263877988897
2020-08-24,1088.160773170545,14653,387714.3434914805,0,0,1279.44723416359,16552,80484.20313179835,1,1,97.34563808599658,80.89676647315773
2020-08-25,1083.2422475889841,15981,398934.12410319055,0,0,1282.5084911835077,6038,71920.77020705605,1,1,97.1195966102628,81.40700430068622
2020-08-26,1104.6073041158793,8483,407676.5198894109,0,0,1299.7671490045377,13411,58260.621556305225,1,1,97.10052056422934,81.20650279017981
2020-08-27,1134.7906886245141,9133,411258.0427469882,0,0,1280.8246947546413,14401,53211.37616929588,1,1,97.08424066456608,81.2953329670668
2020-08-28,1157.822217394835,7554,419106.1144920912,0,0,1272.2335394191057,11471,52302.069243628175,1,1,97.29384053958863,81.38914674084924
2020-08-31,1139.7084843807368,16652,417759.64061127295,0,0,1284.942305473236,8468,47085.64077675161,1,1,97.14812674829668,81.31299547251157
2020-09-01,1130.5817609309433,8417,417380.8783165833,0,0,1264.2250789579912,7211,50937.92243143665,1,1,97.10905898803675,81.53629554913648
2020-09-02,1100.668206392176,8188,423298.88254003105,0,0,1270.7753633329758,9550,56839.76059307671,1,1,97.27964425609122,81.7688643051917
2020-09-03,1080.2247167401529,13503,435850.11122158193,0,0,1271.5530476223569,14988,59624.376312057306,1,1,97.32464209022586,81.86708763375096
2020-09-04,1081.116904775961,13876,449797.4982756091,0,0,1253.7926630405634,8046,75316.88681621483,1,0,97.3809733975775,81.79039572223662
2020-09-07,1066.4803096260812,7241,448208.38569625694,0,0,1218.6544782724927,9163,83355.42852621934,0,0,97.3924318412799,81.68313668967026
2020-09-08,1060.5940583015379,19395,451520.18471030134,0,0,1204.544893145121,14796,90430.58354845198,0,0,97.42542619514562,81.27281052003114
2020-09-09,1050.6022410533515,11569,447963.21678637655,0,0,1193.194628901134,15238,104587.13183954413,0,0,97.50318714817348,81.03103518644583
2020-09-10,1052.9315585753877,17578,448469.93983679276,0,0,1232.235821141827,18646,116468.43386447697,0,0,97.4222385162842,80.84443292927533
2020-09-11,1047.0083919129763,17350,441771.6319909774,0,0,1233.8415778593774,18559,129465.6454724585,0,0,97.51004437417502,80.50724140054649
2020-09-14,1058.2031531106716,17068,441365.8127909528,0,0,1202.602970037961,19325,139053.39128705004,0,0,97.37274407248647,80.6392185905528
2020-09-15,1065.9686670611177,7653,449101.543639538,0,0,1172.5919378504293,19955,144174.6789418349,0,0,97.40558086976962,80.9982069512489
2020-09-16,1067.477089200785,13077,452307.04539057374,0,0,1154.7236678211964,8447,157931.85007114973,0,0,97.42345496609825,80.72578822155015
2020-09-17,1071.303252812646,11392,456645.91693284677,0,0,1145.6383065929097,17181,166342.72108291878,0,0,97.36182565727904,80.81082065227355
2020-09-18,1086.9379502899415,6892,459289.88169222255,0,0,1149.5127385801559,18284,179738.08229873003,0,0,97.35955712974648,80.50058731041463
2020-09-21,1101.4579030887219,10130,463682.4510007936,0,0,1138.637254709447,9013,189259.25009095215,0,0,97.29730311447992,80.40911065913288
2020-09-22,1123.1592350475494,13215,466074.3761741848,0,0,1139.3932765418697,12776,193025.21980767994,0,0,97.19013298179375,80.20201178537955
2020-09-23,1126.6342673275503,17189,460311.5642136508,0,0,1139.36281376913,14600,203182.0118042124,0,0,97.15477150763239,80.38258047996149
2020-09-24,1149.474161516293,10686,462583.55738912727,0,0,1133.7829884620458,9062,211481.761004653,0,0,97.04437264409522,80.17894402780883
2020-09-25,1188.4230821088815,11426,466918.23834645073,0,0,1130.8735981484908,8729,221187.40759115908,0,0,97.07665239050453,80.48244215192082
2020-09-28,1191.6349612652336,10785,471202.84541115863,0,0,1140.6990313544861,19846,224994.74633979946,0,0,96.96164384108931,80.40872591982216
2020-09-29,1204.0413464909377,9586,477487.0333746852,0,0,1122.884215968493,5703,221784.49516182748,0,0,97.03284154338841,80.21384480694371
2020-09-30,1222.077189112601,12144,483297.8415705525,0,0,1120.0935230943269,16037,220953.3361401902,0,0,96.91469363659553,79.83785322824016
2020-10-01,1210.7379594203778,7392,484998.7797414359,0,0,1124.6561851906333,12071,213524.9213685447,0,0,96.85806414503743,79.91381458132878
2020-10-02,1210.687770559287,13119,487751.36436196684,0,0,1120.5493951745004,13370,211449.8982017904,0,1,96.79560380421592,80.18238010199663
2020-10-05,1202.0762414953338,16607,485976.99748298025,0,0,1129.0652731866217,7832,198781.9332869154,1,1,96.9281184771034,80.26437647895769
2020-10-06,1204.201851023778,11699,484656.77267796797,0,0,1118.9804052333604,6123,189681.51411986255,1,1,96.96114747166506,80.93602597888201
2020-10-07,1197.6250477063998,12471,490936.3573028515,0,0,1129.9973883920395,9260,181109.09509333345,1,1,96.93997409141062,81.36496221462313
2020-10-08,1186.5617979167266,12922,488862.01597975026,0,0,1136.9954193305034,16081,176658.02562726947,1,1,96.98984603551759,81.27270388520803
2020-10-09,1166.8010142587082,10432,483913.029998709,0,0,1143.9459920617862,8741,169666.23482681075,1,1,96.77912680078461,81.17729565506592
2020-10-12,1162.1855629847983,16293,486121.30103623826,0,0,1126.363696669191,12289,159903.05538131448,1,1,96.77481344182053,81.31820467091151
2020-10-13,1154.7855706731102,16454,493422.44088532333,0,0,1143.4239673980576,15817,156361.69117956024,1,1,96.974564859601,81.06679891678381
2020-10-14,1161.7776436826064,19388,493234.5586629397,0,0,1133.7705138731674,8744,145443.60525060573,1,1,96.98779951024127,81.41668540874356
2020-10-15,1158.071010680991,18847,494595.0152683954,0,0,1124.9522867395042,7966,140237.9225975143,1,1,96.9945908271582,81.52516556529663
2020-10-16,1155.6402449551715,11530,486660.2386631594,0,0,1128.6948552329293,5767,129937.26090586022,1,1,97.04940366512243,81.6021032385542
2020-10-19,1171.5080690698926,19123,482129.815570227,0,0,1124.1403363065644,13002,124220.54220206162,1,1,97.13896418945386,81.80818933888544
2020-10-20,1185.4548009312077,5407,465855.48309466214,0,0,1132.396344020322,18042,122729.80290292564,1,1,96.93921752016487,82.32503830389615
2020-10-21,1208.882616797768,5880,458577.9274736473,0,1,1116.5967089011187,16851,112392.24685466193,1,1,96.77098487198577,82.37632490955241
2020-10-22,1236.8432105352585,14424,453271.41218275536,1,1,1106.2397107044965,10257,102125.60103641004,1,1,96.79201400109439,82.342412798291
2020-10-23,1281.9560695058603,17417,454869.04469488206,1,1,1115.4603349381969,18984,96676.24307510207,1,1,96.72052634490463,82.79502868528776
2020-10-26,1302.5492251891067,16959,457136.44056731794,1,0,1118.9316297199582,6221,85644.79617002278,1,1,96.85172887112662,83.0852938100851
2020-10-27,1329.6030536993662,12904,470415.27758713503,0,0,1108.7607403008014,12642,79822.84697134604,1,1,96.82021143213811,82.98899985796999
2020-10-28,1356.897359948355,19896,475421.17016928486,0,0,1112.3577823540766,17139,73170.84826798782,1,1,96.62675835856679,82.99055579256769
2020-10-29,1360.6823380360015,11849,486363.29708433046,0,0,1105.9173548831507,10104,64426.28968915644,1,1,96.4999569668824,83.04917006734934
2020-10-30,1381.7795744079128,17845,486645.9184703352,0,0,1119.107887272159,18445,61764.68089132008,1,1,96.22498936491934,83.15771395073082
2020-11-02,1380.031718388231,15585,492938.0724635196,0,0,1116.1875110329065,17539,51096.6805063737,1,1,96.20157681119105,82.7507339954491
2020-11-03,1412.4970272977587,6468,498680.3989573573,0,0,1108.3904799974657,17741,49958.73613991245,1,1,96.18273839846461,82.28798861310862
2020-11-04,1444.479616315123,16528,493892.3599654076,0,0,1141.879882204417,9264,35809.322056244106,1,1,96.14029212748642,82.02177160650788
2020-11-05,1467.7952207035498,18025,495198.6560282338,0,0,1126.6619278117007,12470,29894.141884531207,1,1,96.24818003138938,81.7323500736045
2020-11-06,1457.0781011458744,16688,496671.4746896289,0,0,1101.4414003839884,9972,32077.70247920322,1,1,96.36803201504105,81.53920286941273
2020-11-09,1457.4064769070865,15560,493760.4094867637,0,0,1092.2364492378672,13895,26982.404207364918,1,1,96.35099317270544,81.72961606203974
2020-11-10,1431.0758366850082,12798,493350.26660360064,0,0,1086.0732795523265,8345,21532.895436890627,1,1,96.13752380595776,81.67893731514232
2020-11-11,1428.0104902551882,9004,494285.9597971195,0,0,1074.3196352046784,17659,16387.327272898652,1,1,96.19925196400699,81.73785569664537
2020-11-12,1471.6232750035483,11697,492464.2470149257,0,0,1061.1835297725022,13755,9290.55114817979,1,1,96.25478798685785,81.3705646736327
2020-11-13,1499.0530147306645,19032,502541.4649559628,0,0,1062.8140119409202,8395,6549.917351203266,1,1,96.28572714387354,81.23207201275642
2020-11-16,1514.9019220483492,6794,499889.31261673296,0,0,1068.2541115524189,19165,8858.51437310192,1,1,96.38387511880435,81.40824931127986
2020-11-17,1543.3803544994769,16445,493382.3216933054,0,0,1067.1668564204424,13764,6572.687871366734,1,1,96.26739230915824,81.5867350487329
2020-11-18,1524.995564365082,13298,485528.67148368154,0,0,1085.1261608937114,16839,1000.0,1,1,96.46826784777676,81.36936290027654
2020-11-19,1513.2579615113298,16120,495800.0706706274,0,0,1066.20645037435,18692,1000.0,1,1,96.37232507246257,81.41786161619041
2020-11-20,1510.8421658214431,11161,498417.08243304054,0,0,1051.0053339382944,16112,1786.592421186329,1,1,96.44724736518266,82.0775159722351
2020-11-23,1503.5450276666377,18428,503200.580000816,0,0,1043.5614283330076,7208,1000.0,1,1,96.27851259574132,82.07223659345841
2020-11-24,1487.3802219103295,16360,496291.86931884027,0,0,1032.6811976640604,5687,1000.0,1,1,96.18548612701431,81.86428050961567
2020-11-25,1498.223436139136,16974,494032.2378447695,0,0,1038.7369362806132,14031,3552.15837783201,1,1,96.33712299168685,81.81215179280703
2020-11-26,1498.3330249244584,10229,488130.5219132204,0,0,1057.3617368811324,5662,1000.0,1,1,96.31103300938676,81.83980492506508
2020-11-27,1514.4327600058093,16213,490917.9082168881,0,0,1057.888825817126,18920,1821.9931952205723,1,0,96.39502526990005,81.79445441085791
2020-11-30,1536.7340048618573,17530,492835.68315909366,0,0,1058.1500685810076,17931,1000.0,0,1,96.41872080877197,81.78504800065497
2020-12-01,1530.968086267312,10246,498965.89323561825,0,0,1030.9598449051832,12670,1000.0,1,1,96.40822499317196,81.3520139615739
2020-12-02,1527.2330011000463,19838,501002.6495522888,0,0,1037.9443033011644,5092,1000.0,1,1,96.54461002566522,81.06322481904812
2020-12-03,1523.204952110291,18555,497087.25092304655,0,0,1039.8999081567288,11317,1000.0,1,1,96.52094414320003,81.01842424792667
2020-12-04,1533.526766597605,11162,497983.6536550489,0,0,1038.9505168795374,13623,1000.0,1,1,96.34287033244368,80.96884385691995
2020-12-07,1580.684995284196,13641,499498.4987895572,0,0,1040.1712647580364,15133,1000.0,1,1,96.26254632324851,80.79898707446195
2020-12-08,1589.2162845386063,11701,490314.5060497849,0,0,1031.389498101717,11867,2820.405932663621,1,1,96.31766549611868,80.74588299863902
2020-12-09,1589.3863736216103,18594,475904.3504267212,0,0,1026.970214086394,18038,1059.9438951300472,1,1,96.35721640675493,80.76418745526327
2020-12-10,1572.7949693232097,11262,457922.14341157756,0,1,1029.702221061776,18693,1000.0,1,1,96.2005105817314,81.03101149222063
2020-12-11,1574.955643496657,18646,448970.200726804,1,1,1027.924267876792,5366,1000.0,1,1,96.12807632979057,81.00124797165282
2020-12-14,1578.090252154534,7000,443688.11381341965,1,1,1023.8788495486522,17014,2929.3176193497643,1,1,96.06990419487035,81.12097893324228
2020-12-15,1576.0518829431428,19001,452416.56906921166,1,0,1025.9253807330858,9410,1000.0,1,1,96.03335723545892,80.95849884281212
2020-12-16,1528.3631131013053,18000,454400.368480624,0,0,1025.6580940375811,8346,1000.0,1,1,95.89576587659877,81.13012755989166
2020-12-17,1503.5810933348953,8456,458291.33720369346,0,0,1043.9082470958765,14274,1000.0,1,1,95.83292876578682,81.24284664917536
2020-12-18,1478.5171313739363,7497,459612.5102158828,0,0,1054.1603255413465,10774,1000.0,1,1,95.76006771726087,81.50259175012931
2020-12-21,1442.0537598613944,19346,464775.0928750082,0,0,1068.7956527551091,19379,1000.0,1,1,95.83722104323707,81.71662988886266
2020-12-22,1417.6526065281503,11575,462200.082474697,0,0,1066.250009832373,17577,1072.91717692657,1,1,95.91813317433608,81.893250575727
2020-12-23,1401.5784059724172,14363,458054.1650305129,0,0,1058.7366901096598,6358,1000.0,1,1,95.9035521285272,81.86372535312967
2020-12-24,1383.26393919294,10026,457848.22571497306,0,0,1066.7449671467866,17260,1000.0,1,1,95.86434814894012,81.937207121243
2020-12-25,1389.8176734424335,11407,463350.4167260844,0,0,1071.2849323245862,7432,1000.0,1,1,95.87834058014404,82.25625979977846
2020-12-28,1394.4455612436766,15895,465110.8363716017,0,0,1077.727553824367,11739,1000.0,1,1,95.79668306939848,82.06063742895763
2020-12-29,1380.4894649645805,15770,468148.0254406548,0,0,1068.577189944952,8836,1000.0,1,1,95.68199986118174,81.87211509534856
2020-12-30,1361.344782532873,11652,463889.424494938,0,0,1052.3295820255894,13388,1000.0,1,1,95.58797774028916,81.92654451473368
2020-12-31,1356.3160860575213,12770,466540.22955776344,0,0,1040.5972340752899,10714,1000.0,1,1,95.52449642389202,82.05112842181332
2021-01-01,1338.5077764157097,8033,462717.84868549637,0,0,1008.8594676806584,15584,1000.0,1,1,95.4081490439128,81.80389647203411
2021-01-04,1347.5075781834908,7504,463913.915106889,0,0,1049.185886046364,6895,2860.2606768760766,1,1,95.42435499981909,81.78146770301012
2021-01-05,1371.6609454599306,8879,465505.03011393343,0,0,1068.4536258147214,7090,1000.0,1,1,95.49732656719746,81.75326807074148
2021-01-06,1398.0915149914968,11290,463388.1278286266,0,0,1103.5188732741053,12017,1000.0,1,1,95.33861673711763,81.08868403606044
2021-01-07,1414.7937247565262,10941,464212.53633443266,0,0,1149.7180483518682,14109,3066.610955513823,1,1,95.34112960823923,81.02280583928281
2021-01-08,1458.3291122223557,13082,452033.9835740448,0,0,1171.933297738496,5206,3317.6221233412693,1,1,95.3191360287126,80.97561048942828
2021-01-11,1462.3879161373056,10309,439334.581370988,0,0,1227.334179438016,16241,1000.0,1,1,95.35328689726629,80.92752260658136
2021-01-12,1498.0085535575067,16388,426387.78349303873,0,0,1276.9092995599403,13309,1000.0,1,1,95.35199302045592,81.35229688895456
2021-01-13,1528.544550805335,11943,411613.7810089838,0,1,1346.073701730554,15155,1000.0,1,1,95.20663309246275,80.98755739940188
2021-01-14,1560.7748810055314,15014,401606.1498803287,1,1,1372.2431070238563,8574,1913.7711388757089,1,1,95.08039416257704,80.7401706280405
2021-01-15,1589.799815862341,5767,382228.7554531892,1,1,1371.385246572699,13185,8410.363501487715,1,1,95.08333652013553,79.9565118885447
2021-01-18,1593.1804519598054,12099,365451.9205311113,1,1,1379.7095211939734,19765,12978.40722431686,1,1,95.18621461211009,79.81223688869245
2021-01-19,1637.1662061372922,19558,360192.86735075474,1,1,1384.1199074127258,15789,12984.59325987184,1,0,94.96479587500579,79.69354382245466
2021-01-20,1631.4429673638178,12214,345176.37360780215,1,1,1387.6785844797316,19871,25365.31775882161,0,0,94.99936853298595,79.54055066955438
2021-01-21,1646.7228907527035,5467,336704.15569958993,1,1,1413.7316627692712,14380,30676.458081316723,0,0,95.11833073351471,79.87285387139951
2021-01-22,1661.757553905429,7051,331302.7551409789,1,1,1433.0036452650259,13675,47027.091125451836,0,0,95.10302814589409,80.1310391281006
2021-01-25,1657.7862514540575,13752,321629.6963044996,1,1,1460.8026001675419,12970,57320.44953776469,0,0,95.15804839549673,80.15439614538079
2021-01-26,1639.0227215824345,16251,313069.57204027387,1,1,1497.2885623638435,19209,56081.742489914854,0,0,95.08774148740696,80.04321222931883
2021-01-27,1666.0036019960962,17159,298013.17869492114,1,1,1491.9931274074079,12784,55258.080810880194,0,0,95.07580486747926,80.35106912975088
2021-01-28,1628.4702046860193,8382,291382.66203571187,1,1,1498.1386915059625,16146,44641.62826565354,0,0,94.91371351564845,80.34514177180013
2021-01-29,1622.4981509126462,13623,286992.9174140081,1,1,1504.968687641204,9362,35825.06326096767,0,1,94.67927918480656,80.09966076012459
2021-02-01,1613.6940458712743,6509,278182.8423174412,1,1,1528.9946906615314,10719,33518.784565408474,1,1,94.77355576492909,79.58478615687923
2021-02-02,1606.085528738432,14808,266178.4839072659,1,1,1512.5616253881417,10612,26194.817032651255,1,1,94.67505627215665,79.45239180871053
2021-02-03,1608.424407562164,10892,252430.67745857072,1,1,1499.9639589376432,15150,23426.493094790734,1,1,94.62950348765631,79.67878489386231
2021-02-04,1601.7513832571658,7104,247594.83214545134,1,1,1512.8374365818404,9019,12522.98599760474,1,1,94.49085926232928,80.36174650072523
2021-02-05,1593.0061295893718,11387,239775.37495464008,1,1,1528.9477927713629,19182,4241.468146576108,1,1,94.3498622920209,80.38022960458207
2021-02-08,1619.6593588193145,14048,235890.42714029943,1,1,1481.9196704976587,18974,1000.0,1,1,94.33247852201144,80.15062295004599
2021-02-09,1615.1150256726205,8224,228955.44991589355,1,1,1523.3945002165995,15562,1000.0,1,1,94.25952080259788,79.79513338756072
2021-02-10,1593.6579186305935,18971,226052.38688213765,1,1,1601.2371175957048,16200,1000.0,1,1,94.29731790239734,79.9607198564524
2021-02-11,1614.6409015304314,8206,211236.6942118382,1,1,1681.533989937752,14959,1000.0,1,1,94.3425717442953,79.43133504073712
2021-02-12,1617.6817113915758,18196,196113.41474562167,1,1,1729.9704143532574,11033,1000.0,1,1,94.37465670892776,79.59643857115859
2021-02-15,1596.3772641737824,9593,192090.68476617782,1,1,1763.188053669844,17108,1000.0,1,1,94.3985167880206,79.84175205303747
2021-02-16,1610.3500911092146,11911,183661.11088815494,1,1,1778.865552987212,17270,1000.0,1,1,94.5562936085138,79.97263588900732
2021-02-17,1575.6521359553508,16257,171880.05641533568,1,1,1817.534008117851,15172,1000.0,1,1,94.4495342316093,79.90673738742575
2021-02-18,1603.759994462141,18262,166048.74969987385,1,1,1760.6064512231103,14415,1000.0,1,1,94.44404074498901,80.0762195834898
2021-02-19,1637.5637746607363,11380,159327.37253110102,1,1,1746.7112242994756,19265,1000.0,1,1,94.55730972704097,80.12750109482829
2021-02-22,1669.9095358221698,5225,150356.89159920122,1,1,1717.0348811095755,14836,4257.965606976607,1,1,94.68376370797478,79.89406394227011
2021-02-23,1659.48396521057,15966,144445.46583430388,1,1,1733.33085552582,9941,4292.4541035375805,1,1,94.54158734304032,80.44918763898262
2021-02-24,1653.3388003841014,17239,136571.94700659183,1,1,1733.0382754995082,10792,1387.292701932294,1,1,94.51035179887472,80.34368382509946
2021-02-25,1656.4534612972707,16194,128721.64986185718,1,1,1732.0256835955845,11808,1000.0,1,1,94.64616390846146,80.57640951523443
2021-02-26,1641.926735168372,11186,117213.46036738984,1,1,1750.8504463213678,8303,1000.0,1,1,94.69697181898137,79.85082523042573
2021-03-01,1656.7117127804736,17546,111372.97797916639,1,1,1754.733015767172,5082,1000.0,1,1,94.71649812212934,80.23376649526
2021-03-02,1635.1729828051657,16796,101870.7506891889,1,1,1733.6716879227101,17741,1000.0,1,1,94.69472965278587,80.67439561865638
2021-03-03,1663.3077735669576,10422,95346.36241594268,1,1,1740.5780396905673,12993,1000.0,1,1,94.6563495602151,80.68334575479437
2021-03-04,1685.0458458306687,18627,82949.78413875062,1,1,1741.9381401605635,5736,1000.0,1,1,94.68517146652412,80.85097706521569
2021-03-05,1723.8229683385105,14872,78081.992993317,1,1,1763.7247594597898,12163,1000.0,1,1,94.65993405402568,81.01853161969797
2021-03-08,1739.9942812072018,14091,72365.91186886033,1,1,1737.0100497652966,7433,1000.0,1,1,94.65567619192123,80.82569654880575
2021-03-09,1748.672270686321,19252,66608.44722725467,1,1,1712.7249762888152,11863,1000.0,1,1,94.66353606253274,80.98983324043755
2021-03-10,1751.4494836595318,15334,58953.156921329726,1,1,1683.0129576361064,9595,1000.0,1,1,94.59572890968339,80.74724409947578
2021-03-11,1725.0474372068265,16327,54029.283890287086,1,1,1652.394825857719,15752,1000.0,1,1,94.64894184707154,80.56461702238218
2021-03-12,1766.3882224140605,7039,46729.98628994351,1,1,1623.6898786164304,13874,1000.0,1,1,94.94036631191308,80.90269996534587
2021-03-15,1773.5950574634496,9038,39742.219977008994,1,1,1608.9365558231793,13837,1000.0,1,1,94.76266764798046,81.19509727255593
2021-03-16,1784.5641991154857,16596,24567.459952783232,1,1,1585.8931765189857,8408,7680.74739474821,1,1,94.79506890039947,80.9831846219212
2021-03-17,1801.9524887463865,16607,15327.720039396514,1,1,1588.2916809557448,15072,17622.272621305245,1,1,94.71904989153758,80.76311171887089
2021-03-18,1787.2247969789373,5128,16817.735394667405,1,1,1580.1793315134105,12089,24899.50897352667,1,0,94.7767901492895,80.56943273813359
2021-03-19,1809.2708245066433,8896,6155.522666063267,1,1,1621.1119890763464,5893,30097.380808216163,0,0,94.78144589662229,80.78922460807323
2021-03-22,1798.31778032951,13679,1000.0,1,1,1634.7481939080162,7988,39760.01061186555,0,0,94.85763137402654,80.48922917383011
2021-03-23,1771.008083050085,15215,2282.1240565182493,1,1,1661.6862309863773,16707,54029.602451149905,0,0,94.9751820316774,80.5962429655409
2021-03-24,1782.6417610040837,12222,1000.0,1,1,1652.8407219490703,19553,64871.45981983205,0,0,94.99442414345422,80.82029700873119
2021-03-25,1797.0355517822686,16522,1000.0,1,1,1650.76585707672,10636,67854.46793278251,0,0,95.10762937229565,80.79382337364325
2021-03-26,1753.7908616117438,11956,1000.0,1,1,1661.9409536646774,14029,81762.60466841467,0,0,94.87319958291678,81.09684248270273
2021-03-29,1799.0801050789032,14183,1000.0,1,1,1681.2101516994542,14852,91932.27786321756,0,0,95.03224481270838,81.0055494318558
2021-03-30,1824.9435470263672,10024,1000.0,1,1,1703.0008972738883,15564,95062.84063639601,0,0,95.06975102789762,80.94139275155763
2021-03-31,1813.7096088994804,5736,1000.0,1,1,1758.4885892790758,18736,107392.78498491131,0,0,95.17753536347213,80.64821888221806
2021-04-01,1836.5807690251606,11939,1000.0,1,1,1785.8285082769175,11102,118291.85306906754,0,0,95.05554778898798,80.95337208650413
2021-04-02,1807.3027949373027,11489,1000.0,1,1,1800.6352132571142,5930,122517.8020435209,0,0,94.97247080082745,80.72341595241046
2021-04-05,1756.5233196314189,11298,1000.0,1,1,1804.8730013608545,5980,127944.96545977998,0,0,94.98706463024193,80.82834749772499
2021-04-06,1713.2229648593573,10320,1000.0,1,1,1816.1226960522943,7152,143176.42955959067,0,0,94.98536084130818,80.8069526775872
2021-04-07,1665.0703782424082,13640,1000.0,1,1,1818.3951315489662,13651,149581.98409290894,0,0,95.01366770010918,80.4911177586537
2021-04-08,1607.716794578789,5016,1000.0,1,1,1817.5844791175455,12936,155873.4843758693,0,0,95.12211921620218,80.30838681550671
2021-04-09,1571.9428585855815,10153,4540.427488980418,1,1,1802.2007547839792,6763,168776.15538666426,0,0,94.9455971846719,80.72324848721892
2021-04-12,1570.2563501458887,9338,1000.0,1,1,1768.9271193754062,8641,175591.33334045295,0,0,95.04297909184362,80.78374575000927
2021-04-13,1549.463798743371,14520,1000.0,1,1,1752.1970794669016,17422,186163.0196099906,0,0,95.04380728283941,80.48100064759922
2021-04-14,1540.3912320776003,12617,1000.0,1,1,1762.241724954962,14465,193829.83097147333,0,0,95.02342909672696,80.57259913380383
2021-04-15,1555.8782171522432,11162,2058.159680068109,1,1,1798.395126271998,7211,205344.5784043428,0,0,94.87631757328847,80.52876492432546
2021-04-16,1541.81731976717,6566,1000.0,1,1,1782.8666011939456,17078,211649.08521864764,0,0,94.92662244012615,81.56497884499872
2021-04-19,1582.0023235970516,15364,1000.0,1,1,1748.5034094934188,16600,214743.44512866292,0,0,94.68521165502305,81.6505159974014
2021-04-20,1550.0640090816264,10818,1000.0,1,1,1752.2340958850493,5128,218936.12382000685,0,0,94.75005105614693,81.53632854328148
2021-04-21,1490.532899793498,16672,1000.0,1,1,1755.4182440178542,11157,217247.54616007736,0,0,94.60084047259963,81.96233691861762
2021-04-22,1443.1029540542136,8431,1000.0,1,1,1746.9489221515416,11213,221386.60028450875,0,0,94.60618626386137,81.41002606842977
2021-04-23,1414.9550559458926,9938,1000.0,1,1,1727.3327113035139,5653,230297.65245318745,0,0,94.59426938012858,81.4383221153441
2021-04-26,1413.846575537119,8157,1000.0,1,1,1726.662246895454,11191,233357.20382939285,0,0,94.71122319485796,82.03665066374842
2021-04-27,1374.016728878799,10269,1000.0,1,1,1760.8453355419854,6283,241671.98684617333,0,0,94.69335767795658,82.00179087844049
2021-04-28,1393.6566172858197,9166,1000.0,1,1,1782.3759936582649,13643,244319.4342240264,0,0,94.62394382184202,81.48180056504607
2021-04-29,1389.4699570190382,19787,1000.0,1,1,1805.7605426548507,14742,259988.25440336746,0,0,94.57328355224489,81.3630251757229
2021-04-30,1374.3866684761433,5735,4228.647172391575,1,1,1815.1501487009866,14194,264630.5176807604,0,0,94.70057182912036,81.7993805880106
2021-05-03,1375.171768689116,15973,6226.397181206327,1,1,1828.1067317280254,11050,265382.3191720137,0,0,94.75420152603846,81.91220146690684
2021-05-04,1359.2819917088032,14954,1000.0,1,1,1841.3328679938193,11852,268661.32459041226,0,0,94.71563852788613,81.66054463405308
2021-05-05,1357.641591545511,16273,1000.0,1,1,1853.8025690451936,5384,277059.3553356278,0,0,94.69199388588969,81.45497179189937
2021-05-06,1349.4660291637933,11146,1000.0,1,1,1936.3671134315493,17525,274934.26713941456,0,0,94.53527617683113,81.28706171055443
2021-05-07,1350.322907146096,12100,1000.0,1,1,1994.9386473885777,15570,273326.0983623929,0,0,94.5741235969163,81.39542107577063
2021-05-10,1381.3520382116114,19598,1000.0,1,1,2052.456006947754,14261,270019.8612914769,0,0,94.39814202614674,81.79687991565223
2021-05-11,1373.895628112959,19045,1000.0,1,1,2055.222476984397,5926,272997.6064968418,0,0,94.4733216727303,82.11260681949197
2021-05-12,1381.2702625986037,6791,1000.0,1,1,2057.0378405147403,12890,278740.13638710184,0,0,94.48618383197942,82.24941047412472
2021-05-13,1357.3831439042679,10960,1000.0,1,1,2042.3217611347736,15337,292422.7858557324,0,0,94.7248790119368,81.84991704610746
2021-05-14,1356.1697397097241,11537,1000.0,1,1,2023.8398946315301,13090,298403.3324674868,0,0,94.61486545656437,81.45153729190943
2021-05-17,1343.5980863530945,11416,1000.0,1,1,2038.5154390552407,7501,300351.4618660657,0,0,94.60459924746031,81.61151289827356
2021-05-18,1335.0063887462657,7619,1000.0,1,1,2041.9527291998097,18014,306803.50221595954,0,0,94.78442801755263,81.2078715688937
2021-05-19,1330.865198650055,14343,1000.0,1,1,2055.0648800203417,14172,317162.2443497429,0,0,94.90356698158176,81.14020146257312
2021-05-20,1321.2091684471432,17268,1000.0,1,1,2066.231984620049,19507,319574.541108419,0,0,94.83394577642377,81.23144659642897
2021-05-21,1319.390298087197,12693,1000.0,1,1,2080.3653338759186,18585,325952.740026476,0,0,94.85634251926112,80.89016839782016
2021-05-24,1360.6379386535416,5137,1000.0,1,1,2090.9987415247174,11989,321357.3329516762,0,0,94.85654245490262,80.5828896975125
2021-05-25,1324.63668089852,16413,1000.0,1,1,2115.7795008516687,19212,327413.31818904297,0,0,94.88473804164204,80.55465337814216
2021-05-26,1305.2418920448938,16584,1000.0,1,1,2120.9910399784467,12507,333562.4058691896,0,0,94.81486999804356,80.70574846439938
2021-05-27,1318.624589006079,13522,1000.0,1,1,2108.702877001129,17403,336978.11530288146,0,0,94.80593795777348,81.0242040955235
2021-05-28,1347.3729047887407,13620,3019.3408290461452,1,1,2099.5116763052515,13926,339144.0728823842,0,0,94.64613272024582,81.20632012595468
2021-05-31,1319.7377039851253,15396,4024.9164889634903,1,1,2120.828693151778,15602,339814.64420597494,0,0,94.65964506543263,81.22841710445233
2021-06-01,1304.99533145156,7700,1000.0,1,1,2102.884384000429,11699,352179.66718692105,0,0,94.70464713277481,81.00455867838521
2021-06-02,1294.3705751319187,17896,1000.0,1,1,2099.577289137317,5364,361299.06868518144,0,0,94.68190519151042,80.68328657963185
2021-06-03,1320.361102780194,5437,1000.0,1,1,2076.023458788336,19872,368552.02409329056,0,0,94.52040010245194,80.53002345313311
2021-06-04,1300.5901622328563,15153,1000.0,1,1,2068.3051736879793,5224,371493.3018649068,0,0,94.61925328873708,80.65300412862729
2021-06-07,1299.5658332640235,15298,4417.463921493574,1,1,2081.7727512633546,18844,374382.09475762554,0,0,94.65570579253637,80.75399124061549
2021-06-08,1306.7635321212276,9576,1000.0,1,1,2089.1819203118694,13192,372593.239157506,0,0,94.58310428276627,80.12402064489795
2021-06-09,1305.2560723646436,14477,1897.847346516597,1,1,2114.6441825371753,17595,379324.95345721167,0,0,94.55504423808246,79.8883175364177
2021-06-10,1295.0309625853247,15595,1000.0,1,1,2127.122681667062,7759,379241.20174545393,0,0,94.40497729780428,80.24966980189954
2021-06-11,1286.130894343988,5747,1000.0,1,1,2161.18419117205,13272,381849.7603423779,0,0,94.30243628502649,80.27343431624078
2021-06-14,1302.1076757532142,12268,1000.0,1,1,2200.243588882476,10750,385143.94742400775,0,0,94.24865515039077,79.84833164230989
2021-06-15,1299.5055221278415,9617,1000.0,1,1,2140.265833428516,18238,393287.2714013248,0,0,94.37149723161879,80.55507799678934
2021-06-16,1288.4906045591179,5175,1000.0,1,1,2147.5075476157535,7690,399363.79609521874,0,0,94.30754689253004,80.5463954770949
2021-06-17,1311.0528165384246,17621,1000.0,1,1,2121.565668299434,18234,405569.05303247506,0,0,94.37156825846291,80.66169566488892
2021-06-18,1282.9332409387375,18185,2264.5072532270506,1,1,2100.8482740140726,11106,405616.12935032736,0,0,94.31773663817675,80.78155309170248
2021-06-21,1254.9519385072385,5721,5403.005169478629,1,1,2132.043365049633,17141,404371.0084745827,0,0,94.34253139426194,80.67127445185442
2021-06-22,1240.7957637538875,5830,8830.93977295673,1,1,2162.2201339000326,13321,404004.2491486881,0,0,94.32839184404756,80.453002347308
2021-06-23,1231.1124740966495,18013,9216.436741989866,1,1,2161.523116638249,19933,404179.3970086317,0,0,94.41569750405684,81.08950484282778
2021-06-24,1242.640544025505,16774,21087.978967657367,1,1,2181.3063354744327,13025,410622.3549036508,0,0,94.36221637023499,81.39046660371311
2021-06-25,1239.695287947897,17027,32741.25716032789,1,0,2228.5582269502934,12792,408970.7606900905,0,0,94.20496354523475,81.6370477640457
2021-06-28,1250.8842244952386,6443,39166.67033332162,0,0,2219.3185236338386,18190,416769.9462290644,0,0,94.06676864209838,81.80993452156117
2021-06-29,1264.654793360755,5985,49781.301772438856,0,0,2203.0932206102,19547,420446.99421809235,0,0,94.0135808927041,81.50893930445267
2021-06-30,1291.704303113537,5576,53975.80872468663,0,0,2155.0793712395434,19527,420363.4622684063,0,0,93.8886748956363,81.89219836197475
2021-07-01,1279.505084857753,6802,65377.917825204706,0,0,2129.066612326449,10658,425040.4457322261,0,0,93.92969609720426,81.63925856457122
2021-07-02,1248.667282085006,12945,72592.31694095761,0,0,2108.7088680923507,18123,426100.75640370534,0,0,93.88311928071845,81.72424460401642
2021-07-05,1260.4900985398144,17592,84013.4026551946,0,0,2039.889862327591,18774,429435.27409212,0,0,94.12057993572108,81.23242763237704
2021-07-06,1245.9123476866573,9803,86028.40446226195,0,0,2014.6478370187965,6188,430892.3889126673,0,0,93.94680847620737,80.6201699771828
2021-07-07,1235.5197505668323,6344,98069.578934314,0,0,1997.5089401800776,17284,434598.1664127921,0,0,93.96717179407835,80.71565733797873
2021-07-08,1223.067421719438,15605,107160.11242370654,0,0,1994.3033519734815,9356,433346.0828235142,0,0,93.85437649172779,80.47292755782026
2021-07-09,1229.1214315928355,17919,114688.31110847063,0,0,1969.615596805193,16115,432155.94828768546,0,0,93.80503635768952,79.87617728643107
2021-07-12,1219.8486723955152,9549,127747.91198350697,0,0,1943.257081385533,12041,435938.1705712705,0,0,93.81917830502357,80.0383601373152
2021-07-13,1199.2844209052653,5919,137903.14078002956,0,0,1925.0851918231656,15185,433781.8319338513,0,0,93.58664116753614,80.67438436863043
2021-07-14,1168.7631910766854,6191,146015.3876682864,0,0,1907.511606939364,18771,438632.4632187196,0,0,93.61032377921495,81.09125244620445
2021-07-15,1145.5901622200724,6446,152512.72176322847,0,0,1901.2458414149737,16063,444215.4881383678,0,0,93.80061452544237,81.01405708062475
2021-07-16,1102.4240665254385,15140,163680.23813458887,0,0,1887.1275492862,17171,451114.2565445151,0,0,93.7552706956055,81.01671067263383
2021-07-19,1074.9096479825666,9034,171336.53316184224,0,0,1871.7613862868648,7634,453011.89686991414,0,0,93.78125148128605,81.283022549669
2021-07-20,1058.6126795698783,12661,183398.79864905073,0,0,1833.2090386868458,7755,458171.7972695225,0,0,93.88374365059859,81.61966095561948
2021-07-21,1057.3051276951414,8200,185798.29414142034,0,0,1825.365318470507,17755,460392.5351016286,0,0,93.86734830059589,81.51660023997177
2021-07-22,1049.5329988978494,10309,190202.82652422314,0,0,1834.7324868623816,7032,457591.23387918354,0,0,93.80925228174274,81.52685355468914
2021-07-23,1034.0146429831855,12697,196849.02471828138,0,0,1827.8261642622097,15506,462930.4454417118,0,0,93.58167864137057,81.6170379967185
2021-07-26,1036.1870073256848,15291,203103.7359651058,0,0,1833.6685854892316,9228,467750.77991138265,0,0,93.64577771331007,81.78320089280216
2021-07-27,1028.141787453819,5352,202978.38997329856,0,0,1837.2428819799034,12542,471988.4123804726,0,0,93.63446087233717,81.74327796019877
2021-07-28,1026.4036554415009,14821,212922.22723102555,0,0,1818.3759413752564,11991,480398.15254146873,0,0,93.53319248719836,81.70725238667815
2021-07-29,1024.925243256469,18612,214848.73376261033,0,0,1815.4129599140956,14264,486101.73589946394,0,0,93.54585215822613,82.12120208560447
2021-07-30,1022.340199390725,7359,216824.29608188788,0,0,1812.7999668657683,13154,485515.07948778884,0,0,93.48748412254551,82.48405829633734
2021-08-02,1005.4117484074027,16447,224815.136914388,0,0,1812.492656456877,19730,480321.09559646965,0,0,93.43464150943396,82.62728146836815
2021-08-03,1004.7965439841075,14773,222401.07555669078,0,0,1848.6508400092714,5602,484020.72494047513,0,0,93.49527062504484,83.14301418937504
2021-08-04,989.7794851408605,5333,224046.72577818722,0,0,1883.8076971991939,11625,484650.6497838708,0,0,93.36143238391244,83.02708046070711
2021-08-05,987.9197117711101,7037,217508.73925969293,0,0,1908.244212203354,18811,480159.68891532166,0,0,93.46616391251982,83.51397249529593
2021-08-06,972.5585464235405,16956,216873.26821008863,0,1,1940.7107288689465,6246,480749.6115392728,0,0,93.32639529620798,83.67672712835659
2021-08-09,987.7809178656717,9188,206155.75272188606,1,1,1942.9781826537733,14950,481560.96157593344,0,0,93.26012515537246,84.65803496502096
2021-08-10,1004.9705026299623,6696,199013.27636752147,1,1,1973.0520355430003,12622,481555.7606825241,0,0,93.45241977477912,84.30029038698622
2021-08-11,1047.755912475472,11726,183542.61840627907,1,1,2015.2643504629702,17916,481402.91677038383,0,0,93.56515525094336,84.09348681132101
2021-08-12,1069.292816716652,16322,180934.02882916565,1,1,2062.200083919524,18905,482015.24699969776,0,0,93.5749156501929,84.21912615978118
2021-08-13,1083.541321538372,6895,173325.92213638572,1,1,2100.961862967012,13315,471568.85246107285,0,0,93.48086262864278,84.33829637567489
2021-08-16,1112.0055980329753,13020,167985.62613062863,1,1,2157.450872246718,16807,465313.9040978471,0,0,93.42793539797279,84.92333807092739
2021-08-17,1113.0278493606916,5114,161317.78641147082,1,1,2195.217170852977,10618,457709.2151829954,0,0,93.43526292943136,84.72282566593753
2021-08-18,1110.1967482071707,6580,153118.91317972456,1,1,2205.2294276772145,13526,441159.74902729655,0,1,93.43901525266531,84.9943012215457
2021-08-19,1097.5929729717632,12483,143179.4580952662,1,1,2227.1796998300647,7888,430145.89241241023,1,1,93.42992815970273,85.34304012295028
2021-08-20,1108.6422004199037,16721,126031.50302712694,1,1,2241.447378635316,6581,413502.1210107022,1,1,93.4268449082943,85.55443447261649
2021-08-23,1097.0770278648954,16514,113240.27063957624,1,1,2283.806555059536,6336,401648.39306131523,1,1,93.4054073973238,85.26613557003918
2021-08-24,1117.1695285652481,18961,103345.67294985676,1,1,2240.9797183833616,6426,391513.17161116016,1,1,93.26120952375979,85.68846321161544
2021-08-25,1111.2819172248119,12812,99136.67302371915,1,1,2194.4392162866343,14364,376641.08166493295,1,1,93.2095584495437,86.05726069101007
2021-08-26,1094.7753850392667,5451,93882.75157299955,1,1,2140.916470904601,19772,360333.1855320943,1,1,93.3010208549424,86.23713604694719
2021-08-27,1098.3041830010443,8259,89623.43388345427,1,1,2128.533892678312,12631,342915.23706247343,1,1,93.16418742518728,86.29844035310987
2021-08-30,1109.996210253272,5179,87133.33206581423,1,1,2123.6478295105767,17299,322208.7205619796,1,1,93.14523187403336,86.36627275612318
2021-08-31,1111.849682501612,19335,76450.34944834148,1,1,2145.7654106277273,9033,311822.40322552633,1,1,93.06325648115627,86.34265201845137
2021-09-01,1103.7947286393162,6768,67950.22158286207,1,1,2127.227832501602,13452,299686.00915510475,1,1,93.07439152409609,86.53488755872716
2021-09-02,1111.0871420146937,5591,62312.431083625306,1,1,2117.4548943209375,19963,292862.1995931791,1,1,93.0355282059894,86.54422801461065
2021-09-03,1116.916028960663,13510,55780.08746719567,1,1,2130.339837545992,15384,285088.91883825214,1,1,93.18326757248687,86.28967052200487
2021-09-06,1112.3707207328844,14520,46550.117112269065,1,1,2091.2284070469395,9105,270915.5160793263,1,1,93.23392588790588,85.97509302855659
2021-09-07,1114.1606976570533,11176,35120.36130623476,1,1,2124.7606434748377,17468,258105.8246813002,1,1,93.10274557132817,85.7494821524609
2021-09-08,1106.4553403023892,11692,29653.58637662528,1,1,2136.6329329849227,5271,246582.7470198443,1,1,93.16986837248953,85.81612182522574
2021-09-09,1118.6395323244585,14520,20050.151856152028,1,1,2165.1816230906825,6215,234651.9459011713,1,1,93.09240318686334,85.80803507429518
2021-09-10,1124.874518963202,11981,19917.150167733496,1,1,2150.3360327040646,15331,228445.1218503374,1,1,93.03470354972558,85.8726382122818
2021-09-13,1111.6194203881655,7693,14257.79101610726,1,1,2129.7572917872417,11768,216550.32449475033,1,1,93.06608545173628,86.02288215234563
2021-09-14,1112.763178422974,19119,9849.037545951156,1,1,2142.960281628036,17469,215883.75030157657,1,1,93.01691070976328,85.83468587457057
2021-09-15,1111.2167991134477,16301,1000.0,1,1,2120.4937316846654,14142,212590.13885153827,1,1,93.10619629139558,86.27438392507418
2021-09-16,1131.377778263325,14842,1000.0,1,1,2181.057016006443,12694,218807.26154607863,1,1,93.02874528524423,86.19407067695994
2021-09-17,1120.9213667403317,19385,1000.0,1,1,2155.9603760474815,16013,229576.998484008,1,0,92.96685062998509,86.06404258152548
2021-09-20,1112.3950082453418,11196,1000.0,1,1,2154.8445376031505,12735,226507.79363934163,0,0,92.90121354063028,86.20875845272522
2021-09-21,1133.739081715755,6863,1000.0,1,1,2177.109066947472,19764,235040.55610156705,0,0,92.84464966579478,85.65780539201269
2021-09-22,1131.2871892083047,15831,2839.774517047021,1,1,2159.2878189536937,5680,237412.66651775737,0,0,92.95456882134957,85.42064505709581
2021-09-23,1117.9649753701399,8323,1000.0,1,1,2173.2568353065553,15284,249048.05424598884,0,0,93.01744845071059,85.71496689670337
2021-09-24,1122.0643743504709,9694,1000.0,1,1,2203.43616958812,12375,257446.58397856768,0,0,93.1884428461118,85.19374031798473
2021-09-27,1131.1450861776907,10861,1000.0,1,1,2211.4843649556788,10812,257613.61445749382,0,0,93.41520726650172,85.52901257706468
2021-09-28,1094.3155498349536,11144,1000.0,1,1,2199.2376149013007,9864,258418.80662624148,0,0,93.31213556330849,85.98235354697242
2021-09-29,1123.4236045986147,19430,1000.0,1,1,2190.899984631852,12393,265815.4990649424,0,0,93.31917747604122,85.8715169456253
2021-09-30,1145.6172933303465,7139,1000.0,1,1,2206.2201733411302,11362,268091.3020119667,0,0,93.20155744437687,85.95906077585319
2021-10-01,1141.5262189329414,11405,1000.0,1,1,2230.1226314922824,18557,271186.7261101734,0,0,93.12379685160205,86.2947869013085
2021-10-04,1125.4769663892216,15313,1000.0,1,1,2247.1261554618513,5936,272493.9845423672,0,0,93.06078860057649,86.15475014489544
2021-10-05,1124.323915454931,8586,1000.0,1,1,2256.5620371146165,9913,272509.1587808434,0,0,92.95507311316265,86.4150828010533
2021-10-06,1123.6807324112954,15717,2535.0497768823407,1,1,2238.3009588372597,9498,275015.29955891194,0,0,92.84988438587281,86.21373816251409
2021-10-07,1124.5101137644608,5319,2478.517507222769,1,1,2195.414227630055,12232,278327.12200556573,0,0,92.8354559480208,86.07045747451414
2021-10-08,1115.142944844396,8300,1000.0,1,1,2160.7234257322602,17914,282498.66185851453,0,0,92.71378410618215,85.83065653521665
2021-10-11,1116.583756718597,5886,1124.5210881526295,1,1,2116.526944566342,13253,282205.41638721846,0,0,92.79799680209591,85.9334506949751
2021-10-12,1106.5433947062513,5646,1000.0,1,1,2106.538439975273,6712,295154.6928578887,0,0,92.70622144835416,86.28084141074476
2021-10-13,1127.8366434195846,12230,1000.0,1,1,2119.9923890640453,19677,298348.67449897394,0,0,92.9871783453638,86.2256075311096
2021-10-14,1134.5320977763981,16936,1000.0,1,1,2132.8566786176134,6436,303311.7587726809,0,0,92.94203990026736,85.84423278313588
2021-10-15,1137.6241001812703,13842,1000.0,1,1,2094.2597535250393,16254,308451.34514654276,0,0,92.94924166445907,85.51942073644983
2021-10-18,1152.3580025992248,8736,1000.0,1,1,2106.3994151674187,9674,313229.37707780284,0,0,92.81970754601247,85.637800562861
2021-10-19,1139.1508248231803,16856,1000.0,1,1,2134.787565200611,5676,319929.1901784,0,0,92.99031672182522,86.19103548687929
2021-10-20,1148.830975516364,10890,1000.0,1,1,2126.0802311500015,12461,320618.0112700664,0,0,93.10226678990551,86.3091529866736
2021-10-21,1120.3490212585086,6633,1000.0,1,1,2136.3695778158017,7585,330055.59819427656,0,0,93.13195837697913,86.19308402147823
2021-10-22,1133.7599228825868,19605,1000.0,1,1,2116.9352857075205,5932,337591.13203446637,0,0,92.99727812210116,86.4229392115333
2021-10-25,1144.7333180822561,18705,1000.0,1,1,2120.2624284963276,17497,344808.5787951338,0,0,93.01834480987364,86.3510896208573
2021-10-26,1144.752343288792,5907,1000.0,1,1,2131.013329563108,10888,341803.67854119337,0,0,92.90620170527191,86.23760405564802
2021-10-27,1154.1969369083592,18410,1000.0,1,1,2136.4784847811793,11160,344622.1343165311,0,0,93.05243723161925,85.95006632393944
2021-10-28,1151.6989805183175,5246,1000.0,1,1,2131.7471798112356,17139,349978.41999875876,0,0,93.13335670480456,86.37260097721335
2021-10-29,1152.2107644376435,15011,1000.0,1,1,2112.932570967411,14637,357783.99705117213,0,0,93.14290060865333,85.61083860196466
2021-11-01,1105.7587112866283,9957,1000.0,1,1,2115.9919210139506,8863,363248.6197996676,0,0,92.8992630423286,85.85019636204844
2021-11-02,1148.4648378685274,7031,1000.0,1,1,2098.792599500132,6165,363890.01288107294,0,0,92.8009214444627,85.71107288070917
2021-11-03,1203.5303685396113,12871,1000.0,1,1,2101.917561274627,7272,373709.7183648773,0,0,92.86969755762269,85.58797066127369
2021-11-04,1242.0950675784868,17516,1000.0,1,1,2103.5978633771597,19097,380091.6462806952,0,0,92.990985926795,86.09566520810904
2021-11-05,1261.6565159732454,11815,1000.0,1,1,2106.8054408876974,12066,383357.3525963591,0,0,93.10190290794422,85.88142588044902
2021-11-08,1284.830415698126,18721,1000.0,1,1,2157.229913446659,7086,385188.36560438055,0,0,92.94270160772007,85.6774051342405
2021-11-09,1323.4931882853487,5133,3030.3346814592524,1,1,2174.5561700525996,13230,384915.9470579584,0,0,92.97285683840136,85.63828686256464
2021-11-10,1372.3014327511826,13916,1000.0,1,1,2170.1665833311617,9646,381568.5240087613,0,0,93.07440836004966,85.76244107830831
2021-11-11,1444.0217011102675,19038,1000.0,1,1,2237.071589483237,15774,386708.08715004724,0,0,92.90857480349143,85.62988434362045
2021-11-12,1516.6698782410108,13903,1000.0,1,1,2265.1521980683406,11234,390019.1287369215,0,0,92.9077843519541,85.15772666445969
2021-11-15,1584.798243108069,8388,1000.0,1,1,2271.712548565055,9325,396102.04690952465,0,0,92.93516859178496,84.89801721019515
2021-11-16,1658.3044485493676,10148,1000.0,1,1,2275.1861580437258,19551,395024.7348657968,0,0,92.90509213330027,85.28241736713451
2021-11-17,1716.2576176263372,9868,1000.0,1,1,2249.3648310067097,16205,396886.993106321,0,0,92.71987594776016,85.30485040387516
2021-11-18,1775.3420810806651,13243,4219.368688216227,1,1,2250.4214637590944,12928,400046.3612103021,0,0,92.68730613675278,85.4401765889863
2021-11-19,1872.8345515138308,6931,5272.976569586705,1,1,2221.5563142666747,5916,401815.0191688352,0,0,92.65457559372729,85.3617502268344
2021-11-22,1921.460771347803,11566,6685.456793737263,1,1,2225.9174499074797,5892,407615.15833496075,0,0,92.6397683532725,85.16390091798242
2021-11-23,1949.9355025434033,8101,21533.334421068303,1,1,2211.9049683249227,12149,409625.3012582945,0,0,92.58342121073,85.66717175294504
2021-11-24,1926.0045214472502,5673,27210.8358087613,1,0,2220.6859660113355,11651,412515.3342961112,0,0,92.53911999540585,85.61071419582971
2021-11-25,1877.102310887553,18637,44975.59467447644,0,0,2224.0332716868434,18657,415701.82376554684,0,0,92.53514936717116,85.47770323197157
2021-11-26,1850.2713270976212,8604,50497.43800327651,0,0,2214.9791487061066,6480,420310.5043515209,0,0,92.57939482766812,85.80654594187818
2021-11-29,1815.3249271525442,5168,46271.6930551207,0,0,2225.8801764377918,17114,424224.6574521551,0,0,92.54895215138247,85.58983783421796
2021-11-30,1822.013283000309,9638,60003.01115755968,0,0,2237.0419573508043,12987,426535.5589763479,0,0,92.50798725854565,85.41141963108576
2021-12-01,1810.3478102086804,7055,71358.0619235793,0,0,2268.117957873554,18544,424793.2162233737,0,0,92.51722266237111,85.41449363629083
2021-12-02,1812.3895341787916,9067,79256.80126700975,0,0,2296.356562123337,10510,431837.50070553814,0,0,92.32513106978159,85.41457466751729
2021-12-03,1772.699078204756,13605,89729.71398235923,0,0,2260.4084242174654,17510,433646.77019886754,0,0,92.37283458250424,85.49245807188825
2021-12-06,1712.1961441594615,6397,96860.07149687823,0,0,2268.222322984566,9636,436352.05563024024,0,0,92.37277827279193,86.1199587987069
2021-12-07,1674.5026849873586,19509,107554.58695146599,0,0,2220.866619217385,18099,434744.32445796556,0,0,92.3767476254517,86.22083327261261
2021-12-08,1660.484434337683,13916,117917.72402616999,0,0,2199.2768323380265,8025,439738.46371822426,0,0,92.47282105621115,85.50741708378737
2021-12-09,1661.9536873070033,13608,130174.49451823584,0,0,2230.498131568951,14406,443869.24083772785,0,0,92.27753950320631,85.60530676681684
2021-12-10,1652.5209147926837,8393,137128.26352034463,0,0,2221.41698055167,17358,446809.13307961554,0,0,92.08015611622042,85.61667076516372
2021-12-13,1643.8252401952175,5936,145979.38235741746,0,0,2219.120440334894,17349,449025.46095601335,0,0,92.10753650075277,85.62970577246915
2021-12-14,1661.9073154756506,8977,146066.11734528447,0,0,2205.2507124416034,19827,447332.6044550553,0,0,92.10682481523992,85.70348996528801
2021-12-15,1650.324696104229,7408,152039.30500970484,0,0,2214.3083092312604,18199,446475.6574406924,0,0,92.12384250955911,85.69488647898557
2021-12-16,1696.516655271099,8841,165404.29674666395,0,0,2232.3976995601106,8879,448156.8897441802,0,0,92.07762980204187,85.67910285106895
2021-12-17,1701.6450751468744,8780,175319.3591592046,0,0,2262.780876872488,14515,443244.2738276787,0,0,92.14406516946586,85.86301611400019
2021-12-20,1709.1185382661713,6229,187480.09259333662,0,0,2299.7192063347857,12224,442946.0516008863,0,0,92.23732905376497,85.70039187484184
2021-12-21,1701.783946791711,8110,197073.24875577004,0,0,2342.0980812976236,5730,449326.6385023668,0,0,92.28572728316013,85.41608597415008
2021-12-22,1690.846632411793,14453,203298.10735827193,0,0,2388.252909870603,12366,447903.03149678546,0,0,92.25964443731966,86.3232204099368
2021-12-23,1696.2807117079567,10605,211623.55724822084,0,0,2405.4168407085367,11041,441760.9638292353,0,0,92.04887549855823,86.10846317680243
2021-12-24,1691.8365429238834,7022,217559.97946898444,0,0,2456.8029786888806,6749,428158.9490060441,0,1,92.12579911936194,86.13850605054046
2021-12-27,1692.1019421703902,7112,221151.9112751018,0,0,2445.8098671061375,16505,419960.5336747291,1,1,92.2479719859837,85.68980797527784
2021-12-28,1705.6431600279798,8850,227502.34940979176,0,0,2422.6732917357253,11103,407185.19553335535,1,1,92.31242782718209,85.72474849979326
2021-12-29,1713.269417413893,18876,236336.19836583556,0,0,2423.0284446664596,9815,399651.6946411608,1,1,92.22446358444535,85.44478083458647
2021-12-30,1728.0373267144962,16445,239920.54983296632,0,0,2446.6286171185384,19309,383632.16231371986,1,1,92.29184302381212,85.31203895173147
2021-12-31,1730.1067013963336,18848,244959.72427995352,0,0,2454.5914943375915,12608,373382.2692565726,1,1,92.37789599460827,85.6255583514628
2022-01-03,1721.3422779386942,19462,252797.57771608845,0,0,2439.9468406882047,12726,359649.82453115616,1,1,92.53377761938818,85.76716122197622
2022-01-04,1733.3261130230762,5970,262468.0581203168,0,0,2467.4638219543954,9282,348966.66729739757,1,1,92.44616662696538,85.93768407934867
2022-01-05,1719.9873921680505,7452,269432.4045406304,0,0,2441.355002269006,13775,345990.0802301488,1,1,92.42352116851096,85.40632262783112
2022-01-06,1648.1523983948691,8756,277434.53536803345,0,0,2417.3588458652625,6237,335153.1269680638,1,1,92.49824837362532,85.95739117877982
2022-01-07,1627.9065237019995,12439,280415.73126489826,0,0,2430.974403615254,5624,342269.090483983,1,1,92.50398938076913,85.59982678549726
2022-01-10,1645.8599508158982,18654,290963.9536976535,0,0,2407.6361076452035,8968,351117.9167551524,1,0,92.392256620564,86.05839502978542
2022-01-11,1670.6537413015897,15363,291689.5437283827,0,0,2365.509913414566,14681,362138.03505212953,0,0,92.43371824906667,86.36485818957986
2022-01-12,1714.9615180405463,14307,296536.6149578291,0,0,2331.927402672208,6167,361314.4963985129,0,0,92.49158441244819,86.53805801211527
2022-01-13,1721.7003888573959,8416,307019.20092125033,0,0,2335.813630339382,8414,360799.89588857174,0,0,92.50038070208129,86.28156257784275
2022-01-14,1758.9218529854143,7408,311510.42404504237,0,0,2338.5111217901067,17044,367757.8084981581,0,0,92.52233919479929,86.3270395312886
2022-01-17,1779.4841280114317,11589,310583.78859735007,0,0,2405.4882885411025,5260,384210.129498882,0,0,92.4964686046307,86.18576310809516
2022-01-18,1797.0657214465418,10893,313392.5969553929,0,0,2415.364223150087,18928,386435.84852993477,0,0,92.64429649820231,86.19447497954674
2022-01-19,1814.1942088142684,18953,325336.107396248,0,0,2364.616787178247,8670,382792.2999184329,0,0,92.55422727983104,86.11951330182107
2022-01-20,1847.8019560339376,19988,333732.4400094616,0,0,2314.263920926915,10418,387311.1703391368,0,0,92.49549520355467,85.50793014984936
2022-01-21,1848.1731841703283,18504,339240.8561110273,0,0,2306.825294447067,16589,389860.10421810625,0,0,92.49659375490742,85.84446539514472
2022-01-24,1813.2601051171587,15387,344098.55652333243,0,0,2304.9169222074884,6700,391932.7896992926,0,0,92.58448915767751,85.82013324817991
2022-01-25,1779.2089254928594,17613,351215.4439282236,0,0,2341.6577096567203,14448,395044.49004919396,0,0,92.43475184066806,85.67469312832925
2022-01-26,1788.9503387705306,18289,354656.193096572,0,0,2389.2340600243087,8777,401603.0140559101,0,0,92.30372216569151,85.50659495848032
2022-01-27,1805.413240385235,7569,359676.14118005236,0,0,2432.106327076998,6019,405817.3185191013,0,0,92.09994931491804,85.61413283139035
2022-01-28,1855.8041123573728,9392,363342.89014857076,0,0,2463.702603316632,10853,411690.6459854879,0,0,92.10321883744336,85.346005929902
2022-01-31,1946.0304808539472,14424,361721.03814830363,0,0,2493.1691162931975,14531,411883.66896562744,0,0,91.99138825572271,84.6694532623598
2022-02-01,1988.4647536326581,15346,365628.3386618743,0,0,2550.2280631190656,16034,421174.33629068616,0,0,91.95293324472092,84.79159220332228
2022-02-02,2017.9172153968043,9104,370519.30821278866,0,0,2582.292996359505,9596,418820.7644011165,0,0,92.01907106371009,84.94732310270932
2022-02-03,2032.6064323555659,17063,373189.600046834,0,0,2581.530189650554,12121,421061.8471005547,0,0,91.9549167916318,84.88743355530603
2022-02-04,2001.205455966213,16565,382974.9402494945,0,0,2508.1492923814503,15920,427105.7036265667,0,0,91.97804499390614,84.54306269274903
2022-02-07,2014.1264771152719,13076,392314.69216020213,0,0,2483.691381470709,18283,432476.79040874133,0,0,91.94811120313096,84.56974335501582
2022-02-08,2041.7224357021407,11478,395297.57445729384,0,0,2480.4400438570815,13395,431594.43853192846,0,0,92.01532263464061,84.13038364452174
2022-02-09,2066.708782648509,5120,401662.8134973168,0,0,2478.877470582632,12522,428829.93926619325,0,0,92.06283544137541,83.82221446551544
2022-02-10,2068.199786298618,19808,409965.1006651684,0,0,2511.6639641707766,18541,429419.6859499917,0,0,91.99364207175795,83.59700508456419
2022-02-11,2066.083674442391,19255,409449.67665195226,0,0,2547.4942595557236,18324,419185.033463993,0,0,91.9767768964179,83.85018680583167
2022-02-14,2064.366787053554,13261,407371.11200423905,0,0,2599.6173403615694,9373,421437.4480203429,0,0,92.08115123618995,83.74140352070059
2022-02-15,2099.345770674685,7933,409519.264799429,0,0,2623.044402464077,9229,426789.58674524917,0,0,92.12048892321536,83.60704359716765
2022-02-16,2136.451674733534,10200,414596.6208273081,0,0,2634.1322943011846,17816,429141.27394289913,0,0,91.98079271744025,84.19345135179103
2022-02-17,2143.002937256315,9529,417237.73369746195,0,0,2648.1658925412253,9949,434107.58946169616,0,0,92.0463545235574,84.29919010094764
2022-02-18,2190.84371085177,13117,421461.6017947244,0,0,2646.307135347016,9390,445239.8820623818,0,0,91.93789346131376,84.40088845409008
2022-02-21,2200.2963903331083,8777,419446.5346312341,0,0,2679.0310794209977,19518,442251.15101688105,0,0,92.07914476830987,84.28997823052745
2022-02-22,2169.044460637564,12281,429640.87851970573,0,0,2733.981804629516,8038,447014.4956902565,0,0,92.18155465229397,84.11106673023642
2022-02-23,2162.7742948303294,19892,430856.6182215687,0,0,2750.6519875677554,6413,450121.8606380944,0,0,92.2105431998858,83.45514479823127
2022-02-24,2206.4143286710714,14012,432227.34252909315,0,0,2778.9630395099507,13127,442963.8793251425,0,0,92.22626648422943,83.74576695780834
2022-02-25,2262.184595840766,10733,438247.3205838909,0,0,2777.352153856558,18597,445060.64126768743,0,0,92.20536325862669,83.88025986953525
2022-02-28,2277.6314297217355,11035,436683.697130587,0,0,2782.226538695093,7960,451269.167463662,0,0,92.27321565376668,83.82651007157124
2022-03-01,2211.8915736009512,7498,440721.2664419464,0,0,2826.7589002138834,17057,448602.0476274168,0,0,92.23613783682049,83.78534206102036
2022-03-02,2175.510532516242,16241,435732.0165163147,0,0,2848.3648066435194,6700,444875.25853115495,0,0,92.25969482388447,84.00618533969867
2022-03-03,2114.701470732986,18474,432202.9040546462,0,0,2821.5714673504667,18276,455413.9167530034,0,0,92.34688826053642,83.53977231777472
2022-03-04,2112.3058457262223,11561,433776.123356282,0,0,2805.0013038954053,7184,461375.1197289243,0,0,92.29070760618386,83.36280791830858
2022-03-07,2128.796322719364,15933,438075.20447506785,0,0,2824.045283084532,9993,467497.2315015718,0,0,92.22908833218479,83.02191705944081
2022-03-08,2121.546478376683,15807,441412.26175146014,0,0,2863.3834541088418,6597,465673.67905693647,0,0,92.10965178411234,83.55336984418685
2022-03-09,2130.8261273589874,19268,448701.5758286157,0,0,2867.701743504961,6788,463661.95294280973,0,0,92.00320450949972,83.81606650374283
2022-03-10,2130.0141352663363,10322,449724.18264999037,0,0,2864.555947518579,5986,460114.2334811987,0,0,91.82036497835557,83.15525871140223
2022-03-11,2172.398577703117,17170,456720.66980785795,0,0,2872.4044964339364,19347,467749.26430880406,0,0,91.89334785725713,82.70113022341023
2022-03-14,2141.758975765282,12467,455130.3917969079,0,0,2878.0001449241518,15736,469768.6080054424,0,0,92.0742393114654,82.66142652140299
2022-03-15,2117.620684466945,11090,451597.290956032,0,0,2849.2932574749307,12187,463796.0506231734,0,0,92.21677220581243,82.51969445778126
2022-03-16,2124.230055563561,19199,454975.43818171613,0,0,2891.7947482321956,6836,473870.01265642326,0,0,92.05416375694979,82.12237979535819
2022-03-17,2131.1638167412925,8372,453047.32733927126,0,0,2892.028071852043,19321,470247.5259226219,0,0,92.1266492241054,82.70580846665334
2022-03-18,2114.1400725235435,8934,447264.075995799,0,0,2818.1720967793667,6553,476857.88388313755,0,0,92.26885985909776,82.7995704408481
2022-03-21,2160.633800591705,10076,449492.5461019014,0,0,2858.0720267270385,10840,477647.1504961699,0,0,92.2231788610239,82.94201533770703
2022-03-22,2179.163349733069,5713,443519.7685514755,0,0,2948.148467638348,8918,485566.6027393569,0,0,92.2333236040889,82.73441085293737
2022-03-23,2193.706357069247,8290,449049.11472841597,0,0,2953.7817668660987,6171,485920.20243986096,0,0,92.03253429900843,82.95109309709078
2022-03-24,2198.773413132854,13565,453109.333801557,0,0,2966.048781494253,12104,483715.90155449865,0,0,92.0592079158061,82.83696326879617
2022-03-25,2212.875257789989,14591,450682.8979433484,0,0,2942.092285777304,14047,487780.44695120986,0,0,91.95285194286262,82.75196031668392
2022-03-28,2249.621201462746,6328,461956.6614456048,0,0,2954.8811727241646,15839,482289.2183015931,0,0,91.97281544465378,82.93526090463149
2022-03-29,2233.6760382756825,6167,461363.16564992414,0,0,2957.7029770025874,8001,488206.6849512726,0,0,91.81669515243489,82.44656163511341
2022-03-30,2209.177355776688,13216,462272.95812346856,0,0,2937.926896670663,17492,487507.5991267006,0,0,91.87098097488266,82.9256699930687
2022-03-31,2197.647936502334,15238,466277.86945176666,0,0,2983.123911230352,19615,493773.1365973082,0,0,91.97343224242532,82.98038675748586
2022-04-01,2190.0621498886603,8574,466794.4174981128,0,0,3034.226045810085,19629,492858.92641477165,0,0,91.8951142562538,83.36467002011999
2022-04-04,2168.1692701305446,18921,466704.73212999286,0,0,2992.763128988087,17834,492303.1890923906,0,0,91.78142199811276,83.04204409313435
2022-04-05,2139.67816143026,12085,462439.00396106625,0,0,2969.026115226126,8761,497408.2828730226,0,0,91.56581969385776,82.76509455592588
2022-04-06,2094.9029147129454,9126,461454.09054501157,0,0,2956.783875017771,18466,491685.29437353316,0,0,91.53917834045023,82.41652448944595
2022-04-07,2103.0138838686044,15440,459807.9214723711,0,0,2928.9293386936356,5375,490805.45825692586,0,0,91.48101894702208,82.4916137912454
2022-04-08,2077.541304203847,19118,462892.741804816,0,0,2939.9778882645933,18738,496365.69550417847,0,0,91.32591700578728,82.51140878182088
2022-04-11,2038.220114153953,11673,467277.7026071301,0,0,2998.0754711960226,11318,497681.04874177586,0,0,91.37121888141849,82.37208523605152
2022-04-12,2058.1177867848473,6629,467767.4489578426,0,0,3032.254941484747,5242,497280.88293137023,0,0,91.32622184323203,82.06786447818592
2022-04-13,2050.9926907381464,9119,481572.6329356076,0,0,3055.3279046781436,5954,498414.18008352036,0,0,91.21864824736751,81.68788559726667
2022-04-14,2025.9633739488102,15709,479766.23127846915,0,0,3049.235167951564,8192,496358.0362287607,0,0,91.16319100680346,81.67334042712548
2022-04-15,1990.9568307321617,14449,480666.1463054221,0,0,3078.4676309670085,19006,488326.48403449013,0,0,91.27032146069642,81.5336643932489
2022-04-18,1958.4384853989632,16642,491369.2577735205,0,0,3039.416934482524,12255,477673.7846897385,0,0,91.33061515507194,81.32798229554142
2022-04-19,1952.1636800694268,12103,487980.9813269335,0,0,2997.52444066124,18356,469734.4353676176,0,0,91.3176125489221,81.7921091413809
2022-04-20,1973.5118214742108,5775,492876.63149266655,0,0,2932.1839144747073,8898,464872.09765832394,0,0,91.37952305076858,81.76741143792309
2022-04-21,2028.1953871288079,9317,497316.5403559338,0,0,2897.184398377468,8696,460161.2195534682,0,1,91.26343185512991,82.14842431810116
2022-04-22,2095.771843758222,19204,503588.07552646496,0,0,2941.6138624010755,15087,455705.86758717545,1,1,91.26666886520262,81.98844866329635
2022-04-25,2145.852528181239,16235,508242.32464457484,0,0,2963.6022701586116,14868,461571.7946903391,1,0,91.28140109825127,82.06188154843595
2022-04-26,2187.3773270812917,14111,508099.00353560364,0,0,3020.3604275263706,17659,466197.3812160211,0,0,91.23441744740138,82.04523874355905
2022-04-27,2209.0973998323366,14332,511719.9843935992,0,0,3017.4485987558733,10750,464210.9838332047,0,0,91.27796328099713,81.53595205070361
2022-04-28,2212.531766196963,15812,512648.55666160694,0,0,3048.4598754598687,15847,471366.8441854409,0,0,91.19991993553268,81.96445354258279
2022-04-29,2216.2282256857957,19275,517169.36965528986,0,0,3059.5681761618966,17156,470220.64923914213,0,0,91.2509020063103,81.92390746047306
2022-05-02,2208.2850857166145,18598,513388.1447648331,0,0,3069.5367220204635,6104,469977.0190996521,0,0,91.30608788346342,82.14783292636295
2022-05-03,2212.3857960740884,16269,519678.30467030837,0,0,3119.304765649953,12135,469807.68626400584,0,0,91.01437189539372,81.92222430962448
2022-05-04,2200.3247923257595,15104,525057.4627838889,0,0,3120.217764737695,10688,473838.6977341633,0,0,91.13340246574472,81.87277099515056
2022-05-05,2175.7084156618357,16200,537386.8428921857,0,0,3073.141218941433,7491,478440.69513652264,0,0,90.82863920920946,81.61271528717354
2022-05-06,2162.5439339375303,8650,537870.0307178871,0,0,3043.6817137877047,9293,475300.2207618214,0,0,90.76703430665384,81.98351483200257
2022-05-09,2133.6835202129646,13816,540045.9997757542,0,0,3042.3142909982894,19174,479023.5506122067,0,0,90.86956911007962,82.07693763623777
2022-05-10,2100.7225535284124,9745,538434.680209265,0,0,3024.8967494326034,15792,476519.13254179584,0,0,90.83784043755438,82.18705369424204
2022-05-11,2060.0396207728513,18900,536625.9781201759,0,0,3018.354333643502,16038,476995.7483916329,0,0,90.69122183930742,82.59450893837354
2022-05-12,2006.0627198926047,17364,530230.762831813,0,0,3011.9548065435515,16465,476109.0783869358,0,0,90.58184813313575,82.94141132744323
2022-05-13,1981.8785762198563,16095,533280.6568333658,0,0,2987.3966675955176,16820,485196.82772820845,0,0,90.68453870776781,83.17101408828412
2022-05-16,1969.932371432698,19191,533167.2880869193,0,0,2938.9097084694226,19703,491491.38294453727,0,0,90.49238825471295,82.74449588417288
2022-05-17,1913.421351826449,6812,542550.2944076682,0,0,2961.3786704896947,12050,491166.2278147665,0,0,90.60528736480916,82.53579214831788
2022-05-18,1863.0562991036431,13761,533162.6985744884,0,0,3032.9406076808623,19475,488849.7425821255,0,0,90.59977715490493,82.23462570751447
2022-05-19,1795.6505629902056,10739,524175.6399603513,0,0,3037.326822155379,17783,494087.3298754518,0,0,90.48053762186068,82.45288581560222
2022-05-20,1743.253394687526,6557,526051.3799890651,0,0,3160.7881838130415,5333,493110.5846090914,0,0,90.4222261146304,82.50408139812723
2022-05-23,1714.6936518733462,5503,521060.24737075367,0,0,3197.0060110925983,11635,492786.9803290237,0,0,90.32050368052025,82.08692766803804
2022-05-24,1727.240013320887,19938,517572.9510118655,0,0,3191.1303503852773,14630,500275.7741688456,0,0,90.4071262006061,82.03030440413468
2022-05-25,1737.7836105867204,18120,519084.75897576456,0,0,3134.167044096258,5360,499324.730985836,0,0,90.48036898158239,81.58207070341905
2022-05-26,1779.7297544410676,9677,518574.3947800976,0,0,3040.2870684282507,9548,501090.50778539665,0,0,90.30845286819478,81.56612375699811
2022-05-27,1800.1278767545516,9913,515550.82781330624,0,0,3069.8984088211837,11684,509359.61145612365,0,0,90.26809365634284,81.06951200580195
2022-05-30,1836.2687615478997,15225,514158.3754079198,0,0,3086.7576514988323,14914,505104.7528274863,0,0,90.18177509010842,81.22816025381735
2022-05-31,1872.1940351521032,8591,515938.48748658434,0,0,3108.1890204661277,8575,510112.45670632675,0,0,90.31112608695436,81.34154904162756
2022-06-01,1921.9579823051233,11918,519515.4839640194,0,0,3106.4665005263582,17644,516937.20034577796,0,0,90.17611617514171,81.91393358963163
2022-06-02,1954.8768657380158,9846,511268.4478954516,0,0,3094.0865454852155,8115,524604.1223813973,0,0,90.33653908561021,82.16829557648083
2022-06-03,1979.0725757561293,17147,510699.5866123616,0,0,3112.4019882810394,6264,517200.10390625254,0,0,90.33320961165852,82.04142129973408
2022-06-06,1986.3416190604366,8066,510811.2890763973,0,0,3153.910132275228,17711,514655.51896889514,0,0,90.21701617102052,82.28684232771643
2022-06-07,2009.1564687639416,5114,517561.752248976,0,0,3138.4847124055295,6504,511590.94115544856,0,0,90.14928875261958,81.86754316343287
2022-06-08,2005.9723730211394,6167,514675.6159224877,0,0,3162.0173017436796,15514,513572.81708150555,0,0,90.06912686854274,81.57880138232855
2022-06-09,2006.9447921954431,15840,514920.15110690275,0,0,3186.8619530874143,10534,512136.06440110924,0,0,89.94166502834119,81.67874414195109
2022-06-10,2003.3933897908157,5597,516213.11333492224,0,0,3143.0186707735133,14684,512741.79020761984,0,0,89.95114771431423,81.0312692431267
2022-06-13,2039.7018496424262,19163,511948.48178729456,0,0,3130.857603611092,19632,511159.16024913004,0,0,89.82835615924503,81.02012100764654
2022-06-14,2024.1914034141514,11328,511720.8602764863,0,0,3105.1508862435335,13653,518607.8850234821,0,0,89.61031953837121,80.71404202001101
2022-06-15,1975.0656022525013,13324,507669.4183366943,0,0,3075.649455171003,11504,514571.5598233326,0,0,89.5723518912864,80.74443413655699
2022-06-16,1927.8081830617086,13811,507534.45677054813,0,0,3035.656272043622,17620,512255.9162734865,0,0,89.39206627164461,80.4211132291428
2022-06-17,1917.6116168429999,12669,514135.3924738084,0,0,3029.9155799516657,16997,518297.0683901161,0,0,89.31685018483786,80.54838767037937
2022-06-20,1915.2938789907769,19355,515565.4538249992,0,0,3025.3824986807167,17544,522233.10107401595,0,0,89.22593989597753,80.55418589747958
2022-06-21,1922.8302318860472,9693,511626.9375458927,0,0,3034.621632396116,11418,522323.0435335326,0,0,89.13881828877494,80.97429567254399
2022-06-22,1931.764312040628,15269,515674.7965850847,0,0,2999.4471667268426,18130,527046.771529482,0,0,89.33891459893397,80.97631603277446
2022-06-23,1944.2628845291904,11393,518415.43869831506,0,0,3007.042574494833,5207,529282.3569425815,0,0,89.34455575565092,80.74572319128603
2022-06-24,1981.8036845429401,14749,522189.7986288028,0,0,3009.647477096376,17940,529161.2328133145,0,0,89.36909285655045,80.67165743453785
2022-06-27,2016.7650497178527,10316,518770.8087043414,0,0,3055.4950879004714,9520,525859.6679156807,0,0,89.19145302691622,80.26838651543282
2022-06-28,2064.3015651462583,5538,521595.19664412626,0,0,3073.0085264364684,5492,530884.9762193959,0,0,89.12605671355253,80.39022769184446
2022-06-29,2060.4577632678893,10603,523563.5946260294,0,0,3098.518853292848,6517,531917.9926035688,0,0,89.14758697654668,80.56718276573903
2022-06-30,2067.606935642831,14479,520763.96165465645,0,0,3092.298989014277,16139,527864.121438547,0,0,89.04513408525538,81.30794157674688
2022-07-01,2055.6533566306302,13822,526399.8649345882,0,0,3060.1118222095947,10606,536545.7439410036,0,0,89.13594036960718,81.12139077956556
2022-07-04,2015.5468060165288,13884,521573.1167085185,0,0,3069.351677651267,14130,532316.5783198735,0,0,89.01567071101708,81.04105240746301
2022-07-05,2017.6063757708807,13570,519767.16313069017,0,0,3100.014061288869,17661,529669.8523693895,0,0,88.98703409743055,80.86832485013154
2022-07-06,2064.5649274012744,13163,522164.6254826875,0,0,3092.3768563236977,14132,520783.0892301579,0,0,88.928428933433,80.93195896047091
2022-07-07,2158.9883806682783,10501,516900.9954586082,0,0,3128.8489947871576,13488,510643.76355791994,0,0,88.9448609993712,81.0464661208148
2022-07-08,2214.068616350817,7792,514663.92564992624,0,0,3199.58679431305,17404,496985.2777209131,0,0,88.88081199218566,81.03045366748624
2022-07-11,2258.4036053644018,12699,520547.44123198534,0,0,3227.20273057517,10015,496190.2886525464,0,1,88.85372262947855,81.35635144254815
2022-07-12,2259.2339953610776,7568,521095.1026002479,0,0,3224.9081569988857,5897,486411.67400819215,1,1,88.83010962030076,81.17125759142172
2022-07-13,2304.172345317038,17573,525679.1165498897,0,0,3244.8739131395196,10054,480574.16185056686,1,1,88.75667084456163,81.46710980578894
2022-07-14,2379.778453180412,19378,524396.4507038202,0,0,3136.5652302948083,9535,468061.70800195937,1,1,88.80518023141134,81.62865916188126
2022-07-15,2343.2979249528153,10470,528495.6349979718,0,0,3174.418586121047,7835,453781.2045010547,1,1,88.82901906889508,81.62505018591158
2022-07-18,2318.293111743276,5156,530372.9797558005,0,0,3258.5844649069586,10182,437311.418085298,1,1,88.82015767436977,81.53056919368443
2022-07-19,2282.875272228692,18247,526238.39666533,0,0,3348.4895662466615,17457,414879.01183127315,1,1,88.77711184102357,82.25856952130384
2022-07-20,2207.01064489919,14008,535610.8029933948,0,0,3430.544705812032,7297,394891.9463507345,1,1,88.85676624407557,82.01346692608121
2022-07-21,2146.4838417684896,5784,534564.7518884154,0,0,3514.1432371217743,18932,380697.8813308074,1,1,88.83318281969416,82.10284687917174
2022-07-22,2109.886157134352,14999,535841.1485994229,0,0,3556.0981975724835,18476,362109.1115149405,1,1,88.80251309091156,81.8777811580991
2022-07-25,2105.8670819180807,12697,533291.0737333903,0,0,3600.690020698646,5965,353690.97265279264,1,1,88.81298209390037,82.4134673826855
2022-07-26,2058.9699994261264,7294,544896.0802238272,0,0,3569.949711908613,11763,336325.04787599057,1,1,88.98264076219746,82.67951528132525
2022-07-27,2014.7515006915514,12454,548804.5739042585,0,0,3592.04369373343,15583,328034.754096195,1,1,88.84860514139534,82.47601031767292
2022-07-28,1972.5469775062395,10377,551316.8262641273,0,0,3581.4862383052005,17657,325568.279215543,1,1,88.92559083070088,82.62978881570228
2022-07-29,1911.8881217761568,9440,544294.4059450749,0,0,3528.938319433355,12150,323774.30290444236,1,1,88.73627371457707,82.70709753208524
2022-08-01,1829.8819650306204,7469,549881.4841209739,0,0,3581.870542669293,8635,328638.87953721534,1,0,88.75800103039992,82.55211010349282
2022-08-02,1793.9674829958583,14961,552509.4710242263,0,0,3695.600963460172,19749,335362.6434780195,0,0,88.9155093131608,82.77955936866127
2022-08-03,1735.4848492872686,5225,552578.8069446546,0,0,3734.2490238268747,15528,342498.06772562297,0,0,88.96437616560753,82.8963509859926
2022-08-04,1725.4617515669424,9356,549388.4056930467,0,0,3715.454172088134,9526,352612.550987034,0,0,88.98143867346151,82.96106060015838
2022-08-05,1769.9713922334922,8409,551410.132191845,0,0,3737.4684544460592,12740,360982.3083343646,0,0,88.9253937265812,82.94848468678569
2022-08-08,1823.4992874310371,11321,552168.8320975133,0,0,3719.040544868895,5202,357679.9365106852,0,0,88.92849844663006,83.07780103456558
2022-08-09,1833.9147193520341,19955,557935.0657784764,0,0,3728.6562066492697,13547,362239.27058239107,0,0,88.90329216508972,83.14661733301331
2022-08-10,1833.7619226494912,19372,550927.226776106,0,0,3750.9494710567024,12255,365121.0088354059,0,0,88.82469450429659,83.16434533292082
2022-08-11,1810.1828528983694,18629,552578.1628475545,0,0,3789.3174881676687,5887,366788.936744054,0,0,88.7957069427491,82.97204055812455
2022-08-12,1808.8769761748836,13404,554521.7599101958,0,0,3760.646389166372,13441,368686.94982464664,0,0,88.81554505881175,83.4801704303533
2022-08-15,1785.8751475260299,19821,544857.0503422201,0,0,3794.4174121842366,18331,379064.41654277465,0,0,88.73882335195869,83.16504444734873
2022-08-16,1751.945074490348,7666,544802.4001521299,0,0,3868.919121787093,18516,384348.045378883,0,0,88.6581951698902,83.29333531301266
2022-08-17,1745.1587162281623,14241,551887.6263916168,0,0,3899.9501631727903,7044,389787.28669139434,0,0,88.522170826131,83.19726309032222
2022-08-18,1750.6830832472592,10264,553313.933600023,0,0,3866.6962903309836,9597,389356.3888035036,0,0,88.56124332873989,83.72512727115702
2022-08-19,1742.008000984493,13252,544370.4474339564,0,0,3840.931349392802,14579,395003.56164997845,0,0,88.61577565493658,83.45408250998986
2022-08-22,1722.0578893489744,6397,545564.8156542961,0,0,3775.4143891550607,12920,398479.6842693106,0,0,88.63894169936025,83.23350353146176
2022-08-23,1739.1196202136414,15844,551119.6335445513,0,0,3743.9806064848513,13194,400182.325558824,0,0,88.7354587486331,82.94255811248323
2022-08-24,1722.2396079926484,13974,550058.7694090554,0,0,3728.5377812383185,14249,400732.0922725243,0,0,88.74424551234118,83.0395976277684
2022-08-25,1695.1548157302136,5481,548452.5670599358,0,0,3732.4966055487844,19774,403027.17771363223,0,0,88.78344660607776,82.62768242989782
2022-08-26,1735.5821863013416,5855,543963.6919162682,0,0,3723.297926421673,11294,404501.2560858256,0,0,88.81383034864152,82.48412388147048
2022-08-29,1723.0164605115417,5437,538233.6284162516,0,0,3725.163068746285,16424,398980.209402389,0,0,88.8046763466997,81.8384141346142
2022-08-30,1706.0192801833953,15548,532567.1833549011,0,0,3757.2515789900317,7938,404873.36307288444,0,0,88.75159416388672,81.91054054085262
2022-08-31,1723.4717772811707,8214,521483.46804899443,0,0,3778.335627005199,18013,406554.61571731925,0,0,88.97300942546592,81.76047608322574
2022-09-01,1724.6288250128202,16682,511883.0187865093,0,0,3765.3095579547785,12583,400574.99280092865,0,0,88.92781432748058,81.31405906004619
2022-09-02,1725.6991601135758,6245,501047.5776921634,0,1,3730.3874540359684,9851,400013.66429402196,0,0,88.86122655636852,81.6397418809384
2022-09-05,1728.112156079544,8643,484583.745985264,1,1,3750.626901655962,19175,398159.88710108254,0,0,88.90462753871354,81.24744181142292
2022-09-06,1706.0646149045626,18118,468477.87577521056,1,1,3744.9567589332405,19730,385426.3803661913,0,0,88.92981298024304,81.48652491843139
2022-09-07,1725.6457749160668,14749,451920.9794952828,1,1,3782.795738239863,6195,375038.70547190437,0,1,88.789333825482,81.27621267123504
2022-09-08,1747.2392566216536,19232,436422.8240297832,1,1,3686.0220067689534,18486,360945.5216407518,1,1,88.90160165093837,81.75668408460368
2022-09-09,1758.8225653510556,18357,421243.08373017353,1,1,3749.286302653151,7335,348197.3268282808,1,1,88.8921821934033,81.98154924628152
2022-09-12,1789.7343563690408,5252,415652.0513549375,1,1,3807.9804309973206,17422,343399.5452631204,1,1,88.78108908388172,81.67913488501931
2022-09-13,1780.3154272586266,9477,404372.3123639081,1,1,3750.6849430801676,6066,329416.87253978464,1,1,88.89996749531711,81.40401011935622
2022-09-14,1772.657659182112,10408,391402.7462485517,1,1,3687.8885699492384,6861,322331.3993059861,1,1,88.96253505247672,81.5856676809235
2022-09-15,1803.4072145060798,17211,385113.132707393,1,1,3666.9812465832842,8091,311383.60838618194,1,1,88.83608085328193,81.50695424171046
2022-09-16,1781.2243195092715,13798,370850.0440010377,1,1,3616.527136755749,6672,295813.40893479704,1,1,89.0137991373077,81.45615148960405
2022-09-19,1759.3382761653902,13928,358796.0464069031,1,1,3678.6487558571234,11475,287960.7915220726,1,1,89.07967887414432,81.83782314813568
2022-09-20,1722.9687004170253,11696,346704.3730866963,1,1,3787.7554256134626,19268,273151.6714870563,1,1,89.07865926258182,81.6132164861247
2022-09-21,1701.1912356398334,16574,331816.1909911123,1,1,3819.489828315477,12479,261218.34751288244,1,1,89.237681143144,81.64060461777733
2022-09-22,1704.216405296933,5321,324555.50179995946,1,1,3805.7641258484214,5636,241962.02361859774,1,1,89.25361092152696,81.92699295587302
2022-09-23,1677.7305368627945,6729,307721.5235268203,1,1,3865.517398220583,15426,232922.83781698864,1,1,89.25080261401656,82.1697282023887
2022-09-26,1688.069150761735,5355,294634.7941541211,1,1,3845.998908906221,8323,231437.03536883905,1,1,89.18477260241436,82.1218444021325
2022-09-27,1727.2694905932347,7437,278889.1167728441,1,1,3837.6852060313536,12137,228718.91163424496,1,1,89.24295764634506,82.0351726378767
2022-09-28,1634.609819428009,11702,260963.3852650944,1,1,3884.015745742441,13621,213906.60232762215,1,1,89.29061794307746,81.51352799912043
2022-09-29,1558.918418203726,5729,250982.93617193552,1,1,3816.3130573140375,16293,205936.16442684407,1,1,89.29208595706643,81.19665450132086
2022-09-30,1506.684526962672,15553,243453.42806840054,1,1,3743.6876353956004,9609,195933.5563493461,1,1,89.21308732167968,81.29216226929329
2022-10-03,1457.9941688508063,17750,231804.14750615755,1,1,3651.8844993094044,18939,193000.39245906833,1,1,89.22608030709628,81.25079761261061
2022-10-04,1433.2459846133036,16392,217689.27842895553,1,1,3607.093202272278,14783,184874.1670002043,1,1,89.21910042852006,81.27327573618048
2022-10-05,1403.6756488185495,16304,202135.60555572165,1,1,3575.554194774991,5484,184550.77238941923,1,1,89.08575299664665,81.5850518190707
2022-10-06,1383.5833624464399,12217,203325.6334365869,1,1,3611.329562437561,7291,174794.02423819853,1,1,88.93857176151423,81.22885488635202
2022-10-07,1347.088943103855,19567,189258.7590793124,1,1,3646.217961289498,10953,163843.75244093087,1,1,88.9950870993952,81.15800079568223
2022-10-10,1320.5001213737894,19885,184276.7134892815,1,1,3654.7705914654,7987,158853.85832558645,1,1,88.73489826789005,81.21461408470559
2022-10-11,1308.466405951832,8808,172648.4648927788,1,1,3662.313634313266,9998,148321.27479528764,1,1,88.75543932058616,81.00336610343324
2022-10-12,1313.0430835320296,10303,168908.9178946515,1,1,3647.3297252327725,8943,144755.54330651835,1,1,88.70763101481079,81.43280923761145
2022-10-13,1319.2052119506054,13167,164754.15089753125,1,1,3690.2176225763687,12800,136353.97554850738,1,1,88.83845567549878,81.7053852780954
2022-10-14,1311.5219617858315,18787,155480.79977898867,1,1,3594.5923081154524,18355,128686.30604397885,1,1,88.78910885458339,81.79242527622203
2022-10-17,1327.1862852849893,14106,154943.90250755378,1,1,3443.131309577109,9664,129421.35258722708,1,1,88.85505727600858,82.3306948100206
2022-10-18,1355.3799500684254,19135,144790.87895086932,1,1,3328.209661561308,19080,121773.57389484302,1,1,88.8153658918848,81.88102622613756
2022-10-19,1374.743647958581,13448,139767.8535620326,1,1,3296.4703483217754,16881,120575.5378509755,1,1,88.82674070723341,81.87870834180586
2022-10-20,1373.506772891591,8057,132547.42050098706,1,1,3306.8682289059375,6652,105550.28771053943,1,1,88.90042436032542,81.98860943248607
2022-10-21,1369.9833081299846,17975,123495.11364296121,1,1,3271.184954372409,13807,102505.6272905758,1,1,88.85416878869296,81.7142429184479
2022-10-24,1364.7444744388058,10297,119711.3251842269,1,1,3306.40168342695,8857,102141.09570762428,1,1,88.9538242771428,81.80445728099322
2022-10-25,1375.203682513629,16092,101804.3988654813,1,1,3267.1957691226166,6328,92635.49441459126,1,1,88.85445448943216,81.47248253285686
2022-10-26,1347.0940119084275,5152,85861.55825218726,1,1,3276.759443091373,13502,89508.73961675222,1,1,88.883913773688,81.67964972833913
2022-10-27,1376.2659895797603,5543,76221.49588656878,1,1,3272.6726285222,17116,82046.56364451277,1,1,88.97617774596678,81.99700015877781
2022-10-28,1383.9444522983424,14441,75808.24036209827,1,1,3317.539294662419,10677,81436.8643871249,1,1,89.04218149514581,82.0787001791163
2022-10-31,1401.9791248342513,12175,71952.77692341407,1,1,3239.723275118232,8953,68699.71848063142,1,1,89.23382598281935,81.52286083459681
2022-11-01,1402.805914268979,12615,72644.72295539935,1,1,3223.5663863814802,10032,57540.47585390855,1,1,89.15748205108828,81.23282277824701
2022-11-02,1405.4581764656446,14893,72693.96442292114,1,1,3205.4922505179247,7530,55072.91581952235,1,1,89.01956712595343,81.40223577921095
2022-11-03,1412.7786565195322,17188,77261.48100382571,1,1,3234.981881942355,12252,41598.35443406157,1,1,88.92013361510391,81.40859537226467
2022-11-04,1405.5288826432375,9816,77224.15099288401,1,0,3204.486033677623,5713,38895.68373272224,1,1,88.98617787175876,80.60039458695692
2022-11-07,1411.3220998094614,11443,84439.61117086328,0,0,3202.724615596787,13588,36142.11751795492,1,1,89.03597016518569,80.97324370211739
2022-11-08,1398.5985279995703,15883,90561.57807480013,0,0,3223.878072842342,10944,33207.350524992515,1,1,89.04619583115044,81.01424065399354
2022-11-09,1399.6704910307103,6977,100467.1776102751,0,0,3219.9309405082795,16345,25070.960367621185,1,1,88.93390012623972,80.76851825479352
2022-11-10,1409.8114967741888,17267,113766.36994234817,0,0,3196.9566496665643,18297,19358.720361443953,1,1,89.01058685557263,81.06700493406352
2022-11-11,1430.0257533241495,11146,123105.37283971575,0,0,3191.0229272817814,15300,13145.790457486162,1,1,88.88811637780758,80.86374293019145
2022-11-14,1449.4262642480383,6286,129977.62641108036,0,0,3107.128719029148,9489,5326.591946295292,1,1,89.00401133604527,80.6572072949102
2022-11-15,1461.5308869963544,11894,135270.81708817687,0,0,3154.2256298252273,7686,1000.0,1,1,89.28975517835926,80.7647130902144
2022-11-16,1495.4930314251833,10948,143532.97296037676,0,0,3209.6024546924455,6023,1000.0,1,1,89.3264002930164,81.29902462798708
2022-11-17,1506.6883711475464,19646,153886.2826808855,0,0,3239.0351925349664,7086,1000.0,1,1,89.38471110658217,81.78610078137895
2022-11-18,1507.045296845951,15385,162507.64955509995,0,0,3220.5274938793023,6916,1000.0,1,1,89.33542512969262,81.89401423105019
2022-11-21,1512.5435504728164,6476,172851.40282779277,0,0,3324.786231678999,8602,1000.0,1,1,89.15440379758394,82.03272992870528
2022-11-22,1527.2789418810391,13127,183906.96635082262,0,0,3305.345353781788,12601,1000.0,1,1,89.09413186128091,82.27017960833072
2022-11-23,1524.9983886125708,12380,193463.23271919944,0,0,3245.8400180925205,9296,1000.0,1,1,88.98484233717105,81.89308450571993
2022-11-24,1520.9213230172327,16774,198491.43262960308,0,0,3304.3408819250226,18390,1000.0,1,1,88.84014187952954,82.08632900686553
2022-11-25,1495.795857005521,18925,202356.2521305076,0,0,3383.7254264003004,10302,1000.0,1,1,89.01237787372911,81.86610696642246
2022-11-28,1490.1596971514007,9060,209213.45617783428,0,0,3412.691208891487,17000,1000.0,1,1,89.03966412553169,81.96165038646143
2022-11-29,1484.1631044648175,11894,216902.94515677512,0,0,3419.872597729452,6084,1000.0,1,1,89.07763288359308,81.89341009817923
2022-11-30,1475.4564499700818,5213,225631.0826874357,0,0,3573.6964868864,12004,1000.0,1,1,89.04673064707346,82.0437725963135
2022-12-01,1463.0414489095872,11306,231879.83989256542,0,0,3478.905500559721,18067,1000.0,1,1,89.02944353882911,82.07920363581543
2022-12-02,1474.4863338049545,16577,225123.76425918326,0,0,3495.029901140755,17032,1000.0,1,1,89.12589860705305,81.15729455456905
2022-12-05,1452.9548280274937,8151,232120.31738264833,0,0,3562.546631661086,10744,1000.0,1,1,89.12266489518353,81.2109620680806
2022-12-06,1449.0005883229671,10975,239441.79427914193,0,0,3473.099998754629,7875,1000.0,1,1,89.175734288986,81.40360795377038
2022-12-07,1450.3959159556746,14340,252234.16186300098,0,0,3428.272878397005,12926,1000.0,1,1,89.1561338592015,81.53738645827191
2022-12-08,1449.4950157145206,19173,256662.7880681819,0,0,3362.8362156781363,8818,1000.0,1,1,89.1219185701283,81.50661067440934
2022-12-09,1478.2437858005287,6616,258294.04867238828,0,0,3224.464838354666,16237,3830.8449459251287,1,1,88.98122715356811,81.99925918198846
2022-12-12,1488.2575787660762,5215,265523.46057642356,0,0,3065.676401330195,5810,1000.0,1,1,88.7834522473314,82.09267112072496
2022-12-13,1510.0316067844317,9069,266989.8909656981,0,0,2876.27251596381,5659,1000.0,1,1,88.75729605722475,82.2239731107829
2022-12-14,1509.946355955025,11346,272864.66706043645,0,0,2776.0160525694655,9435,1793.5099870237489,1,1,88.76294572642408,82.53732067899807
2022-12-15,1525.558015492853,6941,278293.37218760175,0,0,2759.251618404145,11320,1000.0,1,1,88.6343327227532,82.64609857890704
2022-12-16,1535.3116524591412,12126,282949.76831138117,0,0,2755.889191510101,16342,1000.0,1,1,88.63088523624974,82.37669325288279
2022-12-19,1551.7981864079984,19446,291716.93371435755,0,0,2779.620500956422,10721,1000.0,1,1,88.63626049254879,81.6451920287489
2022-12-20,1553.9216464925416,11046,302038.6004949769,0,0,2794.998299744374,7325,1000.0,1,1,88.42065969194286,81.50205575814347
2022-12-21,1550.009353908385,5514,312346.17306794977,0,0,2788.316573574846,5004,1000.0,1,1,88.3291472259949,81.7303394159078
2022-12-22,1538.4821286959996,8209,327514.65930471715,0,0,2809.5380610879556,8231,1000.0,1,1,88.36987361536845,81.62441051648247
2022-12-23,1498.5169405710105,10332,328434.2984581439,0,0,2808.6329659685794,12560,1000.0,1,1,88.40857948830802,81.86476402816699
2022-12-26,1424.0197687030063,10082,333784.0564652852,0,0,2840.4126451926522,13309,1000.0,1,1,88.29321199666805,81.90938248094307
2022-12-27,1374.1750949759448,7918,339610.3791940828,0,0,2856.5995054259547,11423,1000.0,1,1,88.30905680171801,82.29580230202173
2022-12-28,1360.5576251788623,6510,345054.56578572915,0,0,2795.683571512872,16110,1000.0,1,1,88.41129752425407,82.20723728988553
2022-12-29,1314.2173321747784,11826,343129.88120030076,0,0,2844.399524750072,16166,1000.0,1,1,88.48900482015316,82.34752173785583
2022-12-30,1317.0149864520101,10393,351307.01866687596,0,0,2897.1249314010674,5967,1000.0,1,1,88.47947624145176,82.49928725721644
2023-01-02,1332.27548598563,17092,348948.9199675325,0,0,2916.3935421794577,8186,1000.0,1,1,88.43267861011934,82.94976781900579
2023-01-03,1348.2444435199398,10064,345798.5216439984,0,0,2915.7946470315105,10410,1000.0,1,1,88.36974416168589,82.4377766271055
2023-01-04,1387.8177496279952,18184,352491.6563432393,0,0,2877.558036925608,8032,1000.0,1,1,88.41652613997685,82.30025414473957
2023-01-05,1421.8975004738588,15446,356421.3040850087,0,0,2848.972080309757,11808,1000.0,1,1,88.43603653729113,82.55480897635611
2023-01-06,1445.4857024413,13479,356755.9653071726,0,0,2849.2820770781273,19414,1000.0,1,1,88.49897693790136,83.01857792028972
2023-01-09,1476.7637721205306,6824,355580.950443495,0,0,2846.846090630313,9709,1000.0,1,1,88.51216431921347,83.09059937408233
2023-01-10,1481.9072985746532,12347,360421.08417896833,0,0,2846.117137248571,8616,7148.3024820377395,1,1,88.59404071424822,83.00278812475588
2023-01-11,1475.6632279142123,18690,360867.00954309537,0,0,2846.4333462081695,10392,1000.0,1,1,88.60349996754398,83.22992363535822
2023-01-12,1484.3268922850061,15028,349985.1319323864,0,0,2885.2287342933537,8505,1000.0,1,1,88.68196883915715,83.49053443792772
2023-01-13,1472.9522016450853,8055,341551.8027261322,0,0,2822.207843817827,17606,1000.0,1,1,88.76905111619382,83.38263593432754
2023-01-16,1441.0196471386366,12593,329125.26332662656,0,0,2803.2830054771325,13989,2337.40368684715,1,1,88.68859845317134,83.4817281279808
2023-01-17,1409.2764530500658,10654,309882.5926843337,0,1,2763.7929569102457,12098,4479.691772305024,1,1,88.50778404848427,83.8358863067044
2023-01-18,1386.6797542915492,6242,297268.89007491776,1,1,2788.53607808789,6791,2117.3370493324987,1,1,88.66213333408572,84.40302400468673
2023-01-19,1400.3557412457517,18396,288117.35390379763,1,1,2824.260213260957,12734,1000.0,1,1,88.68779920715694,84.62580549245732
2023-01-20,1405.192724422611,11508,287654.6910995253,1,1,2798.338977733889,8604,1000.0,1,1,88.51635061760733,84.63904716145699
2023-01-23,1426.578871733241,19604,272522.2891020763,1,1,2801.245069413491,7181,1000.0,1,1,88.44496866788546,84.62282460864562
2023-01-24,1404.4060680631903,11552,267416.66620946,1,1,2853.0642265336087,6661,1000.0,1,1,88.52215609712245,84.79004357580371
2023-01-25,1400.1245625798513,19568,252618.8110386919,1,1,2834.2030208861706,13626,1000.0,1,1,88.49418841400916,84.75534172305987
2023-01-26,1421.2822965593714,6986,251311.3639622246,1,1,2797.1819809568647,7316,2973.8162089355997,1,1,88.44298227207724,84.81223387276658
2023-01-27,1410.0655801619782,16078,245702.19671798684,1,1,2815.8166909066053,13175,1000.0,1,1,88.58307045810854,84.49487099340732
2023-01-30,1400.9811796505803,8685,238907.48699470304,1,1,2927.3185211776845,13158,1000.0,1,1,88.47834174347015,84.88398815235468
2023-01-31,1397.5166832275702,16548,239333.07472715486,1,1,2817.388088319411,10366,1000.0,1,1,88.39852640769467,84.54193273421006
2023-02-01,1435.4404923742466,9014,238879.84102202175,1,1,2674.065456326706,13405,1000.0,1,1,88.4196650551995,84.41229920607417
2023-02-02,1375.3900625940191,10765,246814.64173749328,1,1,2567.881144794921,6322,1000.0,1,1,88.4587105484049,84.4415771843297
2023-02-03,1342.947614426816,8316,251277.8968286645,1,0,2522.9228865205578,18903,4038.7875565732984,1,1,88.50834485183896,85.0388732482963
2023-02-06,1319.5663299723021,16332,262548.7631354481,0,0,2504.9669236999634,9684,1000.0,1,1,88.59946865629585,84.9120683528406
2023-02-07,1299.637571282817,6417,270320.8497247654,0,0,2534.493825324302,7083,1000.0,1,1,88.619326518364,84.71226360865248
2023-02-08,1280.0607602168511,6650,268969.3555634033,0,0,2496.8005411167924,12067,1000.0,1,1,88.66826491225785,84.54701853345234
2023-02-09,1289.21847121122,7695,269028.70870587963,0,0,2444.776217165987,14785,1000.0,1,1,88.64234398632634,85.04468768373573
2023-02-10,1308.0659710792197,14328,269023.929912243,0,0,2389.2333226908067,6397,1000.0,1,1,88.64861381665001,84.20098358568393
2023-02-13,1287.9867634770355,8777,271696.3702854786,0,0,2391.891287601601,18042,1000.0,1,1,88.65936723465538,83.90016218203935
2023-02-14,1252.4474384270145,8170,278417.4745127436,0,0,2393.168261052246,9587,1000.0,1,1,88.68087704823728,84.71954879478722
2023-02-15,1221.507570410812,17460,282527.8990979106,0,0,2387.850903307282,9703,1000.0,1,1,88.75813102899556,84.89681341683472
2023-02-16,1191.2423333566094,11171,282607.3942207644,0,0,2383.5825458857867,10414,3068.4196583433204,1,1,88.81364559719005,84.56501793203294
2023-02-17,1205.3629944225177,10518,286155.61764385615,0,0,2433.748005068283,18313,1000.0,1,1,88.81806729748006,84.55244253738051
2023-02-20,1210.256068183031,6707,286913.07513353485,0,0,2396.203157450406,11658,1663.3463591417362,1,1,88.73715469898596,84.57267890720087
2023-02-21,1216.5539450870913,16432,297746.71979813866,0,0,2359.6472686119923,8896,1000.0,1,1,88.74392182479222,84.82651648097256
2023-02-22,1233.207952400262,5398,302202.238582201,0,0,2307.6622326093816,9372,1000.0,1,1,88.74112004630265,85.37836708181932
2023-02-23,1206.7690800331318,12424,313294.0280620621,0,0,2302.1155436749796,6968,1000.0,1,1,88.76043820428397,85.49493258620309
2023-02-24,1207.6521448861897,7332,320209.33805915766,0,0,2247.7780023902055,14583,1363.9735495144646,1,1,88.98109073499802,85.3329960952992
2023-02-27,1210.0744938251735,17307,319387.06242560036,0,0,2233.717925435037,7161,1000.0,1,1,88.92871345714389,85.56912142792866
2023-02-28,1216.8389087733624,11614,322862.91265904176,0,0,2213.4308605144797,17785,1000.0,1,1,88.97094235905642,85.3596456188698
2023-03-01,1240.8942639059235,17865,324071.371410115,0,0,2239.0944715455435,13810,1000.0,1,1,89.07778856578085,85.0496443700731
2023-03-02,1276.2093611245432,16444,326199.4878026814,0,0,2238.2318189182115,15679,1000.0,1,1,89.08758875719079,84.52167170848617
2023-03-03,1285.9945336680441,14680,325563.31241994596,0,0,2231.1907715637544,9094,1000.0,1,1,89.32137326910801,84.05213319013605
2023-03-06,1283.4928520757696,8554,333015.107387538,0,0,2193.4198377817706,8504,1000.0,1,1,89.28356933993486,83.78319964329876
2023-03-07,1287.6113210233366,10974,334988.14463257557,0,0,2180.5735276895966,15138,1000.0,1,1,89.31597826216687,83.4298627129885
2023-03-08,1284.8025321405541,6750,333196.6944371792,0,0,2172.4958846808922,8279,1000.0,1,1,89.23609768767757,83.52383367120092
2023-03-09,1281.81964148833,5615,333073.4492194766,0,0,2156.552296990934,16906,5349.779241812634,1,1,89.20094521416324,83.1640131234537
2023-03-10,1274.6416032485026,6057,331518.7847596306,0,0,2201.2479979970994,6596,1000.0,1,1,89.22583860520291,82.22091323284629
2023-03-13,1279.2852416808562,17534,337948.032514552,0,0,2149.654429402957,17239,1000.0,1,1,89.31046901143368,81.90773970046943
2023-03-14,1271.291119231353,11804,344943.7558712542,0,0,2060.094201207292,9551,3548.2002362801672,1,1,89.34237849483603,81.76618180615301
2023-03-15,1275.6150833534305,7501,354501.2689099305,0,0,1981.5074438529043,13833,3270.594563345415,1,1,89.46828997976951,81.58454695979142
2023-03-16,1278.3987273925875,11021,353105.1312058214,0,0,1941.1206306276565,8432,18876.746482142866,1,1,89.45879344871024,82.04040436358417
2023-03-17,1292.572654152041,15201,358603.8250290058,0,0,1905.6522139499407,14771,28557.980423885245,1,0,89.42557659572634,81.85634159579743
2023-03-20,1308.2409236243773,12545,369500.8178154783,0,0,1927.991890160038,5251,35494.063888184064,0,0,89.69597510645428,82.1206186347572
2023-03-21,1320.134394440656,16679,379263.5367274745,0,0,1950.2984011212436,6856,48920.69180468832,0,0,89.73539887139849,82.11492385485293
2023-03-22,1307.5761512142817,13342,387054.096124211,0,0,2003.0914335911557,10502,59088.69098866844,0,0,89.66345071680063,82.10223243715116
2023-03-23,1284.9827659475836,11303,389226.03711709165,0,0,2044.301539165044,5087,67568.11474081464,0,0,89.59402434057581,81.85161835049675
2023-03-24,1261.0531010394602,9238,396308.81690007757,0,0,2106.875760623186,18984,80255.77270871164,0,0,89.49975634912269,81.83398355502251
2023-03-27,1238.4575938495873,15436,400381.9839726093,0,0,2106.9586833305566,13328,94822.19108920413,0,0,89.59341328470836,81.60445471695328
2023-03-28,1226.0729479783877,8806,397801.0519355791,0,0,2119.707498079321,5107,109523.74614451779,0,0,89.55697555541904,81.65546201122966
2023-03-29,1232.9017327696101,7224,397700.379908891,0,0,2109.6077281357652,18425,112703.47477861687,0,0,89.56971180298468,81.58458712144255
2023-03-30,1245.863163812092,19641,399631.94817314815,0,0,2105.5881474316698,12883,120273.68614137736,0,0,89.56336093554086,81.30119874148508
2023-03-31,1239.3403631000833,18728,405031.68599323055,0,0,2083.856124852188,10678,135948.1357845257,0,0,89.63651017633495,81.59876704339526
2023-04-03,1239.348747417517,5519,416804.9158827173,0,0,2117.9974820293173,19701,143553.68758423268,0,0,89.55183576704655,81.72681918740169
2023-04-04,1252.0762131104887,12568,418300.63831918954,0,0,2125.8729212941066,15041,149381.69253174143,0,0,89.44427853843226,81.59240036715902
2023-04-05,1262.0739667690473,14575,412831.5033923548,0,0,2148.9081105290666,8778,155050.36547895614,0,0,89.46670826915042,81.63604828126961
2023-04-06,1256.868162885808,16626,418952.45332945493,0,0,2159.467560842626,7684,157942.1967609264,0,0,89.52680419762041,81.61090152481901
2023-04-07,1290.263692628995,7898,421318.9545235565,0,0,2188.9739715644823,14209,161292.35671707388,0,0,89.56005742893016,81.35062424364003
2023-04-10,1314.7196990790735,18283,436591.25167732494,0,0,2167.7738721444466,16618,169878.48755891278,0,0,89.47911205602043,81.37177311234638
2023-04-11,1340.2701525549828,15880,428784.29100418504,0,0,2115.2847585203635,8023,179616.95847519732,0,0,89.54686054022957,81.18546958590417
2023-04-12,1353.8137540277905,16593,431502.7475103991,0,0,2141.540054422231,11089,184768.45511575235,0,0,89.47247444752001,80.90198943521814
2023-04-13,1356.6899121777822,11198,442031.62107801985,0,0,2122.0539057244628,10849,197580.13209505597,0,0,89.42032058304137,80.41515923613818
2023-04-14,1351.8967573319842,7506,442553.9670454324,0,0,2099.4132743700984,14551,211174.40152375257,0,0,89.32592523056917,80.30757703007659
2023-04-17,1330.7061053871096,16767,444801.9559811625,0,0,2084.712481042242,12916,215944.26800928076,0,0,89.45604106543438,80.47766822795171
2023-04-18,1334.733501011467,15084,446690.928426668,0,0,2075.1291763309223,7823,217025.45631643053,0,0,89.5193832195371,80.26927042193805
2023-04-19,1343.295032561396,19516,441093.0839563242,0,0,2081.917968942412,17367,220957.99461589428,0,0,89.579882557105,81.02548302958544
2023-04-20,1365.8966970551091,11716,445384.0862113675,0,0,2072.8227863719644,5432,226452.61905351435,0,0,89.70460369921923,81.29118872568127
2023-04-21,1349.554164966502,10652,446738.7918821026,0,0,2069.17221005559,10452,242287.33420637954,0,0,89.98586862404312,81.68248776547941
2023-04-24,1359.494371575012,16340,453189.2129938788,0,0,2084.2703390383376,11299,256707.2035770042,0,0,89.8149460136521,81.92106066910154
2023-04-25,1346.8510199552427,11171,456021.95633605187,0,0,2096.062292223829,17653,260927.989013017,0,0,89.74110835556439,82.47692016158311
2023-04-26,1338.0305000858016,18134,457507.38677958935,0,0,2066.231354618258,13597,253830.34108983306,0,0,89.67949084714694,82.24081956654135
2023-04-27,1304.831727816032,18270,453971.9767029304,0,0,2064.296050329403,19948,250962.38518472543,0,0,89.59440888490866,81.47259835084375
2023-04-28,1271.6029610895669,16308,454667.00247160986,0,0,2069.0722556429273,17535,242203.98146042833,0,0,89.48665056014829,81.3387606683379
2023-05-01,1273.3397709174953,16356,458155.2090267623,0,0,2061.9465559048267,12789,234625.41391997,0,1,89.45668525374276,81.50622624100215
2023-05-02,1276.0719151869941,11024,459076.60792747093,0,0,2040.9762685085898,6041,220968.58470506992,1,1,89.33502488221382,81.55168133252654
2023-05-03,1284.3738735767179,19503,458575.72521214356,0,0,2042.529414329953,18625,216700.06642009056,1,1,89.36852911896756,81.63432311581688
2023-05-04,1285.352102364727,11343,457278.3376191601,0,0,2062.9710435199777,10799,202586.0733238981,1,1,89.37369895111041,82.03059611661784
2023-05-05,1292.959792114346,11482,463368.44785175927,0,0,2028.107242555887,8072,192651.99385729272,1,1,89.42180181758678,82.14521338895659
2023-05-08,1296.712002775068,16089,464307.36598321854,0,0,2060.2294790315223,14208,194513.5192917421,1,1,89.47257466275062,82.38488726723389
2023-05-09,1316.1215845883803,17942,459660.4989656866,0,0,2074.478991629891,18845,185340.92345628998,1,1,89.53287534809328,82.10301844467807
2023-05-10,1308.0473845839222,8708,462723.4558765573,0,0,2076.2363253011927,8279,173622.76845471442,1,1,89.49553445441089,81.77440033791326
2023-05-11,1287.1109110189118,19658,458112.9823805747,0,0,2111.368037523874,17002,163661.76247742824,1,1,89.70764879467426,82.25863451482061
2023-05-12,1302.6450045599893,14273,456872.6727353226,0,0,2100.2890170850555,14204,152861.17681160851,1,1,89.73109190632246,82.28890497536473
2023-05-15,1345.9170055961984,13734,460523.1320659699,0,0,2113.2049713018646,13010,146178.4747717313,1,1,89.54484343105999,82.10193622033088
2023-05-16,1384.3599401562226,15134,465761.614475451,0,0,2077.5923860116054,14031,142284.9539162222,1,1,89.44460585648336,81.91551787226675
2023-05-17,1420.0902028589176,6759,456789.38828221237,0,0,2083.405581733662,5824,133235.10651840805,1,1,89.27055555758058,81.72078093577528
2023-05-18,1420.7106309553067,8690,453216.5724041935,0,0,2129.803688131638,14347,129927.07750043854,1,1,89.27228902049572,81.50809322946152
2023-05-19,1420.14013949514,8956,450532.1536649706,0,0,2095.0856477580846,17556,113723.08381505834,1,1,89.26010849809037,81.12314888868042
2023-05-22,1422.9079222584705,17944,449080.8009249642,0,0,2064.0663226056913,16593,114508.23251474967,1,1,89.21326592830043,80.67302276801428
2023-05-23,1410.8732629121284,12419,455058.415085349,0,0,2027.719510435145,14301,103198.9497385836,1,1,89.41435853954049,80.61452145471794
2023-05-24,1396.9996989938725,9645,459161.9591088619,0,0,2002.566777618039,19133,97035.34092059714,1,1,89.46925682694817,80.43664369362183
2023-05-25,1387.5231704027606,11741,460374.031654487,0,0,1948.1745269158844,12649,92980.26181329739,1,1,89.5418666630928,80.76879147925482
2023-05-26,1376.0335139554393,7318,466641.6406015753,0,0,1897.0994128880218,15062,80285.48076589324,1,1,89.4487593142986,80.8567144752349
2023-05-29,1382.1957758605756,12497,468286.67721242347,0,0,1875.2498675310626,18821,72313.08744782474,1,1,89.34884482516549,80.93630977925828
2023-05-30,1382.3130528880927,17828,465984.42591508717,0,0,1874.366527061269,14980,66338.84141490907,1,1,89.35252537507519,80.71337365699195
2023-05-31,1397.061595055595,15155,475516.63680114836,0,0,1848.270871270009,8006,63550.13409093588,1,1,89.36982608904042,80.67706513225795
2023-06-01,1412.6384291536497,5309,484273.09324678394,0,0,1864.4091591658291,11210,59858.213762355044,1,1,89.18419493232896,80.78536546334739
2023-06-02,1427.3622858649492,9101,485057.25421413616,0,0,1899.9285029066377,11980,47905.03187763343,1,1,89.16616423004402,81.00022418526119
2023-06-05,1420.6815268225605,15330,485030.68365434126,0,0,1893.160021039797,11890,40351.86572341307,1,1,89.16757143833136,80.97205663730568
2023-06-06,1381.9449192451866,12374,489265.10189140675,0,0,1878.8283421713816,7276,39793.14703541073,1,1,89.14605652175425,81.29579377110295
2023-06-07,1371.4985542239463,8136,492438.7228090667,0,0,1876.5985030920872,8830,35764.26181633006,1,1,89.06471748051958,81.29819056377532
2023-06-08,1389.2733755310237,5130,489442.4038472374,0,0,1879.4685692127566,11543,31510.06466887622,1,1,89.01076396232747,81.53604469933063
2023-06-09,1396.5832186641087,5826,501584.75245517166,0,0,1871.907370121921,5475,24369.567372112717,1,1,88.99307804297018,81.38908903675389
2023-06-12,1398.4062771083602,15931,499201.96498068137,0,0,1829.1192990044392,7236,15307.032178611113,1,1,89.00215804533119,80.84531252678329
2023-06-13,1392.5760683493793,15306,501407.01266724634,0,0,1852.7948590081473,18751,5916.764372450897,1,1,89.06263720358625,80.92582022318885
2023-06-14,1386.1581102692526,13777,496710.1970759839,0,0,1834.0677070768536,13334,1000.0,1,1,89.17072282408134,81.14341744213283
2023-06-15,1411.764635473767,11881,483903.141641718,0,0,1836.3996742838992,10630,1000.0,1,1,89.14128805172861,81.3160216416751
2023-06-16,1468.1128359858233,7980,461857.0492073016,0,1,1812.2004989812212,13951,2384.5517379992507,1,1,89.09567243211708,81.44267764010634
2023-06-19,1497.8002912731845,15260,450615.6756493523,1,1,1761.295703019008,8173,1000.0,1,1,89.1394379994705,81.33810155031983
2023-06-20,1526.5353399968747,17387,443383.96541922505,1,1,1714.8486061071321,6395,1000.0,1,1,89.2005224911116,81.09607767488616
2023-06-21,1551.604902174941,5227,425282.938667019,1,1,1691.5180618454183,15592,4472.814731443954,1,1,89.1571024477857,81.26159615559929
2023-06-22,1578.1256820971346,13200,413785.7780317105,1,1,1649.0740897050362,12372,1000.0,1,1,89.23614179548233,81.38953038045878
2023-06-23,1589.2667021096631,16959,400911.6889908703,1,1,1605.3585074288258,19010,1000.0,1,1,89.33410032959792,81.22126065320563
2023-06-26,1584.337658849416,14293,386225.7504964043,1,1,1572.4653498293305,10685,1000.0,1,1,89.46326897616379,81.55408790996324
2023-06-27,1606.5154539818082,12406,366253.4653598123,1,1,1541.1373391526804,18461,1000.0,1,1,89.64110106683577,81.28922825559897
2023-06-28,1597.9430516393184,8959,353617.09059512935,1,1,1514.4169392867977,9310,1000.0,1,1,89.55445945296982,81.11417124196166
2023-06-29,1604.9270706584382,13248,348540.7211748526,1,1,1498.126136803916,5972,1000.0,1,1,89.55584927390308,81.60509880566416
2023-06-30,1554.3363954762183,14437,338817.47171143466,1,1,1480.6763221292185,19112,1000.0,1,1,89.55697704356494,81.86567338698433
2023-07-03,1609.260593313414,6211,326799.75187837525,1,1,1495.0754061635464,12975,1000.0,1,1,89.5471696867117,81.75827059521703
2023-07-04,1628.7276090841524,6861,321093.4361256256,1,1,1512.5856317832406,12776,1000.0,1,1,89.48224339475068,81.8444848081101
2023-07-05,1649.8937474071074,17603,318066.89119522733,1,1,1513.398282461777,13579,1000.0,1,1,89.33368719442757,81.89092248146724
2023-07-06,1635.389452907238,10557,309823.01231538306,1,1,1519.0589919820936,19100,1000.0,1,1,89.34295513903048,81.06723832197403
2023-07-07,1634.1574008906862,15399,306284.0490189577,1,1,1534.832730492927,11144,1000.0,1,1,89.26611957307568,80.79529613713201
2023-07-10,1611.7423035089125,8779,313288.694355589,1,1,1545.4102189832247,7163,1000.0,1,1,89.27471892115045,80.78004215199923
2023-07-11,1624.0570073344697,16287,317879.32731090457,1,0,1515.7742194529683,10247,1204.190751466105,1,1,89.19531456698056,80.67305870903144
2023-07-12,1603.525994822885,19425,320901.9156037586,0,0,1540.967811333804,9580,1000.0,1,1,89.08534873239613,80.74718947848056
2023-07-13,1630.4231418152694,8588,328366.7108654013,0,0,1561.4168649626,11605,1000.0,1,1,89.10877856843382,81.08603417236495
2023-07-14,1651.3263549377443,18206,335306.57026611693,0,0,1546.29994542784,12684,1000.0,1,1,89.12387072111446,80.98957343696877
2023-07-17,1679.0475053745101,19636,342821.58198300836,0,0,1565.328536404399,14276,1000.0,1,1,89.18179891824656,80.6722769981319
2023-07-18,1723.1523654102702,15249,350474.70742744376,0,0,1547.2279477564305,19320,1000.0,1,1,89.40038529488832,80.76973249568522
2023-07-19,1766.4740946746992,17461,350261.98205985216,0,0,1527.4432064528912,8986,1000.0,1,1,89.42811424800941,80.67174549561487
2023-07-20,1769.8502153656464,7729,360902.35673748545,0,0,1506.0862171508181,13684,1000.0,1,1,89.47662242471581,80.6249264453683
2023-07-21,1742.546897115453,18490,370369.20251306274,0,0,1504.3018994270387,11620,1000.0,1,1,89.36886629182908,80.53739432962239
2023-07-24,1727.2677066986907,7337,371972.38740839955,0,0,1513.5118617738242,15839,1000.0,1,1,89.24017554777545,81.20994566962568
2023-07-25,1705.892633193697,16928,377845.3546414703,0,0,1527.6568172428063,6995,1000.0,1,1,89.39845849245278,80.5377343913263
2023-07-26,1686.549835693969,9633,378315.3017431378,0,0,1509.82358027625,16776,1000.0,1,1,89.30611051445945,80.4212342203865
2023-07-27,1691.034504285006,5085,382744.1629352914,0,0,1535.5612083388912,7333,1000.0,1,1,89.20171610731259,80.42012751269198
2023-07-28,1732.2047116218712,8133,387861.68840796413,0,0,1550.351098478747,14991,1000.0,1,1,89.19780621519092,80.18578476500714
2023-07-31,1808.9828278560447,7016,390034.9462145789,0,0,1574.058441103046,16534,1000.0,1,1,89.18878697385318,80.45573251464563
2023-08-01,1871.6391041653937,8314,393120.45781692694,0,0,1556.892922219369,5028,1000.0,1,1,89.09853632320886,80.69970981826152
2023-08-02,1912.47303117552,19657,400583.3803389657,0,0,1545.6169165349831,15791,1000.0,1,1,89.06803900133755,80.68538343271496
2023-08-03,1932.38768678883,12902,406053.6583913392,0,0,1559.5606743243027,6079,1000.0,1,1,89.19097657310256,80.60418130611185
2023-08-04,1952.7392395475654,17498,402004.61396903463,0,0,1552.1666031266952,17985,5971.681788217537,1,1,89.11037721221938,80.57059425584237
2023-08-07,1961.092548205418,14077,398785.44557538937,0,0,1546.1498401761826,6430,10106.658156222089,1,1,88.97100996378276,80.53915825974802
2023-08-08,1951.9741512878202,7719,400675.97976864927,0,0,1538.5274972793748,17871,6849.672152832256,1,1,89.06526932587275,80.5156463513103
2023-08-09,1905.3018864193425,13316,400681.8311885872,0,0,1544.682452454659,10707,1664.7483215613595,1,1,89.11449901706655,80.45924662085525
2023-08-10,1904.03515211833,11967,399986.59667721996,0,0,1542.410367769281,18662,1000.0,1,1,89.05244715500169,80.53498141523296
2023-08-11,1869.281737369122,17315,410039.22576714156,0,0,1552.1613506034168,8462,1000.0,1,1,88.89423045338899,80.76094503468133
2023-08-14,1855.8914735311287,15918,408777.13934534625,0,0,1573.7456002937831,11505,1000.0,1,1,88.81976811774513,80.39186699040175
2023-08-15,1844.07526598278,10657,397970.76136087003,0,0,1574.0708831017637,18737,1000.0,1,1,88.8142976740602,80.07666782063181
2023-08-16,1845.7396040089507,18342,399294.4532000711,0,0,1577.4055144754961,7215,1000.0,1,1,88.93086488304859,79.55211241178675
2023-08-17,1857.8633634379323,5653,413916.9603211611,0,0,1582.9885984411596,8337,1000.0,1,1,88.82720668556162,79.81203163189403
2023-08-18,1840.211097023986,19377,410740.4090094898,0,0,1561.0176640060847,5530,1000.0,1,1,88.81875469741047,79.88712861985117
2023-08-21,1805.3509974348126,8236,412281.58839959395,0,0,1587.4238763899423,19470,1000.0,1,1,88.88626916339996,80.038708874631
2023-08-22,1745.098949680531,10499,416139.9092448467,0,0,1594.7763426185302,6278,1000.0,1,1,88.64814242938778,79.60985940312196
2023-08-23,1700.9838686448525,9042,426688.196084042,0,0,1621.3123727567327,9029,1000.0,1,1,88.75152104618167,80.145343839986
2023-08-24,1711.6375367207938,6802,428594.55912327423,0,0,1618.667605477681,8916,1000.0,1,1,88.63327598896102,79.96268856754239
2023-08-25,1715.7917865461336,6015,432781.2380348801,0,0,1612.6558048507104,5993,1000.0,1,1,88.66647553830671,80.01315030967577
2023-08-28,1723.7507963558796,8072,437177.77470810356,0,0,1632.7414593496164,19280,1624.498641842637,1,1,88.69114385326779,80.26946570787928
2023-08-29,1747.7852287801688,5807,442160.32127584895,0,0,1635.8503450828741,6499,1000.0,1,1,88.79960249241417,79.97337178114046
2023-08-30,1765.781342035169,9880,441870.9162342302,0,0,1646.1090086790675,19280,1000.0,1,1,88.85469493050353,79.80947447358666
2023-08-31,1801.532685897927,5899,444192.364500727,0,0,1589.311196273413,8221,1000.0,1,1,88.61696588133053,79.86322600596692
2023-09-01,1858.0348670868098,12294,443300.82899996697,0,0,1620.0054300861475,6595,1000.0,1,1,88.53848795661493,80.72046792860634
2023-09-04,1867.9038830820434,6659,454355.61860713235,0,0,1630.6338242856834,8917,1000.0,1,1,88.55230846955025,80.81080535146194
2023-09-05,1825.943047123701,9257,460595.35305216536,0,0,1664.7615409487923,19244,1000.0,1,1,88.53281048093828,81.29271369665116
2023-09-06,1793.6153360016908,12541,459647.21585917234,0,0,1651.053018934388,6285,1000.0,1,1,88.58057155391396,81.65441564020874
2023-09-07,1730.220072963418,12192,463691.9367149903,0,0,1675.7950455142231,19380,1000.0,1,1,88.65950820948092,81.7648186511571
2023-09-08,1723.5625977230882,11542,468952.36576202314,0,0,1665.184833062709,8471,1000.0,1,1,88.72035338312389,81.4680599196679
2023-09-11,1736.6645229800743,9216,470342.2002422,0,0,1670.7641686773013,6077,1000.0,1,1,88.69892588886844,81.78598600291336
2023-09-12,1768.9792822321067,18003,470867.5142041737,0,0,1695.494909899166,14177,1000.0,1,1,88.5142921877564,81.33655290041895
2023-09-13,1773.1978119942607,17431,474414.7467941446,0,0,1669.0990468588504,18761,1000.0,1,1,88.46874406287091,81.81681543752208
2023-09-14,1807.1756074219632,16111,474188.7225568002,0,0,1655.5958262892823,16079,1000.0,1,1,88.51038087768481,81.87681702998756
2023-09-15,1799.7175842514157,7984,479168.89343474124,0,0,1639.90541384594,12712,1000.0,1,1,88.40133615242976,81.08174996579811
2023-09-18,1822.0135570370994,10334,481227.77252732875,0,0,1660.8139587666185,13954,1000.0,1,1,88.46446362544191,80.97959813728855
2023-09-19,1838.056167164716,5241,478911.6754227226,0,0,1649.1924386080957,16457,1607.1486778691897,1,1,88.55530295516864,81.17578248356543
2023-09-20,1827.9217248978503,6618,480627.4046048326,0,0,1647.5967030799504,13244,1179.5460910865406,1,1,88.56798965279823,81.1046753216535
2023-09-21,1809.404812227163,6044,476041.4050612695,0,0,1650.7361182247034,7453,1000.0,1,1,88.26161166616698,81.31917706495157
2023-09-22,1816.2712006871204,13573,478374.98345713323,0,0,1680.6570569600335,7123,1000.0,1,1,88.13380282989581,81.06416981463789
2023-09-25,1798.2987307056405,6589,480690.580233954,0,0,1656.2984201052711,13665,1000.0,1,1,88.32242174575141,80.67237510280161
2023-09-26,1770.0451793840052,19430,481685.33070655086,0,0,1651.4414565760353,10329,1000.0,1,1,88.26776796644859,80.65094148188732
2023-09-27,1756.5168326896242,17903,475362.2655362349,0,0,1631.32325499779,7540,1000.0,1,1,88.06935364413567,80.6604111820743
2023-09-28,1722.1268710192815,10506,477045.1802645921,0,0,1635.3001442499728,6011,1000.0,1,1,88.19287838296671,80.5558958767556
2023-09-29,1693.7637052928476,5775,484750.4999942559,0,0,1629.7979527630848,16479,1000.0,1,1,88.19421394212108,80.92408322074826
2023-10-02,1665.9092100204498,19465,485003.99128613685,0,0,1610.855783419668,13885,1000.0,1,1,88.30470799101684,80.66902100820654
2023-10-03,1664.1956837098342,12421,483898.9685484318,0,0,1620.7513375168032,13824,1000.0,1,1,88.33240385853878,80.76297069040625
2023-10-04,1671.0169693339305,11815,481125.5723384447,0,0,1620.7807482865012,14457,1000.0,1,1,88.37825977216,80.78336168175534
2023-10-05,1656.4550665650813,7407,491167.09728568443,0,0,1641.189541044953,6440,1000.0,1,1,88.41456069693146,80.31634689611451
2023-10-06,1602.71240081068,8849,493492.1681438414,0,0,1615.0720865947621,9710,1000.0,1,1,88.48430952812356,79.92063784101396
2023-10-09,1553.2683714294749,5402,494670.4653683227,0,0,1628.8735627893925,18721,3780.3594802218354,1,1,88.71205257297916,79.92421114588855
2023-10-10,1489.9201019053494,14368,495585.98258872796,0,0,1662.6662348382015,16903,1000.0,1,1,88.80915320657508,80.51857114549463
2023-10-11,1468.596667472858,16980,497007.99611648225,0,0,1623.0740825635714,6406,1000.0,1,1,88.65111927479053,80.69235208906427
2023-10-12,1459.315861970238,17618,499697.63295406126,0,0,1600.7719073474916,8718,1000.0,1,1,88.69578542631842,80.17466164152088
2023-10-13,1439.7966066801644,19892,504960.69641501363,0,0,1602.7938474455786,17487,1000.0,1,1,88.80993350312875,79.24151522198508
2023-10-16,1430.201457653405,6523,505149.8488255355,0,0,1603.872687166544,19899,1000.0,1,1,88.93020358378236,79.4614312998864
2023-10-17,1421.2272627383206,12981,498418.9224783804,0,0,1630.7229522485375,11406,1000.0,1,1,88.88754308547644,79.43256725500794
2023-10-18,1413.607076520025,18699,496260.31364885997,0,0,1611.4876127178443,15565,1000.0,1,1,89.00403752999526,79.77494704586105
2023-10-19,1397.4173399444273,5681,497637.13600996934,0,0,1600.6790688023052,6944,1000.0,1,1,89.09681176995038,79.51073166964761
2023-10-20,1405.5352916880986,10911,498956.35511915776,0,0,1612.8321926495494,16061,1000.0,1,1,89.35406351364735,79.61579541900518
2023-10-23,1409.61097580355,18884,494704.618677859,0,0,1600.7266635868568,13388,1000.0,1,1,89.2790633400225,79.86964745791353
2023-10-24,1386.0160773250047,10915,490827.96621926286,0,0,1597.9096651997631,6992,1000.0,1,1,89.22832328238246,79.7354083664516
2023-10-25,1383.4806545507047,13027,471251.19899005856,0,1,1585.1359406874883,8632,1000.0,1,1,89.19771137753646,79.60758269538228
2023-10-26,1395.5528971850422,15430,447902.90616531007,1,1,1582.114633319612,10122,1000.0,1,1,89.14868916253258,79.61516154471178
2023-10-27,1381.5215033456561,12245,436082.7465569155,1,1,1579.9352960002122,19301,1000.0,1,1,89.05968708755623,79.77796444867988
2023-10-30,1375.488598899112,17334,420516.2912250996,1,1,1562.6303117141751,14743,1000.0,1,1,88.78341953698884,79.77366424732631
2023-10-31,1391.0509207598218,14409,410796.14151208097,1,1,1572.627562354124,11029,1000.0,1,1,88.73994958961654,80.06586314865416
2023-11-01,1383.1650139792125,6667,404607.48670851527,1,1,1569.2698917558716,5416,1000.0,1,1,88.77688539558653,79.92728259187405
2023-11-02,1368.9374016850613,11294,406015.68742016103,1,1,1595.935258645841,14608,1000.0,1,1,88.72756321103594,79.52876403023512
2023-11-03,1368.039007292858,11464,401710.6237279237,1,1,1597.5640482831527,10411,1000.0,1,1,88.92110132938885,80.12185664066907
2023-11-06,1354.8821215182384,18218,396817.54966203345,1,1,1601.6572626750997,9654,2040.009569644436,1,1,88.92243891066043,79.94046651970633
2023-11-07,1414.0150438732974,16034,393538.3035142205,1,0,1541.858765821976,19761,2691.908878630813,1,1,89.05154181617885,79.76993389459102
2023-11-08,1447.3506038915468,15940,393037.46573503216,0,0,1588.7840929863264,8376,2585.692648978365,1,1,89.07768385745185,79.75019289826936
2023-11-09,1482.6010781042075,11787,398077.8530186126,0,0,1614.95808979189,6371,1000.0,1,1,89.16032458844117,79.77034723116554
2023-11-10,1489.684434228387,16763,394381.4011661679,0,0,1668.3509122154408,10530,1000.0,1,1,89.18824874383452,79.65434213841907
2023-11-13,1502.2656913119774,19631,392877.6222314979,0,0,1718.2335309048087,16285,2848.369725423703,1,1,89.32512720702488,79.64911196933437
2023-11-14,1523.1718584469033,8465,399505.0720197012,0,0,1732.2109905832303,16045,12712.199208179974,1,1,89.33072114203813,79.63718329990591
2023-11-15,1508.9866528853695,14681,399483.58541235304,0,0,1709.6519991198288,7512,4651.964143981886,1,1,89.380333212847,79.68962909801215
2023-11-16,1496.0006089616538,7485,401902.1121931191,0,0,1692.217025529335,15679,6132.289460864757,1,1,89.416966506212,78.98238286031597
2023-11-17,1513.6435764943005,7164,405867.66619364556,0,0,1675.9910090552428,11286,15829.330707443738,1,0,89.38813796039928,79.54664575241831
2023-11-20,1534.7217996027389,10046,414969.7282413818,0,0,1685.2084013805334,17454,26937.713879223527,0,0,89.42863619229173,79.50245925835794
2023-11-21,1560.1811652958158,6609,421941.16128172225,0,0,1704.880986349087,5442,37631.47351874774,0,0,89.65207481691151,79.67664604419204
2023-11-22,1589.6733596882395,7409,424214.29919695,0,0,1733.1130775741394,12789,55784.96043973322,0,0,89.62503512270196,79.26321564173183
2023-11-23,1604.4787748840129,11437,428298.00723086315,0,0,1758.251646340158,6648,70129.55389462948,0,0,89.6669816119873,79.12191556335706
2023-11-24,1613.9333554183952,5467,430318.59270220314,0,0,1763.742972963595,6763,78260.05487185177,0,0,89.79275950707424,78.92022080346094
2023-11-27,1595.553714214765,13529,427286.24007919425,0,0,1778.528006718071,10214,82319.63151631539,0,0,89.90678483516866,79.3611379328135
2023-11-28,1618.3594496165833,18697,431177.4291273449,0,0,1790.9616960193252,11160,86949.33515599123,0,0,89.9079564769406,79.18539385076274
2023-11-29,1638.3919623673225,11712,436848.41287249187,0,0,1783.8968591008147,10804,93094.40176946638,0,0,89.66961760664486,79.41281784684476
2023-11-30,1640.6613544574413,11687,444492.34739447496,0,0,1795.059397416253,16919,105189.56543307872,0,0,89.7212878885097,79.2176917110428
2023-12-01,1630.0279462433361,17681,446328.68943731417,0,0,1801.4982237214208,9143,109383.10698610358,0,0,89.4993404626474,79.08190602914662
2023-12-04,1684.7642022673638,17552,450499.4162457742,0,0,1802.4103840194477,19303,116496.74039063726,0,0,89.64633418574152,79.00824097958642
2023-12-05,1724.6685043852794,14183,459599.1102604392,0,0,1814.537597516576,9802,129093.50787334767,0,0,89.66328157286085,79.3933945176352
2023-12-06,1766.0988385053745,10852,457870.06867364334,0,0,1857.9539078193714,6474,140242.05870812002,0,0,89.76324897484805,78.82643871992617
2023-12-07,1793.955351848915,18967,456768.8625919024,0,0,1863.3241632923944,13366,143407.8524862311,0,0,89.67303786102994,78.43173965334384
2023-12-08,1831.4689905005202,7090,458313.6590016018,0,0,1894.089430238042,13460,155263.83370636075,0,0,89.51778711369994,77.8475481036369
2023-12-11,1833.4727837204427,18859,459405.4903380148,0,0,1892.2271300076927,5047,163424.6532071403,0,0,89.54386255211406,77.52129746770846
2023-12-12,1841.8386717392407,13484,466603.01303765416,0,0,1892.7147785162877,9084,174769.39936985116,0,0,89.54050220811844,77.27781745235083
2023-12-13,1861.3394508136114,13035,472706.0499361305,0,0,1839.1529837142275,16697,180219.01498521725,0,0,89.49134812550272,76.79347307612372
2023-12-14,1858.7130390552143,19915,471310.6018582234,0,0,1777.933952115184,19249,178098.65237946613,0,0,89.499814253576,76.57322875213931
2023-12-15,1828.25663931367,10895,470454.7591069038,0,0,1769.2582343583927,14719,188410.72872538713,0,0,89.77655784277923,75.96881440785928
2023-12-18,1809.5874620113948,6358,473496.59627593146,0,0,1778.621604108224,17428,203120.5913855995,0,0,89.86001039751613,75.66341779072899
2023-12-19,1823.0260219986192,7710,474710.8202213046,0,0,1752.4253124008903,14342,210616.27926046148,0,0,89.96496025810247,76.02354391070205
2023-12-20,1800.7298666464608,6805,480422.67041538097,0,0,1708.3121835592747,9584,216907.17211467488,0,0,90.0493539472578,76.14462033178637
2023-12-21,1814.8391526668222,15536,475484.01536849147,0,0,1686.309899898408,15514,222270.61518792008,0,0,90.19730016164303,76.20086063343814
2023-12-22,1818.6156533897613,6223,477614.2031874639,0,0,1669.7992707497726,17311,233278.61908559164,0,0,90.17829299435294,75.9000270665544
2023-12-25,1849.2092184194134,14433,479879.341482713,0,0,1659.2676094470103,9243,242588.48797360138,0,0,89.97281686358542,75.43920157884098
2023-12-26,1885.9548510690952,19460,476394.9703098649,0,0,1628.0798595541698,10529,247910.36203751242,0,0,89.95395825028481,75.0974547561807
2023-12-27,1887.5956439106496,12942,484800.50003143423,0,0,1615.6594229942204,7868,248640.29509485565,0,0,90.03513182128447,75.08449180811189
2023-12-28,1896.9766620711264,5846,486583.8523733448,0,0,1595.592779316412,19085,250161.28976033212,0,0,89.93815178177296,75.34494484202989
2023-12-29,1906.2718063232169,18713,486796.5178422393,0,0,1553.4967291021665,15782,245314.0353846643,0,0,89.92051518672403,75.6156550671705
2024-01-01,1849.9558372560712,18621,485733.4104367384,0,0,1513.2084969570249,9768,258966.40173291237,0,0,89.8513382124238,75.80483877591548
2024-01-02,1817.7248396977866,11038,494653.6615230237,0,0,1474.4607548530707,15336,264212.49728716933,0,0,90.00154113760811,75.5835717166951
2024-01-03,1775.6434009623447,17204,494610.82986396534,0,0,1456.0688119521333,11193,268590.52722105954,0,0,90.07648683914877,75.5909366664163
2024-01-04,1762.54662735864,12516,498748.3267774339,0,0,1447.7142281374734,13413,264646.243986305,0,0,90.14164090121317,75.49453390740513
2024-01-05,1753.8518172994352,17950,496209.0489264963,0,0,1466.768899271395,15413,272515.1911455039,0,0,90.20380103252526,75.4341769783567
2024-01-08,1752.5520536900233,12751,496757.24407689564,0,0,1425.0984499387453,10476,273474.91172667383,0,0,90.20007610727005,76.04531534744464
2024-01-09,1768.2514838576842,18867,501811.2858458196,0,0,1425.1264296472498,5532,284639.1064070889,0,0,90.2198317355228,75.51671527634356
2024-01-10,1794.440329823701,9747,496479.3701943759,0,0,1401.1329327977076,6360,286940.2311698291,0,0,90.10131327746956,75.44631223156688
2024-01-11,1786.36712763341,5929,495834.0713170059,0,0,1373.180131434288,19960,294952.1645710339,0,0,89.8826690795945,75.80983690372574
2024-01-12,1754.9323610799029,11641,493222.9590127101,0,0,1344.23177034504,16971,304712.6280401116,0,0,89.897677192629,75.37006945521567
2024-01-15,1746.4489492110938,10729,487772.97419379913,0,0,1330.23765644355,19939,305979.3365596285,0,0,89.93007621825623,75.1769452276358
2024-01-16,1748.5608899479084,11609,486592.47068233154,0,0,1345.9432903095424,17533,310455.7642199472,0,0,90.05100267509876,75.0182336783655
2024-01-17,1721.1202452269586,18292,489682.2138680336,0,0,1350.2278164261188,14669,313195.53781901504,0,0,90.20813625670701,74.9512467617493
2024-01-18,1737.2731219852142,13286,491485.5313468589,0,0,1340.941749695989,19447,320687.1004021385,0,0,90.3651361052069,74.47245961386744
2024-01-19,1741.0940973670004,6682,489107.268342704,0,0,1365.303464406495,5471,323329.10531395744,0,0,90.26533374587751,74.65104543196885
2024-01-22,1722.0560585005005,11657,489893.6172525703,0,0,1397.5933086573032,17363,317656.18728596106,0,0,90.23010724238253,74.85093161672279
2024-01-23,1720.9712067242515,16888,489308.9439904676,0,0,1417.8884113131803,13478,314103.4046487336,0,0,90.27814067197068,75.00344421422818
2024-01-24,1741.006081609614,10142,492456.38820692495,0,0,1424.0471981095804,12666,309893.47285174445,0,0,90.53133113974488,74.74233211194085
2024-01-25,1751.999071489852,16452,499160.92840584816,0,0,1412.2174818660442,5586,302175.7836636461,0,1,90.67934106011627,74.76828534917705
2024-01-26,1761.6281225179787,7962,499893.23409817996,0,0,1405.3196425223991,6707,298622.1289158824,1,1,90.79128077631611,74.49845327730633
2024-01-29,1795.579247451864,16328,504400.43494173454,0,0,1418.3266949031877,11935,292669.2975758013,1,1,90.75250198076118,74.39867427907487
2024-01-30,1816.7475872169753,17857,508753.4803730286,0,0,1408.152175577644,19928,281676.0266074285,1,1,90.66418201764567,75.04471465722612
2024-01-31,1847.116453031958,7856,503357.9520440288,0,0,1399.9068377633962,16353,272675.05653872574,1,1,90.743072805984,75.073423270505
2024-02-01,1879.1005004233364,12738,500681.51368537,0,0,1416.3805462213809,19405,264750.94428631046,1,1,90.63300667956057,74.71716529770885
2024-02-02,1855.1348398515322,5932,490852.1873821427,0,0,1384.2775357442029,9252,247850.55637205046,1,1,90.60916304446253,74.77126589990803
2024-02-05,1857.125826846739,17869,480236.06197474885,0,0,1398.2168959743099,10599,235747.94597971652,1,1,90.59768524956233,74.36572712208903
2024-02-06,1872.4754903077721,9295,472067.0288418027,0,1,1382.3071916661972,8831,225506.5752168687,1,1,90.75697645847461,74.00602400433453
2024-02-07,1853.972354785879,19238,459209.42571519606,1,1,1397.6154973401653,19335,215300.63772412733,1,1,90.72150672817865,73.69368706354989
2024-02-08,1850.1794970220965,16250,440730.8377203061,1,1,1394.7489728264268,5049,206540.9500665896,1,1,90.47758176432139,73.5603942278912
2024-02-09,1839.8202443103644,9403,426501.31072896445,1,1,1382.472904921237,11609,192273.63010398956,1,1,90.52802622908763,73.84148492656794
2024-02-12,1898.3434963555917,13589,414777.47851703846,1,1,1374.412080828067,14663,183729.18130061042,1,1,90.45812404377725,74.015004385973
2024-02-13,1868.030153846856,13998,399576.3716528121,1,1,1392.6614053488204,9665,173020.02718696315,1,1,90.46238714622102,74.1719029844472
2024-02-14,1860.3505523047777,17222,389297.1786819937,1,1,1375.6607942053358,14679,165057.0574673116,1,1,90.4537166761368,73.84222561477003
2024-02-15,1847.1359932973614,19210,377416.3794679369,1,1,1338.85908248357,7246,157430.62728134732,1,1,90.42634627655502,73.67983130813934
2024-02-16,1839.7838167306904,11028,370560.7361543808,1,1,1326.4991660861167,15445,152969.29806504282,1,1,90.5053803347335,73.7614316402043
2024-02-19,1833.293881898596,8056,362927.87337078253,1,1,1305.3203165926357,5355,139984.9234222395,1,1,90.35209384689823,73.57293564458777
2024-02-20,1852.23298443063,12509,350129.9259685546,1,1,1357.2460368662066,12318,122262.60241855825,1,1,90.30039242440279,73.48942571249745
2024-02-21,1858.3194456938863,8950,336295.85225522664,1,1,1390.4906118024592,14303,118131.3428573648,1,1,90.36879621571453,73.62183332025643
2024-02-22,1838.3485822902257,13865,323366.21607957897,1,1,1421.9003902114696,10046,112348.70861648038,1,1,90.3073877381801,73.51720151589603
2024-02-23,1854.563304631661,13498,308474.76134253724,1,1,1465.0737121860489,7384,101764.5142639732,1,1,90.1465070672531,73.58501939262665
2024-02-26,1845.7328518419938,10627,297719.0661565135,1,1,1500.7574094428887,10871,88042.38634514289,1,1,90.21336260157877,74.06283792943252
2024-02-27,1847.024677903381,6434,286721.5090341777,1,1,1540.3216666375404,5135,76270.28159081824,1,1,90.32567206462292,74.01128028973642
2024-02-28,1860.0299907914537,7728,280739.4340245032,1,1,1602.5400614954394,17100,64023.54502838921,1,1,90.32117254385862,74.36508163265218
2024-02-29,1856.518631769347,6429,273953.2268195901,1,1,1657.7393789193513,5329,49454.02059780909,1,1,90.12508798401167,74.53289265284438
2024-03-01,1812.0643131407942,9886,269628.6290800417,1,1,1715.048883988842,18649,39175.94434552202,1,1,90.19568495868155,74.09272005479836
2024-03-04,1817.9512547939166,6744,255533.9829748908,1,1,1732.424472913025,10296,33050.49511700955,1,1,90.02969617053958,73.7620789460193
2024-03-05,1800.6527931361782,8870,240021.43987383717,1,1,1755.9960291764392,10835,27628.818253752932,1,1,90.0605760982244,73.51200018109833
2024-03-06,1773.830804371453,19122,234146.09818279685,1,1,1722.6930218284763,11312,25209.592011366592,1,1,89.97182971575019,73.2555497060185
2024-03-07,1827.2513944464122,11358,224782.69834966966,1,1,1725.7421328979221,19368,19095.07294651295,1,1,89.8558457871735,73.22846278218645
2024-03-08,1885.0571177831678,18842,216178.4819928367,1,1,1723.514213940172,11809,10920.080738337816,1,1,89.81165478546552,73.412855996611
2024-03-11,1907.1329751521391,7851,209705.68715857124,1,1,1730.4521867179742,14666,16171.876662016102,1,1,89.7933250298228,73.78940352162242
2024-03-12,1911.8885261717778,19508,198295.94808786773,1,1,1734.1555991733044,12482,17559.50779665517,1,1,89.72890420478414,73.88185604823994
2024-03-13,1856.4871805976363,19687,190325.66560957523,1,1,1703.7821912230684,18237,25867.69182374075,1,1,89.78777453260567,73.74815218142398
2024-03-14,1891.3716276251632,11165,181744.49099595123,1,1,1711.5256977719876,19796,37553.237192368186,1,0,89.74316759475978,73.12347980833502
2024-03-15,1949.45968935945,17646,174615.88666622317,1,1,1702.0930580466588,8983,41683.267191726256,0,0,89.84118668192696,73.14465668096021
2024-03-18,2000.199712223646,7078,172955.4506374092,1,1,1669.7854349415118,17725,54453.66760854964,0,0,89.8693039984913,73.15238773906871
2024-03-19,2016.480578241477,6337,171484.4946254266,1,1,1684.3464255139202,13500,61164.76715156656,0,0,89.79954827783168,73.2072663651304
2024-03-20,2030.6695855541354,15037,168916.35953871257,1,1,1681.9609655339016,10418,76103.28406431584,0,0,89.71295428944845,73.8391384544414
2024-03-21,1989.71980319818,15959,153880.69900414563,1,1,1690.4292128645152,12414,83519.0232940141,0,0,89.5482046595437,74.21131741829932
2024-03-22,1985.4478479459,10614,141613.4622482594,1,1,1686.5520820526167,17125,90156.07610166633,0,0,89.5772779773304,74.44683569377432
2024-03-25,2000.0793499835754,7797,133917.13293863714,1,1,1694.3733668852299,8561,96203.84441884897,0,0,89.54181922260526,74.15821255475284
2024-03-26,1980.64495994586,11754,129036.50383577179,1,1,1717.376393411901,16301,104593.37002390652,0,0,89.3045996697989,74.00431412999382
2024-03-27,1962.2023280044045,10288,122248.4334138553,1,1,1771.5950085355744,8041,113769.42024575663,0,0,89.25102818252196,73.97586074791526
2024-03-28,2038.4892392898205,6978,115174.8362634111,1,1,1775.9115467296315,5492,122301.05889792375,0,0,89.16092477959647,73.74323861071215
2024-03-29,1999.7051193515656,13766,108164.56370177699,1,1,1801.6012371193963,17487,123372.43531401738,0,0,89.31849253881353,73.89337796820769
2024-04-01,1940.6385487818902,6929,105960.83858330135,1,1,1820.017230520027,12128,128145.8642609488,0,0,89.1482146776242,74.00045062297241
2024-04-02,1865.0732286234659,10360,103058.92643908972,1,1,1818.7884726669167,13559,125856.11636431667,0,0,89.0040795976508,73.673958285056
2024-04-03,1802.8790976577714,7419,98829.32316139605,1,1,1817.9968197280677,10674,130287.94781129059,0,0,89.11507656196136,74.03300329778483
2024-04-04,1714.7904371555046,9412,88710.5390232742,1,1,1819.4340257330489,11445,137410.79441914588,0,0,89.25075287770777,74.06369639792749
2024-04-05,1652.9594358326708,18206,80803.45937822852,1,1,1814.6286908142329,8424,143315.40889724687,0,0,89.1762545838352,73.54497505390482
2024-04-08,1612.2039064120806,15627,80267.19622074183,1,1,1807.991438062124,12732,150760.43655765452,0,0,89.11304600155431,73.52957219640133
2024-04-09,1591.3644720039672,16064,70249.53254104774,1,1,1798.7687458914402,10078,152653.33434373865,0,0,89.17466954120964,73.61393413317819
2024-04-10,1589.9310400888107,9284,67383.59592412639,1,1,1815.480204500997,5450,159383.43416426715,0,0,88.9419595615151,73.90577184160892
2024-04-11,1594.165641010922,15185,56423.55753062098,1,1,1839.1454919995006,8938,168319.43151031586,0,0,88.75584019306456,73.80452892067093
2024-04-12,1593.2225519009066,13850,54924.26616491979,1,1,1872.6070535019257,17796,179212.94501922542,0,0,88.72776685297949,74.05291040090509
2024-04-15,1607.6566750335687,11784,42975.15709034412,1,1,1884.5155604937731,5616,180834.1501995516,0,0,88.88275590959239,74.10905299693616
2024-04-16,1608.8423631309306,5883,37611.01476777829,1,1,1912.0328495107096,5166,175610.9926167087,0,0,88.83918290077573,73.71453661422488
2024-04-17,1610.7906361384316,16551,30722.798537375143,1,1,1895.8263314213436,9817,183393.0676448223,0,0,88.84927657994923,73.28998658218013
2024-04-18,1608.8725614222967,8862,24998.76833314717,1,1,1893.505455334323,18384,195877.4948835803,0,0,88.96265550720564,73.62675454322493
2024-04-19,1606.021342775647,10150,18636.280222128687,1,1,1864.905228926718,14333,204618.36957035915,0,0,89.17334398053345,73.98554979673946
2024-04-22,1629.4212925067882,8485,14408.318808447362,1,1,1856.2886832370164,5223,206485.56273789707,0,0,89.11565913321861,74.08242256586088
2024-04-23,1591.8939628469095,6869,9027.259941066719,1,1,1833.0002425200958,17194,215155.03340709253,0,0,89.11397546084528,74.53113458221489
2024-04-24,1531.4171682188564,10821,1000.0,1,1,1833.962716987402,10027,222394.30276755447,0,0,89.29618098297956,74.84811753692738
2024-04-25,1477.5184860040386,11008,5087.502646061754,1,1,1839.8841082966833,14094,227988.27223065443,0,0,89.14396105546042,75.05320615577129
2024-04-26,1455.9690776734699,14915,4523.915930783981,1,1,1849.6888842832743,16671,234490.86055215908,0,0,89.2467191625158,74.77981270915119
2024-04-29,1429.7661220877662,15496,1000.0,1,1,1879.465111886538,11813,245489.65577159481,0,0,89.14488760927968,75.2992413344609
2024-04-30,1387.3542523866936,8123,1000.0,1,1,1913.614420828913,7208,248022.04907863433,0,0,89.15513484598999,75.46013176412337
2024-05-01,1342.5895552256666,15299,1000.0,1,1,1928.4690683027586,7534,257202.27292478035,0,0,89.13087294124996,75.3443801317399
2024-05-02,1307.7956158574368,10329,1000.0,1,1,1959.7519273799353,5595,265149.6544470771,0,0,89.03507178117984,75.1438991301483
2024-05-03,1283.092937762143,19776,1000.0,1,1,1934.1259749674516,17352,262583.7255116833,0,0,88.93676158841402,75.22093426460246
2024-05-06,1270.3125208999875,15995,1065.1011046356944,1,1,1910.140680963651,17421,275780.95416086866,0,0,88.96440302483938,74.71961653915092
2024-05-07,1243.3579557539742,14290,1000.0,1,1,1889.7640529279568,9771,277174.95417018776,0,0,89.06395695765565,74.92951852175678
2024-05-08,1268.1377240865545,11625,1000.0,1,1,1863.210854100015,14961,287465.66600858106,0,0,89.0509833373368,74.64344727734857
2024-05-09,1298.8730249265432,6220,1000.0,1,1,1851.030583222189,11595,292768.10242468695,0,0,89.05799465321013,74.75462970999585
2024-05-10,1323.8548517012246,16660,1360.2651512011416,1,1,1822.1792177839263,17606,305512.930233654,0,0,89.11511205983923,74.5981436087884
2024-05-13,1355.2939367161696,11473,1000.0,1,1,1834.1493998127125,14355,313756.3447626109,0,0,89.01795018253793,74.518817994971
2024-05-14,1405.0723218208627,10956,1000.0,1,1,1836.5842309700722,9001,321717.09558589174,0,0,89.09191943337923,74.29174503314148
2024-05-15,1417.3977811531695,17799,1000.0,1,1,1800.2447905229997,15145,327980.5240689794,0,0,89.1738537430852,74.24337620378724
2024-05-16,1420.4789867157276,18370,1000.0,1,1,1767.4049037490563,14358,338440.8708830571,0,0,89.43421637296025,74.81019006759244
2024-05-17,1414.345039029222,18099,1000.0,1,1,1785.0304091391226,15316,335523.85308008926,0,0,89.39660595390428,75.22570795570704
2024-05-20,1420.6736790081964,17361,1000.0,1,1,1749.2024376751838,10718,340010.8084239525,0,0,89.35079777373747,75.33205164220567
2024-05-21,1407.3141581298162,18999,1000.0,1,1,1762.7856286687859,15548,351143.00282118545,0,0,89.42769436089485,75.32446336253619
2024-05-22,1421.1554904945967,14629,1000.0,1,1,1779.3464455924734,12598,362121.1306375361,0,0,89.50960477778607,75.57772371974406
2024-05-23,1390.9480333000233,7010,1000.0,1,1,1754.227057010177,16622,366337.1791442219,0,0,89.4560960624484,75.91671483797631
2024-05-24,1415.5360923310602,16290,1000.0,1,1,1746.9470722641863,15051,376071.9222734754,0,0,89.4157797947554,75.66776932331406
2024-05-27,1455.721602850425,15278,1000.0,1,1,1698.514304204551,10160,371261.8431647858,0,0,89.46989287857718,75.64453766302441
2024-05-28,1467.3820101198676,10516,1000.0,1,1,1716.7778314302775,5392,369859.76331327937,0,0,89.38713445450372,75.09795019415398
2024-05-29,1482.0215862055381,13850,1000.0,1,1,1730.9994253037419,15085,370905.376202578,0,0,89.34608105570223,75.43488082723225
2024-05-30,1467.8886943203725,15918,1000.0,1,1,1716.5297077642124,9115,380437.11587936623,0,0,89.35504033243907,76.0543881045425
2024-05-31,1497.387758671792,9133,1000.0,1,1,1723.083493594106,7735,387801.4735740198,0,0,89.45463420092129,76.07841289192943
2024-06-03,1478.4537507644948,10362,1995.8811341410737,1,1,1731.1645289888456,15032,386799.56525264727,0,0,89.39417433930333,75.44090985445852
2024-06-04,1443.6313844510623,7525,2581.9125230941227,1,1,1739.1921485187029,19509,391184.12851671636,0,0,89.20993589310027,75.62357700943163
2024-06-05,1408.4320355638047,7121,1000.0,1,1,1731.619901871194,12078,391342.7227003605,0,0,89.01827614634846,75.35235025958691
2024-06-06,1368.5323896106117,7199,1000.0,1,1,1735.4029726189372,9720,391623.57399347535,0,0,88.89233483967783,75.15334542708757
2024-06-07,1353.8773588913384,16181,3425.28269526874,1,1,1737.9486697721397,6408,390054.0480173112,0,0,88.76101806785785,75.34131834402487
2024-06-10,1344.167302675875,12615,1902.690716531806,1,1,1730.5478189431685,17067,391902.6302181467,0,0,88.74555699199585,75.41768458167869
2024-06-11,1372.9696495026976,12325,1000.0,1,1,1723.2601994740278,8250,394810.9142436898,0,0,88.6266689766361,75.27125194907711
2024-06-12,1374.9163120658868,17082,1000.0,1,1,1721.2225646400698,9569,403497.40303495334,0,0,88.55639348065397,75.07637025929661
2024-06-13,1332.728937945988,10985,1000.0,1,1,1768.8279474416734,11812,408058.80696008523,0,0,88.47898489215576,75.11412107586285
2024-06-14,1338.6828387543549,18304,1000.0,1,1,1814.9104474721346,5981,413598.2406733575,0,0,88.43493410607097,74.99128141010915
2024-06-17,1368.591516898935,17333,1000.0,1,1,1871.7390853433578,15650,413452.44864824234,0,0,88.56718453922328,74.65851027002824
2024-06-18,1347.9664557901303,18412,1000.0,1,1,1841.6942031442666,5269,421054.59998918296,0,0,88.63337929816633,74.55874131558474
2024-06-19,1310.5179932934975,16813,1000.0,1,1,1819.05486762753,17664,420542.8362266451,0,0,88.63499223969393,74.6606191025613
2024-06-20,1280.1470365859655,18519,1000.0,1,1,1771.5974496388915,10830,420446.68620692345,0,0,88.58888961163585,74.6071880625154
2024-06-21,1259.1234304450386,10017,2215.648608533886,1,1,1774.4272408815914,13388,422559.1237825804,0,0,88.54556634597355,74.18313548304094
2024-06-24,1257.9063101830686,8398,1000.0,1,1,1769.194458002054,12706,429631.8706360199,0,0,88.57834099296875,74.4798548694536
2024-06-25,1272.3805379730707,10183,6668.538931106834,1,1,1758.009175872839,11035,438294.75957084674,0,0,88.63675790030398,73.65821143837061
2024-06-26,1231.7624213960871,16946,10136.847861733804,1,1,1735.6202041842855,5306,439323.9912794673,0,0,88.5459961496939,73.52430189186208
2024-06-27,1252.3370954470813,18197,2032.437638560486,1,1,1728.6934611160893,18760,441022.6533511222,0,0,88.54964422525534,73.33824235549591
2024-06-28,1254.9543633415142,19970,1000.0,1,1,1705.8151756404272,9142,441284.24981342,0,0,88.34648226838902,73.38269601885733
2024-07-01,1246.2219518719292,6344,1000.0,1,1,1702.337370270042,9174,445831.2236090009,0,0,88.36765364680609,73.55119456119814
2024-07-02,1252.3791809868821,10220,2530.9811412053423,1,1,1687.0638619917422,14686,450530.3091231632,0,0,88.44386857100196,73.88922400367646
2024-07-03,1243.6917032397935,6239,1000.0,1,1,1703.181181199397,19973,455563.3471549301,0,0,88.41586170831387,73.67550254167081
2024-07-04,1221.6009315814713,12252,4001.5235077972247,1,1,1689.7452124620092,10812,461412.22248476854,0,0,88.59751440792789,73.85147724287086
2024-07-05,1247.5011179084875,12665,1000.0,1,1,1662.7602574063026,11446,468535.0778416977,0,0,88.50939056318428,73.9102227592353
2024-07-08,1263.4681895527601,8671,14226.516681702182,1,1,1634.3063942450633,15191,468712.1833418786,0,0,88.53113460471461,73.39676094668033
2024-07-09,1285.248003124884,18953,11075.30551716819,1,1,1635.1591216128095,15126,470092.48229305644,0,0,88.52755213004801,73.96692302331056
2024-07-10,1318.4717933423874,11066,15891.742371493232,1,1,1640.5584628148126,18063,472999.91221814527,0,0,88.51752236330367,73.5352904851385
2024-07-11,1354.0954536726804,16163,34353.23242793924,1,0,1650.2300267801306,8340,469715.3409435054,0,0,88.5060901465032,73.66113966683142
2024-07-12,1359.7643924862227,14435,47791.86490958071,0,0,1666.7834544951459,17531,469670.50833235675,0,0,88.51680064950415,73.77812765009074
2024-07-15,1367.289153793197,11710,55184.14811077787,0,0,1646.2916157226903,19439,476307.27449948905,0,0,88.6015965238505,73.86081868478946
2024-07-16,1359.749446616639,6310,65143.80149673105,0,0,1649.9415956092723,13333,467364.04218055384,0,0,88.73937014747798,73.71244562014098
2024-07-17,1342.318318587933,10513,77487.57862413127,0,0,1635.574160552038,9854,478335.5493031034,0,0,88.73914512302757,73.96062141548313
2024-07-18,1351.95913756418,18498,86615.5310602601,0,0,1643.3081554346318,17972,477748.221524017,0,0,88.82067673024473,73.4925111733002
2024-07-19,1350.494249266817,10455,95048.81731610879,0,0,1635.0569722248827,11197,477892.94671061414,0,0,88.75050003561806,73.47276253669803
2024-07-22,1344.3808345734412,12446,99624.28997561237,0,0,1620.7376729823116,11788,482309.3381439842,0,0,88.82709558089067,73.30360013373229
2024-07-23,1357.0805243825382,16377,106869.88909685191,0,0,1605.4705182580535,14353,488171.60870155937,0,0,88.75089642850799,73.10041075111218
2024-07-24,1382.9643802385292,5205,119033.6014731856,0,0,1583.084394936812,8062,490541.93973536807,0,0,88.8599624221168,73.22903508734824
2024-07-25,1373.4205213365053,16601,129676.7868959733,0,0,1584.9921355340553,5019,487978.4179972051,0,0,89.08102650985612,73.55227865016414
2024-07-26,1382.618648673863,8308,135754.95585662313,0,0,1561.7032038944346,5261,486805.7194645778,0,0,89.06881812105898,73.44930192161308
2024-07-29,1408.4694078090254,19521,143726.11404714757,0,0,1552.3587848020074,16478,483634.01533882954,0,0,88.84956377197824,73.68350624859082
2024-07-30,1408.6100265508285,18702,152430.73275303215,0,0,1563.1758898712108,9526,484561.5496380367,0,0,88.79475647865375,73.6984284482242
2024-07-31,1414.3051758533525,8629,164623.30393533708,0,0,1560.7472391487238,7329,486037.51816557534,0,0,88.91794399208268,73.43060878545279
