date,zinc_close,zinc_volume,zinc_inventory,aluminium_close,aluminium_volume,aluminium_inventory,usd_index,oil_price
2019-01-01,2900.0,19397,150000.0,2400.0,16635,150000.0,100.03047170797544,69.8301115253257
2019-01-02,2919.6415409292267,7183,148699.19484716118,2390.4432299235696,19328,151541.661071179,99.9264732973514,69.64273050286114
2019-01-03,2889.787453335377,19151,151233.43245087954,2344.231805162269,5787,155693.3812512992,100.00151841693204,70.0402745215236
2019-01-04,2900.6848319356877,10835,153271.4158445623,2366.1581717441886,6425,153616.53689435727,100.09557488857116,70.13936150520857
2019-01-07,2914.7500926653197,7550,149026.64255786416,2381.2789936068184,17065,149179.24195127914,99.90047136970578,70.07584136444525
2019-01-08,2922.1916244589133,18920,146849.57627789417,2371.204795913089,15721,152072.21033745937,99.77025341901954,70.22545719676617
2019-01-09,2935.5568636675,19783,145702.70074108898,2365.7878914895487,7249,151738.6984438739,99.78303745933627,69.59329949256727
2019-01-10,2932.3181237123076,9981,147782.31743496849,2351.26863945096,13890,153795.72530663476,99.75141320010192,69.58035941567499
2019-01-11,2946.9526481580497,9409,145518.16864000759,2349.8729630340686,7208,154952.43902579122,99.74973308435149,70.17961366901642
2019-01-14,2940.647189113855,17895,146913.64745531866,2338.92846354934,13164,158000.68503891627,99.66442869159413,70.21931762093722
2019-01-15,2935.1848254361757,18627,146287.64292861993,2322.700527982336,19296,157811.1001231658,99.75236848908041,70.23969157168803
2019-01-16,2929.3002986774163,14710,145935.75285955143,2326.6590616544063,13235,159130.66627578347,99.8301476826233,70.40413008558069
2019-01-17,2953.4781414372405,5627,146873.77705689656,2334.765214658392,10734,160135.49432327732,99.83675075237943,70.67281165857499
2019-01-18,2909.4355624187206,6336,149415.68830925727,2349.860517673953,14589,158607.56850295526,99.94947487307623,70.07357165070803
2019-01-21,2900.1907631507847,7181,155980.23828313983,2319.5295989868314,9166,161084.46180427156,99.99622580730144,69.56887370617072
2019-01-22,2905.8130017592684,14404,156251.2700891472,2292.069496859081,10116,163722.89073576848,99.91029656101311,69.63196109349657
2019-01-23,2880.5435692359606,5572,160179.69026718443,2294.888112616569,12036,161368.33356719636,99.94717163942136,69.4174981249273
2019-01-24,2928.1940188888466,10950,158253.53909301598,2308.610274407458,15627,159224.719643673,99.85128337933847,69.81110570359328
2019-01-25,2944.312283301716,9299,153958.11311339025,2314.3178635059285,5755,156438.16638494053,99.93912840946919,69.71655338662772
2019-01-28,2906.0815620035373,15205,153435.0124409457,2330.859870923037,7989,157402.83201113797,99.93413581837056,69.13619416591378
2019-01-29,2909.1972089608726,16317,154160.5911538578,2323.4596924241514,9102,156472.12322851518,99.91564958201604,68.75578999086059
2019-01-30,2893.8779196223477,5004,152960.55637900904,2357.4086143922295,13573,151409.24045858625,99.84755662757564,67.93088718497141
2019-01-31,2872.5847283142484,7320,153307.17853632933,2337.529804740552,14443,153463.30530880246,99.96981076144304,67.86064952378653
2019-02-01,2875.353509952087,6013,152408.29566456296,2356.1229319740355,13743,152986.23690280996,99.95435781323617,67.80413428560722
2019-02-04,2864.282440679729,6984,151320.38177871887,2381.5567516157553,15600,150125.81967355355,99.91152503101985,67.67679547267265
2019-02-05,2885.275728038784,9228,152207.8464864505,2403.53419822966,10813,146438.03189161388,99.87631167597104,68.00045918438158
2019-02-06,2866.9662246640964,15675,155013.03817035683,2376.7364130589626,6131,149609.75750613853,99.92954259452637,68.36001513533658
2019-02-07,2856.0387251359093,15325,156074.76872153522,2400.328043869745,14151,149397.84275081192,99.96608700096277,68.30889860832976
2019-02-08,2832.1214019392137,13411,158811.31642137567,2420.0050003512183,7646,144544.85919878318,100.00736026212238,67.66849050808669
2019-02-11,2832.233249105895,17527,156901.65296645297,2425.7923407582557,9602,145998.97553049403,100.05044236242317,67.85367498223437
2019-02-12,2825.687403584666,5879,159043.72122919396,2411.314199837485,18518,143736.38715426714,100.26460712251021,68.02028305078694
2019-02-13,2760.542019375139,9935,161862.9543903841,2408.0014386571056,15832,145453.07191748347,100.22396562087175,68.11310052183403
2019-02-14,2778.456869637744,9272,163568.33130298246,2373.32052417878,17341,147554.89840609755,100.17274134796459,68.40754444662646
2019-02-15,2835.3818608135516,6203,157999.29466043392,2386.1339801597924,18707,146049.9372237688,100.09136407513981,68.05809601768816
2019-02-18,2857.667119884286,16333,155237.73962378842,2357.407284717131,9332,149994.0123168872,100.15296201739736,68.6607226335437
2019-02-19,2796.883498393385,11782,161768.86129457047,2380.4848102556793,5570,150983.7899303722,100.26585924666945,68.37289430760113
2019-02-20,2818.800333113671,13210,161382.45108112262,2409.71943781461,15254,152756.88945213746,100.25446450090396,68.59766118576138
2019-02-21,2711.5577866910053,15108,166968.0126997483,2395.894290291984,16925,156677.77409347246,100.1704488532077,68.09145687743738
2019-02-22,2685.4029033754496,19152,169935.06688988398,2394.905487219972,14142,158127.87329458742,100.08800073163859,67.81237747125637
2019-02-25,2579.9438261367914,16527,177588.71878558258,2378.4272618176446,10558,156800.77372446223,100.15306001042104,68.26728806527397
2019-02-26,2640.8168935897634,16573,172630.61377006274,2385.645324199278,15949,155370.9067443814,100.22738542754139,68.18901811837371
2019-02-27,2638.106834703853,11287,173849.70081405097,2380.8444187544233,14903,156041.492316476,100.28170085437192,68.44099489991355
2019-02-28,2666.3612448642402,16108,172704.83915985734,2398.30373781379,6375,153370.92670803663,100.21514988364305,68.51208151652932
2019-03-01,2664.039621533025,19233,174693.0764261899,2384.218823986874,13368,155737.59525978426,100.23836601594972,68.48059406972928
2019-03-04,2731.6890981807123,17154,170336.4901808469,2399.122923867587,13614,153997.48512516485,100.25003459686378,68.88974916720908
2019-03-05,2731.2110596898337,18058,170826.39686803965,2352.5748310433905,9069,161479.72004209846,100.27190345653669,68.81875151981352
2019-03-06,2758.0324818048175,6274,168456.87906356575,2359.2450960323536,16098,160484.36526928956,100.35904633433151,68.28453008754447
2019-03-07,2753.509854346919,5218,171599.1131007043,2343.778170276636,17293,159205.8611778597,100.38140588920898,68.04355805995895
2019-03-08,2841.5425660721066,10282,163435.93971466186,2336.096485208378,12722,158795.79467425862,100.44929724551616,68.20891557856946
2019-03-11,2738.229858656595,6752,174403.34806005095,2323.894844126374,10841,158365.22859249613,100.45605515246505,68.32756831047821
2019-03-12,2727.8730386374023,17186,179288.3652223844,2295.170016691815,11702,162223.80847753354,100.48496709233406,67.85745083540759
2019-03-13,2718.911203002525,8391,183998.3789058761,2302.9948610523293,16527,164274.08276573068,100.54809591491791,67.64014807958513
2019-03-14,2718.498484682666,9463,183421.93409072908,2315.3776540918566,5926,165150.74821858338,100.40238033293234,67.46563167482445
2019-03-15,2747.692990320493,19395,185159.99995470908,2321.7436763157043,15916,166552.12555497076,100.37041321129661,67.35599079659019
2019-03-18,2790.68679097937,11696,183987.65285451512,2356.971672113891,17517,162032.2690149905,100.32337594586733,66.94321672000972
2019-03-19,2622.8109876793555,18190,197836.36295419038,2375.7044607740777,6491,158166.05912551953,100.259488161043,66.75470538757388
2019-03-20,2793.8115638092086,14336,190919.9453114821,2382.9097188228407,13298,155929.62570549393,100.23197393592034,66.53612224199603
2019-03-21,2832.154457693406,16778,188176.9983575179,2400.5294052293452,5999,154519.76860340117,100.38146806704377,66.76758221992459
2019-03-22,2793.4937449847653,6684,191687.65398424724,2382.4259284882346,13738,155357.20606467634,100.29488495547444,67.01031861322167
2019-03-25,2762.3950109552998,9391,190999.52700952027,2397.4896204186866,8443,154678.6664475891,100.3917127909336,66.96657547579503
2019-03-26,2754.3472386308504,15466,186745.87420631075,2383.671576044898,12569,157906.01167997206,100.22342581377201,66.8489635370338
2019-03-27,2686.149624058446,5525,191927.50846412993,2381.022291698087,19600,158288.16468502834,100.18993731077343,66.89094083064553
2019-03-28,2614.707027377848,10925,197707.2589951328,2396.700374530766,14311,160378.32592877786,100.20621261728394,66.64596829840886
2019-03-29,2615.1525590544657,7191,198628.8150715535,2386.6463015758914,13298,159645.4401583164,100.26483485041986,66.30191867375864
2019-04-01,2645.981050935339,18164,196414.83556375623,2361.3608867127346,9382,163022.98149481535,100.33595750839915,66.01985231108092
2019-04-02,2678.073409949676,16038,189562.14440441973,2389.20386502449,9311,160503.20793352395,100.41529223191914,65.82940836188948
2019-04-03,2604.4734765986145,12329,195434.4613716728,2387.9154521450905,18128,162612.1329313983,100.38041972469429,65.4803662219518
2019-04-04,2539.6169464313275,11450,202227.94375909126,2413.6166719183543,19337,160356.5893401656,100.33418454542785,65.52898408967066
2019-04-05,2672.7165290490943,5463,194390.81603052848,2424.7381643982135,8505,158357.22916865666,100.41998213355356,65.74789879180578
2019-04-08,2785.45841104909,17442,183632.78237476057,2465.4774080272896,18732,154752.06697920532,100.40085170106539,65.27176930156631
2019-04-09,2793.8200711696904,16276,180930.97177027256,2405.3097646489746,19539,157911.93050040063,100.2732830687316,65.27930791493111
2019-04-10,2853.8569189108875,11300,174951.9927070822,2421.0462212126467,16531,154412.57847225192,100.15995434733125,65.21332717635121
2019-04-11,2813.235481689876,15391,176285.91151753181,2330.146580989578,12126,163565.94749165446,100.0680091187311,65.31577978201226
2019-04-12,2864.130960574368,12168,169176.05223235447,2281.243773852369,7332,166502.4350822807,100.11772519313647,65.31189815158118
2019-04-15,2883.4042328518153,19242,166280.93891280933,2341.5407559200667,9148,163560.81260743292,100.13196776674353,64.87581836760168
2019-04-16,2882.503273868199,10139,169360.5145260922,2370.1629448947087,7681,166091.5566378244,100.20101630215031,64.49710157794453
2019-04-17,2884.6631470304774,17174,166905.17266928454,2375.175625153255,7568,164832.96878809348,100.15829103751665,64.50592865062004
2019-04-18,2941.6084857633987,6106,159052.21519023963,2394.429726582424,11879,164885.4489116079,100.17414500662431,64.81456292654369
2019-04-19,2852.392537862243,13497,164478.31349826048,2392.7846645931572,6065,164788.03552772827,100.23670404602106,64.15030671523078
2019-04-22,2891.8288720337423,7326,160558.12686846277,2342.258258326591,8269,165144.19473666494,100.20576939204904,64.25402468917126
2019-04-23,2821.5415033074405,16728,166675.24094518056,2383.9551743440024,6386,161312.06512521452,100.25144691580478,64.61091129075754
2019-04-24,2880.8121176001478,15975,160820.1435059574,2372.5527585473587,19720,165181.57660682496,100.18525432169811,64.56500352789568
2019-04-25,2821.781546571448,7926,164446.5134391156,2383.2886170960646,19275,161755.62672461334,100.1489489370416,64.73006427670362
2019-04-26,2830.8557192922044,13886,161975.38780613666,2399.400933710579,14393,160015.5822293963,100.11077514764176,64.51914355243427
2019-04-29,2914.8097421305383,18610,153972.8597822085,2465.583120498975,10443,154102.8366414704,99.99119118308286,64.48333369265121
2019-04-30,2922.220834344346,14402,154161.4398948853,2347.8746803845756,11319,160761.98047588393,100.03988843116142,63.99705963715877
2019-05-01,3000.3637955096065,16480,149012.09551224194,2418.0946315433957,19809,155356.08243896076,99.99294819714115,63.293756644633106
2019-05-02,2924.970299352786,9800,153934.48515149183,2348.9618652081244,6373,160774.29437496982,99.99419760901392,63.57658638500069
2019-05-03,3077.074119837531,12418,144526.066959649,2338.4613703846003,14777,162766.2651936415,100.0422722749045,63.281087906683354
2019-05-06,3022.202008787113,7970,146486.93439739512,2379.441375212714,6771,159280.8525927062,100.08692539250751,63.14442955318233
2019-05-07,2923.5545412531324,5611,153082.63250738513,2256.1696971398364,17513,166755.14587737483,100.15346390340478,62.728496877201266
2019-05-08,2898.9905571636923,13430,155134.79680303988,2308.4229854832474,14990,162259.92179975804,100.14361535495384,62.30550596627611
2019-05-09,2856.407235701466,11213,160381.69479018942,2344.540193704545,18316,160299.52276062185,100.10128552374943,62.25335465624772
2019-05-10,2851.1613899101044,9378,156846.46793069039,2360.0650902611555,9134,158404.98521576708,100.09331370265879,62.034481498007025
2019-05-13,2817.0908612602366,10302,158453.83392729537,2252.7678296749814,15554,168570.01231513408,99.92458025926298,62.14787279740544
2019-05-14,2825.3090163985407,8721,158675.34443074104,2217.7398440463403,11549,172616.75137486748,99.77986901202067,62.283634323099314
2019-05-15,2875.685081970093,14930,153855.20945965592,2294.4652044747354,14071,161182.65794465158,99.64759905078523,62.379889216996695
2019-05-16,2825.0168526207376,6832,157512.79122807024,2198.852508718654,13713,170676.46928027621,99.54787436802508,62.45146945427523
2019-05-17,2732.886499666039,19821,165323.8788887997,2267.7981683585226,10557,160153.47791507855,99.58785179069743,62.9247999157548
2019-05-20,2679.1950911339127,7962,170049.70449501646,2275.005270765987,12783,156834.28141764097,99.49730388516141,62.60452178504133
2019-05-21,2703.4802106892753,9703,164569.10084597193,2294.190776777274,9214,154804.78449414956,99.45948762975749,62.588041325180455
2019-05-22,2735.956664768696,15182,159592.43474479552,2241.1535056988323,10518,157404.31040439918,99.58941045953608,62.92784827133633
2019-05-23,2643.4552547742464,19001,160590.70468322316,2171.601910857237,19063,161897.33293856142,99.55378406242994,63.30721021413774
2019-05-24,2566.3861021817283,6368,167612.29383632622,2214.0842309964137,17761,160061.07760540154,99.62753561927666,62.88068111933437
2019-05-27,2552.3691152097135,15263,168939.41125990718,2253.7631897515917,5766,154193.7959703648,99.53417385127567,62.78697448683761
2019-05-28,2671.834673343191,15361,162074.82984957323,2217.9490995538445,16728,159665.53680455175,99.5136300954889,63.194410815597784
2019-05-29,2566.31996053044,7389,169944.20614224175,2188.6544858965603,14948,165829.9254053967,99.41862788999785,63.346834547157506
2019-05-30,2584.5959109795767,7321,166015.65197564993,2342.169177850532,6824,154411.90003898248,99.38472458240778,63.40541345660144
2019-05-31,2578.151197783176,15144,168491.5189311443,2373.904349673619,10894,149397.54926531026,99.46875539615353,63.34010804857104
2019-06-03,2619.3203791365977,6555,162454.47883720006,2344.502296586749,6059,148753.0486305897,99.2960233538343,63.22496777085872
2019-06-04,2559.7513272524902,13308,166859.81685201425,2348.4019483779143,16883,148500.50954250497,99.33946571818888,63.31143348978581
2019-06-05,2542.5319222063767,15559,167608.293797383,2270.5756058238676,13537,159333.83402589717,99.36323927842211,63.23572125229047
2019-06-06,2579.3850049657317,9102,166078.00008252123,2279.050550463513,15728,158005.16219614336,99.30382428285243,63.22294766597714
2019-06-07,2585.8027012530483,12220,167232.4711009132,2324.766940223795,8407,152723.0792139272,99.15921849741359,63.246527277811644
2019-06-10,2591.491096407805,6995,165757.61779461367,2225.0132026187343,14982,160967.38870075162,99.16643144818497,63.043105819263594
2019-06-11,2529.6328290162996,7673,168891.57434792703,2270.6346624247094,10848,158200.1691420752,99.11348217727858,63.202744631428025
2019-06-12,2548.1738793784484,7468,167124.3993073954,2201.320490254872,9430,166548.58501086748,99.13674979841406,64.07701802595265
2019-06-13,2507.4890516432324,15154,168974.19293834604,2162.47066821619,10343,169840.3853184676,99.1389350129664,63.54392203415483
2019-06-14,2558.963257733086,18019,166573.9518171982,2211.78260984902,5632,164751.4472662858,99.2991129020985,63.641125791411824
2019-06-17,2602.908805892782,6152,163719.82069747834,2172.7436952658127,12087,169087.09279275636,99.27517733935119,63.41306876482615
2019-06-18,2577.5339411663917,12116,168319.13829779936,2199.6763289812357,11849,166418.80781530088,99.17282759008901,63.58628953808193
2019-06-19,2516.396108744821,18341,178106.48260796312,2177.105836494814,7098,167416.13768758447,99.19075515358463,63.60025678008029
2019-06-20,2532.7085528119674,13493,174780.27498820613,2102.476978980819,7110,170489.8413139562,99.21275482198182,63.82881321229303
2019-06-21,2515.890998830834,19065,174641.6796328921,2054.8484706024637,13525,174988.91944980074,99.34867357950586,64.18146518524566
2019-06-24,2582.6508096522275,16049,170038.40113494612,2056.337394906892,18443,173316.5010274843,99.43218470409732,64.23919152057611
2019-06-25,2588.760195100433,15673,170161.38963423762,2101.1784963309033,5826,168183.44073574748,99.46787181001227,64.57880720710037
2019-06-26,2535.496524162014,8128,173369.66967356444,2062.889914873712,19514,170986.5038435364,99.61420209913422,63.875517838963766
2019-06-27,2519.6694759334828,18290,170928.18453177813,2089.164787065708,18962,166388.46530300978,99.49532579370194,64.35265352833858
2019-06-28,2507.207398440273,8727,176804.900589788,2134.922319398374,14787,162888.55953049607,99.43135064042697,64.46517217390627
2019-07-01,2519.630212702294,5755,175704.80902048817,2098.1965875059705,14105,168273.55321898518,99.33869304628641,64.78852518062983
2019-07-02,2607.746316972229,16658,166095.03589167548,2040.1196866026264,12493,174618.8271200181,99.29971206597084,64.42256245717738
2019-07-03,2673.7237244465255,6405,156039.91565291377,2069.043269520537,7597,170162.54277166867,99.1620434512152,64.17333149269577
2019-07-04,2767.085915047454,9632,151801.77901814418,2046.580732125589,15490,172408.85867345275,99.22555854589665,64.2171129809392
2019-07-05,2738.981521407233,11351,154467.62474751842,2048.5682933262106,9475,173324.44293378078,99.20333627618676,64.21200161413796
2019-07-08,2640.287923493752,7266,161626.49879888233,1953.7759283457747,6618,182073.38089285124,99.0562556467365,64.29692219054095
2019-07-09,2605.594823419851,10190,162039.04114338552,1993.934257457172,11367,178974.2340438427,98.95469773861575,64.62227673881995
2019-07-10,2604.4275804861295,17124,161788.74872074896,2016.7788075990468,15567,173494.75832422596,98.98604912336077,64.0927106442291
2019-07-11,2586.0228592209096,8926,162289.65506100378,2097.162258607016,6382,164787.73780213256,99.0698617801502,64.38485636574428
2019-07-12,2581.9249549544825,9558,157447.69233882645,2097.8768315614334,14669,167384.75925661268,99.26953486931939,64.38734093873167
2019-07-15,2563.4426046959866,13903,164176.01212441805,2177.9741301076315,6942,161508.8060361277,99.56092111592012,64.3262063803943
2019-07-16,2553.275299241465,6864,165699.71699070995,2203.3965331643394,8555,158744.68426697064,99.60236205924771,63.884871810078835
2019-07-17,2577.028324863711,10273,162979.25651000443,2178.525876389015,5400,161101.67403474916,99.50340824724454,64.0357864105919
2019-07-18,2587.3075666233067,14473,160092.64244227606,2081.6704397260874,14833,174139.83553990946,99.2902036191714,63.311554055282585
2019-07-19,2601.018593438349,16523,157700.06536649555,2195.045593405861,10452,165143.24748241814,99.31697476540579,63.5060722586542
2019-07-22,2611.6238475685454,8887,161674.25916463058,2215.4037601169066,19420,161682.87292640412,99.23568065587475,63.058440508012296
2019-07-23,2564.492232263014,6157,165947.54085474124,2230.049008021207,16110,160820.28105791393,99.19414492985678,63.07447788179754
2019-07-24,2542.455672310857,7147,164803.77581158277,2200.26396856961,6007,162427.50126204602,99.1329352499508,63.038727230599164
2019-07-25,2516.2518338572227,19872,168495.44304251092,2241.2021671539756,5220,157360.6226831095,99.11885616130917,63.38958867478733
2019-07-26,2520.8361177017287,8822,168933.44290686995,2209.1946816338486,13529,157686.94488273456,99.22545418438793,63.33599212408316
2019-07-29,2522.848634059591,16340,169629.72444591043,2207.839746233374,14435,159128.55215762215,99.24115904113246,63.12775055573947
2019-07-30,2512.1813797914324,14430,169997.04522402358,2213.5372373638857,13648,162937.69263691115,99.2252955574286,62.9757697469481
2019-07-31,2512.5732878104004,13563,169407.70575082378,2213.340676391126,12870,164520.7791727142,99.12173018214601,63.3576345775745
2019-08-01,2530.033917545724,9393,168238.6466393959,2153.5057648033617,7410,167143.45444932836,98.95426188767557,63.51852366832877
2019-08-02,2548.218091958026,14370,166177.6315931512,2213.37354223283,15814,162452.28060132495,98.90563109676825,63.40283467387182
2019-08-05,2565.6103229622386,6251,161788.0096270847,2236.4849755884084,16765,157298.56722052762,98.90025284168641,63.33190074788247
2019-08-06,2577.8226242175747,8906,158680.3324387037,2305.0392429702483,10846,151528.8547608226,99.0770458330444,62.861747620706836
2019-08-07,2592.2450613954006,12418,157472.74642898596,2371.0424277430093,14183,147882.3179468575,99.09007328519169,62.97828988096229
2019-08-08,2577.500575713442,8445,155289.182094372,2460.602389262392,10977,143300.324502697,99.18834723629399,62.450345168653655
2019-08-09,2578.819320405521,9376,154842.06805486672,2451.932938965485,7265,144310.36842543454,99.13841767644008,62.6758841084043
2019-08-12,2593.9942917439607,11457,152954.6210219751,2387.1259459871103,6232,150294.994052558,99.01992329979838,62.71447058615168
2019-08-13,2604.0093563313726,7348,153610.87529048882,2389.904797232533,19188,150082.39252373026,98.92341162357513,63.43055612602385
2019-08-14,2648.77344159486,13344,150441.73801439902,2410.4462387935614,17325,148020.4565583141,98.85088901712156,63.10051545990656
2019-08-15,2637.937790463951,12617,150633.0681001061,2463.80091643778,7484,146739.85453610562,99.06373599036507,63.06971683259437
2019-08-16,2609.868648826605,15967,152136.26107022213,2328.228216784307,8760,155873.3994625831,98.98159732244264,63.60920314287129
2019-08-19,2621.186755441086,10229,152097.09937037324,2357.4940951563453,13793,150115.92187629864,99.06544624281628,63.966620034958716
2019-08-20,2607.6891012951287,16022,154977.43097586383,2351.603976152604,9941,154121.5470191193,98.97515352500757,63.75775641948474
2019-08-21,2610.6505029668397,13654,152513.86202825958,2349.0266425628506,10782,158835.01181709036,99.06831082629499,63.824946647996775
2019-08-22,2611.140920144318,8446,149336.80745697205,2289.277649449203,18988,160646.16020355787,99.10680592290558,63.8255464549213
2019-08-23,2592.797804342998,16266,149221.97010444282,2332.96304079412,7345,158601.49854582563,99.09114213313977,63.91013321513955
2019-08-26,2591.310483140796,9316,144661.5205140723,2287.8013989405895,10649,164004.51195318112,99.08706588052623,63.700529084344105
2019-08-27,2603.8444040012196,12042,142140.04373427213,2313.1218314131174,5714,160813.868465302,99.02158711098329,63.67373296353388
2019-08-28,2618.5710764433575,13124,142745.79863809719,2290.791971397059,11650,160729.28003554727,99.0661943311315,63.19431725095087
2019-08-29,2616.7559725844512,17925,144914.20260644623,2278.5100652386604,15503,162014.45286169284,99.02069598309743,63.23485428651129
2019-08-30,2613.2222373792424,15015,148313.6919439268,2380.655256738094,11727,152265.57504470358,98.8981354067207,63.36986048853784
2019-09-02,2617.6907012345673,5624,148100.89285245075,2344.3537457321836,5073,156934.76085762147,98.77034164928874,63.301634664744675
2019-09-03,2600.088751628437,15966,149757.52239069704,2268.7002258480893,8670,162058.9774210537,98.78760044106095,62.81711939756924
2019-09-04,2572.0500822892204,16000,150701.4702690007,2201.8504568082694,16525,170196.27696204896,98.94550956670199,63.11367895642468
2019-09-05,2562.7861943416374,6655,150338.16420611937,2213.110760017116,15831,167714.45373262535,98.96150872805933,63.22303646782252
2019-09-06,2530.511816864278,6348,153412.56522462054,2212.602062380707,12099,170849.37712766853,98.94964489544834,63.005231938512225
2019-09-09,2550.090351922705,6631,153647.39608455327,2108.4474549121655,7559,181838.9714997588,98.9782275094086,62.92105180446081
2019-09-10,2574.7101062868587,6632,152522.86438028567,1975.663897619387,14538,196398.59330196935,99.10882768357928,62.470850983626256
2019-09-11,2528.2570093615504,13839,151989.06200405967,2004.1941297955943,18763,192280.66952561826,99.13076593371567,62.16322794529289
2019-09-12,2504.5757732488496,14557,154817.6692026055,1993.1380849568195,7535,192508.78252974345,99.0896732106323,62.00188454138574
2019-09-13,2481.4566153991673,5305,156596.74976183058,1978.1868097269735,13177,193406.58134971667,99.20030208163828,62.37041078506979
2019-09-16,2499.127568911254,17689,153885.6848572627,1992.8843559707761,13897,193862.6198157155,99.24317772548444,62.17855976780355
2019-09-17,2517.6909254422403,12425,152618.73500285228,1955.6358375461634,8969,195845.99149485808,99.39675332468404,62.37062386560217
2019-09-18,2515.3869596768623,8868,154560.70620917142,1916.9160965507267,19006,197786.0178569507,99.41507676840624,62.2091290047437
2019-09-19,2511.8100923020024,8600,155055.00124508457,1935.4486450503218,18271,194930.0013875998,99.29262986523419,62.283513272999265
2019-09-20,2518.548727596946,12592,152975.4669722805,1910.75500336675,8568,197751.61653007704,99.15581394530962,62.24109462235612
2019-09-23,2539.326870368552,18557,158030.05446109016,1902.6065847790878,14229,197973.78908801635,99.32090673853274,62.50301160238394
2019-09-24,2545.6636822214573,16500,156142.6316388798,1882.6857525087455,15699,199466.28724866078,99.49327331061107,62.34256820091838
2019-09-25,2576.2891783598097,19074,154578.54842311997,1934.5450979297905,17951,190840.83446727035,99.47532138928281,61.870809725917645
2019-09-26,2612.7299117428292,7775,154212.73887220403,1901.155909418651,18364,192653.06043195943,99.43700265716922,61.456225016508554
2019-09-27,2609.1979835119823,10985,152667.02418299176,1880.9166614391713,14252,192216.16045751114,99.58314708639344,61.29666176832573
2019-09-30,2621.957867962632,11184,152736.7200535138,1818.2329900521427,5213,200558.43959248243,99.47244251818908,60.92194377712231
2019-10-01,2599.333323552578,6802,152685.91846054254,1775.5941626268072,7005,204663.5648200111,99.3829698162935,61.04500738182618
2019-10-02,2588.301353507613,13893,152935.27162339856,1764.649944259346,5786,206709.98941443782,99.4473024957624,60.90527693236876
2019-10-03,2611.3952630282356,6741,149552.88165588523,1687.7423135502502,6014,212233.27185662466,99.40784198347644,61.617658897376685
2019-10-04,2630.0627619802426,16810,151643.4732148055,1622.1250951416491,19648,219314.28571472268,99.40732979680445,61.096344518835544
2019-10-07,2621.5784276229647,6112,149457.28522239003,1583.77258970281,15323,224099.57176408856,99.39098550695199,61.157434472448486
2019-10-08,2640.65737372266,13601,149010.5801072174,1560.8876652417105,13119,224138.84107949046,99.42474296183188,60.819048565396784
2019-10-09,2660.4707373409706,12507,147554.37175291582,1574.1852376839,5287,220402.49823648357,99.56549114796326,60.67102816328198
2019-10-10,2661.8121482994275,7191,143439.34658547697,1540.0116051276204,5549,223007.10450357475,99.57454963865342,60.71345400528415
2019-10-11,2645.6837264548926,18631,148176.71992003135,1560.2983685111267,14176,219937.0754783101,99.63894351798112,60.015842592821855
2019-10-14,2650.353140062764,17457,146654.8414967877,1621.9326645968508,16849,211900.0168330991,99.43392630787801,60.086890427858265
2019-10-15,2651.986446051786,14992,145997.86694432326,1744.0343908381983,19276,193383.979272515,99.429054467685,60.65776266654052
2019-10-16,2690.015700034495,17166,143568.12748299877,1727.7181136616252,9718,195481.14336958993,99.3447314406557,60.52173117702994
2019-10-17,2725.1537371759873,11946,139150.33057360814,1766.3063181568755,11015,190975.20560997355,99.22285013461335,60.59967353407159
2019-10-18,2716.595984967726,15843,138282.63881783307,1776.0625814659224,17471,190041.14912880387,99.13503489792048,60.907150042009214
2019-10-21,2717.6365024738852,10917,138208.07156802202,1800.769877728226,17190,185113.28777588086,99.10162255385039,60.85796399200112
2019-10-22,2713.85830869603,15994,136788.86424122434,1810.8097350613004,16343,183500.16253908866,99.193212808086,60.68367593544167
2019-10-23,2723.827529122383,14286,136343.6950781,1762.3848989510677,11494,191066.31717683282,99.06057353631203,60.00095501432514
2019-10-24,2724.167731650773,11836,138970.39529925367,1795.1086001862525,15867,189233.3753780471,99.06363668557148,60.193252230143635
2019-10-25,2730.396170666694,12497,136535.79289675565,1737.5601664647852,7246,194020.78380437623,99.01521974223812,60.15930170722497
2019-10-28,2734.523543203387,14753,133132.1180427599,1702.5557743867798,16966,200807.002902638,98.98245243280192,59.855496551808514
2019-10-29,2747.976154358703,8248,132008.2351158457,1720.9935104684087,16991,197285.16191096013,99.0827282153324,59.89347556489183
2019-10-30,2743.2705450683698,19981,133298.26462395917,1726.8272116181602,18845,194333.51053199786,99.13653975903279,59.71837145784997
2019-10-31,2765.806748182237,7199,133131.4909496681,1687.7774095424456,15451,200650.6137394268,99.27027956977706,59.559843618515316
2019-11-01,2822.845636071958,19623,126922.56682333276,1666.8604351452816,5782,203267.04626051092,99.25482900185206,59.74173096534793
2019-11-04,2845.9853018436374,16783,120721.37309299788,1698.191955779132,17904,203549.31864601397,99.18523474068499,59.34021624195077
2019-11-05,2843.5088427718574,7796,122917.34231749488,1681.6244962680162,18818,204494.43094665717,99.16284885899694,59.6544108277729
2019-11-06,2817.1756094851203,8505,126433.49617343735,1632.6053792756402,9102,210040.18218264423,99.18709853812406,59.235104978837384
2019-11-07,2842.762143916892,14561,127857.44229567172,1608.4370073192779,9763,213863.6713135197,99.20475587396943,59.0362945563308
2019-11-08,2847.261806004933,8182,125774.11946257635,1679.563899781087,19048,204902.60739961194,99.0963170667461,59.613178414550774
2019-11-11,2860.610446607864,18013,126170.08261630962,1652.9119763306198,17319,206717.7486659402,99.10536604490889,59.9513848430435
2019-11-12,2851.0194382414275,17806,129065.18931892965,1667.4499021192062,17758,204391.204536943,99.12818887792278,59.98066604079214
2019-11-13,2852.2311513711675,5901,125442.78405323917,1714.203128089359,17238,198191.17974435946,99.37993628167617,59.69850697614177
2019-11-14,2902.4440629782544,14824,124250.88852705428,1675.544687269393,9847,202175.5229026226,99.56762074280434,59.539725284131805
2019-11-15,2878.005008040347,13624,129028.96666558755,1680.5997620499627,14370,200985.97118571048,99.48229640774845,59.56170787850751
2019-11-18,2904.1457617957813,11587,128546.92323358593,1614.260645513928,19280,205290.6612098021,99.45355807159353,59.57296484820939
2019-11-19,2920.261596450601,6732,128693.13358158658,1663.5268058308382,17816,200413.5756405528,99.30721387140984,59.5457035693216
2019-11-20,2926.912093002838,7010,129899.89459224738,1657.3758815027663,8920,199405.64974408277,99.24814317001349,59.536453815096344
2019-11-21,2913.1648229419447,7753,130471.95327032519,1691.7504136765274,16083,194268.46709947824,99.27970367037253,59.47214128218481
2019-11-22,2883.666013415821,6460,129753.37859378329,1668.1426511140862,5463,195033.07221094644,99.40028903246134,59.039547661492804
2019-11-25,2880.499828350211,10387,128270.04938682418,1657.7795782317085,7822,195407.5846677585,99.32738064868698,58.88459443884456
2019-11-26,2886.874701478629,8902,127641.64896954177,1631.1864153309116,14811,200112.55409480812,99.2619660046802,59.15898165504061
2019-11-27,2862.8029186573176,13350,127780.4114621019,1618.1122429720467,18328,203743.9149184341,99.04723710170634,58.74848136577528
2019-11-28,2876.407618096265,9447,129069.41367543374,1617.7536649136991,7778,203896.8289746578,99.03097050965185,58.691614712313495
2019-11-29,2912.4183133131196,13121,125907.53192073356,1642.5269325876975,17007,200619.90683878466,98.9247290684659,58.445688533682244
2019-12-02,2895.0934468145674,8538,127065.68639305553,1624.2848319977682,6462,201292.6080950583,98.87178512572929,58.479093662501676
2019-12-03,2928.037817206213,12559,121413.76187227399,1616.8686613531756,16451,201132.7264869361,98.78409904791253,58.36250370818163
2019-12-04,2882.0123346481,7612,125594.02019711843,1608.324768046207,16883,202146.45368859693,98.77467279248727,58.80572180767403
2019-12-05,2869.51438933225,19358,125243.27316166874,1602.0682075213638,9088,202091.65521929332,98.5988999533516,58.9576967539311
2019-12-06,2884.030623847409,15539,127466.75143222208,1579.0012322573812,11679,202474.88197478862,98.45219542881252,58.56415580419794
2019-12-09,2855.8576300442937,12640,126138.084845371,1579.1400442189938,8986,202058.7373143177,98.66512014001535,58.76552420768205
2019-12-10,2899.245677562014,11678,123943.43424839279,1575.7521190389189,6161,199877.13961146248,98.53637788188794,58.533128650803434
2019-12-11,2922.8132385670947,15996,121717.08995934918,1583.3767223323814,19041,202553.54978704875,98.42669932404247,58.36002973939017
2019-12-12,2946.3975681119064,16103,119611.27815312259,1603.9546064281328,17600,200042.72948079562,98.6103906768746,58.45417544542231
2019-12-13,2964.6891492261866,10014,122046.43006624667,1604.0258183397834,8522,198401.61248432583,98.90089739379864,58.306651219503266
2019-12-16,2992.104357866442,5201,122355.82815624164,1623.9732514798852,15111,196362.80652022906,98.78374073091611,58.574507964400155
2019-12-17,2966.614506286972,16165,122579.61197700477,1626.3525656172253,13621,194112.84711147193,98.7469158352373,58.342154945946135
2019-12-18,2996.1197770619406,11934,123619.4569847919,1621.9402389359018,13950,193709.31465602855,98.78107139033136,58.15647098016873
2019-12-19,2983.3170006399682,16218,123382.45071509844,1619.486925011923,14559,196677.62521666737,98.95394115477191,57.959559712104294
2019-12-20,2948.2177763515365,8387,127553.83568304566,1617.659497716871,11232,199014.12865872387,98.85525544692909,57.78986808759778
2019-12-23,2979.7282643341055,15043,122108.68670642015,1624.3691366941996,14917,195327.29336451244,98.83072766233488,58.11962555426213
2019-12-24,2986.1065589869477,11923,121265.80960633208,1617.3933897323118,19863,193499.68353272483,98.90846141994106,58.30826444234522
2019-12-25,2992.422300982657,16314,120502.0781639662,1633.6947970776398,15888,190023.4263417942,98.95193802738773,58.82124762854884
2019-12-26,3014.418893510268,12014,118620.30447744006,1628.0821407965184,15392,194818.9293954847,98.91432242026471,59.50154088971861
2019-12-27,3037.5103920723477,13585,114165.2383588719,1608.5307640528583,17955,196897.5406465989,98.9009401238131,59.192325780138916
2019-12-30,3042.3524537108187,18321,110354.25737115828,1605.3795297750562,16115,197337.6131602184,98.7634505429761,59.213451518337095
2019-12-31,3038.926014750361,17834,110896.53237846291,1592.2597069278827,12806,197480.9869611048,98.73963316857864,58.86059142334407
2020-01-01,3065.217442985989,13200,110729.47699709919,1613.0558256820152,16368,197050.16412599012,98.71299441957774,58.62730964501959
2020-01-02,3070.236949935157,17488,110818.00833461243,1621.7175773291028,6542,197435.4206448175,98.73621140854037,58.438284891942885
2020-01-03,3080.6390515166604,13483,109803.74128740883,1619.3658172917162,8352,193793.35279323297,98.68067868665847,58.1211384297014
2020-01-06,3098.141411875333,6445,106003.32431306517,1653.6541608963696,8120,187426.22753275975,98.72783253891298,57.80557224783188
2020-01-07,3099.654823391222,15004,105761.31496503061,1649.831703634615,15676,183850.53578795693,98.82910412069496,57.76228693427581
2020-01-08,3055.3853609244484,11725,107899.48172072803,1641.0588080898463,17086,182252.61178403007,98.84464705346181,57.397271408759885
2020-01-09,3052.896272002494,7007,106997.72086377992,1662.3046153494051,17334,177709.69253445475,98.87982269430174,57.649909496501174
2020-01-10,3070.3445304163542,6810,106597.4497593382,1639.258528719827,8836,177530.84577010167,98.88513822905952,57.374583435275916
2020-01-13,3094.4634194389005,9937,105764.08749358496,1644.9028328263355,18460,175290.2382999936,98.88514666836866,58.21745412630484
2020-01-14,3077.642175845831,19258,108055.63164568861,1626.2782281043762,11035,178684.14794757444,98.81299086501437,58.08203879101552
2020-01-15,3055.743028701064,10051,109341.80335934939,1629.997614022493,17706,180192.92076278746,98.8446402911817,58.10364408359063
2020-01-16,3030.4425334917673,11523,109692.01205964638,1635.469184726488,16784,179444.52176314025,98.83491163134036,57.715041728250824
2020-01-17,2956.37420846455,17023,114544.88292528788,1659.9617463513987,14269,177608.91644998704,99.04422846223342,58.22686925568912
2020-01-20,2949.1112163340295,8301,114724.70344282697,1684.27672952617,6704,171688.95403475105,99.20156395248094,58.562719459929994
2020-01-21,2914.7244978117005,18419,114076.63310188461,1682.4502005334823,13914,174636.04797947124,99.24014860773659,58.65179422115082
2020-01-22,2902.5502725737306,17564,114528.06555905683,1694.4175432929308,14325,177555.12602650843,99.16384288676711,58.24775345651695
2020-01-23,2911.8352532988692,7227,110869.84896697928,1688.6374132409949,5949,177670.52825432344,99.05260173956877,58.31095351983434
2020-01-24,2892.5087861162947,6308,108590.13311951107,1711.7755900612538,15162,175796.39118547778,99.17171603487766,57.974524206029166
2020-01-27,2936.960323573383,7617,104234.35290032037,1703.7688589548166,8345,177185.63764582414,99.19799095739238,58.41323078507117
2020-01-28,2944.8481189637087,7311,102818.71756246184,1698.0091471960495,7737,173247.4057879485,99.24600529773153,58.655989204627126
2020-01-29,2944.9029769133126,18275,104632.38468865053,1700.4937307677965,5339,174758.5556826301,99.07154669903412,58.684620916173444
2020-01-30,2912.1969131399765,15182,106638.73334893462,1686.4486835041762,19021,177117.82460700403,99.16429054718994,57.95370821719925
2020-01-31,2963.538076711509,5527,104557.38059027432,1678.105027044038,12980,174591.76752758198,99.20973258101137,57.65868342360154
2020-02-03,2964.3961207211264,12611,107793.69918528554,1695.3691501043136,15010,171445.56602538604,99.09868951256992,57.8650117630815
2020-02-04,2968.0358240183214,5475,108161.28948745225,1686.9395797556472,9098,174541.37046384823,99.05153703182492,58.22887687059845
2020-02-05,2962.844151905499,9009,109640.39838637691,1699.3075397879072,12625,173976.9176197327,99.07790875226058,58.56162781404609
2020-02-06,2980.522704038649,9912,107417.14155957484,1701.550025546653,7494,170713.86701418017,99.0831554320962,58.08402391337365
2020-02-07,3022.0413376036176,13644,106650.95063836579,1706.1267135288574,11543,168818.76580602623,99.05393831351584,58.17448960541752
2020-02-10,3015.2729425498937,16172,107599.31849847555,1696.8308763442217,7101,168336.9103547944,99.04358948670925,58.4791441703624
2020-02-11,2995.4853622760393,8110,109416.50038865872,1697.7619468265314,7223,168344.60203477758,99.01839174888856,57.981643500687724
2020-02-12,2988.326827700208,13440,107992.92335327479,1699.9503680887917,17867,166485.31708522906,99.03364800009881,57.97927214607576
2020-02-13,3032.971177933754,9638,103501.51941562133,1699.9949495194676,13372,166405.80943925696,99.18079719739812,58.0614248655683
2020-02-14,3025.591807308272,14132,103055.18034296013,1689.7650282941238,15740,167090.92860053066,98.924131353305,57.971195490114276
2020-02-17,2980.610702273492,14165,106655.03144248322,1701.9787288715079,18640,162500.55155851846,98.90044632685402,57.415546933493914
2020-02-18,3003.877515161128,11159,107658.62724434947,1690.8678472063318,19358,164488.9841263657,98.91809756899127,57.317837500471796
2020-02-19,2993.0195799863172,18243,105722.89638703354,1711.6492583584625,19306,162393.96928493195,98.94769696795998,57.21964587139529
2020-02-20,3009.4406860516383,17325,104284.62372568643,1727.846237895396,9359,158995.71514679692,98.91050550982786,57.175224150030964
2020-02-21,3019.7230398838105,15547,103386.30321242395,1728.2099419967735,6817,160338.25088515566,98.73483333157999,57.006182722403445
2020-02-24,3021.050225750985,16541,108268.253229821,1702.8402714375077,14244,167747.3546106842,98.7676328799514,56.873279076431004
2020-02-25,3004.0366648992003,14648,109357.89058674332,1713.8454535913206,15654,163093.39585146055,98.94036790136782,56.86136719172691
2020-02-26,2961.935167828323,10623,111438.18915620488,1706.0535241118819,9335,164299.90706932644,98.78698176087622,56.99410357321782
2020-02-27,2949.4828196635713,16199,114100.60787379633,1728.2419451702676,7888,163222.13979440153,98.87336456224602,56.90277554436082
2020-02-28,2954.182331096505,11186,111865.44515583142,1710.1525880769248,12844,165237.51408386303,98.84051203993374,56.77988086585042
2020-03-02,2929.488779645031,10675,114945.26753044814,1705.1157421293506,14962,164500.76746485484,98.83437960535086,56.80758707732676
2020-03-03,2920.6143882270503,15037,112493.5394198801,1707.6408897722686,14326,168453.20940923493,98.72908975428047,56.231312299558205
2020-03-04,2887.727234665222,19714,119111.4027646018,1740.7765624648073,18457,163369.73821830924,98.69564413704488,56.374422837726144
2020-03-05,2911.802473821922,12217,117604.24506332957,1747.7040983552633,17319,162166.49867367628,98.82564859651477,56.37425390858925
2020-03-06,2906.779994895514,14168,117358.89791335378,1759.0197425842719,13254,159427.89723755288,98.88391412071354,56.38616196656852
2020-03-09,2911.6179839548236,5575,114664.35273036438,1767.6273134522507,18758,160779.04351810127,99.05714528125453,56.67438225884686
2020-03-10,2863.618501764963,8863,117953.39351002476,1747.9121603300537,16700,158601.60567525783,99.1748864701523,56.08853759983239
2020-03-11,2905.826070230431,9614,115433.3699123802,1745.4872879342438,17199,156986.32230068935,99.21879513804527,55.4963874388747
2020-03-12,2933.4149472984486,5539,112359.80549091594,1747.7367565218503,8864,155730.88115682075,99.39318859066204,55.578528592471756
2020-03-13,2883.3687568040305,19867,118475.18951070373,1766.5879498691763,7511,154135.71880537845,99.43708790653587,55.5763935359332
2020-03-16,2874.2970026763514,6676,118704.16106903378,1735.8442089249386,9657,158255.42187457203,99.51988672421558,55.62744661889078
2020-03-17,2892.9186916724684,7133,117851.40936843927,1726.3235265413946,5741,161244.66537488264,99.49022962886211,55.48880849633905
2020-03-18,2881.3375364474546,7977,119486.0622135007,1732.3330092955005,10172,160177.5093121415,99.49688421044803,55.68811459861102
2020-03-19,2861.8119343924586,14388,123812.1781393792,1727.472296342258,9829,159152.59711998835,99.427141828118,55.96790625150836
2020-03-20,2840.8529288216987,16015,124719.43344488846,1742.839965835102,19774,157144.05144315862,99.52610022157748,56.11310093969382
2020-03-23,2816.404595230124,9645,126780.04694355914,1747.0478142497445,18051,154834.73191007867,99.408269859266,56.03485240217245
2020-03-24,2822.69773864234,17217,127100.61864465322,1745.8258828336227,18444,153842.61381326997,99.48650489350776,55.40254558588812
2020-03-25,2804.690146982862,12119,129781.41776341296,1735.815140882139,14555,153981.05389092682,99.46743978775724,55.63331644829926
2020-03-26,2824.091081709561,18881,124878.91370713318,1726.2519035146104,16168,155645.59698505807,99.58456449710398,55.99983504816454
2020-03-27,2800.554183616634,10269,129049.44938689098,1738.0226104325052,13011,155883.24858131917,99.65965139597711,56.193202571759734
2020-03-30,2811.5348053563293,14643,128183.50647374145,1754.834560161333,14114,151673.61114565123,99.84171601174178,55.92930984354948
2020-03-31,2805.1298841943867,16972,127366.70735063097,1725.6121960777534,7411,153784.86558475427,99.91479348085565,56.131448161649814
2020-04-01,2789.290005346606,9459,128616.7850767395,1743.2611577227271,17739,151642.31081659187,99.75758945529033,56.389607074038246
2020-04-02,2752.0296658972798,10333,127613.68363867901,1737.2406940132064,5464,152334.7635451053,99.7508941380005,56.85725194837797
2020-04-03,2740.494447195643,17583,127097.64575109055,1738.3182730158553,5410,151668.1173801942,99.63369341874102,56.59441897110958
2020-04-06,2663.238703547481,10437,133299.1380963456,1729.8662818489802,8940,153769.46487933781,99.5818654345044,56.526482595746344
2020-04-07,2652.4231316082955,19302,136957.07557558978,1722.0093155188292,6487,154195.11923370408,99.73298827783206,56.75066421108938
2020-04-08,2640.671992657985,11273,137769.82328027452,1737.196183597989,5209,148887.959140537,99.79674165892183,56.76788723252083
2020-04-09,2592.4327600433057,15453,142300.19341455246,1724.345971831469,11622,153001.39484148123,99.72684861606396,56.43268895190545
2020-04-10,2570.1147909685683,9159,143473.76928553218,1715.5526573677735,7477,151480.20879956495,99.62547687941992,56.557073837413455
2020-04-13,2602.7179496013337,6085,142690.16890273837,1728.067989629108,19804,153267.55455610628,99.62875508870755,56.730672327558004
2020-04-14,2591.3157669779166,12859,142805.52181468383,1725.3942248454532,6769,154059.726955678,99.50709907376944,56.75706119645731
2020-04-15,2567.930863352788,11164,145569.78331596998,1744.3689827616224,16110,152460.39537094784,99.43998504602978,56.82293667461129
2020-04-16,2568.5050968180676,13612,144865.97942010377,1747.0308629594415,17512,149187.985746975,99.4711859931849,56.74532490410557
2020-04-17,2588.5484129569936,8734,141387.6649627348,1741.5675877453425,9597,150356.01119032575,99.58671719679558,57.18880858482039
2020-04-20,2581.024727942272,19616,140035.7001331384,1766.8056795325717,16556,147034.75111321255,99.64759334401802,56.918600929706585
2020-04-21,2565.1943827761575,19088,140039.84507359282,1758.0445210151674,17408,146370.36681467306,99.4184643931582,56.74240470087745
2020-04-22,2553.023942483753,18606,143378.51014400524,1753.1186198699654,13796,148056.7375863243,99.44890106606124,56.74570035493571
2020-04-23,2573.5556534696175,17166,148193.2866696519,1749.5567224183612,5000,149972.3507933356,99.45610442338449,57.00938656324598
2020-04-24,2591.3456402787,15544,146397.65866149357,1753.7595057688113,13674,151859.00597402325,99.49749345192176,56.560174612217615
2020-04-27,2618.2399053968834,6048,142854.1917924172,1772.298754118155,5477,147277.38719397498,99.65911442008688,56.167085587287986
2020-04-28,2624.5107281314204,18058,143484.95432372595,1739.585472233952,6657,149420.86708784406,99.4527905924064,55.55576703496757
2020-04-29,2600.8699491358852,14141,146304.63362278536,1742.1404128110091,9276,151898.67943989811,99.3936802498873,55.56557560254355
2020-04-30,2606.9741516087465,8325,144787.20959043506,1772.5818231211852,15864,149430.27475916868,99.45277088216663,55.23008385738159
2020-05-01,2619.7031193242287,19777,147684.16004157637,1770.772230742026,16466,151255.85442341655,99.29461144222124,55.11471882437621
2020-05-04,2616.4756768503707,19916,149686.28925112513,1786.2053383813175,14092,148459.19368311221,99.44220634702658,55.31313228134373
2020-05-05,2605.920265217082,12857,152367.18885508098,1793.3244683601451,10175,148386.54169814455,99.47904200829666,55.12066946510887
2020-05-06,2626.298438513646,10035,150894.25360275625,1780.1521160084242,12504,151504.24794162923,99.563700406881,55.19005407193188
2020-05-07,2651.6878165920016,18341,149200.5110332331,1760.4688229614928,5584,151278.76817094034,99.50660604072881,55.100252699606365
2020-05-08,2624.6818896744085,7485,153183.57054426955,1770.3681276456464,18939,148802.30809400545,99.58798240972544,55.301886994135295
2020-05-11,2600.187984412435,17184,152221.60016568276,1783.6505837537848,12359,147825.8899989902,99.69482956532434,55.4444254143397
2020-05-12,2625.6429080377593,19555,148620.85655489573,1753.4503995893265,11821,153989.18172898146,99.71811736733805,55.236845305487314
2020-05-13,2613.301947071364,12073,149745.61741962787,1745.3661285447752,12132,154048.65702810197,99.74155745660792,55.186249779467175
2020-05-14,2617.8062343630863,5929,146467.12710939103,1729.9677367239974,14873,157124.1616352556,99.7685917805361,55.49937279878333
2020-05-15,2621.148694248227,11630,149532.50527333055,1725.2925052605203,6551,155960.6315230379,99.68225725406216,55.61738585985955
2020-05-18,2609.925084931256,16308,149143.34213278032,1705.7476632310113,16812,155839.47441910687,99.66750438603813,55.19829724253422
2020-05-19,2613.6592538936,7424,148004.05978710277,1714.647042654115,16858,156015.84807767774,99.6522521327929,55.39498266088563
2020-05-20,2596.6085188717184,5959,149976.23806965596,1719.5437719038043,6058,153394.06047568328,99.69059151922824,55.06959947415476
2020-05-21,2601.352433718229,10317,152628.5802243736,1698.194584774061,13842,155959.55910120308,99.79057394391927,55.49335339514306
2020-05-22,2580.895856039796,12429,154088.70875058614,1684.9196351182793,14825,156396.4143172178,99.68472033572142,55.80058304709537
2020-05-25,2600.38221612913,7870,151000.86031585024,1690.1607067149196,10104,156769.9612059525,99.67221943268947,55.88754868987089
2020-05-26,2585.046548840052,14338,150302.0427705132,1690.3258660280935,10393,154224.08469310732,99.82036498745536,55.93471854290175
2020-05-27,2584.070629840744,17685,150839.74052497355,1682.857184287964,18614,152330.84769928048,99.74600616457411,55.87200886609352
2020-05-28,2576.9599983116686,6114,150221.54569966532,1697.324404100682,19560,147821.29664121725,99.66378116284508,56.07556605151353
2020-05-29,2571.951506195869,14051,155357.62216667004,1706.613913201982,16608,146385.24863419263,99.6840117820282,55.964332600674915
2020-06-01,2566.9343571543745,13616,158212.5153197584,1707.964052738657,15386,148823.29749767546,99.76845030107673,56.03500356186688
2020-06-02,2561.2728247774016,19043,152233.50152218793,1719.9279196862017,7250,149089.3372488384,99.7695929066328,56.29658387182272
2020-06-03,2547.9116532092485,5691,151394.94380106183,1714.8711917321111,19587,150096.55659736943,99.9024889656765,56.12804190876504
2020-06-04,2517.1312829176045,11155,154503.6112805816,1715.3770532634232,14568,149784.57686207304,99.98816836393314,55.94318408676783
2020-06-05,2515.6818234649527,12075,159203.38648085418,1718.5353736859936,6272,151840.7877865081,100.07235037062216,55.58487444255049
2020-06-08,2491.6355577973195,15525,156984.2575779954,1720.780908865535,5465,151383.03929161094,100.12776202075456,55.26553261871264
2020-06-09,2492.8551992115945,14781,155930.5949470757,1703.40087849612,19121,155465.56736483853,100.36052733078917,54.71701402528019
2020-06-10,2528.7908965238666,17497,155398.55558368572,1706.4045631634206,12923,157753.237178367,100.34001116190257,54.935962661984846
2020-06-11,2505.419125010381,19858,155806.0075819069,1716.5748796798052,10116,157839.40242319598,100.13965893269591,55.47863702460968
2020-06-12,2531.750542225514,5193,153788.7887619236,1734.7071503768043,19028,156445.71616645227,100.30008436884764,55.90623570765077
2020-06-15,2522.798271888207,18339,153457.12377864926,1729.539121473162,14850,157757.63929767086,100.25431442575194,55.41841036106282
2020-06-16,2408.22330544193,9842,163848.8369820467,1735.4693507455213,10548,156844.27408965272,100.26510247018625,55.63586676252967
2020-06-17,2411.7200151627594,6819,161221.50387527546,1724.1358848703799,17689,158646.8471702791,100.39605753867231,56.062498667506745
2020-06-18,2441.585854382177,11543,158678.5144398797,1743.7196112131717,17679,154564.3611212557,100.23583158456641,55.92545567328514
2020-06-19,2442.9187692889514,5578,155572.2950908674,1722.977744419106,17129,155243.40009416186,100.1106668631558,55.95588990248016
2020-06-22,2465.3699155644517,18929,155632.71114574533,1720.1799828235019,14047,158608.34298732836,99.9505390694439,55.35352198723876
2020-06-23,2461.9061703324282,11905,157067.9351841284,1724.4242217248964,17004,157792.3759621859,99.87112544044138,55.43354283763175
2020-06-24,2461.0280526333154,18057,156995.73345327354,1741.4684824577716,7900,152404.4226956564,99.91508910104307,55.114474918801335
2020-06-25,2457.574805421279,17726,157280.3807864635,1740.5752344183243,18976,155153.77426210043,99.96750788532435,55.17436542417479
2020-06-26,2469.8684895415845,6267,156261.84945892578,1716.1659561750243,17625,160578.48485079373,99.9951353032572,54.70600454751813
2020-06-29,2462.9050370972022,8732,156024.43264431664,1736.0880059359988,17985,159036.51772403077,99.85385871486797,54.868862014861406
2020-06-30,2458.031889929979,19331,156673.9315494765,1742.1412419668563,10498,155817.61875949777,99.6228483712047,55.176215817489414
2020-07-01,2474.4568552022556,5619,156004.50488774036,1725.919771916831,16473,161440.58270430187,99.62828372974374,54.94126185897486
2020-07-02,2475.6889887010393,14403,155707.26793426657,1739.1675110554975,11848,161924.36483610322,99.58110612637991,54.60018508455173
2020-07-03,2450.575197431451,7074,156489.93016329638,1758.6465446194422,16154,161992.15911612284,99.62704470355156,53.95337817178674
2020-07-06,2476.03761411068,6079,153533.8384922492,1761.8234060150196,16866,161023.89579503195,99.69724006617369,53.873454111564186
2020-07-07,2466.1841458876547,19350,153377.36452057713,1766.5416160396887,5133,161199.18284497815,99.71106420937956,53.698975931279705
2020-07-08,2471.3189444468057,15351,153835.52036080102,1774.469389942983,7174,159647.22302465996,99.78707751791714,53.233670107575286
2020-07-09,2466.409133080289,8142,154503.50061307946,1784.4102583369831,19466,157963.0893236711,99.80999865532866,53.36957573446894
2020-07-10,2442.4942278738276,17830,160343.67910045237,1798.1916675819737,7672,154037.70680944753,99.8630051258888,53.23458461990954
2020-07-13,2440.800863065837,16523,160032.42551947755,1783.5468969360393,5999,154080.46548796317,99.79253779960182,52.91186383231597
2020-07-14,2452.8775524479124,8882,159093.41461253716,1784.0221297744522,5086,152979.69907120036,99.77457665821866,52.74549211062384
2020-07-15,2475.9693022855313,5064,155861.18413599345,1777.9464510641114,10828,153700.68772419888,99.79425426788436,53.06688347230272
2020-07-16,2476.5597893304393,9839,155957.27152859914,1782.307100519584,6950,155107.58377488644,99.8763071154261,53.24776455542929
2020-07-17,2467.4702803302766,16352,155742.39670177977,1817.4703490306215,19232,152196.04905834806,99.83693299820365,53.208756736979744
2020-07-20,2485.301141491135,9165,152521.40967118056,1854.5285775396924,19676,144540.0445924828,99.88904972377686,53.3944882425192
2020-07-21,2477.6110700177137,15351,153438.15304582502,1859.3966826673416,11366,146099.08138797886,99.86246584458532,53.04621465560318
2020-07-22,2479.368660172657,15537,156444.46398088118,1861.2049145627361,9420,142963.9501284026,99.8507116278525,53.055925685821286
2020-07-23,2510.713830337304,16099,152120.77655508355,1850.6516469735925,11518,145110.56467385654,99.93366353205491,53.10012238496723
2020-07-24,2586.5702274929126,15774,144754.22908007816,1836.0004775454818,5283,146340.47289850216,99.73435749494949,52.959171432417605
2020-07-27,2578.8335179732085,9317,145325.59213756485,1832.3775264508376,7782,146884.62152778797,99.60471026214202,53.089808933204836
2020-07-28,2594.351749449619,16615,144675.58170597957,1841.1408690773426,14066,144997.96180102043,99.45649172239774,52.8556788968115
2020-07-29,2580.7640576938375,15206,148376.35764347747,1839.017621511916,5814,143178.3702669499,99.22313011041291,53.00862510914433
2020-07-30,2581.8133729035403,18815,147014.34733892124,1842.1501219152963,9461,146079.97346319832,99.15530366639739,53.174182740603726
2020-07-31,2610.555397089778,7678,144536.10004679346,1846.4840536411416,10462,140807.49455538532,99.23024705637016,52.299034776394606
2020-08-03,2590.1029877381766,7727,144560.6086557695,1793.8419488009092,19803,144825.41750877988,99.20175864973191,52.65612648744764
2020-08-04,2595.3262424808117,10240,142451.33369633832,1785.3095243270511,7312,148402.10543451013,99.22153765792609,51.74183671784181
2020-08-05,2600.985615858516,15623,141131.7066943961,1838.4749701980456,17284,142405.20095808274,99.33045940759717,51.557022010174975
2020-08-06,2609.977688519933,5450,138281.0713188783,1858.2363296188707,15512,140330.36041358532,99.46322802082395,51.864626420452296
2020-08-07,2582.2368680214463,14685,141397.5427324222,1885.5725371374513,14606,135763.33373346087,99.45631422735133,51.76944040287657
2020-08-10,2587.525408003078,16876,143154.31583776357,2015.1738213922772,11220,119892.39491582835,99.59167281630826,51.329584608135704
2020-08-11,2583.6104314537633,8939,142464.65364497952,2087.6058671838005,16545,114137.32891334088,99.60088548215168,51.001463489620704
2020-08-12,2610.316024121799,14979,139035.98281521155,2082.3515094544578,5121,114624.49225173797,99.51714565976893,51.309535213516895
2020-08-13,2594.608195532534,19629,142961.15369346782,2149.755799348595,19488,109132.24073650487,99.45770562454906,50.7330838543523
2020-08-14,2602.3069722400887,13878,141970.92425225466,2114.713412981593,6058,114274.21899060374,99.30965197329256,51.07178118464091
2020-08-17,2595.491482783134,12154,145505.83933917916,2150.409543108053,7377,107821.05108618572,99.22083858791919,51.05525055492822
2020-08-18,2639.7505644202683,14664,136308.6279619607,2107.07000393779,6268,110179.76414098911,99.18503691911175,50.6975319557955
2020-08-19,2641.3200478202334,19232,135950.9217630477,2120.205857521312,14196,107961.19035003698,99.2653954210496,50.52259743410468
2020-08-20,2657.1428280710597,12351,132811.71958917016,2118.6491130501586,9268,108926.06832777154,99.4374724041662,50.217430131774194
2020-08-21,2633.3782644594303,19576,133657.4433011664,2167.179179625716,14806,106083.96455745307,99.2992542526285,50.477297692031755
2020-08-24,2615.4416189927542,11809,136747.4209848323,2142.7401163588706,10201,106680.70814931029,99.33853699945449,50.6970260349606
2020-08-25,2639.166668382424,18500,137179.16812437304,2224.6670299683988,15973,98985.90146806507,99.23448260553874,50.181277694797785
2020-08-26,2636.5462918445346,6579,137108.15484193192,2099.923833965946,18078,110442.25816500682,99.28195231438507,50.06020005924199
2020-08-27,2635.493065786716,11892,139138.78868334866,2124.7544790625857,14468,108201.45705145021,99.2688436493163,49.8012443605387
2020-08-28,2606.991212594845,17951,139118.0594152034,2069.9968196095756,9953,116809.90835587683,99.08575306673154,50.18929735107652
2020-08-31,2600.7419180669217,9196,140196.7412659508,2070.556879850598,18416,115566.87573276732,99.17858276588838,49.7842676156386
2020-09-01,2598.3634386328495,16592,140115.78894732468,2191.919063440598,14569,104455.18296978314,99.11808269460751,50.2655363470441
2020-09-02,2623.983918071523,13786,134787.94217372415,2232.860025161186,10550,96532.09114823048,99.06469267077016,50.25554792518902
2020-09-03,2595.2684383133474,18675,138880.07024340195,2317.922259840186,5957,89166.94390905829,98.95771742964119,49.90696760327499
2020-09-04,2566.931999947008,11743,139777.7950626345,2387.720590586533,6121,83930.60565832212,98.89228910197244,49.7037853480722
2020-09-07,2570.2766690712965,19368,140432.37518532304,2445.0726782008105,17765,81128.09057984929,98.93507814604192,49.46329969584167
2020-09-08,2591.712498374689,12023,137277.38582987964,2406.629699003033,9420,83890.96310413962,98.91615371194828,49.08091417523702
2020-09-09,2583.6950504071333,16452,138322.5226541496,2343.760131817388,17200,88613.98755515816,98.94901991217652,49.10936223315613
2020-09-10,2581.254670224537,8661,139804.66196701786,2351.63881345895,18397,86106.3842043501,98.98521209756942,48.74098756794858
2020-09-11,2585.399875098531,17123,139530.2987945527,2369.8668266478235,16018,84145.3304614406,99.11727826312223,48.086877705327126
2020-09-14,2580.4106454765356,17633,139017.5827091521,2551.7632634608913,12164,74113.79914352848,99.0829996480358,47.972974764072674
2020-09-15,2572.049831849264,17800,140938.09466178325,2635.662507653018,16934,64845.23981119569,98.93531386635122,47.43211790514731
2020-09-16,2556.053910769818,15960,142649.39900417384,2603.5896316161175,6087,64695.25399678522,99.04203610800842,47.20646964472705
2020-09-17,2558.3871436446884,17134,141654.87258871927,2525.816408501758,17002,71659.79681445406,99.0088872907987,46.93373877814604
2020-09-18,2573.7845388252213,17979,140578.33141111425,2456.480212247267,14077,76005.82979356908,99.12034653525643,46.672373956538294
2020-09-21,2590.439348710239,18114,139172.58719137832,2516.78037558347,11087,74249.54093789782,99.15868424657468,47.27266288701534
2020-09-22,2560.895575447312,12973,140839.50445603402,2478.9000300476546,9645,74974.55302670012,99.14557049355435,47.289586357166215
2020-09-23,2577.6457749226415,18856,141386.32926036822,2476.840154448486,5180,79111.32671739013,99.18044808295897,47.36319765986481
2020-09-24,2592.6647319373947,6389,143744.9311677894,2417.893734143296,6369,83647.36468069685,99.37554933897161,46.83027817096212
2020-09-25,2611.3102900989516,9666,141310.05764504967,2494.05720196592,15791,74668.42699096524,99.58324739187698,46.63408923087104
2020-09-28,2567.8741598313472,17934,144450.8638333086,2474.0914562138364,18411,72561.58224971869,99.59018550539025,46.6986800198535
2020-09-29,2575.261340885156,6765,142016.23286566514,2442.5925500895896,18984,74037.6522824382,99.60620456472196,46.39132134597959
2020-09-30,2589.464055686373,6038,138296.71470768942,2385.1449142445967,13879,78161.02795993396,99.7138285804686,46.66374019903499
2020-10-01,2590.548639475576,11377,140564.1928403887,2419.5234549660454,10608,76665.59538435654,99.62926247719187,46.30293122326468
2020-10-02,2570.4349371451567,7317,140836.4782657153,2393.590992323609,11709,76927.70584988131,99.6625695144537,46.21702138250513
2020-10-05,2560.819741949986,19288,142322.68898267316,2388.8823657686285,12243,84066.43308342053,99.65998322965831,46.04120589051246
2020-10-06,2572.9849728803492,19161,138707.77552404164,2350.9657217537683,13933,89522.69099196323,99.69137405080406,46.090502088327035
2020-10-07,2590.775393377802,19901,136128.5596145239,2315.64522110031,16969,92717.46290937185,99.60803717020913,45.89835506677041
2020-10-08,2591.61654423955,13422,137116.50537940953,2281.593858575211,16047,95081.57115482505,99.44908042087823,45.81708697864913
2020-10-09,2586.858791152819,11125,138529.5682823297,2327.667864151926,9614,96916.62568309248,99.2417820772791,45.746247951115734
2020-10-12,2563.6190854271977,15124,140877.2132474149,2371.4251083930817,9528,92126.25932951692,99.13004366598014,45.525931623898344
2020-10-13,2538.2034982774794,17412,143735.50806495472,2270.922793387749,18982,102652.09914709398,99.0841761374862,45.67145978444748
2020-10-14,2556.432899532529,17314,142763.91807686037,2319.6053935210666,19498,101752.68221809076,99.05485697882132,45.7429762968987
2020-10-15,2570.2262922590526,6365,143730.35501854887,2254.9863369492655,6515,105922.9615553491,99.24858009506428,45.716392113322755
2020-10-16,2617.215632665891,14968,143500.8467722917,2248.8486549181707,15491,108043.27640440484,99.35917943205502,45.587254613284166
2020-10-19,2601.805714476611,15497,145838.36579289383,2140.7933928549905,5655,117057.20729811098,99.26297032042085,45.826217822440164
2020-10-20,2620.673152638235,11659,144173.91914177706,2173.715398569241,18528,117061.0828492966,99.29774116566594,45.75546754929591
2020-10-21,2644.1331237736945,17364,140354.61835334176,2180.666689950924,15648,119633.85589671334,99.25703334203091,45.66345836294813
2020-10-22,2639.5508419632815,13144,139792.87408303752,2214.6846057791477,6945,117891.61367744936,99.2285969582269,45.69486537191456
2020-10-23,2618.7839124916823,17126,140788.03908339393,2224.8301122632906,6986,117608.75256015232,99.24712952316844,46.20384137680582
2020-10-26,2639.248626623604,10977,142163.25303944355,2250.279489926017,10400,113204.12102229762,99.30904663486598,45.801734514399456
2020-10-27,2632.295147289146,17195,139640.47984419652,2242.9080246821254,11535,119108.54746445992,99.27512078647757,46.03269158231606
2020-10-28,2625.25971442741,13657,138652.00159863938,2245.2231463660155,18067,122229.49590987687,99.38150593975101,45.46474023394464
2020-10-29,2574.991254676234,15808,140499.75276475123,2187.4246459984606,9902,129095.05053097112,99.26731211713677,45.52992218141323
2020-10-30,2567.3253271769463,5033,142886.24056235334,2202.1524647485267,19738,130952.36168911823,99.267946023373,46.002447029695844
2020-11-02,2571.8405246044717,18103,141178.05713359904,2147.4168679610866,15504,136155.4242980895,99.52771339603258,46.14904758703604
2020-11-03,2571.786016390251,12623,137561.4910990772,2121.0452407617818,19744,136520.11789714207,99.55002137029511,46.20023511059797
2020-11-04,2519.312466804133,7717,137617.7394710072,2133.455222063353,12176,137373.01767355655,99.69334282095572,46.032100269957056
2020-11-05,2554.309602696389,5357,135534.9656153944,2176.286604493431,19347,131562.5863768168,99.70249483877305,46.041414430103615
2020-11-06,2548.8269351126264,12313,132796.29707560243,2246.513423729915,6175,124238.95878076312,99.76057254830603,45.96579558548261
2020-11-09,2531.052035913071,6645,136511.46126188943,2283.8879305081928,5215,122680.70354504636,99.75489422886676,45.7300026031032
2020-11-10,2502.35483740887,17175,140985.6889060049,2305.64255908868,13095,117915.03788501568,99.73785347075034,45.643039918460744
2020-11-11,2475.9609534568526,17695,140861.10064135052,2289.9375314004833,8602,119662.9312487674,99.6599052310778,45.702554266648676
2020-11-12,2475.8250851036164,8949,140224.64737082223,2325.449422721669,13505,116282.14576477316,99.70293536697355,45.47238914608948
2020-11-13,2482.5450208773073,14890,139758.9427468295,2345.6478590772977,10544,112565.6665333984,99.61778164805497,45.23050459988407
2020-11-16,2533.2635620531314,13864,132722.0959836073,2352.7724697584504,19307,109914.95379520612,99.68434017168632,44.82243156860642
2020-11-17,2532.555922465249,7732,130412.23785499115,2468.2504407943084,8573,100068.96256521688,99.79286887213091,44.93964907643309
2020-11-18,2527.843347395456,11678,129639.21978061886,2458.4386778019866,18910,100778.9048418072,99.82952201285462,45.103246055023206
2020-11-19,2529.8008798261203,16208,129536.44585134911,2540.561502809452,19316,94915.99348401494,99.80089713949906,45.17274418829416
2020-11-20,2543.4974049893617,17956,129126.38354976762,2462.028022169714,17851,98661.10149164496,99.84629369742993,45.46229533611276
2020-11-23,2532.2494348176724,12136,126381.78443973226,2518.0874186368383,7959,94793.96069001542,99.81542639187529,45.48865562723698
2020-11-24,2573.092938266517,9379,123786.74447833277,2485.5405321508674,17985,95408.60354386292,99.9089811044218,45.606258908446705
2020-11-25,2583.1937431670212,7022,122946.840199917,2397.4961658931084,18791,101422.93954004702,99.72584049600029,45.697410136137975
2020-11-26,2612.8178576183936,7975,120305.64223477192,2303.838712656852,11604,111662.16559931579,99.69227975918842,45.66994813031252
2020-11-27,2603.0549230351917,18945,120338.8919680461,2340.9664993844876,18071,107464.16645623179,99.49319855967603,45.51070158187362
2020-11-30,2597.0558042189164,17252,123061.28258681926,2316.6169280927375,18173,108982.47800671856,99.3436924766533,46.17494736661119
2020-12-01,2595.3397508776557,6692,126495.63633316325,2343.909825833001,9941,105409.38132481865,99.4800786996347,46.039362072655145
2020-12-02,2601.819658090069,12772,125224.10868123233,2293.278478789592,9238,110158.89903159236,99.56959719783187,45.83959875931902
2020-12-03,2614.5669579576934,5296,124058.4639979257,2308.1545420376674,16620,110933.82940650378,99.4976491745034,45.96980170635405
2020-12-04,2634.8569977457914,17272,119498.0673997548,2199.3160443098072,7363,120058.01519402747,99.3473988288993,46.045358030942545
2020-12-07,2609.3130677229256,8849,120842.63207806565,2194.872620511544,13508,122093.76858799746,99.05094594511513,45.62392056665945
2020-12-08,2591.944681254426,13597,123746.5716627058,2208.7825202681647,17333,118496.681006165,98.99659639432187,45.96072404302856
2020-12-09,2609.383507024452,6302,122368.36243372978,2232.7631731038564,17691,117565.26441401902,99.2386378955466,45.93246567042331
2020-12-10,2598.439188182946,16238,124105.55461603464,2237.083807909762,14742,117284.0480183761,99.28212632269297,45.5991863418586
2020-12-11,2603.037281042994,5250,123702.41365442106,2142.977585544167,15796,126171.73101182024,99.22616909408802,45.95582157616476
2020-12-14,2572.2241714629713,16872,126445.38521664868,2180.3979419054235,13840,121067.70188113874,99.27267711503805,46.143524247643604
2020-12-15,2540.453207262702,14798,130404.04700565824,2139.751059331695,14779,123852.7619165832,99.11658127973861,45.76416165005923
2020-12-16,2568.626983540886,9167,129837.71182617801,2178.406700183252,8888,121118.25542652527,99.08684894346885,46.297316502136546
2020-12-17,2579.6522816217253,6979,125218.59641995997,2173.4753199121906,10967,119496.68789507006,99.09679669077042,46.4949557126464
2020-12-18,2567.6552138099646,6797,125902.4608137756,2235.6825258457256,7890,115618.89234877753,99.08818662558832,46.491896877958894
2020-12-21,2592.1901529862826,13458,118359.54518498955,2242.439846688521,8182,114480.32380623443,99.16726723775733,46.96896251964542
2020-12-22,2590.0684178924676,14480,118818.12182160042,2284.7242465695667,14595,111970.55899016373,99.20173176038092,47.016751854794315
2020-12-23,2593.7067590629636,8638,117713.41391576278,2258.2249306236836,9148,112411.8650349932,99.26856436219173,47.0083269322631
2020-12-24,2577.746758528595,6491,118041.01035648794,2240.657416924891,18378,111095.74989875873,99.19972713396865,46.810236897456505
2020-12-25,2610.854442819405,19109,118873.32962933584,2243.589180637936,8572,112503.9078737427,99.28950867480971,46.98479202924863
2020-12-28,2581.645506448222,10579,122105.08958951427,2234.878022841789,14129,115027.97601483147,99.45240236957211,47.127772919445825
2020-12-29,2558.6795434774567,8237,126396.00724132468,2196.525208471685,14652,118724.39588827397,99.35538741760696,47.13217696141274
2020-12-30,2554.073997038264,7173,128220.17483250664,2189.026008212098,16541,121029.32721970172,99.26661785203551,46.89518105525246
2020-12-31,2542.1108227660156,12809,132723.72298682094,2198.8704988317468,7534,120394.1498345655,99.40019628566753,46.93416001150228
2021-01-01,2523.732626127035,19474,133834.18704310618,2197.243665021633,13865,122158.96981950675,99.38106188699803,46.91322037577363
2021-01-04,2541.2684016586204,16024,132083.98317747074,2177.640199661814,10951,124514.80685560919,99.52144402620468,46.51317808015338
2021-01-05,2524.897305791358,9811,133355.12488653066,2260.9013902596666,19252,115188.51130238996,99.47719045501546,46.07163437475612
2021-01-06,2534.4659089783854,9666,137648.238244411,2222.153996709998,15133,121175.25253993412,99.62269501264254,46.24118038839906
2021-01-07,2529.9335469966445,6089,137248.11987340095,2132.0501984875364,12143,127648.9643258471,99.63584359432308,45.46061389388355
2021-01-08,2522.2678936871584,17476,138026.95924319836,2113.496932940747,15614,134131.8872684396,99.66166647665536,45.52223705197193
2021-01-11,2511.3000202014473,5551,141758.38595686594,2068.294925942027,8588,138274.73706658563,99.81813827882235,45.37881213464578
2021-01-12,2512.558534848719,9709,143581.27534409333,2095.1996399884656,13165,133936.67487613598,99.78196123107793,45.771286116709746
2021-01-13,2508.6155743752065,10013,142963.53219730864,2085.083150229385,19765,134637.84898315405,99.68784902148543,45.623245653963586
2021-01-14,2490.9003673734023,10817,147931.0613569347,2089.8976141699277,10285,134463.22588927904,99.64299260068259,45.82109091823915
2021-01-15,2474.304563312458,5573,150243.21857277426,1984.2503652713056,7176,145010.97376340712,99.6882259957469,45.70201676586782
2021-01-18,2482.005513326812,11455,152510.85757850105,1948.3477582090406,7148,149808.5357509547,99.53165008852885,45.73614121191366
2021-01-19,2500.28947790928,7756,152222.85342650808,1872.3833259070257,7762,156427.87455465208,99.59539717879397,45.957192171189675
2021-01-20,2526.77492664698,11283,151637.31987420114,1910.3856422925855,14747,148202.61710470897,99.5415200470322,45.8184254562923
2021-01-21,2511.281837268337,12551,151362.2323984201,1930.4725703264896,6371,144428.99364151128,99.65630131310554,46.117391921641826
2021-01-22,2513.6820370343294,14119,153993.99307176334,1964.1225651404607,8066,141889.44661058576,99.4168752826155,45.81928255850988
2021-01-25,2503.12983383353,15271,153391.69730704874,2003.659714831021,13077,140204.34232081313,99.33821870510509,45.90766041127739
2021-01-26,2516.3373347287597,8393,152456.25424218678,2048.0451542108917,11075,131916.11948722755,99.16957188998167,46.18445232811375
2021-01-27,2516.2571434445554,16013,154612.54444508604,2096.9707824761863,11781,127553.29435993644,99.08694894334528,46.382463575650846
2021-01-28,2534.9529700804346,9938,152401.6110714533,2111.625736207638,17501,128644.33471779268,99.11171553345618,46.95739703867147
2021-01-29,2545.524818507843,8111,151782.3055120083,2116.9268121838986,8335,125576.92363122568,99.0937928709112,46.72836524347828
2021-02-01,2546.298896125264,8434,151720.24666821602,2181.740298241475,16833,123149.6485118281,99.0684551140164,46.3146204680737
2021-02-02,2548.55033962125,7439,151839.6797592597,2137.3402114257697,8976,125982.93928740275,99.05253662687839,46.01631993552516
2021-02-03,2550.9560342557443,9154,152813.135997211,2190.1686942981855,7972,121083.55856889613,99.07287545094039,46.21445270548969
2021-02-04,2557.851992523017,17618,149248.12592681037,2153.7683862595995,15246,123744.24863101174,98.97202184674607,46.3638295857705
2021-02-05,2554.474612279279,16441,148471.41679586557,2203.577350919404,19034,122993.19465030741,99.04270681083598,46.394506583664736
2021-02-08,2563.8237488122045,6875,151885.62456444916,2205.8832925081992,11197,124893.73593130973,99.10897340787453,46.05761946893259
2021-02-09,2544.353181467512,14439,149478.29374461583,2182.0686583526476,16805,127616.94999624217,99.14747720164014,46.28767965693131
2021-02-10,2550.2424255951423,17748,147746.74803272716,2187.3847181234414,8141,126680.77812905397,99.20313054591526,45.92026822363615
2021-02-11,2543.9713600727114,19441,149858.00236086504,2102.103321216506,5320,131375.6740057795,99.23277234599612,46.267953098349224
2021-02-12,2549.656404297363,11604,145730.43274851018,2030.2423958104791,6855,137851.67506196751,99.43627967626924,47.12518462529118
2021-02-15,2536.215436428352,19251,145103.91815463445,2047.7043483098353,15775,135075.8007285396,99.42757025916399,47.23511996926264
2021-02-16,2544.1052944962316,10320,142923.5856554274,2036.7218359364958,12037,136084.63609457205,99.39686193733053,47.41005240995997
2021-02-17,2511.9891530712584,8076,148653.67499371985,2030.8108166479908,16812,133003.195884518,99.3215091792948,47.262194479291296
2021-02-18,2476.979681751595,10669,149717.12708214088,1998.1431985512193,5431,138966.93116822097,99.218282912237,46.719130482965255
2021-02-19,2460.666780917006,8149,152301.22530023157,1925.3310041541756,11482,148229.53285273587,99.0938357334769,46.53831467405619
2021-02-22,2422.13224887892,16188,154150.5066496067,1886.8728976872399,5146,155490.79687629335,99.0049560021538,46.21044610172656
2021-02-23,2437.8156252482354,18614,152834.89842724474,1883.2304000970178,17349,154682.96696527078,98.9978879639886,45.77634472880206
2021-02-24,2449.915515994005,19145,149548.0838543074,1932.2500342176174,8332,149395.15832660376,99.03131747683837,46.293052711400755
2021-02-25,2489.9628600504025,7084,143340.90546294846,1893.47331874827,7027,150993.26828028465,99.03643168269359,46.374911466808484
2021-02-26,2515.6276848982625,5823,140409.09864320146,1935.3954096623256,11033,148371.99269829158,98.95987815495062,46.48881774099269
2021-03-01,2510.3616023793074,16417,138171.3253709597,1938.3105779575026,10365,147681.04914350584,99.04989661135261,46.396111031433804
2021-03-02,2541.1776040597415,5274,135481.6113788884,1945.2581896478302,15581,150388.32755065503,99.1238378785827,46.34424970670078
2021-03-03,2532.0615674508763,7876,136580.8158294642,1899.597402371963,10661,156593.5170983735,99.10787304784051,46.633614911372575
2021-03-04,2555.1733254181604,8269,135707.0376590886,1953.4514133692817,19710,152447.03879519057,99.04258143337404,46.62391377576401
2021-03-05,2555.0302012498396,7145,138915.4034402772,1908.1204544544187,15394,158210.33160690323,99.09742422545702,46.78312195717143
2021-03-08,2579.692550051359,11828,139932.36777344244,1870.728017314903,16187,159130.36160356193,99.11622158420563,46.72432066781792
2021-03-09,2542.444125271522,11588,140712.49431861786,1925.2645956416134,10406,154716.00471244982,98.97140885826413,46.62167480059831
2021-03-10,2484.8186045284783,19892,143838.5163431538,1987.1304219702233,11273,145059.78598353683,98.96461083266568,46.19960055091775
2021-03-11,2463.2745409412064,15260,149012.57933654444,2054.2868525122867,9793,139002.02258424275,98.99081441387312,45.606275832207615
2021-03-12,2467.0456867308176,15762,148605.65488692734,2032.2223101598927,10455,142494.98251431045,98.90084493522434,45.52780726188769
2021-03-15,2457.6844748718545,17662,148605.45013818901,2039.8741107103474,18571,139542.0234399847,98.91982927450809,45.54475626948566
2021-03-16,2461.8784959012505,13179,150418.5737127667,2065.8185079349805,15106,135882.3497463704,98.77434702598231,45.158917258473025
2021-03-17,2475.2885563232862,8122,148073.9068434917,2028.4854899051911,18782,139333.9340441253,98.90796563598353,45.14857479896263
2021-03-18,2489.67319173837,15882,148796.34059051514,2022.4064970220602,6345,140625.92909521758,99.03276063448946,45.16470056785978
2021-03-19,2457.829140179354,6495,150760.8240669555,2042.6832361167387,19694,139349.4988654882,99.00750890105917,44.517898166041974
2021-03-22,2479.029691347407,8891,151615.71333469127,1968.6122572361573,14088,146821.30547051723,99.04385433484308,44.243360768198116
2021-03-23,2466.286034568658,16890,152335.07742637492,1961.5038670440313,19975,145862.47972965008,98.8028621382631,44.36553993631876
2021-03-24,2438.8505567271973,16617,156174.3226575283,1940.266404330475,15174,148672.61142408237,98.68722737223656,44.48165755513749
2021-03-25,2449.295186417616,11765,157372.11301447102,1890.2589344929345,14691,158878.0919311659,98.65784948022134,44.13555508021756
2021-03-26,2440.9041706864014,12725,161213.36586611826,1916.252310146208,11397,154921.6311544757,98.55063617807866,44.18308949536748
2021-03-29,2429.9714350472714,14143,160402.200746723,1926.8772679770816,17991,157001.03532350884,98.62207582634173,44.489811662975626
2021-03-30,2421.5188248502704,17994,160224.84023184027,2040.103510469702,7105,142817.78063873792,98.82180547941653,44.72293355067289
2021-03-31,2423.1619694188425,13763,157151.13689452194,1945.8274701024513,18262,150878.26693938504,98.7041440074736,44.694347814568715
2021-04-01,2417.771753893873,12561,154076.9000548682,2017.8034771675073,19649,146170.22115265112,98.62039766706508,44.55395492057143
2021-04-02,2454.4397178983063,16412,150006.95735379265,2086.582602283571,14607,141127.0409304123,98.64394250389607,44.36515157527107
2021-04-05,2461.577921614871,10774,149742.67189721938,2008.0556253010614,15859,152003.84062993908,98.80505411874603,44.50549751014397
2021-04-06,2478.3268805553616,19843,150889.0491556894,1970.6082415406017,12609,156948.43403109384,98.68281668749204,44.56402870208684
2021-04-07,2508.0108307585683,14661,147650.82341515686,1955.4519827613615,16299,157216.47873982633,98.70772029972274,44.75284990391749
2021-04-08,2497.5752321962336,14721,152326.47792318245,2033.4268552266174,10548,149342.42899621776,98.88985018480405,44.792412047853844
2021-04-09,2506.1778825182246,15176,151976.51781314076,1976.9099041811023,8236,154034.6696584681,98.72467426998612,45.03804123295807
2021-04-12,2554.7563768442383,10478,149839.93555850632,1924.457388942229,5387,161421.7772482456,98.59656734930154,45.066418992845385
2021-04-13,2531.2816738839547,16993,151164.53166790458,1971.4866487363652,19550,157673.11932556937,98.55420668865546,45.30182560768489
2021-04-14,2504.8350685153237,7623,150723.9469452596,1947.0582933771377,17414,162599.81011412636,98.50214784736991,45.563072438794876
2021-04-15,2520.235716324771,18013,152651.57233764802,1877.7061645482977,16733,168232.6906177794,98.58340797614528,45.32171444972744
2021-04-16,2499.800278275134,6543,153662.18457471934,1890.8685583500685,12792,166158.69544579534,98.60757394812735,44.779271235666215
2021-04-19,2480.7504016764033,12833,157369.51630183015,1868.431938381453,6571,167525.07258103183,98.43007774216315,45.24231909247058
2021-04-20,2494.1984150761714,15373,155467.26397441092,1856.6189477144953,14310,167893.40083215488,98.48161878245322,45.31931671168425
2021-04-21,2491.494544346199,6124,156797.48572931,1880.218547609561,16662,164868.22841512968,98.42386489371766,44.804970943035414
2021-04-22,2496.4536308585957,8826,156006.50117899067,1821.1366541121351,14430,173585.15458291536,98.55130961541178,44.5908250938698
2021-04-23,2493.5077183466797,7826,155482.3828867976,1829.4546162013694,11865,172740.23882807512,98.48855086176809,44.822387381580754
2021-04-26,2467.2368916994037,9164,157228.90929361322,1816.7651943461203,6380,176283.36041815195,98.42488933345787,44.73848433224089
2021-04-27,2453.828921959609,19726,159599.66196545487,1763.8477354907004,19106,182276.90370516156,98.47900249453832,44.584865906445145
2021-04-28,2478.572624128049,11650,155061.42559164786,1737.2971566913077,19831,181399.55179947504,98.55529514277201,45.005130464539036
2021-04-29,2481.774954378354,13473,152794.71148436362,1762.5967044509832,13777,175400.1216710358,98.60010507916564,44.69094432062389
2021-04-30,2487.8894478986954,12913,154230.4594052168,1701.2414736868573,15039,181761.7999046495,98.43154534742716,44.45149831329744
2021-05-03,2502.2184102001197,18050,151555.09461813534,1714.2351611366155,16090,182257.6446540212,98.48534879141998,44.514914255811924
2021-05-04,2533.4142087672362,11242,149400.2501049109,1685.702486851994,15274,185292.38111647769,98.38191798625255,44.63205073542809
2021-05-05,2531.653105648483,16459,146833.47950652157,1691.3044835633377,16294,181323.35943731858,98.40544559741137,44.78095364573031
2021-05-06,2509.643966927873,19335,148155.86917642836,1697.5409855978112,6459,180531.84045537427,98.26307215387146,45.05432505910099
2021-05-07,2519.5456844147607,17787,149565.89179512142,1689.531785828901,8423,180678.11015607562,98.30770436862576,45.11389864530544
2021-05-10,2537.1515920223455,9471,148322.77934683813,1658.6656663790316,16199,185209.25992108276,98.22704447819503,45.260713826986965
2021-05-11,2560.193374949965,9713,146920.11774511446,1623.0170734493468,5896,190831.62513085236,98.09878101316897,45.18295104919244
2021-05-12,2559.9613891557706,14030,146161.01185623422,1607.2241986742517,16006,192948.98153191188,98.17016302681722,45.201760540163455
2021-05-13,2558.4542625385943,5766,146492.11430728168,1593.2215430450742,10062,192978.17240356666,98.19432747898489,45.23402079417954
2021-05-14,2525.981955182717,5243,145475.49858328313,1535.1429247295728,12664,197768.39854596893,98.13292979884561,45.29855023492526
2021-05-17,2551.627869850566,10059,140193.5186960054,1532.648078512858,10908,196909.72020069108,98.27804768374772,45.53031217720009
2021-05-18,2545.9717892006347,5956,141525.36628925326,1541.7420923272546,10821,195114.64829337757,98.23398244159074,45.696855881783534
2021-05-19,2524.7181621758045,15313,139714.49825012073,1421.3754442958543,18548,211013.582898971,98.23719320898783,45.71012098265359
2021-05-20,2536.696850349303,7984,141449.6136386872,1385.956845971939,18011,214479.69603773745,98.2640845537557,45.46738318717128
2021-05-21,2488.9470885302585,14951,146962.614428105,1391.8707982692974,11754,211714.87765987622,98.20211796034283,45.4876845645901
2021-05-24,2504.604563099551,9220,143291.62835539595,1379.2787350261983,13828,213901.62764698776,98.24923158968282,45.479279229121374
2021-05-25,2495.3381043853287,17945,139694.01722256927,1390.8192901486018,15122,213238.45020107983,98.19588635496635,45.537233703065326
2021-05-26,2476.5666424552915,11994,136416.19639904692,1304.9107627027793,10976,225529.37165085107,98.15472252274473,46.19919129520745
2021-05-27,2492.7341499809754,11101,135823.74112920227,1238.41947405378,8378,232914.03370416502,98.29098678672506,46.04205946164508
2021-05-28,2454.3463483661735,13613,138813.9801463178,1281.8283877286844,9038,224462.65004641862,98.18692818147382,46.168746167382686
2021-05-31,2484.171015849536,10974,139148.3964181217,1349.7973456922223,14131,217459.1885908106,97.94565014838086,46.489284787555974
2021-06-01,2500.350527716012,7488,138853.7696507738,1359.6579950582561,14582,213182.42101482223,98.10674384788206,46.518685361785785
2021-06-02,2541.7089311609143,14643,138730.85284187517,1355.4673538997408,18014,212447.84843507054,98.36167664314276,47.220038897537435
2021-06-03,2554.1871036042703,13679,139570.15080325952,1431.4966384226211,8853,202446.36778607013,98.32114971659783,47.106627110017996
2021-06-04,2477.0606596017224,11237,143775.241220777,1379.4631381878364,8630,207273.26542481783,98.12746591253581,47.20385387671401
2021-06-07,2466.0589260101247,6227,144307.9411887378,1370.7544381205744,5160,207342.65066798014,98.09641751491621,46.964212153246116
2021-06-08,2494.7733513117705,9644,140297.06418005432,1438.9009966859348,19614,199407.80205452396,98.06779521993215,46.85875473270313
2021-06-09,2516.789421653637,10884,137947.87029865864,1460.7027141323786,5274,197848.98658412718,98.04880283582992,46.933434905822125
2021-06-10,2532.5023859706953,19350,135735.86141002298,1436.3223741038375,13613,197117.38111897343,97.93746403163773,47.18732612451445
2021-06-11,2575.1747008288603,16971,131990.5474774337,1444.4035989084907,9546,196737.86083205763,97.99542014588539,47.28305457472152
2021-06-14,2573.455241333141,18573,134967.54658169608,1411.363016937324,17723,200213.22814456432,98.04787088341399,47.66078902952194
2021-06-15,2566.980034029179,12124,134460.65579319288,1408.0236097632544,14918,197414.17086686345,97.89843032143206,47.63229943634414
2021-06-16,2573.862986600933,5885,131632.56939715924,1409.7277592350013,5360,198837.21179166037,97.96834999460155,47.53264887739244
2021-06-17,2521.4613716086606,14991,134567.35503068694,1428.6185501356208,8498,194630.6828734812,98.17361849279614,48.343844409576256
2021-06-18,2548.997996343351,9475,131525.32454350454,1427.315205456974,5810,194292.51013634595,98.19081452603984,48.462115704408866
2021-06-21,2581.7089543147426,8353,127921.69426549277,1407.4572733381635,14108,194928.8260221957,98.15708200983299,48.2462712406153
2021-06-22,2548.776011228824,13146,130299.77634587331,1419.748743047256,15860,194333.0645297903,98.14288168839224,48.03799211194088
2021-06-23,2465.8739789241336,15612,136086.56362844037,1425.0773610663384,8271,194967.7445773004,98.2044073650891,47.75518813758148
2021-06-24,2312.714433664158,6262,150823.45042769666,1428.0051098418216,11119,195718.58300808666,98.03134020453838,48.03615894433851
2021-06-25,2382.184273956075,19764,146583.42919432346,1423.5127724251947,12522,200723.09660810832,98.0477792748361,47.92684575647054
2021-06-28,2488.251145882276,17845,136138.4613322528,1408.7133279586517,13420,203581.9908006711,98.00873287988982,47.965054499167486
2021-06-29,2500.7938457063237,14764,137193.21680424668,1406.9697957554845,9627,202724.74120524357,98.19351538118543,47.94600189683601
2021-06-30,2550.5554831965774,6659,136100.3194799822,1403.7034826437773,12891,203821.09765214872,98.17609810780493,48.165449619218286
2021-07-01,2525.0801058236652,19707,138205.74019447624,1408.8967831348184,13044,203338.83947210794,98.34288686891689,47.911426391353075
2021-07-02,2431.586477083481,9777,144002.66573925497,1409.007449384222,12810,204374.203116636,98.23251279913869,47.58875470551017
2021-07-05,2483.9538911636228,17508,140591.80379737323,1425.4014910131366,8308,196920.11180563463,98.29123871581896,47.65604389766465
2021-07-06,2591.2261881944432,12426,131856.11702891957,1421.8147191875073,16006,198843.16439530838,98.32317874219808,47.83633168307462
2021-07-07,2667.492584754512,16523,126793.67726137255,1417.6651867969338,10539,203171.96756005829,98.23627401741162,47.93609137700392
2021-07-08,2742.068807344526,5074,119281.20569242982,1410.6195132187652,16749,205609.7338087044,98.2540136288753,47.69325525827472
2021-07-09,2703.221955324073,12187,126589.16237219653,1396.4676531160655,15516,206066.77524887602,98.37526551255847,47.89650071090213
2021-07-12,2739.8880758512423,9950,123691.01446960533,1394.5281586919164,11799,210363.18611548326,98.3428863421298,47.673342432773445
2021-07-13,2698.2342755843597,13611,128032.13980681755,1396.8678814315551,12466,211279.12129617183,98.17369007721283,47.51688083933753
2021-07-14,2860.5801764656344,9732,115006.5168461813,1399.649944815937,16609,214730.22982604615,98.17193379456508,47.23369478192093
2021-07-15,2849.7781120290647,8707,116405.39340470546,1402.870147423199,10971,215982.21112556977,98.08169148508583,47.62404228651654
2021-07-16,2908.7486686807883,15199,108000.34016777025,1405.8881403038504,11621,214700.92160256376,98.04745739121944,47.814068748824745
2021-07-19,2811.519970801189,18118,112489.20434884986,1396.538127529111,16702,212545.86848936442,98.03929861425092,47.99556676152841
2021-07-20,2894.624677487424,10604,101996.84667456785,1396.0243545329483,10835,212664.25021897006,97.86873339264937,48.36973018787114
2021-07-21,2871.6327163100527,5201,106035.84760280496,1393.4364846529008,11744,213956.83697412824,97.70716755871732,49.21352496234276
2021-07-22,2897.8086951949604,19585,101870.58268394205,1380.3197834188693,6427,214905.15196938373,97.75537424226987,48.700757131169716
2021-07-23,2788.720754149456,16961,106761.97707890144,1377.6259725162813,7177,212509.8326040317,97.70310237265289,48.47924415690659
2021-07-26,2732.650951160055,11224,113473.75393643841,1382.069449258723,7452,213418.34448385471,97.44662793847084,48.29439163165423
2021-07-27,2663.8896575738095,19100,117894.2999457746,1385.3574789809277,12397,211326.10709617415,97.52511234213165,48.03914574493942
2021-07-28,2592.499048182288,13780,123249.99120126326,1385.548199667154,14132,214010.52118917296,97.55234931765908,47.71587077065831
2021-07-29,2714.599527646268,9977,116258.08971503054,1399.6995491371192,16034,210743.51018792126,97.48096183525543,47.6259748514417
2021-07-30,2750.177986281438,14369,114970.47903997806,1438.6556665576147,5933,205845.08812036226,97.3492788141496,47.26099373685488
2021-08-02,2616.914113220791,16999,125655.25617772355,1404.700256040727,10559,209886.23137444322,97.43285960378104,47.3615064471161
2021-08-03,2530.465337108103,5246,133835.6334031397,1428.9723595054456,12917,207159.91476360764,97.46779466603708,47.37701594354469
2021-08-04,2729.491889138204,11439,114390.74418952352,1453.7905904731015,12238,204722.30444533558,97.7060548943055,47.52132454297379
2021-08-05,2604.6937803060773,16336,126502.5181547775,1474.7599612796205,13292,197580.3342070452,97.74807375417798,47.67364307846526
2021-08-06,2586.2688046462386,17854,130836.90876153519,1517.3175590192811,16579,190474.8333017389,97.78684406830419,47.854545134493264
2021-08-09,2589.953512605302,17637,134470.16181049962,1568.4719836427869,9229,182695.00108706375,97.77015127529333,47.7425224534461
2021-08-10,2618.9195269355064,14435,128224.56974707439,1659.1681511903619,8851,170109.3947623652,97.8518288620134,48.37886547423619
2021-08-11,2594.875676171872,17637,128608.29509724813,1653.4429107475655,14832,170932.91727250713,97.91433738213823,48.449194809180824
2021-08-12,2630.730948198191,5836,124965.87688130153,1695.2779183400494,17824,168413.8929753012,98.03950988299474,47.89044938339339
2021-08-13,2671.060354288986,16540,125599.10738197278,1693.3382681314195,17821,166899.83328701498,97.98737759113101,47.589736659663515
2021-08-16,2682.2457597867487,10634,126175.38852820425,1687.3498142729416,8990,168993.19864218918,97.94383684383662,47.067585762955176
2021-08-17,2598.922477468413,15311,136216.4720383222,1674.4126040864012,13902,170002.28322788893,97.89592652674541,47.07278615170057
2021-08-18,2523.7669882744335,5288,143083.98004527655,1679.8570364551374,11700,168206.06087906714,97.97500669886331,47.03624458448457
2021-08-19,2437.135355769311,5730,148780.3235179255,1695.3597318339755,7064,163640.04616741717,98.124844142893,46.89571687511473
2021-08-20,2373.47861569676,16239,151462.99730877843,1667.911559299511,11299,165627.9331430182,98.07896009357806,47.498994708834886
2021-08-23,2361.6682046855203,11627,151348.91495482606,1667.6522344648529,6018,163735.1886546995,98.03648272079874,47.66368957105796
2021-08-24,2416.8641709928393,18062,149508.88206244004,1672.2498733120797,9354,164363.25038536315,98.06789044318573,47.88151907949186
2021-08-25,2374.65466152028,5491,151351.21306497892,1677.8962728790386,10806,166997.37715169933,98.04331429318444,47.60219703310923
2021-08-26,2415.60486844193,19941,144376.60902231696,1664.2575540189112,16882,169938.6614951257,98.13851965849842,47.302453565709925
2021-08-27,2387.4657605645243,8024,147376.65766951928,1690.7514368903412,17707,168427.05752359008,97.91334192943653,47.31349521543901
2021-08-30,2427.32267646468,12895,146860.430734616,1675.8730853964403,14681,168771.5560948292,97.83067142474484,47.36539735733468
2021-08-31,2439.359529290003,15965,150826.8543954934,1692.3466908316886,6621,168401.84442791855,97.75242979134869,46.808503887200345
2021-09-01,2476.5877416217313,10869,150322.67357468663,1701.8810252493163,13014,165802.39553297646,97.52039419011008,46.75441178034548
2021-09-02,2546.049763325687,18005,146704.83509216344,1686.9659697107084,10131,165943.8346695432,97.4240303456732,46.75863340520753
2021-09-03,2575.811131531894,12868,140878.23894715405,1703.7265134248244,8614,164698.11470062967,97.3325147340886,46.69408865547619
2021-09-06,2596.3340625727797,10301,138673.80822761374,1703.2665800196423,18736,163701.51856889663,97.31240426863673,46.450071531772195
2021-09-07,2648.7132466982016,11652,134048.62357353003,1724.1010044985724,11292,162741.0906619653,97.42370085780274,46.288210977195845
2021-09-08,2663.5740471252498,5416,133410.76998566315,1732.3944821442622,7172,162316.70566302215,97.39919479268367,46.235153219124015
2021-09-09,2606.762898929913,9397,136030.60500136108,1714.2922131962027,17211,164119.08636403727,97.29611342065657,46.262393226207024
2021-09-10,2582.99377196618,9514,139631.49073066577,1709.8765123046828,15125,163708.3093197574,97.29041796653522,46.4438307009722
2021-09-13,2544.847034697009,18653,145247.24977480568,1717.3203600439404,8885,163455.55122739254,97.39533532867934,46.76808756245746
2021-09-14,2443.678057283372,5012,153513.06508861622,1690.3198927568642,7059,167358.1228256198,97.29773944706785,46.679783245399285
2021-09-15,2427.3458679031655,10912,154278.7530184354,1691.3538303626233,12846,167596.4124862114,97.2066819586757,46.542936386564676
2021-09-16,2419.920488496111,18039,155272.715710885,1696.5158730578512,19679,169424.3461897148,97.26253685460313,46.67423308862497
2021-09-17,2381.8244215669497,18434,159172.99794789375,1692.9964503489057,8181,168877.37235776705,97.24038324303005,46.85748656354822
2021-09-20,2320.6877053588173,6128,165845.8684896941,1683.8662901870332,19351,167399.29727744896,97.305131712101,46.727226433570564
2021-09-21,2270.9937035827384,13497,168285.6824556978,1676.7016553995716,11897,165829.33230676793,97.30376703292147,46.964344476660415
2021-09-22,2226.5114965894045,5520,174955.73620963158,1674.9836769025176,18289,164311.7068300417,97.37393339773043,47.2582200790072
2021-09-23,2174.9687247670863,17703,179443.18501247172,1671.880562703725,11314,163092.09884292335,97.27042558632637,47.645726018704806
2021-09-24,2199.357028316406,19683,176593.11964955885,1676.5179703370602,18193,162504.3100495763,97.26921712124754,48.179222290720745
2021-09-27,2359.299996624038,14984,163201.26207746967,1659.3067583443124,15943,168076.23224559464,97.24814811981122,47.919297449122915
2021-09-28,2288.538672525593,5469,167700.21937105394,1638.0507166069406,10897,168818.65706347098,97.1265590274008,47.923466911922674
2021-09-29,2410.2962248496165,12038,158670.7991683149,1628.9238162108807,5725,168439.89111906764,96.97021123261393,47.926850220908264
2021-09-30,2480.3980277223245,11161,157097.97673910993,1643.132138990899,19230,165825.95741709933,97.0387861361414,47.89742815034852
2021-10-01,2528.653691144758,15744,154039.18481092973,1651.3444980585668,16947,163078.6438520847,97.00369089791961,47.70264927446547
2021-10-04,2575.264868066728,17725,150752.60752821903,1645.3361105208987,6931,162526.6691430441,96.90146286975487,47.25698067349615
2021-10-05,2638.239528195164,15881,144924.91325907648,1638.9256578889467,10429,164946.946938563,96.89184497606254,47.28478450730485
2021-10-06,2639.9741666271298,5560,147863.20822847853,1625.1705761849212,5511,169382.30935316492,97.00464686179747,47.05427780944048
2021-10-07,2603.0601036846597,18040,152975.17153207766,1633.0633122464628,16334,167180.09518239397,96.77657307726028,47.080075853664766
2021-10-08,2573.6567923905413,14545,152193.4943963537,1624.5741182511701,13403,168274.8882283302,96.62690920826995,46.84186279115511
2021-10-11,2478.685761931763,11912,161523.2256622847,1650.6366230405445,9384,167067.53718494484,96.53462056408041,46.51196528740181
2021-10-12,2496.5941073035,10320,158638.82763439903,1645.2221552873955,9218,168553.34888144725,96.68073845075246,46.582254795514885
2021-10-13,2602.8341808692635,12944,147693.8930249994,1654.481257470402,10078,167239.6943017024,96.70899714904438,46.62753125355683
2021-10-14,2555.1101716219423,8231,151243.76719497284,1644.6486895481557,13839,169325.51467920508,96.7857288730905,46.80131584495311
2021-10-15,2662.9095777492485,16463,141468.27910900363,1650.8121901813468,18115,168539.9622345062,96.67171278117787,47.457074974878395
2021-10-18,2672.3440467171995,5703,143174.14120025473,1653.2232433941895,9832,167087.91082899616,96.55975919365083,47.540261834241655
2021-10-19,2763.5066683753275,12721,133891.90068791056,1638.5109830601048,13935,170062.55913095898,96.6045405653231,47.685786364360894
2021-10-20,2777.199549940149,14251,130476.88295986998,1634.664085920934,13481,169435.7940312923,96.61036799841665,47.3625179657007
2021-10-21,2785.5374181199577,14305,128169.28029838912,1650.817408367359,10700,166635.49008184235,96.66524188030306,46.976445733539784
2021-10-22,2718.870217301704,19318,132888.052253354,1639.4343054015897,10610,168792.47097560184,96.64647478121022,47.45129456757178
2021-10-25,2803.8237998575382,8531,127987.61714821262,1648.8051628759176,12625,165531.84688697706,96.67428915385567,47.17425063359179
2021-10-26,2713.823311118494,19716,132439.3082059472,1624.7826325241397,17381,170028.6169301868,96.69010106234619,46.8610674121512
2021-10-27,2674.9991381608565,19641,134017.28150717143,1626.5726121722687,10594,168519.85452711643,96.76787780125468,46.849337735786236
2021-10-28,2770.5120669886637,7132,123883.83022823608,1619.519071484862,7262,167613.51473604934,96.84857862944912,46.82228001177302
2021-10-29,2742.8390478119745,14539,125735.30346211058,1611.0695942921911,6320,169888.1799153223,96.68659143000994,46.55152805984003
2021-11-01,2756.2968186490225,19767,122935.80464243292,1617.7868596041599,16568,170482.57085107826,96.46186457447587,46.4600360942261
2021-11-02,2685.0429479137792,14758,132710.50252370385,1619.3877462181276,10904,172286.45863903096,96.56203911424102,46.82884880952113
2021-11-03,2688.744556080028,10864,136450.8176861155,1633.878456341826,6863,173226.20727754987,96.68081162356721,46.587050726871595
2021-11-04,2781.147943654447,16177,127832.23705497273,1630.2815884838778,14643,171804.8092319392,96.57874932161587,46.16894898156174
2021-11-05,2751.7585157636886,16195,130427.2362512264,1612.86183472292,15818,173538.82006592856,96.39276578096131,46.45172706783168
2021-11-08,2670.1764306480372,16815,137376.55415706825,1605.7841941812217,5969,172378.3554151671,96.40266926306202,46.599416141413094
2021-11-09,2657.000581439234,9998,137379.11118607488,1612.2837517913765,9642,170186.757402545,96.49575308569709,46.4132605552185
2021-11-10,2697.504975935505,6438,133654.64329764713,1607.8706249492564,18106,172521.55464866545,96.67551253794052,45.93861045038042
2021-11-11,2728.2960016955994,11254,132796.86474087863,1612.6418142275686,11599,172602.50316437442,96.72714229515066,45.71522344344885
2021-11-12,2810.7074014894124,10550,126364.77525840214,1586.4466594339324,9394,176431.95006797966,96.6899706254921,45.698812112394066
2021-11-15,2790.0891970401353,10106,127444.97672874937,1578.4912228345254,9484,178266.72982697276,96.6006575633336,46.048513739359215
2021-11-16,2719.2440548762534,13979,132667.02659730535,1550.1258270036997,17911,181045.6917420959,96.60180269250067,45.737539146898314
2021-11-17,2897.080167368859,5279,122211.49101373907,1551.5272225112603,16833,183302.12999589008,96.57187622211214,45.712183182444875
2021-11-18,2897.155131024462,19912,121940.62321290879,1558.757794816692,12814,180360.2380823422,96.47036943153927,45.914726580413344
2021-11-19,2876.6098845134998,11190,124393.69871264372,1539.9137108039658,12383,184050.4178313427,96.6752449966256,45.200346378376764
2021-11-22,2855.141086933828,12747,126598.92231508032,1551.9457857076754,18589,181260.34628196422,96.8537618368328,45.510482228758434
2021-11-23,2819.6305901006353,15811,130729.79424937165,1570.759882063951,7193,176996.95523981834,96.96736670518834,45.155747057096505
2021-11-24,2835.252895475319,5037,129404.74693959969,1560.386212023852,18195,182242.10233378867,96.87528166540743,45.255345705133585
2021-11-25,2769.050802997608,15733,133275.60082191683,1571.1723939783706,12150,180061.04523163135,96.96078359783716,45.329350650016806
2021-11-26,2650.7557155227314,19552,140589.35689228933,1573.5306731519572,10504,181054.33893235767,97.02474623878695,45.65472656745597
2021-11-29,2679.680137944764,19151,138956.41911720746,1582.5807757902123,12916,178297.66119500398,97.06900080120735,45.82000388172403
2021-11-30,2820.3882190719414,13252,128824.09976049096,1583.8825097608149,12208,176647.9775152334,97.19396732791174,45.10681673420503
2021-12-01,2776.0097801687857,10898,131648.92325743387,1581.1333737895409,7899,179300.8684838522,97.25750444219787,44.871382960058234
2021-12-02,2694.4090272563967,5975,138136.2664763992,1555.9835505141414,17272,183227.5501209822,97.33150586582829,44.91284449886422
2021-12-03,2765.21954996557,17188,137711.2624965168,1548.3668270032172,8711,184239.05902640824,97.39519649416552,44.85435053302828
2021-12-06,2832.711791018077,10173,134511.09609270238,1567.65880294705,8715,182540.70685937878,97.42927563496573,44.99763375195531
2021-12-07,2751.9107480985704,18994,136681.50187284022,1573.3765581556588,6459,182916.14474412784,97.2509145219943,45.23444371865622
2021-12-08,2774.558008612753,19382,137755.73460700273,1561.5174177799145,15135,185977.8976065383,97.25927662973537,45.41697923958513
2021-12-09,2798.4814111030128,6738,136423.26243924192,1557.7811115038169,7378,187263.75342479252,97.20365743385045,45.35269675681879
2021-12-10,2679.865966741427,9968,142985.35448241179,1559.0463756911433,10948,188288.23055856125,97.07567333808645,44.79879565348264
2021-12-13,2596.385059165461,16468,151957.05807172504,1556.2231819863503,5041,189093.64402253611,97.24385500001654,44.6621512788262
2021-12-14,2589.6242410642003,13333,152282.89164469767,1557.621450932686,7661,189008.75228992428,97.41675453410511,44.78706172326788
2021-12-15,2521.3359565749756,10686,159552.25021696038,1560.0790201720686,9885,190692.73011785292,97.55267659413467,44.459927547502744
2021-12-16,2604.8588052576456,9904,151587.77738573638,1551.9854639405585,11458,187265.36447465065,97.57819793582026,44.649309966539214
2021-12-17,2628.5265351594153,11318,151852.5933240099,1558.3429242436664,12331,187889.17884993486,97.71326044791552,44.92182795571941
2021-12-20,2520.7959474025874,14188,159450.7790076888,1560.984232129824,8088,187421.34921563725,97.7144657659757,44.95988804860816
2021-12-21,2425.063053449925,16557,168850.12840595245,1571.0972362472348,9673,186305.99367841953,97.73474549366549,44.040754088714436
2021-12-22,2498.4274823467904,12296,164233.40470950666,1578.0506736288312,10142,184751.11165863895,97.62539835661929,43.657327579900894
2021-12-23,2524.8960630012357,12646,159651.93558178243,1560.4947094690392,5673,185440.8405105676,97.66509748706916,44.22318432746772
2021-12-24,2530.7831520476916,9935,159808.58546764098,1548.4732919825108,10310,187988.99817185476,97.6711360799116,44.0592229895592
2021-12-27,2544.4627441964494,18949,159554.0614015321,1549.9559239557334,18278,185262.27668858148,97.54087086822815,43.463980022620504
2021-12-28,2419.4878754681317,6427,169146.10435950555,1544.7823628873011,18094,183807.36122815323,97.5357511570465,43.83455423911359
2021-12-29,2367.129290627637,10662,169703.09534306056,1521.9863833405543,13738,184627.80763724304,97.52777820066082,43.83856091657669
2021-12-30,2410.6273110796806,9244,166375.85455987894,1508.11495396824,19113,189440.62142836515,97.70753431732528,44.170043063264
2021-12-31,2434.333640086977,15168,163588.41350608363,1508.5773384095717,14986,189101.49374979205,97.79695565017663,44.253130665829815
2022-01-03,2369.678183731034,14310,171138.54100120015,1492.6380927257808,11119,190891.26471326943,97.79810019408578,44.39069840669347
2022-01-04,2440.061760790208,11846,162840.49349233828,1475.174956061726,6335,190173.37088458677,97.82297892506588,44.49960118100782
2022-01-05,2487.501499578536,12716,160771.36250371323,1476.8070919962502,9664,189789.56828990552,97.8274001628763,44.70884767458412
2022-01-06,2445.598721917992,7497,164288.4369140923,1478.2002192247442,9832,190933.52438198862,97.80710876439674,45.39207680915095
2022-01-07,2459.8903320232357,11656,168044.85189065826,1470.6983992205562,7114,189486.35932804973,97.69886604465792,45.68337870993871
2022-01-10,2412.6084368871516,18163,169675.0622587791,1458.6112538366906,11456,190928.20553620963,97.68376085689722,45.20927691458505
2022-01-11,2409.066849848522,13578,171665.70535566696,1471.2976155780948,12418,189232.12557669028,97.60915103123197,45.34327536916872
2022-01-12,2425.8750890496585,19738,168965.85702441027,1477.5582834421232,15328,189232.3368286687,97.48411947733966,45.68571959959968
2022-01-13,2418.6663657643776,10625,167454.36389243678,1483.8024648203439,17500,189941.84374773983,97.5352416587944,46.04652984156053
2022-01-14,2393.535990269687,14487,171491.451339075,1486.4709403107468,6931,193067.66180505225,97.57436812478774,45.918548346642794
2022-01-17,2402.723569214064,12788,171697.01349384763,1484.4846923154112,6181,192930.0575677712,97.39569737365092,46.268031680199236
2022-01-18,2363.426009127141,13112,176830.18819207847,1479.5896643016692,14955,193241.56386813853,97.38342890990141,46.5463544000646
2022-01-19,2352.706222898518,13591,174231.9231515465,1476.1599431211844,6698,192052.24081798948,97.48299904849141,47.318109631155515
2022-01-20,2400.2672232117397,18224,167531.53140948946,1471.509971665672,14528,194154.628817385,97.58892142238103,47.09310911028096
2022-01-21,2418.8713752598296,15724,166966.67691769582,1489.3516761952544,11531,191235.63305440216,97.69150510666957,46.94088893736084
2022-01-24,2444.212284382791,10935,162991.17116534486,1472.0917985839862,19448,194066.9233659485,97.69539642735971,46.849053222822846
2022-01-25,2419.2406610622365,19456,167530.77009784448,1480.7684372987476,9630,193818.14881749515,97.6108918945628,46.70198657781121
2022-01-26,2383.6878415165133,18708,173618.27933951275,1476.7466872376083,14592,193646.35323460956,97.50252201182698,46.434980352882135
2022-01-27,2398.99100290987,8375,171832.64646486045,1480.2640152828283,9179,192392.11565053905,97.53698250230202,45.606177701180016
2022-01-28,2398.4762902952134,12500,171716.2205197455,1484.7935048773509,8258,191677.0289466316,97.57491050573854,45.47576785906307
2022-01-31,2422.927717789838,19639,169511.0879546718,1482.4889319044528,17557,191857.604819218,97.70364361689904,45.58657527697304
2022-02-01,2438.943734067915,6525,167408.006712921,1482.944077363061,9972,191498.0410285551,97.81364158193325,45.438608723321266
2022-02-02,2432.2444890475936,19777,167707.5824424439,1469.3184650710527,11731,192635.5148987634,97.80041871628013,46.01922307838
2022-02-03,2420.9412350810126,18815,167993.8499433058,1449.4371233222143,8805,194835.7793116798,97.67599812839404,46.02323582219476
2022-02-04,2451.654468029408,17104,166132.62758936422,1442.0764990909431,8025,197771.40200684758,97.64408746869296,46.41054453875
2022-02-07,2425.186105922559,10464,167463.5072630747,1432.0801572168884,15364,197514.90169984687,97.66581058817401,46.48897066256899
2022-02-08,2438.0749411136007,15725,165183.45624614027,1429.016856918073,11740,197654.05034372592,97.64560226363507,46.736892855536965
2022-02-09,2461.213483054554,14642,162533.43634024588,1461.830502012313,7009,192620.8309037794,97.58781285282731,46.82066532171703
2022-02-10,2448.891310568689,6025,162184.87995981428,1443.7857594340612,10588,196755.2134379744,97.6131013343243,47.2313007112881
2022-02-11,2471.247746626583,12136,160075.9531493249,1461.9226783239583,9367,192789.24542638558,97.56270556018323,47.24808251632783
2022-02-14,2469.679856658106,16701,161180.51103836639,1415.1315159080848,8048,198327.48470031648,97.49989895181069,47.39691872875446
2022-02-15,2477.6385148526715,9413,164536.5256212649,1351.696491301836,9002,205851.96387756665,97.53104423524104,47.50681860884947
2022-02-16,2493.697646093994,14168,159837.33979302406,1362.715325173795,19731,205248.08963886078,97.49084497722812,47.420332971411284
2022-02-17,2476.6454088400483,15159,158350.56098361692,1353.2687640705972,15825,207350.09426642375,97.51525541612595,47.54182766708868
2022-02-18,2459.718505736145,8745,159497.20317196738,1402.0630202348475,9199,200438.24617810946,97.54257581841117,48.21214354094799
2022-02-21,2445.7967430483327,17420,160597.3551108215,1393.4326582216163,5327,201477.25779975226,97.42863291830201,48.13102445831936
2022-02-22,2428.3621984553643,8632,161827.2551819684,1438.9854717498906,6116,198814.65042850882,97.38050880591547,48.25686392617533
2022-02-23,2415.1543101521684,5304,166541.24558622387,1466.474019716595,10784,195139.78895881624,97.52428649990712,48.634197611436164
2022-02-24,2422.647432464637,10004,162103.8180464484,1420.5123141381678,9788,197271.66013365818,97.40807854863368,48.97627359571945
2022-02-25,2432.182386385337,11016,160885.47293809179,1412.7988820739513,11204,195098.0490225786,97.19641310373663,48.97978852103526
2022-02-28,2440.3966329621476,9817,157556.0217448221,1410.0660144295198,9462,192370.1030501898,97.01022858841239,48.26477191014805
2022-03-01,2438.8089052563632,15925,157005.57045271448,1393.5820637759066,8603,193474.09708158183,97.01313958307004,48.41978275574259
2022-03-02,2452.3943822377587,10990,156850.8713194199,1417.7451391401025,14852,186656.58748455497,97.01623131087332,47.75394047815567
2022-03-03,2495.3175326069772,12679,150394.7007127131,1412.2707915515948,10720,187092.56629441585,97.0044702253308,48.19492164743804
2022-03-04,2413.4590421316366,12961,158999.28882105713,1435.4898503708575,11226,180668.97279465984,97.12588920822365,48.24576380879602
2022-03-07,2458.3790180422116,19415,153494.6772663264,1443.2243147351614,17325,179183.63333260984,96.85860576491336,48.545666014757614
2022-03-08,2585.2212182475023,16855,141044.2930849514,1436.285147212521,5006,178629.24437111188,96.89819915235644,48.2750326733033
2022-03-09,2668.862636402379,7688,131371.46331109654,1417.6223143894367,14454,181919.95172290597,97.0543429725368,47.80928043131328
2022-03-10,2644.439098486553,10968,131988.5223460598,1475.0568384077774,8581,173741.53479758944,96.94156489604764,47.88750674655564
2022-03-11,2584.8943151468006,13765,135187.9541295548,1472.6233653603654,11308,171960.1079902051,96.90358424486864,47.877425714568794
2022-03-14,2755.8105325567067,5422,123768.79173158642,1456.7033911878057,10237,177386.93291576204,96.82829505314578,47.72996346672164
2022-03-15,2743.4193802332907,9042,121806.41383074169,1495.9080299885957,15601,169538.72402793364,96.73886044853802,47.755361850941476
2022-03-16,2733.0307942890113,15360,123271.83723445715,1439.0919402449153,5225,175901.2686345071,96.70623424803573,48.58559261855115
2022-03-17,2720.263743944445,18486,126155.9936766344,1453.6679616520212,5129,170896.8162542191,96.84898277640417,48.83595028276187
2022-03-18,2683.491525255768,5024,128594.09132013602,1414.1043636975937,19555,178015.54865836733,97.03272144395292,49.15079986452086
2022-03-21,2680.2303721083445,11721,130588.07095732835,1375.0563004459939,7990,185077.84509904578,96.99912752144891,49.40398093198687
2022-03-22,2710.6150618889155,12070,127128.77053276426,1385.3590331381388,18352,183034.11121712587,97.18963354285536,49.84781957514253
2022-03-23,2678.2947212723093,17864,130570.57238476202,1425.5269079195716,15339,172125.67568853206,97.19319119055382,49.790798073272306
2022-03-24,2684.826973909552,14823,129609.43432817396,1426.968136191939,13903,173196.47303765954,97.36856029322392,49.17436968096972
2022-03-25,2660.7531013772423,8233,135924.4528256462,1413.9942191924622,5242,178237.30974524783,97.35923042825858,49.117793841067915
2022-03-28,2653.068660209686,14225,136075.022819251,1389.6257130228946,17417,179679.20846999148,97.3723362108632,49.361314554066865
2022-03-29,2729.0205343621997,8573,129890.1336098358,1379.0433309307646,7502,181805.71220649476,97.40888365812748,49.070374435532344
2022-03-30,2800.4683435198026,17196,125662.75762400606,1393.9422502361547,11717,181058.15578413056,97.72676902606423,49.01746465038555
2022-03-31,2779.986654704219,10856,126311.09504922117,1421.8673689117727,7859,176805.87922195497,97.81189758354871,48.80993372748485
2022-04-01,2656.420092578925,19168,135045.65251743744,1477.1722951142453,13563,166458.31974674325,97.74117113055357,49.26054250303779
2022-04-04,2694.647660954427,6149,132993.90475433916,1498.7957193461568,5809,162959.4556399484,97.83807091758115,49.48537960765976
2022-04-05,2747.8817074452113,9994,130963.33171348883,1502.2847975624506,7841,161089.66465868027,97.80188766387272,49.68084179385295
2022-04-06,2830.416444071298,13777,123954.83484280355,1544.3603993865402,11733,156429.23704265806,97.7529126455826,49.86732218778924
2022-04-07,2804.9968074436356,15879,126132.89389002696,1568.5854448047921,15588,149791.76815551493,97.8437727815718,49.8561474120236
2022-04-08,2875.060508568241,13269,121033.91496741744,1511.329067115145,18286,158088.01380619462,97.84688134034892,49.91541429678185
2022-04-11,2974.6023580866813,17973,115794.4430061326,1519.0210638838048,16535,157106.37837620443,97.8747389318001,49.559858922622155
2022-04-12,2950.1435984483837,13718,119423.97624931307,1541.1943623917682,11307,151044.79764066447,97.87613745398663,48.90392632899699
2022-04-13,2951.068216315482,17651,120474.98408474677,1440.522378959167,10990,162108.4971583105,97.90979576664718,48.948950668100494
2022-04-14,2945.474541885789,6788,121681.93466598484,1441.6064605863637,15898,162871.14062361108,97.95229235639079,49.046147744982136
2022-04-15,2948.9805939802127,16957,125311.3179707001,1446.9522864029727,17079,164476.6360859314,97.75859566312025,49.40892711550974
2022-04-18,2950.4929929309365,17490,123712.0339048588,1460.9531840864572,15804,164051.22663325837,97.8252529299812,49.880327860334454
2022-04-19,2971.2232277947096,12825,125844.97914946926,1453.9532123617225,14231,170529.92827274365,97.72705098799817,50.35132740583414
2022-04-20,2870.801279654032,14291,133923.5238755224,1470.540740911987,13729,168382.4163836684,97.58282107444222,50.05192032784598
2022-04-21,2889.276093953229,16762,129732.15415100408,1442.878601291623,13835,169592.28745730716,97.57697995005636,49.946240817361044
2022-04-22,2835.87855469156,17723,133891.309275838,1446.177549101597,15789,168966.07563380583,97.5853780503878,50.09034110612546
2022-04-25,2872.1711879466698,8543,128665.27581809147,1474.9608356340011,19397,163343.83057358157,97.51602743393057,50.84991250944811
2022-04-26,2878.5819215900246,12937,128187.13220685133,1430.4380705416497,6245,164513.32263915922,97.59913061969738,51.29394227056228
2022-04-27,2905.93998669979,12697,122447.91878628783,1424.3415568784208,6942,167249.12762206994,97.46491310306028,51.629761419161795
2022-04-28,2965.336138956764,14564,120095.99634797804,1371.0276311647135,17815,172600.50627030974,97.42421872818304,51.51342503249701
2022-04-29,3021.9290420294456,13186,115001.4121172487,1370.636219757182,8987,170576.96345660745,97.36573131468973,51.24846514315047
2022-05-02,2951.970221402302,5816,123287.10137674706,1363.1185020772582,11094,174974.79460313468,97.3610725876558,51.485137508165444
2022-05-03,2880.3102592144774,7248,126963.8347726885,1368.7835182705796,11033,172591.34566095253,97.38895901612052,51.15493912889514
2022-05-04,2829.698483559535,17089,130820.91983460117,1331.4432609367577,5008,176117.03334635322,97.28816972115817,51.08340822360105
2022-05-05,2733.39367798886,17960,135107.77554239606,1272.6304478358697,14394,186309.50254389667,97.36059798890379,51.04897483890047
2022-05-06,2867.2806036187744,19793,125207.09140255023,1276.1015060827876,14806,188985.08196242517,97.36689822573726,51.526848465637315
2022-05-09,2937.229707189287,11651,120667.74279930459,1298.2649680010018,19928,181400.64083328695,97.17770360040606,51.42043927474941
2022-05-10,2986.541775329399,7232,118621.05852345261,1305.3343046237173,16454,177810.31310029063,96.98184445636636,50.688664383177624
2022-05-11,2921.8154645895247,10973,128216.925347818,1323.6126496084369,13963,173461.6964199454,96.98061252707343,50.83999777747636
2022-05-12,2899.1749013397744,17071,133286.7044732214,1309.8844224299285,9878,176804.1139532171,96.9585157952948,50.630291221545185
2022-05-13,2891.9218174094767,13792,135530.2704046645,1239.9754738385823,8123,187663.6849141319,96.94817378393734,50.64308052887651
2022-05-16,2845.855873230836,13603,138220.5208617221,1231.8555140575893,9715,190792.37805313294,96.94537553828431,50.617069118623874
2022-05-17,2769.567933432038,13868,143145.7406787465,1206.3873997146754,14981,191604.51145711966,96.96793152223533,50.53495791987854
2022-05-18,2694.3239102542825,16959,148050.1315981682,1245.7275806949324,9558,184394.09839175895,97.06269648322017,50.77206009441396
2022-05-19,2742.9919703329215,10082,142770.65107422884,1247.4036915461013,11431,186620.20801147647,96.9515859931284,50.312200630908144
2022-05-20,2848.262736851183,19514,136534.64977281922,1271.6082366235332,8419,178718.93310485827,96.83438883383833,50.157096363421836
2022-05-23,2965.2077637561856,15404,128374.30073546586,1213.905638695076,5475,189592.5875353523,96.72505644804959,50.36230773735705
2022-05-24,2988.3518201289353,14241,128117.66974943342,1226.6716494280843,5080,185407.21953760955,96.75394811476646,50.178082304753744
2022-05-25,2999.0696527288937,9541,127160.82182540036,1187.7258709538942,10090,191912.99541432437,96.8784428526311,49.695440291972744
2022-05-26,2954.721263453586,6230,131133.46246380467,1148.8812948932436,14319,195910.99797923223,96.83530890880715,49.896006894949764
2022-05-27,2751.9300673966427,13119,148612.11201080878,1152.8046328805897,9937,195970.64295924272,96.58513892439119,50.23293528408223
2022-05-30,2654.333352468718,10155,156473.31899558194,1191.644449063316,7020,190271.92327476927,96.41473963813014,50.21943672178933
2022-05-31,2568.384596144648,5200,164794.5807310178,1218.032850186078,15152,185098.83098191657,96.33143596585055,49.631183042248466
2022-06-01,2613.192834494197,8268,159524.18467093806,1267.5747298372646,11156,179828.31231253978,96.27566307710103,49.842973966258114
2022-06-02,2704.6419532403593,6050,152202.16571285186,1267.2787512491109,10160,177559.80385567102,96.23482421437555,49.34500760183221
2022-06-03,2710.718168401323,13815,151046.06309553233,1245.78365150149,13538,182576.57002047033,96.23868232667364,49.43764738488666
2022-06-06,2757.7238453262175,6253,148650.98428807312,1274.0204368842838,12958,175423.10416334914,96.2075076935914,49.17140823746401
2022-06-07,2847.9814628691747,16007,142797.1762494889,1351.281021305677,16327,164901.25016844913,96.31244165464574,48.82345645173392
2022-06-08,2761.169595532123,14280,147711.0944184913,1376.2283640423316,10108,162685.31019130122,96.24483992407761,48.690883446610016
2022-06-09,2825.814907569259,17268,143852.80042959898,1399.706968002916,8440,157690.53207191598,96.15860812813006,48.635894179681834
2022-06-10,2733.8422549037086,12729,150779.7140580293,1383.1370678657593,11127,163070.41525551377,96.20649568198209,48.4426317045659
2022-06-13,2732.8653203655763,18040,147826.83494595333,1395.2335224337426,18931,161077.99246468244,96.05293147498948,48.61924268803045
2022-06-14,2775.225142600232,10406,144810.6351930608,1495.0863938944578,15434,143915.58666843668,96.09190064552149,48.4854218744928
2022-06-15,2980.5268326690248,11008,132571.48004347814,1475.899259939222,9210,145883.85135074062,96.1021559638941,48.77947913599434
2022-06-16,3042.0950904302326,10567,126972.82560456493,1490.4404643329829,5838,145728.83989389677,96.08741171490229,48.86383108568739
2022-06-17,2979.417664093607,5156,133649.90608582256,1502.6904172499,6134,144201.3790304514,96.24623932561722,48.654563923708494
2022-06-20,2982.0326897847604,18481,135181.09937263426,1523.8266286287176,14906,143250.33955342462,96.18401858108776,48.39478195855881
2022-06-21,3002.1513913666618,5869,134477.69113787013,1546.2569074472615,18291,143174.28965209826,96.39004839814015,47.90053306884458
2022-06-22,2931.677787311609,15897,140378.31991301253,1537.830159865491,18015,145964.93973812065,96.36750525321735,47.98775302220463
2022-06-23,2969.212236290958,12046,136470.63013991373,1536.5385020595982,9991,147246.78293117162,96.23980360872032,47.88137675802922
2022-06-24,2955.2304334190135,9071,139129.9919678504,1578.8425856974875,11796,142189.93904438565,96.24679556681981,47.169718099610165
2022-06-27,2951.9989573166763,15945,136788.05647818075,1552.9546614497185,13108,146490.78601131387,96.13917104678794,47.009003637779344
2022-06-28,2944.3240767053726,10269,135371.46727734365,1526.5909379220961,16365,152803.79227178267,96.06399546200657,46.73869342900286
2022-06-29,2924.924085773948,13480,138093.51862558402,1632.8135327801417,19051,137693.26768448035,96.10369879200813,47.21139670665406
2022-06-30,2912.680579018189,19294,137027.05540097706,1683.7664778223534,9728,131209.44584498124,96.15925700087314,46.70056312308606
2022-07-01,2907.2752465626963,16703,141731.2914133137,1682.4082658247291,5720,133147.93787948662,96.09704023084771,46.26815788316585
2022-07-04,2912.2343605508463,10729,142338.21521143924,1781.4275906881774,9903,119615.53881137684,96.19578074535235,46.60114877609756
2022-07-05,2879.2862121592702,10892,146683.62513512047,1773.5866793163705,11166,122793.68410165384,96.31153152115446,47.00817772333675
2022-07-06,2892.815037504848,12607,147913.9677302563,1766.5203797441452,11397,123937.11003560752,96.45516169681079,46.78468284171906
2022-07-07,2891.1678371057214,10926,147463.4358821475,1709.1701867804777,8243,131688.5211030988,96.50810303752337,46.59505709487638
2022-07-08,2862.9063773609414,16007,149698.2928356945,1607.3020385990392,6544,142610.3620269486,96.64444590873194,46.77992771384238
2022-07-11,2870.1236437752077,15274,150352.73575332706,1641.2472498842228,6783,138069.4638454509,96.45636606593453,46.08179777475878
2022-07-12,2856.7103339722585,8394,151505.09761952102,1693.5611111815165,9712,134221.5430604435,96.42457541107169,45.523439669407125
2022-07-13,2855.689652160099,19660,154925.17035864765,1601.7331787659198,14331,143101.83502605147,96.33787488543935,45.43921964915191
2022-07-14,2874.427154354039,14738,155846.7541461771,1629.9993291820933,11520,141679.62840720854,96.34979747155208,45.904186818990645
2022-07-15,2850.0705302825495,13309,158139.7800647843,1663.1849249106067,15295,139934.82171861446,96.29265254963241,45.77346779254062
2022-07-18,2830.347001988475,8512,162197.3906941196,1703.551404860269,18865,135395.63176252376,96.27603676543744,45.80374883006117
2022-07-19,2840.5601761782427,8135,161719.86126357003,1701.5647730471035,11744,131952.27286048725,96.46425425345784,46.14388561183037
2022-07-20,2851.1064634279282,17903,162639.26807454007,1646.1740015492155,9825,136484.39617107043,96.4472822738158,46.77595103181382
2022-07-21,2865.925241010651,14015,162022.4432744598,1650.9637471084159,16103,136840.251725315,96.48866150553482,46.60289648986932
2022-07-22,2865.287309474575,11241,161634.70122357184,1642.8707052317966,8759,140077.24364279196,96.4654345725424,46.59784547274929
2022-07-25,2873.074133239205,17493,159317.90346666615,1600.0926701518342,14141,142650.4133310733,96.47300590133808,47.144462039152145
2022-07-26,2847.7378160643393,19651,159768.83312929946,1677.136115214382,5235,133847.7917468702,96.4736075693817,46.68780225659472
2022-07-27,2890.0679394469066,17221,157012.35622354626,1669.840864915365,8445,135379.6421187508,96.518439975979,46.99607657776086
2022-07-28,2888.1481937225662,5961,158137.50395533183,1633.549425541119,17709,136917.85100840824,96.63497072953372,46.69058191805249
2022-07-29,2914.3336201887914,17574,152178.09690676653,1647.749949162331,7648,135688.14960911215,96.79971012929406,46.721323628183434
2022-08-01,2904.0296481853416,13011,152234.77159331014,1595.9618026899368,19040,140646.9900709224,96.83067213748498,46.64853791396335
2022-08-02,2976.1235374152025,14789,148595.74565788402,1643.9993819423735,16240,131773.88927648784,96.88962682608853,46.36113443375298
2022-08-03,2987.3567755136723,11819,147715.7237752417,1701.5357564020892,10405,128522.0282148514,96.77454037516998,46.0662038554555
2022-08-04,2988.451160280558,12592,145631.34921847977,1748.0057587226834,18669,121798.15884302986,96.76575270092842,46.14912816473163
2022-08-05,3023.0305440395755,9369,141503.07430496844,1807.1516574274697,7078,112502.07389748395,96.85978164741678,46.44778996318043
2022-08-08,2989.9371083948845,9149,147307.95347948614,1790.107408401936,19296,111975.83199011098,96.94637851125849,46.40886910222388
2022-08-09,2996.3004063762523,6866,143880.72179460188,1795.2972840983912,14228,115623.93350258756,96.967539484538,46.429903049843844
2022-08-10,3014.9677667789892,8777,142184.91720772168,1846.8516047107496,13520,112197.9915128405,97.0561788804948,46.60125526973116
2022-08-11,3030.118772107829,6205,143061.5262682443,1885.6494271810423,19307,109482.84800886874,97.10525555139418,46.30976963782727
2022-08-12,3038.548851177779,12283,138728.44502656313,1907.8892004059746,12209,105899.47435400361,97.22528617722011,46.53167739035115
2022-08-15,3056.493294596368,17261,139151.02106267898,1854.8249101000495,10234,112682.19345128161,97.25422209291581,46.77748031946908
2022-08-16,3012.3323609762647,14821,139180.93983101944,1871.4621703904206,15114,111427.40811533145,97.21865226135871,47.5585682090942
2022-08-17,2982.7065657163703,7624,143412.35121417858,1867.651285299759,11612,113698.30071782916,97.25223638705202,47.44573695192632
2022-08-18,2976.578127802036,9092,149356.40502911722,1810.4585692551957,10839,117316.49359082054,96.95917694946674,47.30831241142589
2022-08-19,2971.1773409801895,5482,147358.6338746805,1869.3796438758695,7938,112591.59139942547,96.99746552310525,47.53900217289801
2022-08-22,2985.020112914354,14694,146452.53865975424,1777.0657122534428,18142,124810.42239756141,96.63262424058377,47.78473342357165
2022-08-23,2987.277813522167,13384,147205.58941360202,1815.9321530405127,10751,118927.78376001952,96.46027789984322,47.62420727755864
2022-08-24,3014.848942990674,19901,144380.96107703244,1860.886262021347,12922,112441.69536858649,96.50545475993732,47.50325847447962
2022-08-25,3060.7671319581714,8337,142617.26611414834,1855.6092479908186,14936,113161.99649170347,96.553207693664,47.665597725945034
2022-08-26,3024.399922772755,9172,143775.28560500228,1843.993813208798,12895,112127.77610003317,96.43696481565,47.41732245372464
2022-08-29,3025.9922851873607,10546,142733.5688155525,1776.7641338188546,19234,119235.71903926178,96.36575461146211,47.29416225732014
2022-08-30,3012.738776378932,19437,142180.86250544921,1707.2560480717293,15434,126792.17424516317,96.50280871032352,47.32104008753066
2022-08-31,3033.209163182972,17152,140927.5587675916,1765.7715876000757,8116,122903.3105090208,96.45440569716627,47.61982169297734
2022-09-01,3007.3689497763635,11415,143800.43085905316,1826.057590865782,9210,114358.44835570407,96.67869772840656,47.43844210812348
2022-09-02,3004.5759326545312,14021,146122.4869491909,1842.1416141396103,8077,112321.90847883573,96.67850574308892,46.88572676951428
2022-09-05,3022.2932149697845,11099,144892.6683192475,1842.9223580695696,9903,115237.98613706195,96.71930936077705,46.31074752925882
2022-09-06,3010.1582115689484,7237,143730.83990875067,1864.426203989757,18529,109843.75269797335,96.88099680062692,45.932923609246984
2022-09-07,2972.021019351956,7198,145485.67250794687,1854.8299316930318,10740,113328.1243269304,96.89409951224626,45.538973293786995
2022-09-08,2866.9322883862687,6930,151695.4233774016,1891.2133545080058,14045,108854.50694057853,96.79386511417717,45.492590066201025
2022-09-09,2829.492495992223,9584,153629.7374267105,1861.0763887844348,9721,113613.71391418093,96.78289236900774,45.135926020121744
2022-09-12,2875.5065386935566,13951,151627.82621135982,1858.8446520879297,12952,114196.57125780363,96.77933129538873,44.92509953217538
2022-09-13,2898.0488091448674,14457,149882.7196893431,1794.8042236135889,5885,122712.25683205051,96.64285713016858,44.69287376668077
2022-09-14,2893.8753563690266,17636,150474.28378313695,1840.2864134978738,6584,111275.43697469555,96.61727392303449,44.560721408426375
2022-09-15,2868.345872644863,15457,152449.07557062502,1784.2508779143354,19228,116331.05466931655,96.54305471363475,44.95747270788331
2022-09-16,3017.50466750743,12093,141954.07371746853,1790.4715169951724,17572,111625.63953821642,96.6354904893535,45.156056984712464
2022-09-19,3036.2108226291152,17787,139957.07732904053,1753.618259811761,16283,115531.17327330937,96.63895167677202,45.16089580929527
2022-09-20,3011.7603947141743,15114,143232.01447763917,1631.2288798366449,7360,128521.78688159828,96.61067210185726,45.022587925121016
2022-09-21,3010.441296195391,8254,143310.698104143,1543.8461789788325,10316,139578.28806164936,96.600053908795,44.8926181281341
2022-09-22,3022.5101727036476,16877,142450.17626055097,1536.2488072141678,5837,144005.38240881872,96.62236611063562,44.99094206911969
2022-09-23,3108.20319581091,18466,134709.1447828276,1578.9429153504489,17974,139566.6900242592,96.6840475306046,45.166192791125376
2022-09-26,3117.0496627687176,7417,132976.5323313981,1600.716486316899,14292,137729.5207579109,96.58407630773766,44.8939075392952
2022-09-27,2962.9772761068857,12733,141921.89945811272,1595.446407704846,10823,139796.99748232448,96.47991754447554,44.904851765979465
2022-09-28,2880.6560023268075,14834,148779.41812235222,1569.2547568851649,15081,142719.06521270383,96.59038546601579,44.295365895380556
2022-09-29,2969.393578537128,10918,139202.97900448,1500.3657211170812,5378,154607.59426714457,96.54915177879532,44.35888003063174
2022-09-30,3119.371506596801,19651,130743.88026360239,1492.0089797997746,5887,157030.26811922644,96.40746756953563,44.58752480321934
2022-10-03,3055.4771858716676,9683,135348.15548388366,1567.9277966499276,9815,146902.82583792266,96.45184884047394,44.503504215155075
2022-10-04,3070.3017408923783,15297,133166.72528341846,1556.0935021885457,16536,150919.54164031774,96.4981858210772,45.048462313997106
2022-10-05,3151.583316972389,18158,126397.75744643819,1542.784973778888,16491,151925.67829656426,96.34511429535154,44.784090779766295
2022-10-06,3181.5255867830033,15595,125809.32194617183,1574.7359168439054,10212,146784.1503344985,96.3680624668979,44.84932290435727
2022-10-07,3066.3896634470548,10439,133775.2465152951,1563.4402447989607,6145,146541.55125918234,96.44162077614074,44.83857548035749
2022-10-10,3034.247972094643,6646,132126.79190745953,1535.7143995238775,14454,147340.8903534806,96.47905942131136,44.80848618012446
2022-10-11,2935.277408888094,8193,137503.34861641392,1550.511669335775,12139,143055.20851667097,96.5422575696875,44.774189529723046
2022-10-12,2855.4830423719377,13642,141286.10389096156,1573.7005418216334,13230,142504.45824167688,96.40183065987843,44.80632103872588
2022-10-13,2806.2055867277845,9768,144734.29432895908,1585.861267137808,12806,140198.19997929188,96.43493467537805,45.06070866176499
2022-10-14,2803.9271012629547,7203,143729.76920099885,1583.6731520827716,6819,140517.11297820506,96.404672699431,45.47402953264742
2022-10-17,2756.5475003131264,18061,148142.019050858,1571.0282323194028,15333,143672.30249858132,96.35639368355854,45.473354459296175
2022-10-18,2770.966286782164,15659,146123.2113782308,1540.891243973661,12775,147278.47184968868,96.44344924450051,45.717949280947664
2022-10-19,2795.817202239207,14286,143868.34231551143,1522.3684168051911,8520,147765.0127989201,96.59137669556793,45.50741919706763
2022-10-20,2847.768864768874,12174,142746.0715793721,1518.8356850854718,7843,146573.63569660392,96.77081370102796,45.73720583288549
2022-10-21,2797.2252546194136,15704,145939.2484505342,1552.7464156992658,16182,141246.1534353743,96.90229448817855,45.508608375737396
2022-10-24,2752.3181674940715,5859,148245.80516495128,1519.2123764235646,5962,147689.89520684772,96.89132107001554,45.835806356563836
2022-10-25,2683.3604880254766,8226,153398.18269049173,1491.3583569223406,6333,150320.75268090703,96.92659308631818,46.498998619781815
2022-10-26,2679.8672122930557,8285,151077.1469928324,1501.551437232655,6200,147800.82638499292,97.00327537349659,46.4623734533904
2022-10-27,2642.988260070243,15084,150672.42282432492,1536.7699235758423,9176,144164.87607056496,97.01539316842654,45.80461040614817
2022-10-28,2586.317058834385,10852,154936.4924918256,1489.6577233039077,6772,150390.8492855058,97.0284695872177,45.640188526174725
2022-10-31,2593.388781632597,7040,153199.53630512708,1478.3490338546374,15804,152012.15330843057,97.11084490040531,46.00975106646152
2022-11-01,2538.4776429298718,7173,154579.3198461,1526.0147919379342,12777,145981.53589406787,97.10491663580272,46.17567410256909
2022-11-02,2485.6546407155583,17829,160573.45485769765,1484.6556818295471,10311,154818.3923818693,97.03198794216536,46.2503481821716
2022-11-03,2622.200102601691,9988,150873.6394379784,1504.5499539925434,8106,151403.1272979276,96.99054063558177,46.552948688958054
2022-11-04,2525.6090366276135,9748,158699.17198125328,1488.8046664454298,5513,152541.80682504707,97.05393167335515,46.69828472073257
2022-11-07,2552.203451977292,19988,155456.5964415482,1456.298516989062,7955,160455.89490641237,97.05423100247513,47.06360227696791
2022-11-08,2564.65180315852,11770,154041.62935247328,1461.1758202715844,19935,157860.50643475106,97.08825200016197,47.33942937996201
2022-11-09,2630.447508621011,8296,147731.63057412728,1510.0899290575164,12532,147618.4125933584,97.1552599243822,47.795939515783104
2022-11-10,2654.485257360437,14406,147653.40608403867,1581.3001447818524,15052,139908.36091217285,97.11777577809244,47.90357834095498
2022-11-11,2678.1193336630813,13607,143028.91988584166,1598.6737034292819,8786,136834.0804996497,97.19340059445541,48.175156161403166
2022-11-14,2573.392642544021,7565,151467.06069417924,1567.5059014040548,19716,140807.2529215928,97.23128485480126,48.08301803947742
2022-11-15,2589.628178937061,5066,150229.2987359521,1573.043229913071,8730,140345.74611110945,97.1078035461101,47.902579796009725
2022-11-16,2519.693283562258,14249,153368.5989912405,1503.298467457986,17309,146990.45947262895,97.25203402522872,48.41461008813542
2022-11-17,2534.948898873724,19216,153362.84619791614,1506.7728533502373,18864,147536.06269401024,97.20195955085303,48.47947149103223
2022-11-18,2439.78012640583,8297,160159.74020853138,1549.6369519077803,7762,139439.4047919279,97.03645001653452,48.72093566079094
2022-11-21,2512.676507103603,17647,157821.7971729686,1605.891118507142,6141,133935.5217989242,96.9319456455759,48.75805766511436
2022-11-22,2558.233931237455,12245,156466.1731267996,1628.2199737941787,19131,133562.9433387237,96.82984112950805,48.58210296983837
2022-11-23,2579.8249782470134,6153,154603.78777707936,1610.9592043034422,15424,134441.89289648362,96.8350584613738,48.58539783761309
2022-11-24,2406.2984811783417,17278,167259.42109398008,1673.7038887894985,14640,128962.6226872665,96.80767341081919,49.016196042943406
2022-11-25,2457.1857633675013,7461,161494.8379524102,1671.3612796138868,6415,129786.19600179761,96.77399021405513,49.18276806522723
2022-11-28,2433.241778534372,10339,161888.3360001755,1755.2013726266746,18114,123600.07788679138,96.83596041060338,48.66932611730809
2022-11-29,2529.090352017283,13833,154522.96327923858,1782.336560128769,17158,120802.11119855595,96.86994794672265,48.60475278033525
2022-11-30,2569.4872676308705,12701,148418.10228641843,1889.1569031712384,17243,105499.06798905985,96.90155273378707,49.13944091814666
2022-12-01,2589.6826823451893,7373,148805.19481953172,1885.6193249570138,5349,102661.18463623224,96.94253557951994,49.075301859591676
2022-12-02,2662.191734921004,8169,144614.8209214446,1840.7501851392462,6484,109646.25698302471,97.00414904632017,48.535158252071426
2022-12-05,2727.09571065937,9779,139525.6255881982,1854.3105156450438,18094,107632.45429057756,96.79335371214242,49.103072917698185
2022-12-06,2746.874290710043,18292,139680.01161187602,1902.7851792676984,19564,103572.92061538617,96.75690988691598,49.30779067064202
2022-12-07,2622.962139870947,16802,153401.00940976304,1893.769394830195,11970,102734.98253243694,96.53888888046703,49.28678681299819
2022-12-08,2623.3373081197724,13357,153932.62100920454,1912.085037384105,13256,100091.25062483366,96.54249487314681,49.175361492173565
2022-12-09,2687.328020457995,15359,152453.61162043837,1893.6731282356238,13777,98046.91279293729,96.54203157592437,49.50006707111109
2022-12-12,2609.7114858235223,13519,157619.12901690992,1944.1192473841897,10573,93977.75053884702,96.64658480340334,49.33747205104323
2022-12-13,2570.1127053789983,14591,159365.78406860877,1890.6498448695359,16601,101577.11894767622,96.76534824267546,49.681948978398026
2022-12-14,2551.196351648858,11048,162747.57634449453,1850.4537626536164,17355,104732.59150370998,96.78562574750069,49.84460756411531
2022-12-15,2608.912148159356,5629,154264.58752099655,1829.4962815712381,17069,108409.60344789908,96.735589639761,49.91801214176151
2022-12-16,2607.323204438223,17491,156262.97406722885,1815.1775388554693,5709,108893.3593620105,96.78410575101557,49.96166658336219
2022-12-19,2551.5913747020622,8186,160473.72920798493,1875.014678024978,16748,103387.21926921619,96.73131398728314,49.909176172347934
2022-12-20,2586.1134075808504,14205,156702.47424828616,1857.028544430169,18435,104805.10888438026,96.7311747221388,50.222868208410716
2022-12-21,2509.4701399220094,6794,162734.58520840813,1936.0724683502729,6630,94928.26398716724,96.82978835383489,49.96326535878016
2022-12-22,2523.2928394985634,11165,161728.285073333,1987.2010182291797,17634,91056.63051594913,96.77401121923594,49.4766878207311
2022-12-23,2530.994127089157,13453,163495.77101254993,2034.8878306385234,13660,83034.93442496641,96.85457908316019,49.661019857598845
2022-12-26,2528.988758179645,13433,165202.88454132222,1995.850977425149,12670,91108.35725758654,96.92231922002942,49.85039135601899
2022-12-27,2641.736694314367,16198,156536.23970103313,1995.0844988086383,11488,88526.03283336619,96.82684003831635,49.99446370177252
2022-12-28,2612.5729690482476,19215,158237.70649185195,1916.0248325841474,13552,93019.11682181382,96.92422945113809,50.116782212657924
2022-12-29,2592.520301155813,12223,157801.32350600563,1941.6300908379892,14590,91373.85864140566,96.99408608567524,50.02062009915666
2022-12-30,2613.117988859817,10688,156532.5051397555,1981.662079836101,5039,85663.41758927578,97.0042786744125,50.256864910472316
2023-01-02,2610.252039956815,17089,151536.23267050943,1884.6376393323194,17104,97221.3537268583,96.92804632860974,50.24319747244596
2023-01-03,2465.195912320852,8167,164567.05418255538,1853.9489759872004,10619,98113.16084326876,96.84212572675217,50.09706340420141
2023-01-04,2561.6973866958247,6134,156590.07977115945,1828.4394669281578,8412,104256.4938901189,96.78835946906187,50.003496010524785
2023-01-05,2514.1465334544546,16648,156912.84406663128,1771.9558519827813,16489,113345.33886395034,96.84261891539107,50.60968792015753
2023-01-06,2618.522847835999,7233,149670.38473433844,1722.879692925808,11812,117052.6842405374,96.74705639865093,50.0891950955439
2023-01-09,2706.458627998874,13553,141179.4374554887,1737.5977822200248,5813,119551.88460114274,96.79080762351292,50.239131526832644
2023-01-10,2653.085410680718,5946,144279.7115434021,1762.8840741677618,10468,115984.6850087079,96.66663207062508,49.73539839854553
2023-01-11,2660.958096176174,13239,140171.24222157066,1741.9558423521585,14808,118620.76863011405,96.64622521218119,49.70292839704864
2023-01-12,2719.861895891429,11103,134344.42185879668,1705.6484422914907,14409,121709.60986754895,96.65718998763859,49.572840151502376
2023-01-13,2773.815430496553,19651,130852.54228317566,1762.15611944548,9883,115829.43558471177,96.90170300214449,48.947331662498414
2023-01-16,2762.2729518681485,7975,131707.3214393444,1731.6543167362986,15313,120327.65643483547,96.76397143659244,49.06404293962854
2023-01-17,2790.106726175573,10443,130452.85752128491,1761.9636661403938,11954,116787.49654857139,96.91117289324146,48.95003152097088
2023-01-18,2800.2037318895423,18876,128461.86620690952,1765.2685820173003,5327,117266.37712422432,96.92615713464019,48.320269618202516
2023-01-19,2742.352618263257,10219,133930.82347261693,1705.4030649814758,9413,124557.84931875418,96.96727432644178,48.57214004543479
2023-01-20,2741.8678931828363,7328,131159.52386334172,1796.1021441379119,18531,115054.14262860999,96.97910911778061,49.00264189883147
2023-01-23,2714.07796368655,14492,132228.4576315165,1761.5514171768189,11597,116548.3218798402,97.02358179960014,49.44967920152044
2023-01-24,2688.683654645686,17045,128967.61373260326,1668.651889482994,16349,126492.66812926272,97.00821328916393,49.55736613371589
2023-01-25,2637.8014962759976,12430,132334.71479577842,1686.3867584049867,15162,122199.5670324285,97.15361830730967,49.57118357528902
2023-01-26,2538.7963154548097,6023,138907.77646780142,1737.796031663628,18455,116192.4078587393,97.1079711928872,49.96963056155776
2023-01-27,2545.071944390027,13687,138117.46222588752,1744.4513859761178,7803,115549.42334798427,97.22119465010513,50.474345637159786
2023-01-30,2611.7322869719187,8567,134118.51338924165,1744.6102977692676,9354,115404.46389604342,97.15675793808383,50.814416248022475
2023-01-31,2594.273360888812,11468,138215.25403544508,1746.2962998348728,8799,114106.37928536804,97.15073275344369,50.531954967353535
2023-02-01,2601.5622564686782,10121,135392.54315067836,1720.8514665413684,6926,120947.16754012184,97.04353649821468,50.59235842331801
2023-02-02,2596.368606089353,17580,135431.4363592715,1725.3457018940924,15361,118699.53318046962,97.08903887024942,50.72421326660544
2023-02-03,2493.5493858267973,18664,139553.81801396268,1781.6402167843144,11950,113447.06593697198,97.23355146594209,50.18132817593027
2023-02-06,2488.320939995368,5156,143706.0550059919,1827.2137285196698,5230,107713.79365366895,97.22581584795999,50.322136373816505
2023-02-07,2482.8436482312864,19405,146782.06068648922,1816.0375935497245,19056,112224.5586897622,97.20612727808961,51.004033921610315
2023-02-08,2384.519836276388,19454,155638.75933403044,1802.0880089696132,16015,116468.82596093572,97.0946655817828,51.196014771350555
2023-02-09,2400.514295749625,14829,156640.24577889754,1778.3291744959483,16514,120216.57025491548,97.07173631642758,51.63803869578308
2023-02-10,2359.430905725826,10647,161691.70960051153,1823.551629459814,16935,116706.77410859088,96.91245689045543,51.69291311482169
2023-02-13,2368.1618501742378,10788,159545.00301031867,1787.3808129746017,11120,119236.98466453215,96.82116909178355,51.670947617626545
2023-02-14,2342.115321500339,19056,163071.28170395832,1816.7179003650022,13097,114133.7619044856,96.84384769639446,51.78532903465084
2023-02-15,2435.92452263662,18019,157263.32940274762,1839.4982817046903,18723,113453.10273399569,96.97574901616859,51.54058104025551
2023-02-16,2438.114323255975,10505,158611.47637589337,1864.0412146108615,6505,111109.13006439169,97.25667010229155,51.251448484085195
2023-02-17,2340.1991931739017,13213,166377.58630365913,1920.0268893780365,5902,102320.90045696047,97.19801159378446,51.63133985123601
2023-02-20,2303.122657627821,7875,168605.07375779442,1915.1287533565408,18570,102890.46990499624,97.341541609449,52.04304255409596
2023-02-21,2345.139024937883,6312,169515.17067043312,1970.2724173097495,5558,94917.33475145107,97.36591685748917,51.74571065941976
2023-02-22,2271.837801088904,7686,176112.86403688308,1948.3834839929777,17894,94737.87651173041,97.35079209281453,52.036110300785914
2023-02-23,2308.107736442413,10312,173751.00734758662,1925.5114363212017,6285,97436.05186610715,97.39405153798714,52.01002230810411
2023-02-24,2273.5069844909635,16075,173706.71206724425,1942.0120031420788,12384,96286.69643729061,97.40024318635514,52.11196488045124
2023-02-27,2212.967701875966,7006,180160.9114403963,2002.1062147526818,12617,89913.0110151419,97.41128275891636,52.25003047228176
2023-02-28,2197.338487893579,16726,181765.73277620022,1999.056582328958,18689,89733.13344522867,97.3704494426337,52.54833561271906
2023-03-01,2266.101818679017,17082,173465.7174730275,1982.097544168148,17578,89845.48726242335,97.23063847665381,52.57315107327801
2023-03-02,2282.9315991656404,5257,174324.74939380723,1985.156956289936,8371,89638.04403593669,97.0762759564016,52.996199671868595
2023-03-03,2228.104010680521,8381,178879.377510351,1930.640231950499,9633,95383.98224299896,97.14160044472973,53.08902352379657
2023-03-06,2230.3297210188234,17397,179687.19189593676,1977.3150895046235,11578,90051.80652222758,97.11393043572116,53.27627880553743
2023-03-07,2236.997372611644,10173,179713.58864010047,1964.7890119338426,5940,96526.55977010951,97.05432154575554,53.02630002807626
2023-03-08,2270.722929852159,19640,175002.80457525994,1889.5108369409265,12654,104053.66991925177,97.05517210842785,53.67389773128771
2023-03-09,2305.627135687996,14673,172257.2871272553,1858.1291189172773,12039,107970.67624605236,97.13466533371941,53.814845208249196
2023-03-10,2152.069458792891,16554,188123.36115865657,1874.8868862360732,13022,104940.86059223935,97.15270172802205,54.02874443585273
2023-03-13,2146.6053517172813,13403,186038.5547187704,1804.0066380079381,7679,112505.01092046016,97.08709623435796,53.54628869248926
2023-03-14,2117.744370734252,9377,186293.56717626037,1872.8584008412583,12802,105258.06005785699,97.20972552992285,53.29947808556553
2023-03-15,2116.2479893817563,16579,184248.54768700662,1957.9850705421443,13359,97651.60836923316,97.36764408022101,53.67084319194115
2023-03-16,2107.7609521696204,12066,186188.94432929956,1915.6814898170294,14228,96380.0285719101,97.4170997457533,53.75691052742893
2023-03-17,2110.5412242746916,16293,184638.37784972452,1988.5848343809507,5881,91319.22623315884,97.51446609688772,53.182776606980255
2023-03-20,2055.769107407514,16704,190070.17774096623,2005.8815433435439,10653,91161.28773638056,97.63866209656909,53.4942635856754
2023-03-21,2079.1151607964953,18922,189681.81536157502,1976.0473377136495,5040,95131.28968649532,97.75167202820954,53.331128744369586
2023-03-22,2098.4001263389277,14280,185177.72604266007,1937.6858428300459,9370,97421.81861581579,97.8130819459208,53.7545238401326
2023-03-23,2107.8064822114056,12965,186874.94600202868,1936.3903420562292,19338,94458.7299625599,97.8729166506283,53.72817313655149
2023-03-24,2055.0517366208232,16196,191568.25505514874,1910.0479410692103,14094,95395.90557292239,97.92488270796295,53.78958514235765
2023-03-27,2011.2246244699757,10701,195065.66340762706,2082.0877342284493,9604,79221.3512456719,97.81514894050824,54.14327151593514
2023-03-28,2035.478970220227,5231,195260.4064209501,2169.072118122918,18061,72796.19965695601,97.8852212561942,53.87402362467874
2023-03-29,2020.1170298388647,5814,197229.46696969506,2081.9838898654684,8800,81513.96454840749,97.74963985908154,53.57616958232856
2023-03-30,2108.1921623545177,5809,185404.5919502641,2047.4950700720883,17352,86876.26031571113,97.67017991356904,53.517220056209126
2023-03-31,2092.938529159707,7013,186376.8878523526,2165.324697465689,17424,74078.87208889426,97.80053642034984,53.765371896095495
2023-04-03,2111.881562494586,18357,182657.56315046785,2070.052793420287,8617,81391.3998652115,97.88455843661927,53.366108720311445
2023-04-04,2092.3851491601285,8066,184706.3195852113,2055.139739343207,19487,85960.46590107487,98.03329826558785,52.86569834034472
2023-04-05,2087.1836543871377,12837,183913.4132345496,2113.65326128033,13587,83059.01028286574,98.00613082721912,53.112814618457854
2023-04-06,2045.5682150845819,6547,186880.91286408412,2175.559697745061,19961,79374.93213564009,97.89090594309144,52.931921124687754
2023-04-07,2062.5247640312364,10417,186769.05009243314,2273.7136690899692,13785,73201.72278556407,97.86686222338442,52.81425332081167
2023-04-10,1988.6676884516667,5033,190173.44774164312,2275.9573515918764,18534,73654.76477046713,97.87706535310846,52.25721020022962
2023-04-11,1998.9815381576343,5684,189293.5391829279,2301.849037023395,14099,67523.47979659535,97.88496422474248,52.05351640592403
2023-04-12,1964.4634735167263,11461,191883.7129361228,2351.0420586875803,11874,63508.228708323695,97.99833227261814,52.05124621693468
2023-04-13,2006.4416491598972,17310,187834.68293636836,2393.7515494522922,13776,62897.38603574032,97.96220523011779,52.330359574221546
2023-04-14,1960.7346106284201,6738,187266.52548032822,2315.814036803789,12768,69748.68580182295,97.99740867729808,52.09899052435115
2023-04-17,2022.4594457255478,16477,178685.87129258882,2397.702590135488,9896,64835.37625668382,97.89854596235463,52.5962033604209
2023-04-18,2059.2758438170745,9822,173939.75348967675,2344.090465830409,19936,71358.4477612313,97.943577690159,52.39083655316696
2023-04-19,2125.0909648442525,5332,170610.2113696349,2264.3880198973084,14074,77117.5452137494,97.94388854517757,52.18590901269141
2023-04-20,2083.422937914849,9601,171810.45032006508,2393.80306272382,17759,67414.83313728654,97.86890721134912,52.647116278260754
2023-04-21,2142.8949230928342,13885,163631.81014718543,2335.037700290411,15416,73295.50974115061,97.84532427513163,52.71055432396993
2023-04-24,2227.314028243834,11204,155230.26166342446,2362.2923934242945,14893,68823.54560696498,97.82690670048011,52.54494690526646
2023-04-25,2307.6479067342802,5256,148596.57343994282,2377.258081168771,10653,70469.14851627867,97.79989118754641,52.49840696591228
2023-04-26,2349.4290949371084,13077,143760.22709631332,2356.5900501905085,15183,70845.61582339468,97.97702531177318,52.9043290391749
2023-04-27,2352.0258612132743,9018,143770.20882722715,2358.328994813531,13101,72387.17068980592,97.96718071154238,53.344189885062605
2023-04-28,2331.2262691405394,9840,142326.50745402632,2355.5269272641985,5350,74378.07418616758,97.94279110052464,53.099151931281526
2023-05-01,2337.5780038978423,7742,145233.93625839186,2343.9572614882463,15475,74574.3145889169,97.73304600476364,53.086421788257795
2023-05-02,2398.3990720991933,8450,139397.1950679897,2359.6038908907653,8418,72130.33670462132,97.64362526956569,53.11346883655807
2023-05-03,2384.958315056936,14349,140876.62024564826,2386.8959339549815,11287,71445.85758905408,97.61731792712006,52.81759680340309
2023-05-04,2343.975783263378,14935,149806.23947773362,2362.076096649222,13006,74754.59978041024,97.54873265950239,52.80089128760809
2023-05-05,2377.0330778717316,12913,145860.15148248844,2373.9552674599736,11273,76889.12076618713,97.68690341884017,52.802488145743595
2023-05-08,2453.093136170058,6651,137017.704058861,2363.5817349040854,10145,78822.49404583787,97.67040964130055,53.144550989424616
2023-05-09,2519.578916651294,17816,129746.04516389847,2378.6755657785734,15188,79259.53143283,97.79925406623238,53.50677849791798
2023-05-10,2537.0032873945283,10176,131905.15360490387,2339.6740200518893,5207,83574.97113719117,97.8054245296374,53.40801567841028
2023-05-11,2460.03489244463,19371,137772.88439217172,2367.307540632058,8357,83735.87175709363,97.80914731327957,53.34382973525204
2023-05-12,2540.330304693391,7319,129799.2001796967,2373.489612601948,9185,81876.97845801739,97.80026766850831,53.54311742586873
2023-05-15,2640.311433172761,12727,122055.55483044598,2380.12641635314,12139,78242.07279495827,97.80064729367047,53.36756089119062
2023-05-16,2644.2093375266595,5382,121942.14019253718,2419.8325559363784,12606,76590.24976979803,97.97252679397545,53.54415293671184
2023-05-17,2674.8571725538823,11476,121917.111379775,2429.836474048929,17070,76080.25041369336,97.74056572130033,53.51778099050108
2023-05-18,2752.8658364012617,17343,117805.74743211806,2463.934930609465,10904,72732.83702783297,97.54041114685646,53.226961417179496
2023-05-19,2841.937795187932,7811,112410.92214696572,2503.140688499473,7495,73628.92563185949,97.48609406375084,52.939910403315594
2023-05-22,2813.4261199121734,16256,115759.38380509238,2523.3270585386695,13923,69944.21719842062,97.4875468519446,53.374028012124924
2023-05-23,2722.3602467838045,17228,120963.85164351312,2521.479543631865,13886,70306.81862316217,97.55655729442101,53.327101568381934
2023-05-24,2887.2450852857423,17863,106622.8297895154,2502.0273444518207,8356,74430.76247866503,97.60386601422375,53.81920779655143
2023-05-25,2741.7627389671843,15951,117946.90559256445,2540.8826061416353,14554,71667.31101281117,97.56544142293569,53.66511691833696
2023-05-26,2828.9399374996865,14673,112962.26423980514,2562.1628890812053,19288,69913.69478066512,97.66734579225987,53.75247847867641
2023-05-29,2875.3081233030393,5226,110398.7335283574,2541.2765155379166,12149,72952.55503797512,97.77036533257514,54.47028149558188
2023-05-30,3009.4125368839454,17460,102043.96719486424,2526.5916539979285,6286,74111.98252160769,97.7887711157023,54.153065472182895
2023-05-31,3031.7864394046433,15202,102303.53976520183,2519.251861779702,7612,72036.98635935449,97.88503687295099,53.583721122212964
2023-06-01,2917.761379394706,11473,108024.34492001712,2518.7292811348966,15606,70210.74275905624,97.9123013992942,53.96969816159913
2023-06-02,2919.856715350515,9014,107625.08758694534,2509.272913269907,5404,73083.63505037528,97.85615309661591,53.72165542998121
2023-06-05,2905.215502607543,12284,107322.62253388933,2498.1924329780654,8626,76033.10908562569,97.92593478051592,53.715443520749346
2023-06-06,2964.623706125304,10732,99943.1656350081,2503.566103481648,15283,73973.75554447828,97.93699609277378,53.539668057613866
2023-06-07,2951.1675446802433,12268,102419.96080641821,2485.9144784059476,19025,76642.67007136275,97.93713007744923,53.620116891900466
2023-06-08,2909.39792445126,15349,105274.66775588035,2486.3803731294242,7950,78580.9228823416,98.08442543466819,53.33495602974474
2023-06-09,3004.250339260578,6067,100020.34763902951,2487.0198848645973,9642,80547.67330049051,97.83933822181417,53.28097400337975
2023-06-12,3041.266582367895,17017,99322.57364315579,2501.312536845311,5637,82940.78033431934,97.69756980479822,53.415918601346704
2023-06-13,3172.7026493032376,17777,89381.69721651876,2506.6604454441604,13589,85106.66018008832,97.57886276216078,53.11342593546443
2023-06-14,3225.851449892901,8052,89655.68738740378,2516.455779881681,15046,84830.978699645,97.5425366974039,52.90340072657066
2023-06-15,3224.655235226855,17795,90943.32695743105,2497.1254868552114,17765,86519.48955768997,97.5170758804273,52.799185876491094
2023-06-16,3274.9629513196815,8431,90435.2933543742,2489.0612053317977,16024,89132.97438489264,97.36634331565,52.37054124622321
2023-06-19,3255.3923292258855,19768,95617.36995695319,2502.0112962288104,19016,86418.49030244452,97.2678275124189,52.24377295138359
2023-06-20,3255.616550677336,15395,95197.77448926737,2497.3580500357316,7323,84186.02792027523,97.18174334456656,52.279411913354465
2023-06-21,3151.941570300705,17838,100885.47971820574,2490.326685698715,14146,86995.32244243492,97.42748575377415,52.15954723087793
2023-06-22,3150.3506290971695,10197,101839.29654956907,2506.6313245197466,11049,88543.23350681156,97.60765994854886,52.07813428299842
2023-06-23,3206.6979578441374,18986,100966.53873095072,2501.2661611446947,13128,90769.87612009986,97.5664850067804,52.072163781726445
2023-06-26,3249.9637185603005,18822,101044.72198439931,2488.5376992581682,6494,92992.5279378487,97.5301266777497,51.875440742996744
2023-06-27,3284.8841607952854,19662,95447.76571781022,2510.7892028083925,13890,88640.64277138942,97.41520627803088,52.08275951275681
2023-06-28,3260.6464150846555,16973,100342.95362463118,2528.0210829100342,9055,85076.15292242978,97.22439323670835,52.513552950197344
2023-06-29,3275.2288651561676,10963,99055.2259769407,2517.6581928355754,9913,85311.8627440918,97.2127052180675,52.37423883253871
2023-06-30,3272.503359175362,12439,100713.34389007212,2558.8688997969193,18197,85965.9419472215,97.1129200197431,52.51979830198202
2023-07-03,3267.9714714066617,6072,98835.75820728594,2594.3210167946318,12830,83256.28832984105,97.1044349665769,52.44791315535163
2023-07-04,3269.282223616356,7438,97502.80789478573,2620.5071498767816,6175,82245.30250342125,96.94441438167256,52.55755935886318
2023-07-05,3326.3558441759224,13401,95268.92137851332,2631.739578448446,5645,80496.20133469664,96.86821693584153,53.02729321822416
2023-07-06,3324.6544902328014,5276,92349.8798891455,2658.2550872436336,10763,81817.06637367595,96.88307964537181,53.17989108112958
2023-07-07,3334.3616864554483,16644,93958.2279561101,2623.307108997325,17373,81410.52166288889,96.9197006051502,52.647866719486686
2023-07-10,3307.254215348847,18062,95067.12511624351,2648.4453867520356,13669,83440.53705516442,96.9614478010244,52.78406540892077
2023-07-11,3245.192227480878,19374,99923.22274151524,2638.1444039911084,16594,84906.17012324894,96.8293989026087,53.153924531913475
2023-07-12,3257.1795503065705,5123,99981.62594253753,2642.6892635746635,5558,79996.2236129393,96.91486747562226,53.087445680914044
2023-07-13,3275.556301542154,9016,98245.22016031393,2656.6692664837506,15997,79816.45498444997,96.83484630596207,53.38613612274939
2023-07-14,3259.3795856240113,10631,102377.33048875887,2644.99749155817,15415,82562.22949524797,96.8981320974228,53.179101460403814
2023-07-17,3216.1987783173035,10052,110185.82020277936,2641.0224490239125,17464,84694.30772646095,96.89706822976099,52.733439712547124
2023-07-18,3218.6682315021953,17757,111691.91101322761,2631.2823684566624,17044,87032.24424479113,96.7594294798532,52.77579041819692
2023-07-19,3230.439977996105,19397,107912.20088913047,2598.2594607785095,9969,89595.32464791043,96.72780970939507,52.24884740197302
2023-07-20,3246.2773816806457,6383,107596.37956553487,2604.0823543986658,15410,89212.32141935515,96.76434608360145,52.176916098104954
2023-07-21,3255.6707394593795,17117,106990.22073414999,2610.866856425073,16860,89547.34980405148,96.82564262164891,52.5629687768986
2023-07-24,3248.2494175576794,14053,109697.06312954672,2613.414586930292,13313,88777.18498471363,96.81154383190446,51.99003990517471
2023-07-25,3249.557813218815,7578,110142.280959738,2600.19087839054,11531,93829.3645278026,96.96472172096458,51.606190866400546
2023-07-26,3266.156822823391,13132,113805.72398278667,2641.228130438614,11282,88906.3860856205,97.06547279806323,51.296581192852074
2023-07-27,3302.610874402191,19530,113321.79209237684,2631.012677484532,5199,90592.88229016152,97.03980738642325,51.27758523493878
2023-07-28,3288.9976353407656,15482,115709.78870526694,2614.1145732236737,10879,91927.33988093547,97.11481956763694,51.16787019924492
2023-07-31,3293.055851089227,5460,115119.90912157252,2593.713616872857,8916,91212.55376249655,97.30819891615576,51.58761111375375
2023-08-01,3265.4428593466782,8849,115366.91740601607,2595.2558329679723,12582,94515.39777055403,97.50424737623406,51.873915612481255
2023-08-02,3252.814852848868,5120,116316.9679442106,2579.2401359634573,18179,96856.34578538027,97.38144738815181,52.02249749630184
2023-08-03,3251.672577750774,15122,117129.98969323056,2564.354749351232,18497,97208.37345663374,97.2887940770361,52.066186590605
2023-08-04,3255.560611388475,7818,118177.99469922346,2574.9246952353515,7251,95223.59586580763,97.43728595570948,52.184155523700454
2023-08-07,3241.7464474691237,14041,119747.24429521478,2568.8117567786053,6242,95739.92788232875,97.33145785062572,51.92556081710644
2023-08-08,3223.037582923378,7891,120644.20467298472,2569.5543776450518,10327,99367.55021921238,97.19920373729656,52.18272392317342
2023-08-09,3283.6636281045276,7602,117274.74231912085,2598.4069055403024,10935,98089.41465740211,97.15058432422666,51.84911064686566
2023-08-10,3271.6774214569514,9381,117406.80757367174,2623.3520235755313,18475,94901.39830724987,97.19260699517412,52.09972374503633
2023-08-11,3280.901179919223,14560,115189.66714941584,2627.4843568008123,14381,95435.68184007032,97.182367324513,52.455566495671974
2023-08-14,3281.336271066063,14045,113776.24353368537,2622.8780963642007,9547,94968.50688093857,97.11731096247244,52.51882587629841
2023-08-15,3238.4625722363535,7228,117737.50253800047,2575.6998365792965,19979,100194.42993984482,97.04988971629999,52.46596195860981
2023-08-16,3236.6913672643323,18801,119620.70286649423,2607.3404274127765,13558,99148.97067357326,96.97865600985872,52.58605493110271
2023-08-17,3256.7556468181638,19477,118251.44635227605,2627.013805009331,19765,99680.90206104504,96.89070504699282,51.72759942007251
2023-08-18,3259.9690076660117,11370,118098.3888841499,2652.1481611050312,13176,98963.19728796145,97.11886833472043,51.81827688561815
2023-08-21,3285.9760280043683,14400,117914.41236062736,2652.5750841216873,8174,99708.97267829701,97.14861944183899,51.78427068626621
2023-08-22,3277.4980565163582,8178,118478.52021917056,2643.4514586351056,16636,98409.38897002478,97.23729534727946,51.76908225234911
2023-08-23,3291.910243700493,13446,124197.86523479744,2644.4877865155877,8645,99389.13895289844,97.18838760046756,51.98104200621846
2023-08-24,3272.0917191188955,11797,125917.08375003542,2627.6229318645796,10012,103443.92081315513,97.16979193274896,51.95861132974904
2023-08-25,3234.529450742993,14964,127414.99537301011,2617.4617539644705,8560,101901.38954173843,97.09843653461193,51.616549272753694
2023-08-28,3211.08356938985,7206,125468.96380474514,2644.6902582700486,11383,102203.33414072132,96.83326570112001,51.574128471506086
2023-08-29,3204.6936505014964,6462,126532.58966829354,2703.1736482399047,9860,97139.68828945645,96.69546477343522,51.594395116730325
2023-08-30,3208.3856232754188,18144,128586.87632231954,2713.0828212756423,19198,95761.38335671661,96.51440290543718,51.62887529020463
2023-08-31,3207.609319959395,19747,128736.74025418847,2736.577992530549,8196,93439.82178710782,96.28942452764203,51.67745110039016
2023-09-01,3170.098205209216,9976,133770.60723188907,2749.721750430095,15749,94528.05448768593,96.16988863021221,51.989261813865724
2023-09-04,3202.7271146627463,8894,130688.28395597212,2767.898860154165,6871,93922.32832682254,96.30238419815038,51.66345144795548
2023-09-05,3165.4691647073287,13646,133005.8211094813,2751.2763891555855,9529,96143.29673006634,96.29794058137993,51.71616158480494
2023-09-06,3148.0110769041758,5470,133908.05227269017,2778.746181919421,9205,92792.605271408,96.42699695761206,52.1031404943904
2023-09-07,3159.34973203863,18754,131845.94712337488,2779.3606359111905,18740,96536.5042704193,96.46809521530214,51.58275704530925
2023-09-08,3175.3605559773273,17940,128048.6556276742,2820.7166867989718,9648,92300.401462076,96.54635109787365,51.63665104954326
2023-09-11,3175.0775520056263,12513,126380.41079578309,2839.2178660444615,17559,94249.42202866489,96.4562613983432,51.461037498951356
2023-09-12,3177.936727690162,5925,122632.91017148463,2807.9058232069083,9303,99580.67617354039,96.50865649376247,51.349824383609416
2023-09-13,3162.2488235741885,12027,125412.06304503085,2819.30459471748,13409,100811.6669809624,96.58152791716991,51.07838213264509
2023-09-14,3185.2617881865744,16133,123859.59189655237,2796.3335186804547,15791,100564.56982213818,96.52386318794653,51.02751691793496
2023-09-15,3195.1350881992935,14282,123293.63200496526,2789.57229925433,14755,101761.97207831418,96.57981722500816,51.57989360226303
2023-09-18,3193.271698468466,10797,122528.72111000889,2797.0672874230104,8402,100327.0062488588,96.63643600086563,51.200564493909866
2023-09-19,3207.7586159760367,18036,123799.57983662056,2762.0396182207996,12851,106518.77237004139,96.58148073875263,50.849681493166216
2023-09-20,3217.026866478905,5584,121791.16999691998,2800.748507922842,6203,104807.952028857,96.46920389552552,50.45910112211717
2023-09-21,3190.10912105076,6518,127116.14915826176,2814.1721315084487,16836,105282.2493912621,96.3507910623357,50.9773266081056
2023-09-22,3171.174429244277,14759,130702.08154998758,2758.1503970456915,15787,110281.06842419328,96.35944161652785,50.838624696449216
2023-09-25,3136.2207938968672,15221,131701.29261814876,2794.3813465924204,16764,108706.7931569557,96.39214260340678,50.83093297834491
2023-09-26,3160.159926023667,9645,129956.54535588928,2770.44946161688,19200,113026.11522907985,96.31289002036098,50.71009809601304
2023-09-27,3157.3533936416043,10069,131592.86757533392,2793.283121347348,9752,116119.66251842107,96.3155485544936,50.426771232492115
2023-09-28,3124.127188161745,8280,136384.46206931947,2681.3034764997983,19432,126140.52891364091,96.37260225810745,50.356226038507785
2023-09-29,3167.333482140194,7275,132170.113518068,2742.0946526343487,13227,124465.30379947396,96.43442132957398,51.09369912022875
2023-10-02,3226.1110896889013,15760,127638.92937510164,2712.3082394621406,13667,128400.88138377634,96.58960934158623,51.51132039652103
2023-10-03,3131.379493788418,18451,138745.27723629095,2794.9638738794065,15874,123547.73687498395,96.71730742480602,51.255439051183345
2023-10-04,2980.753131972376,17467,150317.42097738458,2733.6191914915007,13017,126074.4243082806,96.61717828153037,51.44971128210186
2023-10-05,3025.4585147710354,18842,149107.64066499987,2782.2328380831896,18084,122158.87947123864,96.78553690248418,51.20025445030194
2023-10-06,3151.3328976760645,11198,144662.80223449474,2799.8127689882117,18172,120152.4306311964,96.7324392520286,50.66734415864808
2023-10-09,3150.612462740505,7078,145653.61316372664,2889.6786568365037,15439,115380.83128126795,96.83692653327405,50.97319743394746
2023-10-10,3124.79655012381,10271,146423.36844045584,3003.3428694138784,19190,102242.38021625343,96.84372519587916,51.32122528794053
2023-10-11,3153.904635281282,12181,141138.278281963,3015.3308957176546,17425,97792.67793210986,96.80251025803346,51.635040963254895
2023-10-12,3042.336499026224,13522,150025.42663556396,3071.4483067784686,19067,93792.7953844438,96.62174057205597,51.49408138848902
2023-10-13,2970.2952656395873,19922,152494.3601767835,3073.1344776062137,19135,95227.89013760595,96.60458412103434,51.44404866828843
2023-10-16,2909.4729046923403,12822,157906.31227093394,3076.691149620206,16079,95036.0797959051,96.44864579750377,51.66897833438587
2023-10-17,2810.2245724847585,15609,160700.01498021898,3161.354575174891,8288,90096.1514976652,96.54537572108805,51.7864271455903
2023-10-18,2881.906748991491,18224,154542.78381723457,3110.547635238267,10855,95540.51605842098,96.69705498680197,51.668335904201186
2023-10-19,2817.1102328949014,11077,158958.20642595217,3105.7346092828984,11366,99438.38877877558,96.6173638878723,51.182614358165736
2023-10-20,2834.4257534498856,9885,155136.27044449936,3000.396829432983,15440,110262.30272091538,96.64756096212423,51.21677691640834
2023-10-23,2702.4881146873804,7575,163300.96062080897,2972.723960938824,9499,113890.24433409898,96.57502180992343,51.54047980817917
2023-10-24,2796.280301839863,12674,154563.19240794054,2929.3243725072143,13512,119568.89862553975,96.51217333690975,51.18120332146893
2023-10-25,2740.286261842271,19788,158782.04788796802,2770.1113693683815,6894,130283.62303686012,96.5896228072963,51.37283113597172
2023-10-26,2782.7358274890726,14920,153077.93193010593,2828.3755397863356,17586,124814.72269077275,96.58576898111195,51.47229364451183
2023-10-27,2652.300268609661,14145,161897.66680770653,2817.7085767867557,5350,127320.42756863205,96.75973378530504,51.69733812348153
2023-10-30,2732.4969686197123,9416,158479.64263118053,2780.4640002543842,16184,133586.1588258688,96.71151053743476,51.95893077339723
2023-10-31,2754.977083951462,10819,159551.11578492887,2870.0098173803553,18031,128702.26971788816,96.81144417068221,51.75059120081963
2023-11-01,2818.6720357354757,16103,158612.4147376799,2893.202526670578,9218,123874.99042081302,96.82118551197799,51.26550338077014
2023-11-02,2774.8149073692953,8750,162468.5896833753,2919.1135772061116,5784,124780.81952057757,96.9007633129524,51.10544752306528
2023-11-03,2729.432609818611,12358,164800.7061072558,2802.310019836493,5490,137155.97940803028,96.85604754721942,51.37218571832338
2023-11-06,2709.9847639259465,19107,166735.0501819104,2750.404088658558,14183,142810.68778838078,96.85109166346426,51.20958454726559
2023-11-07,2779.1962934413555,12751,162880.52697901227,2687.298598165037,8478,147331.12397062808,96.83954177553436,51.001371550108296
2023-11-08,2768.3486191541933,14782,164092.1770533944,2691.150830338739,10175,145792.2424204836,96.75593606404978,50.45496644753091
2023-11-09,2761.250240258725,14077,167364.58792103952,2662.9560764745092,7602,146118.57334895773,96.82214421750795,50.98076071389619
2023-11-10,2867.96270033082,5128,158146.52275169472,2713.8878410719562,11311,145624.76882113726,96.8871691180658,51.228474806323774
2023-11-13,2797.1745555665507,15680,162587.2490963846,2626.4292947920085,14303,151969.28396944204,96.94652458755635,51.45944360070621
2023-11-14,2790.1075701374616,14545,159927.1205876449,2651.7710295743013,11298,149965.12825271496,97.10022115294812,51.749761216740055
2023-11-15,2807.5069680764495,19005,157738.71240496953,2535.461490770575,17018,158801.0724340734,97.24515563307175,51.92277372520307
2023-11-16,2750.2165571012115,16588,164222.52871307413,2521.7848480005596,5918,159942.62775965247,97.20766116408683,51.84947506864921
2023-11-17,2719.0467095769113,19288,166451.94629303337,2559.505676183456,7565,157993.44302616682,97.24496639593025,51.80034583741255
2023-11-20,2814.5911009627675,12527,160755.7388359005,2572.176671654248,5857,156569.36774422496,97.18260632700444,51.67207652803492
2023-11-21,2824.0055490446703,8810,160834.46623908615,2572.569610559824,9462,157571.77551685923,97.18494185861589,52.462498754359416
2023-11-22,2784.790539288816,6908,165432.0002825002,2715.6861426981386,11323,145745.62125835137,97.124966913704,52.62927236374925
2023-11-23,2770.960489435441,15067,164600.2180946742,2718.453690184611,16989,144502.36214933445,97.2869739446176,52.49013223134382
2023-11-24,2835.8791166093365,10599,160838.36405531375,2783.5785098531155,15460,136738.21962381748,97.3233437596519,52.6297812635937
2023-11-27,2844.5381167523014,13512,161478.713176288,2831.583693488884,19063,134087.11225252252,97.30154084684146,52.326520588236804
2023-11-28,2884.9404428922267,12190,160838.29116295552,2826.1440299380415,11966,137606.99277276438,97.4209027040271,52.77787260381358
2023-11-29,2917.7240698072974,10993,161246.07015100998,2932.3252540524686,14969,131853.0098565263,97.20384116304756,52.57955187507143
2023-11-30,2971.667235805148,13110,156442.00955247838,3011.01811646804,7116,129251.52304919399,97.00243090356102,52.729877504858166
2023-12-01,3050.10746370101,13062,148235.48363271437,2899.283984288939,8980,136567.20254913863,97.082014769083,53.04967079378111
2023-12-04,3066.588493426623,6481,145888.50007895523,2924.488851072602,10749,133894.9956372762,97.08806161389474,53.16510135704261
2023-12-05,3120.5440642059066,10947,145057.84444349157,2906.9161878146965,19456,134170.29557457415,97.11310624392081,53.1934423545885
2023-12-06,3265.5880818790392,10111,133824.78478939904,2781.8044775002386,6983,141174.8586242734,96.98046663358896,53.19668298004531
2023-12-07,3219.8200720243944,12701,134036.82819915406,2761.971494595532,7563,144687.0301970517,96.97814326250392,53.17975065097917
2023-12-08,3161.5799338365237,12202,135192.0586109318,2791.0937828377796,11484,145505.49002709013,97.17849420354406,53.00674110430092
2023-12-11,3261.433337661312,18112,126422.77463111578,2826.5123810006785,6741,142053.2688960316,97.26091416552364,52.87189607537001
2023-12-12,3239.9813565383383,8494,129415.43735391158,2867.0667139336256,16167,140530.55109738203,97.27788482003793,53.31577318746529
2023-12-13,3159.5364887172022,11854,133052.11123772233,2933.083469263178,5918,133677.19104157423,97.23397942902743,53.28321219765974
2023-12-14,3176.2041474759244,5791,130917.44144113711,2832.8727062843027,7257,141699.77416658387,97.19452214384049,53.047473316844915
2023-12-15,3194.382343341794,17632,132249.65423825211,2875.0223685415394,16839,140756.12356786118,96.9816023549205,52.89258403778646
2023-12-18,3169.4738535630077,6237,135858.49360711372,2851.4291499803694,8657,141260.7563031483,97.0073663970126,53.22269524199562
2023-12-19,3024.0593706373347,5267,146938.70545830423,2760.674791923749,10596,150548.93647998635,97.0919147078608,53.42537723194497
2023-12-20,3018.356780471502,12638,145815.7635851019,2799.7578435655646,6270,147245.43450782253,96.93435277514374,53.59347598541465
2023-12-21,3085.867981230845,12511,137977.25125569216,2800.3761740798354,12182,148137.33467419268,96.86821108591305,53.51621962574171
2023-12-22,3017.8851193229752,5233,143207.61884583035,2796.827896044736,19476,152050.42584601624,96.7524646226897,53.688228366793595
2023-12-25,3066.812289561211,12179,143543.88424802385,2794.9986224619647,7571,149497.37730984594,96.65592950320882,53.4951600293084
2023-12-26,3183.5492896118826,6967,135283.32040479963,2788.6104009908613,5858,151273.32122727548,96.66127766589102,53.417275819904674
2023-12-27,3269.2610654825353,14172,129502.15095051975,2874.759530267818,15689,144949.69885297355,96.45283745039217,53.708217166122196
2023-12-28,3323.276369421086,9453,119906.29710057331,2835.4515162361045,9523,151023.6530929431,96.51426449422787,53.97050046979791
2023-12-29,3389.0944241845377,10711,119711.001534118,2851.618338419351,16492,150176.41984592337,96.58965000122124,53.67592751601267
2024-01-01,3325.24029640285,10729,123383.6780291672,2777.9181035209617,13611,155371.49787665874,96.56453974241755,53.419269580140096
2024-01-02,3477.9156009050384,5435,110984.76079796048,2835.686993241525,19668,152495.26074135862,96.3164688914191,53.45188022598413
2024-01-03,3545.004121229829,11575,107398.62647329485,2936.809747026975,16571,149159.0168962963,96.21682702881887,53.969719938384976
2024-01-04,3604.4765653291,5602,103278.28213774748,2766.6594290967278,16264,159948.52815881278,96.34011722222914,53.39505038904428
2024-01-05,3610.491718730256,11150,104667.62900826088,2843.0156775304154,11126,152821.1429294343,96.06231779415627,53.478550270915434
2024-01-08,3701.0346348916087,14617,104411.902518236,2828.7568291091666,14547,152602.9551080511,96.02756545293693,53.06573727144348
2024-01-09,3759.8883073453003,6074,100077.03615322527,2893.4754628605033,8015,150217.3321253706,95.9095653750902,52.87543797338582
2024-01-10,3769.6818975901315,17220,100366.4842152823,2976.5947025584537,6463,141265.51666863984,95.99002240524868,52.76610944796655
2024-01-11,3708.491770209436,18545,103339.74520505093,3009.0832490342727,7278,137204.16233645647,95.92251101003434,52.63995694493548
2024-01-12,3845.0367558883945,18430,95113.6786483676,2729.8302159705795,12327,154918.98788617196,95.9629064121079,52.47981816303772
2024-01-15,3806.780819210059,17763,98572.81312709495,2600.868821822669,11000,162789.2299775816,96.0194524540248,52.481980281150626
2024-01-16,3863.2164020020978,13867,99217.00566063344,2631.210279052229,18859,160230.20157162103,96.2030750379978,52.32140361116146
2024-01-17,3888.941257857237,10996,99273.02155301643,2670.2094519572847,7726,155990.5574166173,96.18278084363027,51.88266639570521
2024-01-18,3872.813523143078,12346,99756.40372261422,2713.7193191866068,5657,148927.97751431627,96.22038528059254,52.11662727946204
2024-01-19,4093.290809989015,18388,89909.80417051705,2602.1825464430135,17985,161861.47317718182,96.07187973267979,52.3424889296067
2024-01-22,4001.548712726803,17227,95466.58725341532,2520.185143902029,11794,170307.90293190218,96.19092108900917,52.5954412226135
2024-01-23,4123.337370708386,18086,91555.13634052844,2545.314837150399,16419,167976.64799926302,96.11487020420202,52.13322087373428
2024-01-24,4139.361366939219,13252,90259.1573791554,2537.060197045211,8049,167549.4289001213,96.05879478779325,52.22289631950953
2024-01-25,4089.278217112057,18228,93552.053680524,2600.546947850484,10248,161201.3162770859,96.05657000830833,52.425689976251604
2024-01-26,4035.4693880952304,19134,100043.04372361471,2606.479825055517,13949,157187.35959515892,95.90028157377435,52.11632935571973
2024-01-29,3877.653742218696,8763,108402.14842330605,2638.77506017349,10249,152611.78721082807,95.92315857666723,52.11908133017437
2024-01-30,3768.9582729695126,8232,116378.52657770723,2665.243711232252,8551,151137.59199261104,96.01990520395974,52.08420133658126
2024-01-31,3623.635718708023,12602,124405.46255011644,2596.6151494878222,9627,157006.84796229,96.04919858630947,52.636846534151736
2024-02-01,3691.498752715744,5728,121057.2007448037,2614.71697570181,19786,158530.14763733398,95.8903088298916,53.214195345255504
2024-02-02,3706.918741898946,19560,119026.10489587704,2592.4496091347537,9130,160321.14346108295,95.87792790045863,52.71488842725645
2024-02-05,3723.0900128962094,9875,124162.86371783832,2589.491965547252,15465,159404.9109917201,95.95213079075658,53.46306652897485
2024-02-06,3730.6754152856006,12822,126409.81011205116,2607.714815877022,11248,159919.55267611152,95.76433191416,53.18849881262885
2024-02-07,3796.6804983940156,17235,125468.53155722776,2618.007555858237,14487,160398.34211382124,95.65685531277822,53.48270080092708
2024-02-08,3787.4376558998683,17453,128516.15710874338,2544.188172095858,16979,163586.10388418916,95.74450967318637,53.77385019518619
2024-02-09,3752.949682097716,12474,128512.36174021882,2627.658817526917,12044,155666.23615678743,95.7715192166061,53.47514312713365
2024-02-12,3797.5837254974294,13104,124831.85238730005,2585.046024531218,18635,160785.28173471722,95.81271637481878,53.623123465285374
2024-02-13,3820.400808904627,6408,123519.22732160467,2524.58374299166,14295,164025.1466456643,95.99866585558111,53.59086334200556
2024-02-14,3833.957038243313,18301,119711.8346561488,2457.684248974732,14581,169540.38968369854,96.04552113343172,53.75716234339528
2024-02-15,3791.629423102196,10446,120415.57586001056,2344.9992208516232,7738,176727.46459413046,96.11130993447505,53.82636403410946
2024-02-16,3821.095397585222,12681,120816.95023419813,2381.702606828485,5697,175578.88969441396,96.38238448719687,54.18526587972054
2024-02-19,3822.5258103989913,13497,116763.74124192294,2385.203832818515,7997,179303.54794277856,96.36100403138782,54.20788574266436
2024-02-20,3795.462148437969,16603,116711.32368236034,2444.1450579177776,7081,170178.67562764636,96.28121575502598,54.15752352183647
2024-02-21,3805.9045849818795,16541,116285.70986012345,2526.1824061810757,6979,161371.42438531452,96.3239953948507,54.486342791753614
2024-02-22,3727.279519672138,6724,120559.82761136828,2634.202467472585,15371,154280.66850238972,96.36789449778958,54.660461581211194
2024-02-23,3714.181653242592,17480,121484.31572526637,2735.7256890054646,14749,147282.41117817778,96.31522295859496,54.88000559950746
2024-02-26,3711.630832424512,13952,120372.2879657221,2737.602683007848,9889,147215.09901443505,96.21198325663947,54.680629597829885
2024-02-27,3710.7492759628735,15181,122528.74391377466,2677.9896008761953,10235,149188.7680740273,96.44296769884848,54.36705076341034
2024-02-28,3758.1038894514054,5433,115515.44875271457,2737.1473046670785,17265,141451.62662206645,96.47565204588729,54.19673412043453
2024-02-29,3765.907932619851,5943,116270.59425730481,2769.7071049549536,11000,138537.48586228324,96.40242350774707,54.01048770473035
2024-03-01,3784.3446167310176,14076,112593.64532954105,2609.050652997882,12961,152390.73751482042,96.49401653797504,54.246347485326226
2024-03-04,3779.6238232605006,7334,111756.84418961375,2530.481785376655,18249,160561.24831003556,96.48310202281891,54.539142700414445
2024-03-05,3803.2386828507115,14378,110734.90455207926,2633.2843823431695,12333,157282.95142944303,96.45781387818712,54.49260361355472
2024-03-06,3871.9634952957545,9710,110725.85828428216,2573.4032928612605,15631,158508.63587087544,96.51404116537857,54.92187931920203
2024-03-07,3893.028005658788,18913,108199.14002205759,2551.24586414802,6388,160779.72339163444,96.3848529385554,55.33242013733157
2024-03-08,3933.047291760197,17185,103655.99254533878,2660.4294141394626,11556,152884.70884777425,96.42011565894713,55.40543981225173
2024-03-11,3913.6037153199395,7449,107052.92339106098,2605.3400354313053,14566,161085.43847991154,96.61141113972029,55.15887228078881
2024-03-12,3936.8818218784713,6442,106118.81324354991,2678.363240553748,15780,154257.3568493628,96.65802890594003,55.63148527561948
2024-03-13,3973.170215652898,18994,104733.1531846237,2740.179744922769,16383,152612.47434438523,96.62040769556168,55.61318007031096
2024-03-14,4056.4866134893687,14625,102109.19152945552,2629.2203618592202,5406,157787.77920459094,96.56969716751885,55.65102962924025
2024-03-15,4074.0718594798245,18352,103723.7862059079,2636.015389492331,13721,159597.9048797151,96.52866317018434,55.549148121558275
2024-03-18,4110.978800923933,18218,102688.53971273403,2620.5050726354084,8754,159064.02663138398,96.50326690237956,55.28221102366912
2024-03-19,4081.7762973393437,13454,100350.3122538877,2627.0824108950505,9522,156624.07605390856,96.46548624910373,54.841619194574534
2024-03-20,4109.275790101507,9651,99081.62365049492,2553.0088816764774,9656,163146.22983645156,96.5571173932112,55.03147969164172
2024-03-21,4121.478331908859,6107,99034.0022289926,2559.586654544663,8641,161786.33368821078,96.3837964828903,54.796459375472736
2024-03-22,4126.958165542468,6704,96952.98226411444,2604.164983946457,18860,158892.81643990747,96.46999648793151,55.71431874417178
2024-03-25,4148.143179484868,18973,94400.74940900554,2586.577821175556,11613,160072.3515881877,96.43202783541726,55.38849666938803
2024-03-26,4123.5132508385295,8406,97416.77465531207,2606.8201886034194,13436,156936.63916043274,96.46972261398679,55.01128192689362
2024-03-27,4111.375233634698,13326,99017.30667822444,2602.2424216618583,6866,158983.59019513844,96.35702382296671,55.16432354157766
2024-03-28,4099.094247597255,9809,98306.01986506961,2601.029458522593,19981,158603.0440644882,96.48988692965165,55.62311758526784
2024-03-29,4064.638240181311,8897,101627.38055605185,2644.3312282432657,5916,153923.85615976615,96.61445042566884,55.64249448235081
2024-04-01,4043.596965203197,12792,103411.91148252979,2541.8536248049877,12861,160323.3811880279,96.71040947824385,55.81416720840699
2024-04-02,3995.9413059627323,13376,103641.50761877392,2573.379137051778,5068,154023.3134700338,96.5589340006645,55.26110298316938
2024-04-03,3984.210264525107,17821,104138.23069194169,2445.998015839834,5896,161327.79039220637,96.6418461077711,55.057849519461854
2024-04-04,4029.013920225098,11943,99710.87469377699,2427.8812407418777,16028,163436.33186347177,96.68233161653467,54.73576480072058
2024-04-05,4046.462933967943,16796,97611.97408186526,2537.8740917023383,9033,154757.93595836175,96.52180449182141,54.167251045736215
2024-04-08,4068.660238107122,6447,97637.77309173137,2569.9750344443587,10135,151995.01378312198,96.51937475344432,54.20234511594338
2024-04-09,4109.6194577249935,18345,93689.64545378709,2621.1078804776507,19398,150732.2628750867,96.55582820234766,53.52949682946026
2024-04-10,4127.193450362793,12449,90895.05478061837,2703.948717163178,5117,144492.28488757697,96.61143572972998,53.132838039634024
2024-04-11,4158.2834129509365,19136,90730.57165788174,2719.2075410683387,10574,143534.98312136254,96.62916186642485,52.971679901429994
2024-04-12,4176.952727031578,5739,88400.4229059324,2752.482384662813,5360,142329.356949474,96.65828500810959,52.72229415064467
2024-04-15,4201.097455351106,14015,87308.5761508992,2833.3975659706143,6226,137321.00323804753,96.8056461473349,52.84121670130679
2024-04-16,4179.784133953387,6281,88440.86472807344,2849.339853759539,7239,138779.76341579718,96.92824953832597,52.932890758877534
2024-04-17,4229.482093785073,9435,86350.25481272528,2870.524458780924,8966,136454.26322493274,96.6415440429477,53.201030382658175
2024-04-18,4179.8178397660895,16687,90094.36393634824,2858.8690722654105,15081,137715.40541318647,96.60980018746393,53.426745502471974
2024-04-19,4147.007589161098,15485,91391.76931080209,2857.613671833461,15296,138069.6920453111,96.59333508470954,53.768989339280395
2024-04-22,4131.122340038288,11620,91186.57589229028,2957.9638649096487,13165,130606.50289596111,96.41812522743683,53.768413819277676
2024-04-23,4109.366099849816,6292,91898.20752162753,3032.456013896216,13279,125740.88192765873,96.42754353326006,53.859453889522676
2024-04-24,4097.060255410769,19511,95407.97788829752,3039.4331519399366,14831,127533.36816686907,96.55241931050112,54.012908000098435
2024-04-25,4113.984823203324,17284,96992.42001366473,3058.9717345324316,11281,129649.1782093958,96.44376252454205,54.05540500931574
2024-04-26,4129.240453800425,16401,96671.0138533599,3008.4578619770828,6583,133393.97635809294,96.47740261841105,53.93624671634062
2024-04-29,4070.8029639216343,6324,102499.41215142506,2975.680373552941,6348,135949.86870259396,96.3858202706814,53.83651395603869
2024-04-30,4096.478066222912,7695,103134.4605483172,2928.683245514159,13478,139955.83218310727,96.31862906831344,53.5912464365397
2024-05-01,4090.692236505143,12716,101734.35780523298,3017.0701877401325,5584,136476.44047334528,96.46636843173044,53.717731485512644
2024-05-02,4130.594636279985,13713,103296.78789359904,3106.0423974842847,18732,132144.08869271018,96.41211264971926,53.6895269332871
2024-05-03,4124.422252899121,6233,109677.14259343293,3196.3960973202034,15321,130017.02661119537,96.45833389862032,53.49057480809607
2024-05-06,4047.838483876885,17483,114522.01517423667,3209.0645890321302,19163,133397.59352684428,96.27121208701422,53.29190136229869
2024-05-07,4067.7682328611386,19884,110644.6362372187,3144.079205196622,10947,140148.50581318082,96.45744384315371,52.92878174396385
2024-05-08,4088.2275240041577,8672,113040.61056537068,3242.656652348109,8458,133076.14454125802,96.51770908778435,53.22243414633502
2024-05-09,4098.162180256646,16548,114146.40731555043,3198.5949554645704,10375,135487.4291838962,96.49945910351933,53.246019447194556
2024-05-10,4124.16666089577,12215,113021.26749138747,3291.8134724257334,15986,129282.61597382046,96.55701375451932,52.98717944132257
2024-05-13,4099.5458860011495,18796,110508.70013391657,3206.6836319376157,11104,133982.1660175796,96.41603181162453,53.22974376620317
2024-05-14,4091.379908788316,19400,111094.03030619473,3106.690786372019,5387,142623.63102898624,96.5342848857998,53.06160912326486
2024-05-15,4049.0431819794694,13876,112950.58810671275,3079.1411815721954,14507,143451.45006146177,96.50188640825016,52.639658935161194
2024-05-16,4007.278849418687,10925,114750.4974500177,2950.3394548779893,18427,153167.00933079195,96.48147945674532,52.946025621926935
2024-05-17,4025.7988458325667,16635,113333.74397762075,2840.3735831122667,14789,160038.18741099036,96.43231389524877,52.78489652505709
2024-05-20,4006.7786749814163,10865,116573.26286307738,2871.5094520772464,6063,156283.54840415,96.37424875497422,52.662226797994464
2024-05-21,4022.6328241908636,17306,115272.07139166794,2772.810860040634,11851,165809.16065159923,96.44371581613706,52.674580804099215
2024-05-22,4055.4179087679922,9635,114854.70864036355,2656.1189115334864,18985,171498.57668606192,96.46930650114747,53.01735757093625
2024-05-23,4043.537619117378,14331,111970.42936270672,2710.0722698568925,15651,170202.55091791038,96.53448131528778,53.02336875819614
2024-05-24,4068.048186737552,16768,109157.20302633013,2726.9346737908263,13447,166250.2910169503,96.53360184633922,52.66363362035257
2024-05-27,4068.6968364325594,14484,109519.96581658146,2693.221789329043,16837,169836.4197924446,96.58492182744695,52.82679672158623
2024-05-28,4089.661946871514,12766,107107.75851477851,2615.234125577628,10455,176240.46044957385,96.54303695305444,52.68129980430771
2024-05-29,4096.396383843313,7587,107285.50401077929,2571.2254032089786,12765,180146.64660566236,96.7660101371954,53.247676995766554
2024-05-30,4069.584403876005,10571,108924.38725286942,2605.3730414882853,13965,177284.91878890237,96.60921709555234,53.247341079167185
2024-05-31,4043.124798347738,5398,111017.65251590752,2599.842564327603,17126,176366.14399471163,96.73531082790863,52.57683042979758
2024-06-03,4076.454718448572,18853,109100.55715593116,2680.242449032232,10108,169667.19739289372,96.87210157298074,52.68403992144428
2024-06-04,4071.3437406356334,14551,111043.97640862274,2744.850854168869,7904,167642.4353945538,96.78688569238417,53.26741925912235
2024-06-05,4105.734359029297,19043,107018.87542526693,2797.619415009579,9902,165821.94706355562,97.00981305343977,53.74019534568597
2024-06-06,4193.978251403436,16997,102353.9078254163,2847.8651437462318,14404,166830.32429148408,97.1093620817343,54.28948163231294
2024-06-07,4163.479078002971,15571,107349.00855382196,2825.5367981798677,15825,170806.1500176961,97.20647598241659,53.9835535766985
2024-06-10,4156.5713046368855,14285,107277.1810402177,2929.503646254919,8778,164775.59393959958,97.20927820111919,54.25719929549153
2024-06-11,4198.770150935118,7748,108755.86785306144,2934.6075103398016,9719,165036.27833472707,97.18755558529732,54.040600933570516
2024-06-12,4223.905435644637,14617,108677.96351263794,2965.7579597862314,17690,162794.07437063582,97.16661470259336,54.107887753395595
2024-06-13,4260.542069415223,14045,106885.40520115501,2862.5351869462315,18467,172703.17509879335,97.2056677622253,53.72600202477368
2024-06-14,4253.298679605069,11741,107844.2099474178,2918.775885944237,6181,168220.10736090512,97.3457863897287,53.53266529530886
2024-06-17,4302.444239802313,8804,109167.00658619708,2929.322974755862,5375,167080.3563083672,97.36391781151484,53.32979128609978
2024-06-18,4347.080191068544,6270,106878.02291100478,2850.935791429063,17504,171321.1464434712,97.27277344920111,53.59935787014257
2024-06-19,4349.728251363431,16083,104966.07149416445,2885.859478552771,9302,170066.16405484182,97.3552161554396,53.83957360664346
2024-06-20,4421.2758012235245,14178,103139.21577642483,2966.530619996909,15424,171024.47747075302,97.44733123007909,53.92261952544271
2024-06-21,4430.815198344375,14008,104626.17663610121,3052.8146741320843,9352,164681.0968124804,97.51279718292386,53.517493100026094
2024-06-24,4421.352330874256,17544,107231.84535265899,3043.40152766019,11942,162059.026519641,97.58734707357637,53.42400126984118
2024-06-25,4486.576969850827,16355,101663.04878111879,3106.2308220458003,6060,156640.75170430224,97.56025426056058,53.20016632495836
2024-06-26,4463.218636184517,8105,103995.73930507265,3158.25564523063,15493,155205.2210711061,97.46735534384753,53.4610690519667
2024-06-27,4422.544131507112,13860,106423.55266231918,3256.0827511388957,12604,148463.5143374164,97.38053600078345,53.81452450781186
2024-06-28,4448.217466506522,6372,105210.12075889364,3202.9815323749435,17928,150997.00553730945,97.21698967593767,54.13144018362112
2024-07-01,4420.892742903984,15515,105946.48200030085,3222.13372562732,9625,151407.53111837318,97.24068453709226,53.90487435779602
2024-07-02,4444.124684578819,10786,106280.47172567548,3219.2566570654267,18005,151613.03176419693,97.2323396587696,53.08301442110917
2024-07-03,4471.766803986421,19526,105343.41852587927,3102.4076061025717,18160,157314.0069858395,97.18834088831663,52.55292585167015
2024-07-04,4451.785318598247,5739,106595.49825139168,3069.013022645109,12806,160474.34524229623,96.89277900588212,52.97941394509482
2024-07-05,4457.260981800002,12383,110793.95816152164,3050.519891952098,17118,159771.0257733845,96.7680472589127,52.859037463298876
2024-07-08,4460.39735049999,12441,111163.49212866492,2904.061611363042,6888,169225.4551188726,96.88013132405302,52.63382007781934
2024-07-09,4460.6636202172185,18912,109221.60482232901,2919.5567962167383,6981,171853.7406146754,96.8136687240467,53.1266181658502
2024-07-10,4498.177330811704,6577,106103.13441496463,2853.9550909003233,13636,171820.40016965082,96.84972789181239,53.50616614949671
2024-07-11,4550.582570774125,10420,102686.14292988271,2893.957538620696,18574,172158.38515703217,96.71065934881487,53.51350076607264
2024-07-12,4522.326137518783,9496,101168.87895907916,2807.976318504291,19808,174330.5260202885,96.8545298970508,53.425479838753446
2024-07-15,4528.5735332444765,8095,103554.27061051833,2848.8202266836197,11137,171807.05374565438,96.84012713104532,53.385849474909506
2024-07-16,4478.766241331606,12354,109940.47704172193,2918.182417446102,17142,162650.8600199789,96.86913117069368,53.453998314425746
2024-07-17,4456.999730055045,19949,110045.99415297572,2944.2144834502487,14591,160308.2106897729,97.10170914988184,53.93401249882163
2024-07-18,4458.36792979831,18212,112197.7959147252,2933.1744754655406,13372,159610.73565371093,97.25335315994079,54.0607527260928
2024-07-19,4416.2870516741195,15009,112954.42227263316,3039.3449680419767,17094,151148.03030515864,97.22269659781207,54.278561436004544
2024-07-22,4302.725011572806,17437,117087.93011158222,3096.687117534225,11404,145785.7704558877,97.16337457932504,54.629342468725596
2024-07-23,4354.864446968276,6112,111478.71342540158,3074.0352160358375,15548,150425.05246766514,97.13082007817309,54.27843966841827
2024-07-24,4260.731225184203,10496,116060.47991610612,3125.79663299544,18205,149146.21643202286,97.18180990302075,54.504898236160486
2024-07-25,4262.108571401407,18218,118796.55939420738,3123.0551541969517,15845,146357.56851923655,97.17128748959566,54.416527609762
2024-07-26,4238.461857465628,19124,122739.84021980644,2956.3806757839216,8383,153662.72408763575,97.13176307509531,53.66169905103017
2024-07-29,4103.003651037717,15801,130454.08498994853,3062.5230244747095,12968,146236.13445376154,97.27848120016621,53.02324818843443
2024-07-30,4240.065055129035,16087,123423.96110235034,2935.038696491594,13090,151889.8559765982,97.26706021098843,52.71781290497883
2024-07-31,4183.327772041924,5239,128771.69716613759,2849.5806859483923,17958,161705.906496796,97.49701912029217,52.8771798735566
2024-08-01,4179.535608627809,13289,132643.98426451779,2856.4461237063197,13263,164041.37878664662,97.50609337666738,52.911319743158685
2024-08-02,4192.4368700230525,12490,130659.73323668397,2912.6316022295414,18390,161311.89650047536,97.68462521608986,52.96662975531139
2024-08-05,4279.121562424722,5502,127247.70374090226,2985.413207517987,8302,152825.3590208157,97.72035715836091,53.55191280011739
2024-08-06,4387.462288153212,19997,122304.34121952878,2900.984113845944,6531,157141.9909224086,97.81665321568586,53.17118591565945
2024-08-07,4478.715946753297,9345,117129.60219487327,2934.3033607998873,17391,156853.7071172953,97.74419211053409,53.16295590940433
2024-08-08,4508.518255419553,11117,113769.50412342385,2938.2630697395157,6096,154739.13966622617,97.65881618827535,53.25428656624848
2024-08-09,4493.052399364309,5870,113148.24252115676,2870.107154428695,16323,160887.62402522023,97.70478678377684,53.033404631286984
2024-08-12,4584.710138387409,19206,109656.55563321925,3037.6946141861467,19930,149300.3040307581,97.80364210802338,53.041902654811864
2024-08-13,4759.003248239069,11132,102966.50474047493,2992.1425156602195,7430,154294.56499182517,97.80766775822342,52.56191785458656
2024-08-14,4707.291731278064,11578,105889.18596412058,2981.0447265990833,17756,154983.51479681383,97.67902842471506,52.98488971976907
2024-08-15,4643.906137355734,12987,111586.16772539765,2865.1726289042067,5979,162675.68935311795,97.54300258808613,52.78040535400994
2024-08-16,4474.593341315307,17038,117881.4386130567,2854.0870691812506,9314,160793.99784880332,97.4002889478675,53.389825403443496
2024-08-19,4446.452564906271,19090,116938.92517711179,2864.0761472040417,19835,159806.3340028883,97.22352673657356,53.38008310626826
2024-08-20,4451.411334144413,17965,114684.26887238103,2859.0902976813213,9692,158400.63985741528,97.23447527251827,53.68849917588801
2024-08-21,4485.378841525133,7497,114302.14608907551,2837.837623024758,15767,161317.2465053135,97.34697966468907,53.67250831519067
2024-08-22,4586.802156847721,13792,109057.54494675467,2615.8954124543066,5204,174074.65917095434,97.34563808599658,53.663285165512505
2024-08-23,4677.140899893384,11522,102228.2702360539,2597.216320693537,12439,177065.6036573342,97.1195966102628,53.48807636554591
2024-08-26,4724.774402441964,12703,102519.40597295626,2550.3591472611724,8738,182503.75737611987,97.10052056422934,53.52381354435579
2024-08-27,4537.719715755232,9574,113712.92311624026,2610.3221693546566,6204,178850.91173167623,97.08424066456608,53.619213152680004
2024-08-28,4476.051804338604,16679,117155.56200876615,2701.541238007815,17861,168608.34979419704,97.29384053958863,53.383935600005444
2024-08-29,4579.406419897997,7855,114152.94163842319,2774.701092141342,11680,160532.6627350575,97.14812674829668,53.34642227524748
2024-08-30,4600.637692436303,9941,110790.7541553928,2696.7063127202764,11804,166480.55234022156,97.10905898803675,53.16339261543035
2024-09-02,4450.129834256585,9462,114897.75584169115,2696.5140181268785,12039,166585.2801876868,97.27964425609122,53.853291836314796
2024-09-03,4439.462215551119,12204,116053.30485297299,2668.444793854787,6513,167777.52854148153,97.32464209022586,53.82637260534131
2024-09-04,4375.2889184217565,15772,119703.1619720743,2573.4540670160945,9468,174333.99986758773,97.3809733975775,54.28994225085028
2024-09-05,4512.279871088686,11822,113358.61854467822,2678.0630541899095,9140,163857.20084798487,97.3924318412799,54.23125555160797
2024-09-06,4732.262932708544,19056,103396.56352484398,2680.073879184135,16503,161565.87758389235,97.42542619514562,54.309041844068446
2024-09-09,4688.664472071823,17799,104448.10530691947,2617.09908985828,17067,164025.29239422752,97.50318714817348,53.91263262257486
2024-09-10,4638.454902173723,12574,109930.82467271603,2672.6247708932538,7953,158515.87056465706,97.4222385162842,53.77851084501451
2024-09-11,4652.388081870296,18823,108017.51583876798,2647.0931772737804,19794,160098.50807157694,97.51004437417502,53.84167124625128
2024-09-12,4506.107180406742,17506,114459.27514882945,2703.840870319134,9841,155032.1173428578,97.37274407248647,54.31747239553924
2024-09-13,4432.707139395201,7653,120150.75597550128,2662.445475282447,15954,156198.23186420058,97.40558086976962,54.38406722884212
2024-09-16,4522.993688701124,7546,114335.1523377715,2711.1154912973884,17218,154600.41407244682,97.42345496609825,54.79918333720002
2024-09-17,4950.149787355254,17813,96092.05718908369,2687.6068961000533,15899,156691.58074761005,97.36182565727904,54.9914020702609
2024-09-18,4952.664187369929,11296,96300.631826928,2643.6692341121393,17476,157898.58122025512,97.35955712974648,55.4796224721003
2024-09-19,5037.362802148392,10232,94652.85024733513,2778.9082601705713,11026,152954.43968894417,97.29730311447992,55.461909806908785
2024-09-20,5018.422807453218,14654,91067.88583948635,2791.193349527928,19973,146929.58192338725,97.19013298179375,56.17897662010433
2024-09-23,5211.16025662484,11558,83382.8761396282,2731.095843923085,13157,152510.04410373865,97.15477150763239,56.03335775923009
2024-09-24,5224.668343837131,10206,81959.65908406665,2749.928236360721,11559,151779.96741619994,97.04437264409522,55.803419208970794
2024-09-25,5167.519590410069,5827,87010.43686650989,2880.8496612025565,16183,141086.55604792156,97.07665239050453,55.44040335406408
2024-09-26,5038.412261860497,10513,92525.77163497264,2860.0922266874413,18033,140548.43982425224,96.96164384108931,56.1397107555315
2024-09-27,4971.498429073197,15977,94630.93227115876,2921.9371751835474,19357,136152.8340225175,97.03284154338841,56.38554502731687
2024-09-30,4901.8528354034115,17931,99758.73154866407,2971.3252281144405,9542,135035.46614043546,96.91469363659553,56.28530880730278
