date,zinc_close,zinc_volume,zinc_inventory,aluminium_close,aluminium_volume,aluminium_inventory,usd_index,oil_price,zinc_close_return,zinc_close_lag1,zinc_close_ret_lag1,zinc_close_lag2,zinc_close_ret_lag2,zinc_close_lag3,zinc_close_ret_lag3,zinc_close_lag5,zinc_close_ret_lag5,zinc_close_lag10,zinc_close_ret_lag10,zinc_close_lag20,zinc_close_ret_lag20,zinc_close_ma5,zinc_close_ma20,zinc_close_vol20,gate_volatility,gate_hurst,gate_inventory_pressure
2019-03-25,2762.3950109553,9391,190999.52700952027,2397.4896204186866,8443,154678.6664475891,100.3917127909336,66.96657547579503,-0.011132559034827794,2793.4937449847653,-0.013650637098418517,2832.154457693406,0.013724223344511621,2793.811563809209,0.06519744538707828,2790.68679097937,0.015647235994099118,2738.229858656595,-0.03635796579261574,2579.943826136792,-0.03927123081087747,2760.933153024407,2733.593389309318,0.02537775098164013,0.02537775098164013,0.53454883040547,-0.3066171710516601
2019-03-26,2754.3472386308504,15466,186745.87420631075,2383.671576044898,12569,157906.01167997206,100.223425813772,66.8489635370338,-0.00291333147233952,2762.3950109553,-0.011132559034827794,2793.4937449847653,-0.013650637098418517,2832.154457693406,0.013724223344511621,2622.8109876793555,-0.06015573078378311,2727.8730386374023,-0.003782304829687999,2640.816893589764,0.02359472591468137,2787.2404032147065,2739.269906561372,0.024974605656199758,0.024974605656199758,0.5380908715604499,0.1285389535790275
2019-03-27,2686.149624058446,5525,191927.50846412996,2381.022291698087,19600,158288.16468502834,100.18993731077344,66.89094083064553,-0.024759991629197953,2754.3472386308504,-0.00291333147233952,2762.3950109553,-0.011132559034827794,2793.4937449847653,-0.013650637098418517,2793.811563809209,0.06519744538707828,2718.911203002525,-0.003285283262066341,2638.106834703853,-0.0010262199141822803,2765.7080152645535,2741.6720460291017,0.025699473738260092,0.025699473738260092,0.5177398571310917,-0.5946745793071592
2019-03-28,2614.707027377848,10925,197707.2589951328,2396.700374530766,14311,160378.32592877786,100.20621261728394,66.64596829840886,-0.026596655689140936,2686.149624058446,-0.024759991629197953,2754.3472386308504,-0.00291333147233952,2762.3950109553,-0.011132559034827794,2832.154457693406,0.013724223344511621,2718.498484682666,-0.0001517954390725107,2666.36124486424,0.010710108396182028,2722.218529201442,2739.0893351547825,0.026320536607737463,0.026320536607737463,0.47076753105343283,-0.8009610401657581
2019-03-29,2615.1525590544657,7191,198628.8150715535,2386.646301575892,13298,159645.4401583164,100.26483485041986,66.30191867375864,0.00017039449236655457,2614.707027377848,-0.026596655689140936,2686.149624058446,-0.024759991629197953,2754.3472386308504,-0.00291333147233952,2793.4937449847653,-0.013650637098418517,2747.692990320493,0.010739202468687425,2664.039621533025,-0.0008707084742123339,2686.550292015382,2736.6449820308544,0.026321104417108374,0.026321104417108374,0.4471675908990227,-0.5113301291853404
2019-04-01,2645.981050935339,18164,196414.83556375623,2361.3608867127346,9382,163022.98149481535,100.33595750839916,66.01985231108092,0.011788410497940438,2615.1525590544657,0.00017039449236655457,2614.707027377848,-0.026596655689140936,2686.149624058446,-0.024759991629197953,2762.3950109553,-0.011132559034827794,2790.68679097937,0.015647235994099118,2731.6890981807123,0.0253935700133312,2663.26750001139,2732.3595796685854,0.02578437633053271,0.02578437633053271,0.43982618988822686,-0.21183290128539106
2019-04-02,2678.073409949676,16038,189562.14440441973,2389.20386502449,9311,160503.20793352395,100.41529223191914,65.82940836188948,0.012128718383297654,2645.981050935339,0.011788410497940438,2615.1525590544657,0.00017039449236655457,2614.707027377848,-0.026596655689140936,2754.3472386308504,-0.00291333147233952,2622.8109876793555,-0.06015573078378311,2731.2110596898337,-0.0001749974003985022,2648.012734275155,2729.702697181578,0.02595824616319041,0.02595824616319041,0.4315421882642571,0.43736936422727085
2019-04-03,2604.4734765986145,12329,195434.4613716728,2387.9154521450905,18128,162612.1329313983,100.38041972469428,65.4803662219518,-0.027482418173310763,2678.073409949676,0.012128718383297654,2645.981050935339,0.011788410497940438,2615.1525590544657,0.00017039449236655457,2686.149624058446,-0.024759991629197953,2793.811563809209,0.06519744538707828,2758.032481804817,0.009820340328450916,2631.6775047831884,2722.0247469212677,0.026499915254030528,0.026499915254030528,0.4368928764167352,-0.4533119892488023
2019-04-04,2539.6169464313275,11450,202227.9437590913,2413.6166719183543,19337,160356.5893401656,100.33418454542785,65.52898408967066,-0.024901973757854634,2604.4734765986145,-0.027482418173310763,2678.073409949676,0.012128718383297654,2645.981050935339,0.011788410497940438,2614.707027377848,-0.026596655689140936,2832.154457693406,0.013724223344511621,2753.509854346919,-0.0016398021008580121,2616.6594885938844,2711.3301015254883,0.026965334938328228,0.026965334938328228,0.44098286868555375,-0.7337488258689535
2019-04-05,2672.7165290490943,5463,194390.81603052848,2424.738164398213,8505,158357.22916865666,100.41998213355356,65.74789879180578,0.05240931424906359,2539.6169464313275,-0.024901973757854634,2604.4734765986145,-0.027482418173310763,2678.073409949676,0.012128718383297654,2615.1525590544657,0.00017039449236655457,2793.4937449847653,-0.013650637098418517,2841.542566072106,0.031971090129280455,2628.1722825928105,2702.8887996743374,0.02871823019279858,0.02871823019279858,0.4360389185335634,0.43857529303532117
2019-04-08,2785.45841104909,17442,183632.78237476057,2465.4774080272896,18732,154752.06697920532,100.4008517010654,65.27176930156631,0.042182506365576744,2672.7165290490943,0.05240931424906359,2539.6169464313275,-0.024901973757854634,2604.4734765986145,-0.027482418173310763,2645.981050935339,0.011788410497940438,2762.3950109553,-0.011132559034827794,2738.229858656595,-0.03635796579261574,2656.0677546155603,2705.2502272939623,0.02923423262424632,0.02923423262424632,0.37277939506485536,1.4214807054520946
2019-04-09,2793.8200711696904,16276,180930.97177027256,2405.3097646489746,19539,157911.93050040063,100.2732830687316,65.27930791493111,0.003001897313358537,2785.45841104909,0.042182506365576744,2672.7165290490943,0.05240931424906359,2539.6169464313275,-0.024901973757854634,2678.073409949676,0.012128718383297654,2754.3472386308504,-0.00291333147233952,2727.8730386374023,-0.003782304829687999,2679.217086859563,2708.5475789205766,0.029212012669893685,0.029212012669893685,0.3333114542180234,1.193301222978752
2019-04-10,2853.8569189108875,11300,174951.9927070822,2421.0462212126467,16531,154412.57847225192,100.15995434733124,65.21332717635121,0.02148916043690008,2793.8200711696904,0.003001897313358537,2785.45841104909,0.042182506365576744,2672.7165290490943,0.05240931424906359,2604.4734765986145,-0.027482418173310763,2686.149624058446,-0.024759991629197953,2718.911203002525,-0.003285283262066341,2729.0937753220182,2715.2948647159947,0.029517717874452985,0.029517717874452985,0.3117502786386117,1.6304604228608426
2019-04-11,2813.235481689876,15391,176285.9115175318,2330.146580989578,12126,163565.94749165446,100.0680091187311,65.31577978201226,-0.014233873097083571,2853.8569189108875,0.02148916043690008,2793.8200711696904,0.003001897313358537,2785.45841104909,0.042182506365576744,2539.6169464313275,-0.024901973757854634,2614.707027377848,-0.026596655689140936,2718.498484682666,-0.0001517954390725107,2783.8174823737277,2720.0317145663553,0.029759717558894068,0.029759717558894068,0.31022860284595694,1.0636261967543872
2019-04-12,2864.130960574368,12168,169176.05223235447,2281.243773852369,7332,166502.4350822807,100.11772519313648,65.31189815158118,0.018091439275435217,2813.235481689876,-0.014233873097083571,2853.8569189108875,0.02148916043690008,2793.8200711696904,0.003001897313358537,2672.7165290490943,0.05240931424906359,2615.1525590544657,0.00017039449236655457,2747.692990320493,0.010739202468687425,2822.1003686787826,2725.853613079049,0.029916624191024747,0.029916624191024747,0.32729655500211663,1.7498018981026502
2019-04-15,2883.404232851816,19242,166280.93891280933,2341.5407559200667,9148,163560.81260743292,100.13196776674351,64.87581836760168,0.006729186808407173,2864.130960574368,0.018091439275435217,2813.235481689876,-0.014233873097083571,2853.8569189108875,0.02148916043690008,2785.45841104909,0.042182506365576744,2645.981050935339,0.011788410497940438,2790.68679097937,0.015647235994099118,2841.6895330393277,2730.4894851726713,0.029776488845776983,0.029776488845776983,0.35978846039353857,1.5216672544668275
2019-04-16,2882.503273868199,10139,169360.5145260922,2370.1629448947087,7681,166091.5566378244,100.20101630215032,64.49710157794453,-0.0003124636404954195,2883.404232851816,0.006729186808407173,2864.130960574368,0.018091439275435217,2813.235481689876,-0.014233873097083571,2793.8200711696904,0.003001897313358537,2678.073409949676,0.012128718383297654,2622.8109876793555,-0.06015573078378311,2859.426173579029,2743.474099482113,0.02595806549257826,0.02595806549257826,0.3901266067625718,0.24966828997034418
2019-04-17,2884.6631470304774,17174,166905.17266928454,2375.175625153255,7568,164832.96878809348,100.15829103751663,64.50592865062004,0.0007493046692641503,2882.503273868199,-0.0003124636404954195,2883.404232851816,0.006729186808407173,2864.130960574368,0.018091439275435217,2853.8569189108875,0.02148916043690008,2604.4734765986145,-0.027482418173310763,2793.811563809209,0.06519744538707828,2865.587419202947,2748.016678643177,0.02175853837696403,0.02175853837696403,0.4310730772770156,0.5233786976782316
2019-04-18,2941.6084857633987,6106,159052.21519023963,2394.429726582424,11879,164885.4489116079,100.17414500662431,64.81456292654369,0.01974072390100101,2884.6631470304774,0.0007493046692641503,2882.503273868199,-0.0003124636404954195,2883.404232851816,0.006729186808407173,2813.235481689876,-0.014233873097083571,2539.6169464313275,-0.024901973757854634,2832.154457693406,0.013724223344511621,2891.262020017652,2753.4893800466766,0.021972266283539217,0.021972266283539217,0.48785173919648483,1.1114913589836424
2019-04-19,2852.392537862243,13497,164478.31349826048,2392.784664593157,6065,164788.0355277283,100.23670404602106,64.15030671523078,-0.030328967411175634,2941.6084857633987,0.01974072390100101,2884.6631470304774,0.0007493046692641503,2882.503273868199,-0.0003124636404954195,2864.130960574368,0.018091439275435217,2672.7165290490943,0.05240931424906359,2793.4937449847653,-0.013650637098418517,2888.914335475227,2756.43431969055,0.02289944313063393,0.02289944313063393,0.5148277263391965,0.1566836932090605
2019-04-22,2891.8288720337423,7326,160558.12686846277,2342.258258326591,8269,165144.19473666494,100.20576939204904,64.25402468917126,0.01382570373748604,2852.392537862243,-0.030328967411175634,2941.6084857633987,0.01974072390100101,2884.6631470304774,0.0007493046692641503,2883.404232851816,0.006729186808407173,2785.45841104909,0.042182506365576744,2762.3950109553,-0.011132559034827794,2890.599263311612,2762.9060127444727,0.02286681874601751,0.02286681874601751,0.5542621698324477,0.725409770533598
2019-04-23,2821.5415033074405,16728,166675.24094518056,2383.9551743440024,6386,161312.06512521452,100.25144691580478,64.61091129075754,-0.02430550763429884,2891.8288720337423,0.01382570373748604,2852.392537862243,-0.030328967411175634,2941.6084857633987,0.01974072390100101,2882.503273868199,-0.0003124636404954195,2793.8200711696904,0.003001897313358537,2754.3472386308504,-0.00291333147233952,2878.40690919946,2766.265725978302,0.023623080560325964,0.023623080560325964,0.5549925339040932,0.07607217674812411
2019-04-24,2880.812117600148,15975,160820.1435059574,2372.5527585473587,19720,165181.57660682496,100.18525432169812,64.56500352789568,0.02100646551653762,2821.5415033074405,-0.02430550763429884,2891.8288720337423,0.01382570373748604,2852.392537862243,-0.030328967411175634,2884.6631470304774,0.0007493046692641503,2853.8569189108875,0.02148916043690008,2686.149624058446,-0.024759991629197953,2877.6367033133947,2775.9988506553873,0.02316070904715784,0.02316070904715784,0.5733580156181797,0.752167892958688
2019-04-25,2821.781546571448,7926,164446.5134391156,2383.2886170960646,19275,161755.62672461334,100.1489489370416,64.73006427670362,-0.020490947905993817,2880.812117600148,0.02100646551653762,2821.5415033074405,-0.02430550763429884,2891.8288720337423,0.01382570373748604,2941.6084857633987,0.01974072390100101,2813.235481689876,-0.014233873097083571,2614.707027377848,-0.026596655689140936,2853.6713154750046,2786.352576615067,0.022776601646217517,0.022776601646217517,0.5648979944983514,-0.013419997231383207
2019-04-26,2830.8557192922044,13886,161975.38780613666,2399.400933710579,14393,160015.5822293963,100.11077514764176,64.51914355243427,0.0032157601752629272,2821.781546571448,-0.020490947905993817,2880.812117600148,0.02100646551653762,2821.5415033074405,-0.02430550763429884,2852.392537862243,-0.030328967411175634,2864.130960574368,0.018091439275435217,2615.1525590544657,0.00017039449236655457,2849.3639517609963,2797.137734626954,0.022759382894002523,0.022759382894002523,0.549898558942016,0.33973155998056914
2019-04-29,2914.8097421305383,18610,153972.8597822085,2465.583120498975,10443,154102.8366414704,99.99119118308286,64.48333369265121,0.029656765007905372,2830.8557192922044,0.0032157601752629272,2821.781546571448,-0.020490947905993817,2880.812117600148,0.02100646551653762,2891.8288720337423,0.01382570373748604,2883.404232851816,0.006729186808407173,2645.981050935339,0.011788410497940438,2853.960125780356,2810.579169186714,0.023413625453595505,0.023413625453595505,0.5449332510168541,0.9405448818772579
2019-04-30,2922.220834344346,14402,154161.4398948853,2347.874680384576,11319,160761.98047588393,100.03988843116142,63.99705963715877,0.0025425646506829214,2914.8097421305383,0.029656765007905372,2830.8557192922044,0.0032157601752629272,2821.781546571448,-0.020490947905993817,2821.5415033074405,-0.02430550763429884,2882.503273868199,-0.0003124636404954195,2678.073409949676,0.012128718383297654,2874.095991987737,2822.786540406448,0.0233604094716648,0.0233604094716648,0.5305216521322241,0.39644473396362157
2019-05-01,3000.3637955096065,16480,149012.09551224194,2418.094631543396,19809,155356.08243896076,99.99294819714116,63.29375664463311,0.026740949981213014,2922.220834344346,0.0025425646506829214,2914.8097421305383,0.029656765007905372,2830.8557192922044,0.0032157601752629272,2880.812117600148,0.02100646551653762,2884.6631470304774,0.0007493046692641503,2604.4734765986145,-0.027482418173310763,2898.006327569629,2842.581056351997,0.022570622724054804,0.022570622724054804,0.5148955354742097,0.657254096816714
2019-05-02,2924.970299352786,9800,153934.48515149183,2348.9618652081244,6373,160774.29437496982,99.99419760901392,63.57658638500069,-0.02512811822008243,3000.3637955096065,0.026740949981213014,2922.220834344346,0.0025425646506829214,2914.8097421305383,0.029656765007905372,2821.781546571448,-0.020490947905993817,2941.6084857633987,0.01974072390100101,2539.6169464313275,-0.024901973757854634,2918.644078125896,2861.84872399807,0.02258767554718947,0.02258767554718947,0.4890870627421511,-0.17264102339423593
2019-05-03,3077.074119837531,12418,144526.066959649,2338.4613703846003,14777,162766.2651936415,100.0422722749045,63.28108790668336,0.05200183417876114,2924.970299352786,-0.02512811822008243,3000.3637955096065,0.026740949981213014,2922.220834344346,0.0025425646506829214,2830.8557192922044,0.0032157601752629272,2852.392537862243,-0.030328967411175634,2672.7165290490943,0.05240931424906359,2967.8877582349614,2882.0666035374916,0.022545016721646258,0.022545016721646258,0.46741259054354667,1.134816295327663
2019-05-06,3022.202008787113,7970,146486.93439739512,2379.441375212714,6771,159280.8525927062,100.08692539250752,63.14442955318233,-0.017832560709754808,3077.074119837531,0.05200183417876114,2924.970299352786,-0.02512811822008243,3000.3637955096065,0.026740949981213014,2914.8097421305383,0.029656765007905372,2891.8288720337423,0.01382570373748604,2785.45841104909,0.042182506365576744,2989.3662115662764,2893.9037834243927,0.021634633919380874,0.021634633919380874,0.4500946703504991,0.22909778774167533
2019-05-07,2923.5545412531324,5611,153082.63250738513,2256.1696971398364,17513,166755.14587737483,100.15346390340478,62.72849687720127,-0.032640924480614175,3022.202008787113,-0.017832560709754808,3077.074119837531,0.05200183417876114,2924.970299352786,-0.02512811822008243,2922.220834344346,0.0025425646506829214,2821.5415033074405,-0.02430550763429884,2793.8200711696904,0.003001897313358537,2989.6329529480336,2900.390506928565,0.023161997523365258,0.023161997523365258,0.4183144782526771,-0.16809183687218
2019-05-08,2898.9905571636923,13430,155134.79680303988,2308.4229854832474,14990,162259.92179975804,100.14361535495384,62.30550596627611,-0.008402095374937413,2923.5545412531324,-0.032640924480614175,3022.202008787113,-0.017832560709754808,3077.074119837531,0.05200183417876114,3000.3637955096065,0.026740949981213014,2880.812117600148,0.02100646551653762,2853.8569189108875,0.02148916043690008,2969.3583052788504,2902.647188841205,0.02283605348436313,0.02283605348436313,0.3992476781753989,-0.056091828928151094
2019-05-09,2856.407235701466,11213,160381.69479018942,2344.540193704545,18316,160299.52276062185,100.10128552374944,62.25335465624772,-0.014689016960403145,2898.9905571636923,-0.008402095374937413,2923.5545412531324,-0.032640924480614175,3022.202008787113,-0.017832560709754808,2924.970299352786,-0.02512811822008243,2821.781546571448,-0.020490947905993817,2813.235481689876,-0.014233873097083571,2955.645692548587,2904.805776541785,0.022852287573285897,0.022852287573285897,0.3819364056089233,-0.48287602299059734
2019-05-10,2851.1613899101044,9378,156846.4679306904,2360.0650902611555,9134,158404.98521576708,100.0933137026588,62.03448149800703,-0.001836518870907189,2856.407235701466,-0.014689016960403145,2898.9905571636923,-0.008402095374937413,2923.5545412531324,-0.032640924480614175,3077.074119837531,0.05200183417876114,2830.8557192922044,0.0032157601752629272,2864.130960574368,0.018091439275435217,2910.463146563102,2904.1572980085716,0.02249997103161225,0.02249997103161225,0.36724952164538127,0.137176374422143
2019-05-13,2817.0908612602366,10302,158453.83392729537,2252.7678296749814,15554,168570.01231513408,99.92458025926298,62.14787279740544,-0.011949701890057507,2851.1613899101044,-0.001836518870907189,2856.407235701466,-0.014689016960403145,2898.9905571636923,-0.008402095374937413,3022.202008787113,-0.017832560709754808,2914.8097421305383,0.029656765007905372,2883.404232851816,0.006729186808407173,2869.4409170577264,2900.8416294289927,0.02259395109297192,0.02259395109297192,0.3650803058916746,-0.3024533383599911
2019-05-14,2825.3090163985407,8721,158675.34443074104,2217.7398440463403,11549,172616.75137486748,99.77986901202068,62.283634323099314,0.002917248872344791,2817.0908612602366,-0.011949701890057507,2851.1613899101044,-0.001836518870907189,2856.407235701466,-0.014689016960403145,2923.5545412531324,-0.032640924480614175,2922.220834344346,0.0025425646506829214,2882.503273868199,-0.0003124636404954195,2849.791812086808,2897.98191655551,0.022610071800651874,0.022610071800651874,0.37952285466856545,-0.3416724332671814
2019-05-15,2875.685081970093,14930,153855.20945965592,2294.4652044747354,14071,161182.65794465158,99.64759905078525,62.379889216996695,0.01783028521098462,2825.3090163985407,0.002917248872344791,2817.0908612602366,-0.011949701890057507,2851.1613899101044,-0.001836518870907189,2898.9905571636923,-0.008402095374937413,3000.3637955096065,0.026740949981213014,2884.6631470304774,0.0007493046692641503,2845.130717048088,2897.5330133024904,0.022989512851132467,0.022989512851132467,0.4001107601179067,0.3593430450901058
2019-05-16,2825.0168526207376,6832,157512.79122807024,2198.852508718654,13713,170676.4692802762,99.54787436802508,62.45146945427523,-0.017619533399896303,2875.685081970093,0.01783028521098462,2825.3090163985407,0.002917248872344791,2817.0908612602366,-0.011949701890057507,2856.407235701466,-0.014689016960403145,2924.970299352786,-0.02512811822008243,2941.6084857633987,0.01974072390100101,2838.8526404319427,2891.703431645358,0.022826346449033225,0.022826346449033225,0.4207598996435534,-0.5899787626827138
2019-05-17,2732.886499666039,19821,165323.8788887997,2267.7981683585226,10557,160153.47791507855,99.58785179069744,62.9247999157548,-0.032612319770492726,2825.0168526207376,-0.017619533399896303,2875.685081970093,0.01783028521098462,2825.3090163985407,0.002917248872344791,2851.1613899101044,-0.001836518870907189,3077.074119837531,0.05200183417876114,2852.392537862243,-0.030328967411175634,2815.1976623831297,2885.728129735547,0.02298186175806709,0.02298186175806709,0.4371524574102981,-1.304633669499242
2019-05-20,2679.1950911339127,7962,170049.70449501646,2275.005270765987,12783,156834.28141764097,99.4973038851614,62.60452178504133,-0.01964640995470812,2732.886499666039,-0.032612319770492726,2825.0168526207376,-0.017619533399896303,2875.685081970093,0.01783028521098462,2817.0908612602366,-0.011949701890057507,3022.202008787113,-0.017832560709754808,2891.8288720337423,0.01382570373748604,2787.618508357865,2875.096440690556,0.022996043808757118,0.022996043808757118,0.45475293977388953,-1.3237521251654711
2019-05-21,2703.4802106892757,9703,164569.10084597193,2294.190776777274,9214,154804.78449414956,99.45948762975748,62.588041325180455,0.009064334148613629,2679.1950911339127,-0.01964640995470812,2732.886499666039,-0.032612319770492726,2825.0168526207376,-0.017619533399896303,2825.3090163985407,0.002917248872344791,2923.5545412531324,-0.032640924480614175,2821.5415033074405,-0.02430550763429884,2763.252747216012,2869.1933760596476,0.022619277315643574,0.022619277315643574,0.4877103963538296,-0.3679924603903447
2019-05-22,2735.956664768696,15182,159592.43474479552,2241.1535056988323,10518,157404.31040439918,99.58941045953608,62.92784827133633,0.012012832182389133,2703.4802106892757,0.009064334148613629,2679.1950911339127,-0.01964640995470812,2732.886499666039,-0.032612319770492726,2875.685081970093,0.01783028521098462,2898.9905571636923,-0.008402095374937413,2880.812117600148,0.02100646551653762,2735.3070637757323,2861.950603418075,0.02222603269385471,0.02222603269385471,0.5203809793118853,-0.04912143465738389
2019-05-23,2643.4552547742464,19001,160590.70468322316,2171.601910857237,19063,161897.33293856142,99.55378406242994,63.30721021413774,-0.03380953038679435,2735.956664768696,0.012012832182389133,2703.4802106892757,0.009064334148613629,2679.1950911339127,-0.01964640995470812,2825.0168526207376,-0.017619533399896303,2856.407235701466,-0.014689016960403145,2821.781546571448,-0.020490947905993817,2698.994744206434,2853.034288828215,0.022984951511413332,0.022984951511413332,0.5821990141600201,-0.5678036274465266
2019-05-24,2566.3861021817283,6368,167612.29383632622,2214.0842309964137,17761,160061.07760540154,99.62753561927666,62.88068111933437,-0.029154702903832486,2643.4552547742464,-0.03380953038679435,2735.956664768696,0.012012832182389133,2703.4802106892757,0.009064334148613629,2732.886499666039,-0.032612319770492726,2851.1613899101044,-0.001836518870907189,2830.8557192922044,0.0032157601752629272,2665.694664709572,2839.810807972691,0.023653525684515887,0.023653525684515887,0.6527537604378565,-1.1066206576931095
2019-05-27,2552.369115209713,15263,168939.41125990718,2253.763189751592,5766,154193.7959703648,99.53417385127568,62.78697448683761,-0.005461760784980507,2566.3861021817283,-0.029154702903832486,2643.4552547742464,-0.03380953038679435,2735.956664768696,0.012012832182389133,2679.1950911339127,-0.01964640995470812,2817.0908612602366,-0.011949701890057507,2914.8097421305383,0.029656765007905372,2640.3294695247323,2821.6887766266495,0.02223546203930708,0.02223546203930708,0.7155176413135104,-1.2062363321033698
2019-05-28,2671.834673343191,15361,162074.82984957323,2217.9490995538445,16728,159665.53680455175,99.5136300954889,63.19441081559778,0.04680575290680955,2552.369115209713,-0.005461760784980507,2566.3861021817283,-0.029154702903832486,2643.4552547742464,-0.03380953038679435,2703.4802106892757,0.009064334148613629,2825.3090163985407,0.002917248872344791,2922.220834344346,0.0025425646506829214,2634.000362055515,2809.169468576592,0.0251787024573885,0.0251787024573885,0.7481904647506507,0.19951064746135067
2019-05-29,2566.31996053044,7389,169944.20614224175,2188.6544858965603,14948,165829.9254053967,99.41862788999784,63.34683454715751,-0.03949148271241032,2671.834673343191,0.04680575290680955,2552.369115209713,-0.005461760784980507,2566.3861021817283,-0.029154702903832486,2735.956664768696,0.012012832182389133,2875.685081970093,0.01783028521098462,3000.3637955096065,0.026740949981213014,2600.073021207864,2787.4672768276337,0.025254589686091018,0.025254589686091018,0.8021627719213822,-0.9421148199003659
2019-05-30,2584.5959109795767,7321,166015.65197564993,2342.169177850532,6824,154411.90003898248,99.38472458240778,63.40541345660144,0.007121462144322521,2566.31996053044,-0.03949148271241032,2671.834673343191,0.04680575290680955,2552.369115209713,-0.005461760784980507,2643.4552547742464,-0.03380953038679435,2825.0168526207376,-0.017619533399896303,2924.970299352786,-0.02512811822008243,2588.3011524489293,2770.448557408973,0.025097675772961906,0.025097675772961906,0.8396119516096116,0.053502867254820924
2019-05-31,2578.151197783176,15144,168491.5189311443,2373.904349673619,10894,149397.54926531026,99.46875539615353,63.34010804857104,-0.002493509011997963,2584.5959109795767,0.007121462144322521,2566.31996053044,-0.03949148271241032,2671.834673343191,0.04680575290680955,2566.3861021817283,-0.029154702903832486,2732.886499666039,-0.032612319770492726,3077.074119837531,0.05200183417876114,2590.654171569219,2745.5024113062555,0.021128400472022465,0.021128400472022465,0.8691120788991723,-1.170327052035907
2019-06-03,2619.3203791365977,6555,162454.47883720006,2344.502296586749,6059,148753.0486305897,99.2960233538343,63.22496777085872,0.015968489896488913,2578.151197783176,-0.002493509011997963,2584.5959109795767,0.007121462144322521,2566.31996053044,-0.03949148271241032,2552.369115209713,-0.005461760784980507,2679.1950911339127,-0.01964640995470812,3022.202008787113,-0.017832560709754808,2604.0444243545962,2725.3583298237295,0.021694825640908535,0.021694825640908535,0.882257363872848,0.1828559937909364
2019-06-04,2559.7513272524902,13308,166859.81685201425,2348.4019483779143,16883,148500.50954250497,99.33946571818888,63.31143348978581,-0.022742178604261865,2619.3203791365977,0.015968489896488913,2578.151197783176,-0.002493509011997963,2584.5959109795767,0.007121462144322521,2671.834673343191,0.04680575290680955,2703.4802106892757,0.009064334148613629,2923.5545412531324,-0.032640924480614175,2581.627755136456,2707.168169123698,0.021183670626117163,0.021183670626117163,0.904946268966368,-0.9387248136443167
2019-06-05,2542.5319222063767,15559,167608.293797383,2270.575605823868,13537,159333.83402589717,99.36323927842211,63.23572125229047,-0.0067269835404659695,2559.7513272524902,-0.022742178604261865,2619.3203791365977,0.015968489896488913,2578.151197783176,-0.002493509011997963,2566.31996053044,-0.03949148271241032,2735.956664768696,0.012012832182389133,2898.9905571636923,-0.008402095374937413,2576.8701474716436,2689.3452373758323,0.021178688278421218,0.021178688278421218,0.926511112872456,-0.7272538491946319
2019-06-06,2579.385004965732,9102,166078.00008252123,2279.050550463513,15728,158005.16219614336,99.30382428285245,63.22294766597714,0.014494639157715872,2542.5319222063767,-0.0067269835404659695,2559.7513272524902,-0.022742178604261865,2619.3203791365977,0.015968489896488913,2584.5959109795767,0.007121462144322521,2643.4552547742464,-0.03380953038679435,2856.407235701466,-0.014689016960403145,2575.8279662688747,2675.4941258390454,0.021573808269321273,0.021573808269321273,0.9445494015093244,-0.5044439968034136
2019-06-07,2585.8027012530483,12220,167232.4711009132,2324.766940223795,8407,152723.0792139272,99.1592184974136,63.24652727781165,0.002488072263334473,2579.385004965732,0.014494639157715872,2542.5319222063767,-0.0067269835404659695,2559.7513272524902,-0.022742178604261865,2578.151197783176,-0.002493509011997963,2566.3861021817283,-0.029154702903832486,2851.1613899101044,-0.001836518870907189,2577.3582669628495,2662.2261914061924,0.021627380947389033,0.021627380947389033,0.9593885928219974,-0.7676219631502182
2019-06-10,2591.491096407805,6995,165757.61779461367,2225.0132026187343,14982,160967.38870075162,99.16643144818497,63.0431058192636,0.0021998566062291225,2585.8027012530483,0.002488072263334473,2579.385004965732,0.014494639157715872,2542.5319222063767,-0.0067269835404659695,2619.3203791365977,0.015968489896488913,2552.369115209713,-0.005461760784980507,2817.0908612602366,-0.011949701890057507,2571.7924104170907,2650.9462031635708,0.021607454833381928,0.021607454833381928,0.9627960624496014,-0.3548089692275251
2019-06-11,2529.6328290163,7673,168891.57434792703,2270.6346624247094,10848,158200.1691420752,99.11348217727858,63.202744631428025,-0.02386975879533204,2591.491096407805,0.0021998566062291225,2585.8027012530483,0.002488072263334473,2579.385004965732,0.014494639157715872,2559.7513272524902,-0.022742178604261865,2671.834673343191,0.04680575290680955,2825.3090163985407,0.002917248872344791,2565.7687107698525,2636.1623937944587,0.021986727715113234,0.021986727715113234,0.9965812987614231,-0.8718557941016912
2019-06-12,2548.1738793784484,7468,167124.3993073954,2201.320490254872,9430,166548.58501086748,99.13674979841406,64.07701802595265,0.00732954211752479,2529.6328290163,-0.02386975879533204,2591.491096407805,0.0021998566062291225,2585.8027012530483,0.002488072263334473,2542.5319222063767,-0.0067269835404659695,2566.31996053044,-0.03949148271241032,2875.685081970093,0.01783028521098462,2566.897102204267,2619.7868336648767,0.02152631820719036,0.02152631820719036,0.9991954783130244,-0.3917858351162799
2019-06-13,2507.4890516432324,15154,168974.19293834604,2162.47066821619,10343,169840.3853184676,99.1389350129664,63.54392203415483,-0.015966268261544125,2548.1738793784484,0.00732954211752479,2529.6328290163,-0.02386975879533204,2591.491096407805,0.0021998566062291225,2579.385004965732,0.014494639157715872,2584.5959109795767,0.007121462144322521,2825.0168526207376,-0.017619533399896303,2552.517911539767,2603.910443616001,0.021481698189176505,0.021481698189176505,1.0118935150505433,-0.8744490601320212
2019-06-14,2558.963257733086,18019,166573.9518171982,2211.78260984902,5632,164751.4472662858,99.2991129020985,63.641125791411824,0.02052818777259291,2507.4890516432324,-0.015966268261544125,2548.1738793784484,0.00732954211752479,2529.6328290163,-0.02386975879533204,2585.8027012530483,0.002488072263334473,2578.151197783176,-0.002493509011997963,2732.886499666039,-0.032612319770492726,2547.1500228357745,2595.214281519354,0.02126630206061713,0.02126630206061713,1.0196212727903238,-0.34159089878602533
2019-06-17,2602.908805892782,6152,163719.82069747834,2172.7436952658127,12087,169087.09279275636,99.2751773393512,63.41306876482615,0.01717318450231531,2558.963257733086,0.02052818777259291,2507.4890516432324,-0.015966268261544125,2548.1738793784484,0.00732954211752479,2591.491096407805,0.0021998566062291225,2619.3203791365977,0.015968489896488913,2679.1950911339127,-0.01964640995470812,2549.4335647327694,2591.3999672572972,0.021349097403853014,0.021349097403853014,1.0183049430310207,0.1250058147603898
2019-06-18,2577.533941166392,12116,168319.13829779936,2199.676328981236,11849,166418.80781530088,99.172827590089,63.58628953808193,-0.009748656836898406,2602.908805892782,0.01717318450231531,2558.963257733086,0.02052818777259291,2507.4890516432324,-0.015966268261544125,2529.6328290163,-0.02386975879533204,2559.7513272524902,-0.022742178604261865,2703.4802106892757,0.009064334148613629,2559.013787162788,2585.102653781153,0.021286176677778237,0.021286176677778237,1.026978951081196,-1.0890550059821327
2019-06-19,2516.396108744821,18341,178106.48260796312,2177.105836494814,7098,167416.13768758447,99.19075515358465,63.60025678008029,-0.023719506247861455,2577.533941166392,-0.009748656836898406,2602.908805892782,0.01717318450231531,2558.963257733086,0.02052818777259291,2548.1738793784484,0.00732954211752479,2542.5319222063767,-0.0067269835404659695,2735.956664768696,0.012012832182389133,2552.6582330360625,2574.124625979959,0.021531516519532848,0.021531516519532848,1.0067898058274314,-2.3078471524288435
2019-06-20,2532.708552811968,13493,174780.27498820613,2102.476978980819,7110,170489.8413139562,99.21275482198182,63.82881321229303,0.0064824627611124175,2516.396108744821,-0.023719506247861455,2577.533941166392,-0.009748656836898406,2602.908805892782,0.01717318450231531,2507.4890516432324,-0.015966268261544125,2579.385004965732,0.014494639157715872,2643.4552547742464,-0.03380953038679435,2557.7021332698096,2568.587290881845,0.020448771877887337,0.020448771877887337,0.9711129920533719,-0.7992006788718814
2019-06-21,2515.890998830834,19065,174641.6796328921,2054.848470602464,13525,174988.91944980074,99.34867357950586,64.18146518524566,-0.0066401457690272725,2532.708552811968,0.0064824627611124175,2516.396108744821,-0.023719506247861455,2577.533941166392,-0.009748656836898406,2558.963257733086,0.02052818777259291,2585.8027012530483,0.002488072263334473,2566.3861021817283,-0.029154702903832486,2549.087681489359,2566.062535714301,0.019467870003429772,0.019467870003429772,0.9368361833652394,-1.019614183066499
2019-06-24,2582.6508096522275,16049,170038.40113494612,2056.337394906892,18443,173316.5010274843,99.43218470409732,64.23919152057611,0.026535255642004207,2515.890998830834,-0.0066401457690272725,2532.708552811968,0.0064824627611124175,2516.396108744821,-0.023719506247861455,2602.908805892782,0.01717318450231531,2591.491096407805,0.0021998566062291225,2552.369115209713,-0.005461760784980507,2545.0360822412486,2567.5766204364263,0.020360067292027207,0.020360067292027207,0.910972018445791,-0.05810630095514946
2019-06-25,2588.760195100433,15673,170161.38963423762,2101.1784963309037,5826,168183.44073574748,99.46787181001228,64.57880720710037,0.00236554838361136,2582.6508096522275,0.026535255642004207,2515.890998830834,-0.0066401457690272725,2532.708552811968,0.0064824627611124175,2577.533941166392,-0.009748656836898406,2529.6328290163,-0.02386975879533204,2671.834673343191,0.04680575290680955,2547.2813330280565,2563.4228965242883,0.0172628024040823,0.0172628024040823,0.897019365640071,-0.4846406118387966
2019-06-26,2535.496524162014,8128,173369.66967356444,2062.889914873712,19514,170986.5038435364,99.61420209913422,63.875517838963766,-0.020574972930759494,2588.760195100433,0.00236554838361136,2582.6508096522275,0.026535255642004207,2515.890998830834,-0.0066401457690272725,2516.396108744821,-0.023719506247861455,2548.1738793784484,0.00732954211752479,2566.31996053044,-0.03949148271241032,2551.1014161114954,2561.881724705867,0.015495764888355757,0.015495764888355757,0.878035114457848,-1.2617448211595077
2019-06-27,2519.6694759334828,18290,170928.18453177813,2089.164787065708,18962,166388.46530300978,99.49532579370194,64.35265352833858,-0.006242188887938593,2535.496524162014,-0.020574972930759494,2588.760195100433,0.00236554838361136,2582.6508096522275,0.026535255642004207,2532.708552811968,0.0064824627611124175,2507.4890516432324,-0.015966268261544125,2584.5959109795767,0.007121462144322521,2548.4936007357983,2558.6354029535623,0.015438308695074414,0.015438308695074414,0.8969332109812627,-0.45454411544715234
2019-06-28,2507.207398440273,8727,176804.900589788,2134.922319398374,14787,162888.55953049607,99.43135064042696,64.46517217390627,-0.004945917554758927,2519.6694759334828,-0.006242188887938593,2535.496524162014,-0.020574972930759494,2588.760195100433,0.00236554838361136,2515.890998830834,-0.0066401457690272725,2558.963257733086,0.02052818777259291,2578.151197783176,-0.002493509011997963,2546.7568806576865,2555.088212986417,0.015459199976035698,0.015459199976035698,0.8832840360839309,-1.5760829402769416
2019-07-01,2519.630212702294,5755,175704.80902048817,2098.1965875059705,14105,168273.55321898518,99.3386930462864,64.78852518062983,0.004954841099204188,2507.207398440273,-0.004945917554758927,2519.6694759334828,-0.006242188887938593,2535.496524162014,-0.020574972930759494,2582.6508096522275,0.026535255642004207,2602.908805892782,0.01717318450231531,2619.3203791365977,0.015968489896488913,2534.152761267699,2550.1037046647025,0.015001816983425651,0.015001816983425651,0.8535937817638006,-0.9193325376495444
2019-07-02,2607.746316972229,16658,166095.03589167548,2040.1196866026264,12493,174618.8271200181,99.29971206597084,64.42256245717738,0.034971839846066555,2519.630212702294,0.004954841099204188,2507.207398440273,-0.004945917554758927,2519.6694759334828,-0.006242188887938593,2588.760195100433,0.00236554838361136,2577.533941166392,-0.009748656836898406,2559.7513272524902,-0.022742178604261865,2537.949985642059,2552.503454150689,0.016265382613655406,0.016265382613655406,0.810404012696939,1.0826846444247622
2019-07-03,2673.723724446525,6405,156039.91565291377,2069.043269520537,7597,170162.54277166867,99.1620434512152,64.17333149269577,0.02530054669999493,2607.746316972229,0.034971839846066555,2519.630212702294,0.004954841099204188,2507.207398440273,-0.004945917554758927,2535.496524162014,-0.020574972930759494,2516.396108744821,-0.023719506247861455,2542.5319222063767,-0.0067269835404659695,2565.5954256989608,2559.0630442626966,0.017018140510157882,0.017018140510157882,0.7616947250232013,2.1268085793893685
2019-07-04,2767.085915047454,9632,151801.77901814418,2046.580732125589,15490,172408.85867345275,99.22555854589665,64.2171129809392,0.03491841350222358,2673.723724446525,0.02530054669999493,2607.746316972229,0.034971839846066555,2519.630212702294,0.004954841099204188,2519.6694759334828,-0.006242188887938593,2532.708552811968,0.0064824627611124175,2579.385004965732,0.014494639157715872,2615.078713521755,2568.4480897667827,0.018328271898010916,0.018328271898010916,0.7128622200762604,1.7910350723537733
2019-07-05,2738.981521407233,11351,154467.62474751842,2048.5682933262106,9475,173324.44293378078,99.20333627618676,64.21200161413796,-0.010156675471256205,2767.085915047454,0.03491841350222358,2673.723724446525,0.02530054669999493,2607.746316972229,0.034971839846066555,2507.207398440273,-0.004945917554758927,2515.890998830834,-0.0066401457690272725,2585.8027012530483,0.002488072263334473,2661.433538115147,2576.1070307744917,0.018587698868013047,0.018587698868013047,0.7080231864103801,1.0147124162144416
2019-07-08,2640.287923493752,7266,161626.49879888233,1953.775928345775,6618,182073.38089285124,99.0562556467365,64.29692219054095,-0.036032955002476275,2738.981521407233,-0.010156675471256205,2767.085915047454,0.03491841350222358,2673.723724446525,0.02530054669999493,2519.630212702294,0.004954841099204188,2582.6508096522275,0.026535255642004207,2591.491096407805,0.0021998566062291225,2685.565080273439,2578.5468721287893,0.02054240347870599,0.02054240347870599,0.7042381862421149,0.38486945699430397
2019-07-09,2605.594823419851,10190,162039.04114338552,1993.934257457172,11367,178974.2340438427,98.95469773861576,64.62227673881995,-0.013139892723515345,2640.287923493752,-0.036032955002476275,2738.981521407233,-0.010156675471256205,2767.085915047454,0.03491841350222358,2607.746316972229,0.034971839846066555,2588.760195100433,0.00236554838361136,2529.6328290163,-0.02386975879533204,2685.134781562963,2582.344971848967,0.01998767319040126,0.01998767319040126,0.6922437577179491,0.6572148195280391
2019-07-10,2604.427580486129,17124,161788.74872074896,2016.7788075990468,15567,173494.75832422596,98.98604912336076,64.0927106442291,-0.00044797561126164176,2605.594823419851,-0.013139892723515345,2640.287923493752,-0.036032955002476275,2738.981521407233,-0.010156675471256205,2673.723724446525,0.02530054669999493,2535.496524162014,-0.020574972930759494,2548.1738793784484,0.00732954211752479,2671.2755527708837,2585.1576569043505,0.01994737775164405,0.01994737775164405,0.6892812811748753,0.6604879896009995
2019-07-11,2586.0228592209096,8926,162289.65506100378,2097.162258607016,6382,164787.73780213256,99.0698617801502,64.38485636574428,-0.007066704946268487,2604.427580486129,-0.00044797561126164176,2605.594823419851,-0.013139892723515345,2640.287923493752,-0.036032955002476275,2767.085915047454,0.03491841350222358,2519.6694759334828,-0.006242188887938593,2507.4890516432324,-0.015966268261544125,2635.062941605575,2589.0843472832344,0.019639273015284345,0.019639273015284345,0.6963074417525157,0.5209580825496355
2019-07-12,2581.9249549544825,9558,157447.69233882643,2097.8768315614334,14669,167384.75925661268,99.2695348693194,64.38734093873167,-0.0015846357474433859,2586.0228592209096,-0.007066704946268487,2604.427580486129,-0.00044797561126164176,2605.594823419851,-0.013139892723515345,2738.981521407233,-0.010156675471256205,2507.207398440273,-0.004945917554758927,2558.963257733086,0.02052818777259291,2603.651628315025,2590.2324321443043,0.01914116162233406,0.01914116162233406,0.6946648464067051,1.0945587440911255
2019-07-15,2563.4426046959866,13903,164176.01212441805,2177.9741301076315,6942,161508.8060361277,99.56092111592012,64.3262063803943,-0.007158360750582626,2581.9249549544825,-0.0015846357474433859,2586.0228592209096,-0.007066704946268487,2604.427580486129,-0.00044797561126164176,2640.287923493752,-0.036032955002476275,2519.630212702294,0.004954841099204188,2602.908805892782,0.01717318450231531,2588.282564555472,2588.2591220844643,0.01880396879719703,0.01880396879719703,0.7007314741022587,0.07906266616454014
2019-07-16,2553.275299241465,6864,165699.71699070997,2203.3965331643394,8555,158744.68426697064,99.60236205924772,63.88487181007884,-0.003966269982365156,2563.4426046959866,-0.007158360750582626,2581.9249549544825,-0.0015846357474433859,2586.0228592209096,-0.007066704946268487,2605.594823419851,-0.013139892723515345,2607.746316972229,0.034971839846066555,2577.533941166392,-0.009748656836898406,2577.8186597197946,2587.0461899882184,0.018700009848509315,0.018700009848509315,0.7119787114800364,0.1936715032724735
2019-07-17,2577.028324863711,10273,162979.25651000443,2178.525876389015,5400,161101.67403474916,99.50340824724454,64.0357864105919,0.00930296299396427,2553.275299241465,-0.003966269982365156,2563.4426046959866,-0.007158360750582626,2581.9249549544825,-0.0015846357474433859,2604.427580486129,-0.00044797561126164176,2673.723724446525,0.02530054669999493,2516.396108744821,-0.023719506247861455,2572.338808595311,2590.0778007941626,0.01796754801260501,0.01796754801260501,0.7304385480794486,0.35043451378961804
2019-07-18,2587.3075666233067,14473,160092.64244227606,2081.670439726088,14833,174139.83553990946,99.2902036191714,63.311554055282585,0.003988796576436249,2577.028324863711,0.00930296299396427,2553.275299241465,-0.003966269982365156,2563.4426046959866,-0.007158360750582626,2586.0228592209096,-0.007066704946268487,2767.085915047454,0.03491841350222358,2532.708552811968,0.0064824627611124175,2572.5957500757904,2592.8077514847296,0.017938640853717765,0.017938640853717765,0.7704128235249793,0.5099537453764112
2019-07-19,2601.018593438349,16523,157700.06536649555,2195.045593405861,10452,165143.24748241814,99.3169747654058,63.5060722586542,0.005299341675460978,2587.3075666233067,0.003988796576436249,2577.028324863711,0.00930296299396427,2553.275299241465,-0.003966269982365156,2581.9249549544825,-0.0015846357474433859,2738.981521407233,-0.010156675471256205,2515.890998830834,-0.0066401457690272725,2576.4144777725637,2597.064131215105,0.017861831584837888,0.017861831584837888,0.8160013444680462,0.5879880779849068
2019-07-22,2611.623847568545,8887,161674.25916463058,2215.4037601169066,19420,161682.87292640412,99.23568065587476,63.058440508012296,0.004077346527606496,2601.018593438349,0.005299341675460978,2587.3075666233067,0.003988796576436249,2577.028324863711,0.00930296299396427,2563.4426046959866,-0.007158360750582626,2640.287923493752,-0.036032955002476275,2582.6508096522275,0.026535255642004207,2586.0507263470754,2598.512783110921,0.01690641729126044,0.01690641729126044,0.8318057958181686,-0.09294969466506119
2019-07-23,2564.492232263014,6157,165947.54085474124,2230.049008021207,16110,160820.28105791393,99.19414492985678,63.07447788179754,-0.018046862050754786,2611.623847568545,0.004077346527606496,2601.018593438349,0.005299341675460978,2587.3075666233067,0.003988796576436249,2553.275299241465,-0.003966269982365156,2605.594823419851,-0.013139892723515345,2588.760195100433,0.00236554838361136,2588.294112951385,2597.2993849690506,0.017408815002794304,0.017408815002794304,0.8367242955129651,-0.3909187522180081
2019-07-24,2542.455672310857,7147,164803.77581158275,2200.26396856961,6007,162427.50126204602,99.1329352499508,63.03872723059917,-0.008592952505342977,2564.492232263014,-0.018046862050754786,2611.623847568545,0.004077346527606496,2601.018593438349,0.005299341675460978,2577.028324863711,0.00930296299396427,2604.427580486129,-0.00044797561126164176,2535.496524162014,-0.020574972930759494,2581.3795824408144,2597.6473423764924,0.016873286656249046,0.016873286656249046,0.8103230170898681,-0.06514448100818321
2019-07-25,2516.2518338572227,19872,168495.44304251092,2241.202167153976,5220,157360.6226831095,99.11885616130915,63.38958867478733,-0.010306507499427742,2542.455672310857,-0.008592952505342977,2564.492232263014,-0.018046862050754786,2611.623847568545,0.004077346527606496,2587.3075666233067,0.003988796576436249,2586.0228592209096,-0.007066704946268487,2519.6694759334828,-0.006242188887938593,2567.1684358875973,2597.4764602726796,0.016980002961628507,0.016980002961628507,0.7932604154520289,-0.6498765809934648
2019-07-26,2520.8361177017287,8822,168933.44290686995,2209.1946816338486,13529,157686.94488273456,99.22545418438791,63.33599212408316,0.0018218700460830295,2516.2518338572227,-0.010306507499427742,2542.455672310857,-0.008592952505342977,2564.492232263014,-0.018046862050754786,2601.018593438349,0.005299341675460978,2581.9249549544825,-0.0015846357474433859,2507.207398440273,-0.004945917554758927,2551.1319407402734,2598.157896235752,0.01694220886553235,0.01694220886553235,0.7472510075400285,-0.7256105733349691
2019-07-29,2522.848634059591,16340,169629.72444591043,2207.839746233374,14435,159128.55215762215,99.24115904113246,63.12775055573947,0.0007983527146926406,2520.8361177017287,0.0018218700460830295,2516.2518338572227,-0.010306507499427742,2542.455672310857,-0.008592952505342977,2611.623847568545,0.004077346527606496,2563.4426046959866,-0.007158360750582626,2519.630212702294,0.004954841099204188,2533.3768980384825,2598.318817303617,0.016908943863196326,0.016908943863196326,0.6938523095098295,-0.9921035991849063
2019-07-30,2512.1813797914324,14430,169997.04522402358,2213.5372373638857,13648,162937.69263691115,99.2252955574286,62.9757697469481,-0.004228257741723307,2522.848634059591,0.0007983527146926406,2520.8361177017287,0.0018218700460830295,2516.2518338572227,-0.010306507499427742,2564.492232263014,-0.018046862050754786,2553.275299241465,-0.003966269982365156,2607.746316972229,0.034971839846066555,2522.914727544166,2593.5405704445775,0.014807451618612525,0.014807451618612525,0.6537640044497708,-1.3153447901495938
2019-07-31,2512.5732878104004,13563,169407.70575082378,2213.340676391126,12870,164520.7791727142,99.121730182146,63.3576345775745,0.00015600307450758244,2512.1813797914324,-0.004228257741723307,2522.848634059591,0.0007983527146926406,2520.8361177017287,0.0018218700460830295,2542.455672310857,-0.008592952505342977,2577.028324863711,0.00930296299396427,2673.723724446525,0.02530054669999493,2516.938250644075,2585.483048612771,0.013388301999758243,0.013388301999758243,0.6130127829908903,-1.1782873696401421
2019-08-01,2530.033917545724,9393,168238.6466393959,2153.5057648033617,7410,167143.45444932836,98.95426188767556,63.51852366832877,0.006949301666157481,2512.5732878104004,0.00015600307450758244,2512.1813797914324,-0.004228257741723307,2522.848634059591,0.0007983527146926406,2516.2518338572227,-0.010306507499427742,2587.3075666233067,0.003988796576436249,2767.085915047454,0.03491841350222358,2519.6946673817756,2573.6304487376847,0.010328127587207176,0.010328127587207176,0.5716343226203603,-0.8437326598343566
2019-08-02,2548.218091958026,14370,166177.6315931512,2213.37354223283,15814,162452.28060132495,98.90563109676825,63.40283467387182,0.007187324362015524,2530.033917545724,0.006949301666157481,2512.5732878104004,0.00015600307450758244,2512.1813797914324,-0.004228257741723307,2520.8361177017287,0.0018218700460830295,2601.018593438349,0.005299341675460978,2738.981521407233,-0.010156675471256205,2525.1710622330347,2564.092277265224,0.010546637393344587,0.010546637393344587,0.5217223366196077,-0.40550678397415074
2019-08-05,2565.6103229622386,6251,161788.0096270847,2236.4849755884084,16765,157298.56722052762,98.9002528416864,63.33190074788247,0.006825252147412808,2548.218091958026,0.007187324362015524,2530.033917545724,0.006949301666157481,2512.5732878104004,0.00015600307450758244,2522.848634059591,0.0007983527146926406,2611.623847568545,0.004077346527606496,2640.287923493752,-0.036032955002476275,2533.723400013564,2560.3583972386486,0.007518466053504344,0.007518466053504344,0.4828066804214644,0.373389367148758
2019-08-06,2577.8226242175747,8906,158680.3324387037,2305.0392429702483,10846,151528.8547608226,99.0770458330444,62.86174762070684,0.004759998486923767,2565.6103229622386,0.006825252147412808,2548.218091958026,0.007187324362015524,2530.033917545724,0.006949301666157481,2512.1813797914324,-0.004228257741723307,2564.492232263014,-0.018046862050754786,2605.594823419851,-0.013139892723515345,2546.8516488987925,2558.9697872785346,0.007102095839552995,0.007102095839552995,0.4396526003682389,0.6380334733910705
2019-08-07,2592.2450613954006,12418,157472.74642898596,2371.0424277430093,14183,147882.3179468575,99.09007328519168,62.97828988096229,0.005594813639361096,2577.8226242175747,0.004759998486923767,2565.6103229622386,0.006825252147412808,2548.218091958026,0.007187324362015524,2512.5732878104004,0.00015600307450758244,2542.455672310857,-0.008592952505342977,2604.427580486129,-0.00044797561126164176,2562.786003615793,2558.360661323998,0.007232288715357816,0.007232288715357816,0.39219505534973054,0.5634138175730585
2019-08-08,2577.500575713442,8445,155289.182094372,2460.602389262392,10977,143300.324502697,99.188347236294,62.450345168653655,-0.0056879212160682036,2592.2450613954006,0.005594813639361096,2577.8226242175747,0.004759998486923767,2565.6103229622386,0.006825252147412808,2530.033917545724,0.006949301666157481,2516.2518338572227,-0.010306507499427742,2586.0228592209096,-0.007066704946268487,2572.2793352493363,2557.934547148625,0.0071697855662290816,0.0071697855662290816,0.3543410350345944,0.8077647342312723
2019-08-09,2578.819320405521,9376,154842.06805486672,2451.932938965485,7265,144310.36842543454,99.13841767644008,62.6758841084043,0.0005116370116480251,2577.500575713442,-0.0056879212160682036,2592.2450613954006,0.005594813639361096,2577.8226242175747,0.004759998486923767,2548.218091958026,0.007187324362015524,2520.8361177017287,0.0018218700460830295,2581.9249549544825,-0.0015846357474433859,2578.3995809388352,2557.7792654211767,0.007162882386233783,0.007162882386233783,0.3263232122076798,0.6448652459408544
2019-08-12,2593.9942917439607,11457,152954.6210219751,2387.1259459871103,6232,150294.994052558,99.01992329979838,62.71447058615168,0.005884464730958161,2578.819320405521,0.0005116370116480251,2577.500575713442,-0.0056879212160682036,2592.2450613954006,0.005594813639361096,2565.6103229622386,0.006825252147412808,2522.848634059591,0.0007983527146926406,2563.4426046959866,-0.007158360750582626,2584.0763746951798,2559.306849773576,0.0070734539228668675,0.0070734539228668675,0.31999392499511903,0.7458476331519701
2019-08-13,2604.0093563313726,7348,153610.87529048882,2389.904797232533,19188,150082.39252373026,98.92341162357512,63.43055612602385,0.0038608660856684907,2593.9942917439607,0.005884464730958161,2578.819320405521,0.0005116370116480251,2577.500575713442,-0.0056879212160682036,2577.8226242175747,0.004759998486923767,2512.1813797914324,-0.004228257741723307,2553.275299241465,-0.003966269982365156,2589.313721117939,2561.843552628071,0.007022906906477681,0.007022906906477681,0.31744772497207013,0.2899174651304129
2019-08-14,2648.77344159486,13344,150441.73801439902,2410.4462387935614,17325,148020.4565583141,98.85088901712156,63.10051545990656,0.01719044716742202,2604.0093563313726,0.0038608660856684907,2593.9942917439607,0.005884464730958161,2578.819320405521,0.0005116370116480251,2592.2450613954006,0.005594813639361096,2512.5732878104004,0.00015600307450758244,2577.028324863711,0.00930296299396427,2600.6193971578314,2565.430808464628,0.007701883092903927,0.007701883092903927,0.33655518805697093,0.9293403604650448
2019-08-15,2637.937790463951,12617,150633.0681001061,2463.80091643778,7484,146739.85453610562,99.06373599036507,63.06971683259437,-0.004090818399472007,2648.77344159486,0.01719044716742202,2604.0093563313726,0.0038608660856684907,2593.9942917439607,0.005884464730958161,2577.500575713442,-0.0056879212160682036,2530.033917545724,0.006949301666157481,2587.3075666233067,0.003988796576436249,2612.706840107933,2567.9623196566604,0.007770657586489902,0.007770657586489902,0.34637600942219976,0.4391004757965797
2019-08-16,2609.868648826605,15967,152136.26107022213,2328.228216784307,8760,155873.3994625831,98.98159732244264,63.60920314287129,-0.01064056238885358,2637.937790463951,-0.004090818399472007,2648.77344159486,0.01719044716742202,2604.0093563313726,0.0038608660856684907,2578.819320405521,0.0005116370116480251,2548.218091958026,0.007187324362015524,2601.018593438349,0.005299341675460978,2618.9167057921495,2568.404822426073,0.00811605209976586,0.00811605209976586,0.36438935744147943,0.1667021784778301
2019-08-19,2621.186755441086,10229,152097.09937037324,2357.4940951563453,13793,150115.92187629864,99.06544624281628,63.96662003495872,0.0043366575630423565,2609.868648826605,-0.01064056238885358,2637.937790463951,-0.004090818399472007,2648.77344159486,0.01719044716742202,2593.9942917439607,0.005884464730958161,2565.6103229622386,0.006825252147412808,2611.623847568545,0.004077346527606496,2624.3551985315744,2568.8829678197003,0.008122774586152206,0.008122774586152206,0.37770045896735205,0.25858989218932876
2019-08-20,2607.6891012951287,16022,154977.43097586383,2351.603976152604,9941,154121.5470191193,98.97515352500756,63.75775641948474,-0.005149443899004402,2621.186755441086,0.0043366575630423565,2609.868648826605,-0.01064056238885358,2637.937790463951,-0.004090818399472007,2604.0093563313726,0.0038608660856684907,2577.8226242175747,0.004759998486923767,2564.492232263014,-0.018046862050754786,2625.091147524326,2571.042811271306,0.007035983241624325,0.007035983241624325,0.37845043975182496,-0.43320953394548234
2019-08-21,2610.65050296684,13654,152513.86202825958,2349.0266425628506,10782,158835.01181709036,99.068310826295,63.824946647996775,0.001135642155439598,2607.6891012951287,-0.005149443899004402,2621.186755441086,0.0043366575630423565,2609.868648826605,-0.01064056238885358,2648.77344159486,0.01719044716742202,2592.2450613954006,0.005594813639361096,2542.455672310857,-0.008592952505342977,2617.4665597987223,2574.4525528041054,0.006675171906208199,0.006675171906208199,0.3880450328718564,0.5007946572777219
2019-08-22,2611.140920144318,8446,149336.80745697205,2289.277649449203,18988,160646.16020355787,99.10680592290558,63.8255464549213,0.00018785248232977558,2610.65050296684,0.001135642155439598,2607.6891012951287,-0.005149443899004402,2621.186755441086,0.0043366575630423565,2637.937790463951,-0.004090818399472007,2577.500575713442,-0.0056879212160682036,2516.2518338572227,-0.010306507499427742,2612.1071857347956,2579.1970071184596,0.006098600757635853,0.006098600757635853,0.3946771792457143,0.7071005769070343
2019-08-23,2592.797804342998,16266,149221.97010444282,2332.96304079412,7345,158601.49854582563,99.09114213313975,63.91013321513955,-0.007024942874514051,2611.140920144318,0.00018785248232977558,2610.65050296684,0.001135642155439598,2607.6891012951287,-0.005149443899004402,2609.868648826605,-0.01064056238885358,2578.819320405521,0.0005116370116480251,2520.8361177017287,0.0018218700460830295,2608.693016838074,2582.795091450523,0.00641492157945607,0.00641492157945607,0.39373256070219614,0.16257533937130253
2019-08-26,2591.310483140796,9316,144661.5205140723,2287.801398940589,10649,164004.51195318112,99.08706588052624,63.700529084344105,-0.0005736356300946044,2592.797804342998,-0.007024942874514051,2611.140920144318,0.00018785248232977558,2610.65050296684,0.001135642155439598,2621.186755441086,0.0043366575630423565,2593.9942917439607,0.005884464730958161,2522.848634059591,0.0007983527146926406,2602.7177623780162,2586.218183904584,0.006429327021818218,0.006429327021818218,0.3882571951835065,1.078154283888168
2019-08-27,2603.84440400122,12042,142140.04373427213,2313.121831413117,5714,160813.868465302,99.02158711098328,63.67373296353388,0.004836904316163793,2591.310483140796,-0.0005736356300946044,2592.797804342998,-0.007024942874514051,2611.140920144318,0.00018785248232977558,2607.6891012951287,-0.005149443899004402,2604.0093563313726,0.0038608660856684907,2512.1813797914324,-0.004228257741723307,2601.9488229192348,2590.801335115073,0.006333511303721131,0.006333511303721131,0.3878625461756003,0.8297084390280378
2019-08-28,2618.571076443357,13124,142745.7986380972,2290.791971397059,11650,160729.28003554727,99.0661943311315,63.19431725095087,0.005655742109438977,2603.84440400122,0.004836904316163793,2591.310483140796,-0.0005736356300946044,2592.797804342998,-0.007024942874514051,2610.65050296684,0.001135642155439598,2648.77344159486,0.01719044716742202,2512.5732878104004,0.00015600307450758244,2603.532937614538,2596.101224546721,0.006377048493824298,0.006377048493824298,0.39066859636757045,0.3006743051045154
2019-08-29,2616.7559725844512,17925,144914.20260644623,2278.5100652386604,15503,162014.45286169284,99.02069598309744,63.23485428651129,-0.0006931657785554934,2618.571076443357,0.005655742109438977,2603.84440400122,0.004836904316163793,2591.310483140796,-0.0005736356300946044,2611.140920144318,0.00018785248232977558,2637.937790463951,-0.004090818399472007,2530.033917545724,0.006949301666157481,2604.6559481025643,2600.4373272986572,0.006298882533744855,0.006298882533744855,0.38756354477238647,0.016966231501569368
2019-08-30,2613.2222373792424,15015,148313.6919439268,2380.655256738094,11727,152265.57504470358,98.8981354067207,63.36986048853784,-0.0013504259633804194,2616.7559725844512,-0.0006931657785554934,2618.571076443357,0.005655742109438977,2603.84440400122,0.004836904316163793,2592.797804342998,-0.007024942874514051,2609.868648826605,-0.01064056238885358,2548.218091958026,0.007187324362015524,2608.7408347098135,2603.687534569718,0.006196279285904641,0.006196279285904641,0.37949240428321473,-0.25976938330467136
2019-09-02,2617.6907012345678,5624,148100.89285245075,2344.353745732184,5073,156934.76085762147,98.77034164928874,63.30163466474468,0.0017099440649972486,2613.2222373792424,-0.0013504259633804194,2616.7559725844512,-0.0006931657785554934,2618.571076443357,0.005655742109438977,2591.310483140796,-0.0005736356300946044,2621.186755441086,0.0043366575630423565,2565.6103229622386,0.006825252147412808,2614.0168783285676,2606.2915534833346,0.006059332523864699,0.006059332523864699,0.3677300894215784,0.1587940010566061
2019-09-03,2600.088751628437,15966,149757.52239069704,2268.7002258480893,8670,162058.9774210537,98.78760044106096,62.81711939756924,-0.0067242281900720124,2617.6907012345678,0.0017099440649972486,2613.2222373792424,-0.0013504259633804194,2616.7559725844512,-0.0006931657785554934,2603.84440400122,0.004836904316163793,2607.6891012951287,-0.005149443899004402,2577.8226242175747,0.004759998486923767,2613.265747854011,2607.404859853878,0.006228321928992414,0.006228321928992414,0.3375140187768673,-0.28029971218506944
2019-09-04,2572.0500822892204,16000,150701.4702690007,2201.850456808269,16525,170196.27696204896,98.945509566702,63.11367895642468,-0.010783735486589063,2600.088751628437,-0.0067242281900720124,2617.6907012345678,0.0017099440649972486,2613.2222373792424,-0.0013504259633804194,2618.571076443357,0.005655742109438977,2610.65050296684,0.001135642155439598,2592.2450613954006,0.005594813639361096,2603.9615490231836,2606.395110898569,0.006582725919040968,0.006582725919040968,0.31393465990159086,-0.29730727361547676
2019-09-05,2562.7861943416374,6655,150338.16420611937,2213.110760017116,15831,167714.45373262535,98.96150872805931,63.22303646782252,-0.0036017525519324023,2572.0500822892204,-0.010783735486589063,2600.088751628437,-0.0067242281900720124,2617.6907012345678,0.0017099440649972486,2616.7559725844512,-0.0006931657785554934,2611.140920144318,0.00018785248232977558,2577.500575713442,-0.0056879212160682036,2593.167593374621,2605.6593918299786,0.006510160007235344,0.006510160007235344,0.2891719295290086,-0.09939999730641054
2019-09-06,2530.511816864278,6348,153412.56522462054,2212.602062380707,12099,170849.37712766853,98.94964489544834,63.00523193851223,-0.01259347250606302,2562.7861943416374,-0.0036017525519324023,2572.0500822892204,-0.010783735486589063,2600.088751628437,-0.0067242281900720124,2613.2222373792424,-0.0013504259633804194,2592.797804342998,-0.007024942874514051,2578.819320405521,0.0005116370116480251,2576.6255092716283,2603.244016652917,0.007063742861338845,0.007063742861338845,0.2798001780298879,-0.8191759448646447
2019-09-09,2550.090351922705,6631,153647.39608455327,2108.447454912165,7559,181838.9714997588,98.9782275094086,62.92105180446081,0.007736986220711728,2530.511816864278,-0.01259347250606302,2562.7861943416374,-0.0036017525519324023,2572.0500822892204,-0.010783735486589063,2617.6907012345678,0.0017099440649972486,2591.310483140796,-0.0005736356300946044,2593.9942917439607,0.005884464730958161,2563.1054394092557,2601.0488196618535,0.007169045315570441,0.007169045315570441,0.29608696866750017,-0.4784696978149664
2019-09-10,2574.7101062868587,6632,152522.86438028567,1975.663897619387,14538,196398.59330196932,99.10882768357928,62.470850983626256,0.00965446355482702,2550.090351922705,0.007736986220711728,2530.511816864278,-0.01259347250606302,2562.7861943416374,-0.0036017525519324023,2600.088751628437,-0.0067242281900720124,2603.84440400122,0.004836904316163793,2604.0093563313726,0.0038608660856684907,2558.0297103409403,2599.5838571596278,0.0074788687042123434,0.0074788687042123434,0.29347468468726295,-0.14340571723903012
2019-09-11,2528.2570093615504,13839,151989.06200405967,2004.1941297955943,18763,192280.66952561823,99.13076593371568,62.16322794529289,-0.01804206881849746,2574.7101062868587,0.00965446355482702,2550.090351922705,0.007736986220711728,2530.511816864278,-0.01259347250606302,2572.0500822892204,-0.010783735486589063,2618.571076443357,0.005655742109438977,2648.77344159486,0.01719044716742202,2549.271095755406,2593.5580355479624,0.007228191288824823,0.007228191288824823,0.28489626327969864,-0.2301634621498892
2019-09-12,2504.5757732488496,14557,154817.6692026055,1993.1380849568195,7535,192508.78252974345,99.0896732106323,62.00188454138574,-0.00936662531736876,2528.2570093615504,-0.01804206881849746,2574.7101062868587,0.00965446355482702,2550.090351922705,0.007736986220711728,2562.7861943416374,-0.0036017525519324023,2616.7559725844512,-0.0006931657785554934,2637.937790463951,-0.004090818399472007,2537.6290115368483,2586.889934687207,0.0073913864341448214,0.0073913864341448214,0.2865190663372873,-0.8784405857890656
2019-09-13,2481.4566153991677,5305,156596.74976183058,1978.1868097269733,13177,193406.58134971667,99.20030208163828,62.37041078506979,-0.009230767979398147,2504.5757732488496,-0.00936662531736876,2528.2570093615504,-0.01804206881849746,2574.7101062868587,0.00965446355482702,2530.511816864278,-0.01259347250606302,2613.2222373792424,-0.0013504259633804194,2609.868648826605,-0.01064056238885358,2527.817971243826,2580.4693330158357,0.007316658085456267,0.007316658085456267,0.29933274126326054,-0.852800272614811
2019-09-16,2499.127568911254,17689,153885.6848572627,1992.884355970776,13897,193862.6198157155,99.24317772548444,62.17855976780355,0.007121201878939054,2481.4566153991677,-0.009230767979398147,2504.5757732488496,-0.00936662531736876,2528.2570093615504,-0.01804206881849746,2550.090351922705,0.007736986220711728,2617.6907012345678,0.0017099440649972486,2621.186755441086,0.0043366575630423565,2517.625414641536,2574.366373689344,0.007478188584222478,0.007478188584222478,0.3265401588734823,0.1799869375682137
2019-09-17,2517.6909254422403,12425,152618.73500285228,1955.6358375461637,8969,195845.99149485808,99.39675332468404,62.37062386560217,0.007427934756877308,2499.127568911254,0.007121201878939054,2481.4566153991677,-0.009230767979398147,2504.5757732488496,-0.00936662531736876,2574.7101062868587,0.00965446355482702,2600.088751628437,-0.0067242281900720124,2607.6891012951287,-0.005149443899004402,2506.2215784726122,2569.8664648966997,0.0077545386854082346,0.0077545386854082346,0.3544250421407947,-0.01739235507980877
2019-09-18,2515.3869596768623,8868,154560.70620917142,1916.9160965507267,19006,197786.0178569507,99.41507676840624,62.2091290047437,-0.0009151106444780233,2517.6909254422403,0.007427934756877308,2499.127568911254,0.007121201878939054,2481.4566153991677,-0.009230767979398147,2528.2570093615504,-0.01804206881849746,2572.0500822892204,-0.010783735486589063,2610.65050296684,0.001135642155439598,2503.647568535675,2565.1032877322004,0.007728222986646601,0.007728222986646601,0.38205566307600797,-0.6848407806602888
2019-09-19,2511.8100923020024,8600,155055.00124508457,1935.4486450503216,18271,194930.0013875998,99.2926298652342,62.28351327299927,-0.0014219948787995706,2515.3869596768623,-0.0009151106444780233,2517.6909254422403,0.007427934756877308,2499.127568911254,0.007121201878939054,2504.5757732488496,-0.00936662531736876,2562.7861943416374,-0.0036017525519324023,2611.140920144318,0.00018785248232977558,2505.0944323463054,2560.1367463400848,0.007714488574833198,0.007714488574833198,0.4312363335686951,-0.6837576664432806
2019-09-20,2518.548727596946,12592,152975.4669722805,1910.75500336675,8568,197751.61653007704,99.15581394530962,62.24109462235612,0.002682780563544762,2511.8100923020024,-0.0014219948787995706,2515.3869596768623,-0.0009151106444780233,2517.6909254422403,0.007427934756877308,2481.4566153991677,-0.009230767979398147,2530.511816864278,-0.01259347250606302,2592.797804342998,-0.007024942874514051,2512.5128547858612,2556.424292502782,0.007680980317932896,0.007680980317932896,0.5276044070902433,-3.679151410858339e-05
2019-09-23,2539.326870368552,18557,158030.05446109016,1902.606584779088,14229,197973.78908801635,99.32090673853274,62.50301160238394,0.008250045966524455,2518.548727596946,0.002682780563544762,2511.8100923020024,-0.0014219948787995706,2515.3869596768623,-0.0009151106444780233,2499.127568911254,0.007121201878939054,2550.090351922705,0.007736986220711728,2591.310483140796,-0.0005736356300946044,2520.5527150773205,2553.82511186417,0.007979958363150958,0.007979958363150958,0.6681098937963419,-1.5573807510534075
2019-09-24,2545.6636822214573,16500,156142.6316388798,1882.6857525087453,15699,199466.2872486608,99.49327331061107,62.34256820091838,0.002495469144539575,2539.326870368552,0.008250045966524455,2518.548727596946,0.002682780563544762,2511.8100923020024,-0.0014219948787995706,2517.6909254422403,0.007427934756877308,2574.7101062868587,0.00965446355482702,2603.84440400122,0.004836904316163793,2526.147266433164,2550.916075775182,0.007906933275504442,0.007906933275504442,0.7424249129140554,-0.4409075280299315
2019-09-25,2576.2891783598097,19074,154578.54842311997,1934.5450979297905,17951,190840.83446727035,99.4753213892828,61.870809725917645,0.012030456478692164,2545.6636822214573,0.002495469144539575,2539.326870368552,0.008250045966524455,2518.548727596946,0.002682780563544762,2515.3869596768623,-0.0009151106444780233,2528.2570093615504,-0.01804206881849746,2618.571076443357,0.005655742109438977,2538.3277101697536,2548.801980871004,0.008311697897495172,0.008311697897495172,0.7166852428652807,-0.18796498369725143
2019-09-26,2612.729911742829,7775,154212.73887220403,1901.155909418651,18364,192653.06043195943,99.43700265716922,61.45622501650856,0.014144659570483054,2576.2891783598097,0.012030456478692164,2545.6636822214573,0.002495469144539575,2539.326870368552,0.008250045966524455,2511.8100923020024,-0.0014219948787995706,2504.5757732488496,-0.00936662531736876,2616.7559725844512,-0.0006931657785554934,2558.5116740579188,2548.6006778289234,0.008957069707118325,0.008957069707118325,0.6982783141406438,-0.33065412422611795
2019-09-27,2609.1979835119823,10985,152667.02418299176,1880.9166614391715,14252,192216.16045751117,99.58314708639344,61.29666176832573,-0.0013518152852204368,2612.729911742829,0.014144659570483054,2576.2891783598097,0.012030456478692164,2545.6636822214573,0.002495469144539575,2518.548727596946,0.002682780563544762,2481.4566153991677,-0.009230767979398147,2613.2222373792424,-0.0013504259633804194,2576.641525240926,2548.39946513556,0.008957080420030242,0.008957080420030242,0.7121405446887147,0.013523746845119589
2019-09-30,2621.957867962632,11184,152736.7200535138,1818.232990052143,5213,200558.43959248243,99.47244251818908,60.92194377712231,0.0048903473524362084,2609.1979835119823,-0.0013518152852204368,2612.729911742829,0.014144659570483054,2576.2891783598097,0.012030456478692164,2539.326870368552,0.008250045966524455,2499.127568911254,0.007121201878939054,2617.6907012345678,0.0017099440649972486,2593.167724759742,2548.6128234719636,0.009017788447414044,0.009017788447414044,0.6997991537650189,-0.11706836162365675
2019-10-01,2599.333323552578,6802,152685.91846054254,1775.5941626268072,7005,204663.5648200111,99.3829698162935,61.04500738182618,-0.008628874127422304,2621.957867962632,0.0048903473524362084,2609.1979835119823,-0.0013518152852204368,2612.729911742829,0.014144659570483054,2545.6636822214573,0.002495469144539575,2517.6909254422403,0.007427934756877308,2600.088751628437,-0.0067242281900720124,2603.901653025966,2548.5750520681704,0.009103522003952742,0.009103522003952742,0.7009074636692441,-0.046930207694952986
2019-10-02,2588.301353507613,13893,152935.27162339856,1764.649944259346,5786,206709.98941443785,99.4473024957624,60.90527693236876,-0.00424415366240416,2599.333323552578,-0.008628874127422304,2621.957867962632,0.0048903473524362084,2609.1979835119823,-0.0013518152852204368,2576.2891783598097,0.012030456478692164,2515.3869596768623,-0.0009151106444780233,2572.0500822892204,-0.010783735486589063,2606.304088055527,2549.3876156290903,0.008807496724786769,0.008807496724786769,0.7020342678708623,-0.08934918239259712
2019-10-03,2611.395263028236,6741,149552.88165588523,1687.7423135502502,6014,212233.27185662463,99.40784198347644,61.617658897376685,0.008922419133817971,2588.301353507613,-0.00424415366240416,2599.333323552578,-0.008628874127422304,2621.957867962632,0.0048903473524362084,2612.729911742829,0.014144659570483054,2511.8100923020024,-0.0014219948787995706,2562.7861943416374,-0.0036017525519324023,2606.0371583126084,2551.8180690634204,0.008955586383702429,0.008955586383702429,0.7227750361354336,1.590942550290726
2019-10-04,2630.0627619802426,16810,151643.4732148055,1622.1250951416491,19648,219314.28571472268,99.40732979680443,61.09634451883554,0.007148476990939789,2611.395263028236,0.008922419133817971,2588.301353507613,-0.00424415366240416,2599.333323552578,-0.008628874127422304,2609.1979835119823,-0.0013518152852204368,2518.548727596946,0.002682780563544762,2530.511816864278,-0.01259347250606302,2610.21011400626,2556.7956163192184,0.008454979845614302,0.008454979845614302,0.7471936442942694,0.0784133649318288
2019-10-07,2621.5784276229647,6112,149457.28522239003,1583.77258970281,15323,224099.57176408856,99.390985506952,61.157434472448486,-0.0032259056627568228,2630.0627619802426,0.007148476990939789,2611.395263028236,0.008922419133817971,2588.301353507613,-0.00424415366240416,2621.957867962632,0.0048903473524362084,2539.326870368552,0.008250045966524455,2550.090351922705,0.007736986220711728,2610.1342259383264,2560.3700201042316,0.008416373847645015,0.008416373847645015,0.7757308720468987,1.2022701899618153
2019-10-08,2640.65737372266,13601,149010.5801072174,1560.8876652417105,13119,224138.8410794905,99.42474296183188,60.819048565396784,0.007277656048228387,2621.5784276229647,-0.0032259056627568228,2630.0627619802426,0.007148476990939789,2611.395263028236,0.008922419133817971,2599.333323552578,-0.008628874127422304,2545.6636822214573,0.002495469144539575,2574.7101062868587,0.00965446355482702,2618.3990359723434,2563.6673834760213,0.008310047412973086,0.008310047412973086,0.8228342869013103,0.9218106731484094
2019-10-09,2660.4707373409706,12507,147554.37175291582,1574.1852376839,5287,220402.4982364836,99.56549114796326,60.67102816328198,0.007503193642414363,2640.65737372266,0.007277656048228387,2621.5784276229647,-0.0032259056627568228,2630.0627619802426,0.007148476990939789,2588.301353507613,-0.00424415366240416,2576.2891783598097,0.012030456478692164,2528.2570093615504,-0.01804206881849746,2632.832912739015,2570.2780698749925,0.007048360998692121,0.007048360998692121,0.8682608584313702,1.2219482008220803
2019-10-10,2661.8121482994275,7191,143439.34658547695,1540.0116051276204,5549,223007.10450357475,99.57454963865342,60.71345400528415,0.0005042006061670712,2660.4707373409706,0.007503193642414363,2640.65737372266,0.007277656048228387,2621.5784276229647,-0.0032259056627568228,2611.395263028236,0.008922419133817971,2612.729911742829,0.014144659570483054,2504.5757732488496,-0.00936662531736876,2642.916289793253,2578.1398886275215,0.006491749114126106,0.006491749114126106,0.915135015002116,1.9437309327150472
2019-10-11,2645.6837264548926,18631,148176.71992003135,1560.298368511127,14176,219937.0754783101,99.63894351798112,60.015842592821855,-0.006059188607595356,2661.8121482994275,0.0005042006061670712,2660.4707373409706,0.007503193642414363,2640.65737372266,0.007277656048228387,2630.0627619802426,0.007148476990939789,2609.1979835119823,-0.0013518152852204368,2481.4566153991677,-0.009230767979398147,2646.040482688183,2586.3512441803077,0.006208016227074381,0.006208016227074381,0.9691919167020182,0.47757931326761494
2019-10-14,2650.353140062764,17457,146654.8414967877,1621.9326645968508,16849,211900.0168330991,99.433926307878,60.086890427858265,0.0017649175376408532,2645.6837264548926,-0.006059188607595356,2661.8121482994275,0.0005042006061670712,2660.4707373409706,0.007503193642414363,2621.5784276229647,-0.0032259056627568228,2621.957867962632,0.0048903473524362084,2499.127568911254,0.007121201878939054,2651.795425176143,2593.912522737883,0.006146434789517882,0.006146434789517882,1.0561357790128694,1.2921852668848353
2019-10-15,2651.986446051786,14992,145997.86694432326,1744.0343908381983,19276,193383.979272515,99.429054467685,60.65776266654052,0.0006162597596270913,2650.353140062764,0.0017649175376408532,2645.6837264548926,-0.006059188607595356,2661.8121482994275,0.0005042006061670712,2640.65737372266,0.007277656048228387,2599.333323552578,-0.008628874127422304,2517.6909254422403,0.007427934756877308,2654.0612396419683,2600.62729876836,0.006074113442934368,0.006074113442934368,1.0973171282668517,1.1328935896798962
2019-10-16,2690.015700034495,17166,143568.12748299877,1727.7181136616252,9718,195481.14336958996,99.3447314406557,60.52173117702994,0.01433991264899781,2651.986446051786,0.0006162597596270913,2650.353140062764,0.0017649175376408532,2645.6837264548926,-0.006059188607595356,2660.4707373409706,0.007503193642414363,2588.301353507613,-0.00424415366240416,2515.3869596768623,-0.0009151106444780233,2659.970232180673,2609.358735786242,0.006546394905483426,0.006546394905483426,1.11774514526316,1.4488736974182024
2019-10-17,2725.1537371759878,11946,139150.33057360814,1766.3063181568757,11015,190975.20560997355,99.22285013461337,60.59967353407159,0.013062391100930215,2690.015700034495,0.01433991264899781,2651.986446051786,0.0006162597596270913,2650.353140062764,0.0017649175376408532,2661.8121482994275,0.0005042006061670712,2611.395263028236,0.008922419133817971,2511.8100923020024,-0.0014219948787995706,2672.638549955985,2620.025918029941,0.006783857847782306,0.006783857847782306,1.1032298114591286,2.0239396823622378
2019-10-18,2716.595984967726,15843,138282.63881783307,1776.0625814659224,17471,190041.14912880387,99.13503489792048,60.907150042009214,-0.0031402823596770046,2725.1537371759878,0.013062391100930215,2690.015700034495,0.01433991264899781,2651.986446051786,0.0006162597596270913,2645.6837264548926,-0.006059188607595356,2630.0627619802426,0.007148476990939789,2518.548727596946,0.002682780563544762,2686.8210016585517,2629.9282808984804,0.006970552202282903,0.006970552202282903,1.1046506481809333,1.3990611914579882
2019-10-21,2717.636502473885,10917,138208.07156802202,1800.769877728226,17190,185113.2877758809,99.1016225538504,60.85796399200112,0.0003830225443592905,2716.595984967726,-0.0031402823596770046,2725.1537371759878,0.013062391100930215,2690.015700034495,0.01433991264899781,2650.353140062764,0.0017649175376408532,2621.5784276229647,-0.0032259056627568228,2539.326870368552,0.008250045966524455,2700.2776741407756,2638.843762503747,0.006928954665174846,0.006928954665174846,1.109874118225974,0.6611771926923581
2019-10-22,2713.85830869603,15994,136788.86424122434,1810.8097350613004,16343,183500.16253908863,99.193212808086,60.68367593544167,-0.001390249863959192,2717.636502473885,0.0003830225443592905,2716.595984967726,-0.0031402823596770046,2725.1537371759878,0.013062391100930215,2651.986446051786,0.0006162597596270913,2640.65737372266,0.007277656048228387,2545.6636822214573,0.002495469144539575,2712.6520466696247,2647.2534938274757,0.007010291435801558,0.007010291435801558,1.1158758641796207,0.8501357095734116
2019-10-23,2723.827529122383,14286,136343.6950781,1762.3848989510675,11494,191066.3171768328,99.06057353631203,60.00095501432514,0.003673449123857697,2713.85830869603,-0.001390249863959192,2717.636502473885,0.0003830225443592905,2716.595984967726,-0.0031402823596770046,2690.015700034495,0.01433991264899781,2660.4707373409706,0.007503193642414363,2576.2891783598097,0.012030456478692164,2719.4144124872023,2654.6304113656042,0.006700165934164517,0.006700165934164517,1.1331093692450251,0.6423266228884975
2019-10-24,2724.167731650773,11836,138970.3952992537,1795.1086001862525,15867,189233.3753780471,99.06363668557148,60.19325223014364,0.00012489870403054049,2723.827529122383,0.003673449123857697,2713.85830869603,-0.001390249863959192,2717.636502473885,0.0003830225443592905,2725.1537371759878,0.013062391100930215,2661.8121482994275,0.0005042006061670712,2612.729911742829,0.014144659570483054,2719.2172113821593,2660.2023023610013,0.0061637583212106216,0.0061637583212106216,1.151585765711114,0.13600860978175755
2019-10-25,2730.396170666694,12497,136535.79289675565,1737.5601664647852,7246,194020.78380437623,99.01521974223812,60.15930170722497,0.002286363994241647,2724.167731650773,0.00012489870403054049,2723.827529122383,0.003673449123857697,2713.85830869603,-0.001390249863959192,2716.595984967726,-0.0031402823596770046,2645.6837264548926,-0.006059188607595356,2609.1979835119823,-0.0013518152852204368,2721.9772485219532,2666.262211718737,0.006109708437798161,0.006109708437798161,1.1691315594744276,0.9660465501489287
2019-10-28,2734.523543203387,14753,133132.1180427599,1702.5557743867798,16966,200807.002902638,98.98245243280192,59.855496551808514,0.0015116387068785375,2730.396170666694,0.002286363994241647,2724.167731650773,0.00012489870403054049,2723.827529122383,0.003673449123857697,2717.636502473885,0.0003830225443592905,2650.353140062764,0.0017649175376408532,2621.957867962632,0.0048903473524362084,2725.3546566678533,2671.890495480775,0.00608067886991202,0.00608067886991202,1.184884005334782,1.2935607439266947
2019-10-29,2747.976154358703,8248,132008.2351158457,1720.9935104684089,16991,197285.16191096013,99.0827282153324,59.89347556489183,0.00491954482847734,2734.523543203387,0.0015116387068785375,2730.396170666694,0.002286363994241647,2724.167731650773,0.00012489870403054049,2713.85830869603,-0.001390249863959192,2651.986446051786,0.0006162597596270913,2599.333323552578,-0.008628874127422304,2732.178225800388,2679.322637021081,0.0055516653967710205,0.0055516653967710205,1.1992889889884395,0.9420952667310862
2019-10-30,2743.2705450683698,19981,133298.26462395917,1726.8272116181602,18845,194333.51053199783,99.1365397590328,59.71837145784997,-0.0017123908745966254,2747.976154358703,0.00491954482847734,2734.523543203387,0.0015116387068785375,2730.396170666694,0.002286363994241647,2723.827529122383,0.003673449123857697,2690.015700034495,0.01433991264899781,2588.301353507613,-0.00424415366240416,2736.0668289895852,2687.071096599119,0.0054096662563686854,0.0054096662563686854,1.2112239544339929,0.5112639408131747
2019-10-31,2765.806748182237,7199,133131.4909496681,1687.7774095424456,15451,200650.6137394268,99.27027956977706,59.55984361851532,0.00821508587783315,2743.2705450683698,-0.0017123908745966254,2747.976154358703,0.00491954482847734,2734.523543203387,0.0015116387068785375,2724.167731650773,0.00012489870403054049,2725.1537371759878,0.013062391100930215,2611.395263028236,0.008922419133817971,2744.3946322958777,2694.7916708568187,0.005370567832106712,0.005370567832106712,1.2271431258608338,0.5667989389000135
2019-11-01,2822.845636071958,19623,126922.56682333276,1666.8604351452816,5782,203267.0462605109,99.25482900185206,59.74173096534793,0.020622875378841554,2765.806748182237,0.00821508587783315,2743.2705450683698,-0.0017123908745966254,2747.976154358703,0.00491954482847734,2730.396170666694,0.002286363994241647,2716.595984967726,-0.0031402823596770046,2630.0627619802426,0.007148476990939789,2762.884525376931,2704.4308145614045,0.006630294170774721,0.006630294170774721,1.2176929371977807,1.862919423776625
2019-11-04,2845.985301843637,16783,120721.37309299788,1698.191955779132,17904,203549.318646014,99.185234740685,59.34021624195077,0.00819728343483872,2822.845636071958,0.020622875378841554,2765.806748182237,0.00821508587783315,2743.2705450683698,-0.0017123908745966254,2734.523543203387,0.0015116387068785375,2717.636502473885,0.0003830225443592905,2621.5784276229647,-0.0032259056627568228,2785.1768771049806,2715.6511582724384,0.00650545611865032,0.00650545611865032,1.1935077371352547,2.1987283634456602
2019-11-05,2843.5088427718574,7796,122917.34231749488,1681.6244962680162,18818,204494.4309466572,99.16284885899694,59.6544108277729,-0.0008701587707341529,2845.985301843637,0.00819728343483872,2822.845636071958,0.020622875378841554,2765.806748182237,0.00821508587783315,2747.976154358703,0.00491954482847734,2713.85830869603,-0.001390249863959192,2640.65737372266,0.007277656048228387,2804.283414787612,2725.793731724898,0.006553242203914158,0.006553242203914158,1.1841507683975827,1.0219992143454697
2019-11-06,2817.1756094851203,8505,126433.49617343736,1632.6053792756402,9102,210040.18218264423,99.18709853812406,59.23510497883738,-0.009260823420217501,2843.5088427718574,-0.0008701587707341529,2845.985301843637,0.00819728343483872,2822.845636071958,0.020622875378841554,2743.2705450683698,-0.0017123908745966254,2723.827529122383,0.003673449123857697,2660.4707373409706,0.007503193642414363,2819.064427670962,2733.6289753321057,0.007094654744606652,0.007094654744606652,1.1803222590564517,0.6875075377866757
2019-11-07,2842.762143916892,14561,127857.44229567172,1608.437007319278,9763,213863.6713135197,99.20475587396945,59.0362945563308,0.009082335636310557,2817.1756094851203,-0.009260823420217501,2843.5088427718574,-0.0008701587707341529,2845.985301843637,0.00819728343483872,2765.806748182237,0.00821508587783315,2724.167731650773,0.00012489870403054049,2661.8121482994275,0.0005042006061670712,2834.4555068178934,2742.6764751129786,0.007201358807874522,0.007201358807874522,1.1758400842277696,0.6639566323413075
2019-11-08,2847.261806004933,8182,125774.11946257636,1679.563899781087,19048,204902.60739961197,99.0963170667461,59.61317841455077,0.001582848602958098,2842.762143916892,0.009082335636310557,2817.1756094851203,-0.009260823420217501,2843.5088427718574,-0.0008701587707341529,2822.845636071958,0.020622875378841554,2730.396170666694,0.002286363994241647,2645.6837264548926,-0.006059188607595356,2839.338740804488,2752.7553790904813,0.006872851207292554,0.006872851207292554,1.1634480551360709,0.8583566027950359
2019-11-11,2860.610446607864,18013,126170.08261630962,1652.9119763306198,17319,206717.7486659402,99.10536604490888,59.9513848430435,0.00468823786234851,2847.261806004933,0.001582848602958098,2842.762143916892,0.009082335636310557,2817.1756094851203,-0.009260823420217501,2845.985301843637,0.00819728343483872,2734.523543203387,0.0015116387068785375,2650.353140062764,0.0017649175376408532,2842.2637697573336,2763.2682444177362,0.006860595962011579,0.006860595962011579,1.1414391433943136,0.5210861273768668
2019-11-12,2851.0194382414275,17806,129065.18931892964,1667.4499021192062,17758,204391.204536943,99.12818887792278,59.98066604079214,-0.003352783801027437,2860.610446607864,0.00468823786234851,2847.261806004933,0.001582848602958098,2842.762143916892,0.009082335636310557,2843.5088427718574,-0.0008701587707341529,2747.976154358703,0.00491954482847734,2651.986446051786,0.0006162597596270913,2843.7658888512474,2773.219894027218,0.007014632159190291,0.007014632159190291,1.1086877979272889,0.10624197473294844
2019-11-13,2852.2311513711675,5901,125442.78405323916,1714.203128089359,17238,198191.17974435943,99.37993628167617,59.69850697614177,0.0004250104764236262,2851.0194382414275,-0.003352783801027437,2860.610446607864,0.00468823786234851,2847.261806004933,0.001582848602958098,2817.1756094851203,-0.009260823420217501,2743.2705450683698,-0.0017123908745966254,2690.015700034495,0.01433991264899781,2850.776997228457,2781.3306665940518,0.006574632726858947,0.006574632726858947,1.0659389490945845,1.0450926845827886
2019-11-14,2902.4440629782544,14824,124250.88852705428,1675.544687269393,9847,202175.5229026226,99.56762074280434,59.539725284131805,0.01760478339315097,2852.2311513711675,0.0004250104764236262,2851.0194382414275,-0.003352783801027437,2860.610446607864,0.00468823786234851,2842.762143916892,0.009082335636310557,2765.806748182237,0.00821508587783315,2725.1537371759878,0.013062391100930215,2862.7133810407295,2790.195182884165,0.007006533537495784,0.007006533537495784,1.0140995729596538,0.7676796140734874
2019-11-15,2878.005008040347,13624,129028.96666558756,1680.5997620499627,14370,200985.97118571048,99.48229640774844,59.56170787850751,-0.008420163974781292,2902.4440629782544,0.01760478339315097,2852.2311513711675,0.0004250104764236262,2851.0194382414275,-0.003352783801027437,2847.261806004933,0.001582848602958098,2822.845636071958,0.020622875378841554,2716.595984967726,-0.0031402823596770046,2868.862021447812,2798.2656340377957,0.007348318081188006,0.007348318081188006,0.9606086642556712,-0.12568479408955235
2019-11-18,2904.1457617957813,11587,128546.92323358593,1614.260645513928,19280,205290.6612098021,99.45355807159352,59.57296484820939,0.009082942414069484,2878.005008040347,-0.008420163974781292,2902.4440629782544,0.01760478339315097,2852.2311513711675,0.0004250104764236262,2860.610446607864,0.00468823786234851,2845.985301843637,0.00819728343483872,2717.636502473885,0.0003830225443592905,2877.5690844853953,2807.591097003891,0.007447346982839922,0.007447346982839922,0.9014554011180835,0.3754020920368245
2019-11-19,2920.261596450601,6732,128693.13358158658,1663.5268058308382,17816,200413.5756405528,99.30721387140984,59.5457035693216,0.005549251303713643,2904.1457617957813,0.009082942414069484,2878.005008040347,-0.008420163974781292,2902.4440629782544,0.01760478339315097,2851.0194382414275,-0.003352783801027437,2843.5088427718574,-0.0008701587707341529,2713.85830869603,-0.001390249863959192,2891.41751612723,2817.9112613916195,0.00737616368612632,0.00737616368612632,0.8215478412671787,0.2447069346331141
2019-11-20,2926.912093002838,7010,129899.89459224738,1657.3758815027663,8920,199405.6497440828,99.24814317001348,59.53645381509634,0.002277363288385015,2920.261596450601,0.005549251303713643,2904.1457617957813,0.009082942414069484,2878.005008040347,-0.008420163974781292,2852.2311513711675,0.0004250104764236262,2817.1756094851203,-0.009260823420217501,2723.827529122383,0.003673449123857697,2906.353704453564,2828.065489585642,0.007383006137047747,0.007383006137047747,0.7215881313747277,-0.022057129896807415
2019-11-21,2913.1648229419447,7753,130471.9532703252,1691.7504136765274,16083,194268.46709947824,99.27970367037253,59.47214128218481,-0.004696851023902604,2926.912093002838,0.002277363288385015,2920.261596450601,0.005549251303713643,2904.1457617957813,0.009082942414069484,2902.4440629782544,0.01760478339315097,2842.762143916892,0.009082335636310557,2724.167731650773,0.00012489870403054049,2908.4978564463026,2837.5153441502007,0.007579518631650082,0.007579518631650082,0.60951283162047,-0.17978371961523562
2019-11-22,2883.666013415821,6460,129753.37859378329,1668.1426511140862,5463,195033.07221094644,99.40028903246134,59.0395476614928,-0.010126035195060945,2913.1648229419447,-0.004696851023902604,2926.912093002838,0.002277363288385015,2920.261596450601,0.005549251303713643,2878.005008040347,-0.008420163974781292,2847.261806004933,0.001582848602958098,2730.396170666694,0.002286363994241647,2909.630057521397,2845.178836287657,0.008160272335653711,0.008160272335653711,0.47942380559189884,-0.05822677232973458
2019-11-25,2880.499828350211,10387,128270.04938682418,1657.7795782317085,7822,195407.5846677585,99.32738064868698,58.88459443884456,-0.0010979721822429456,2883.666013415821,-0.010126035195060945,2913.1648229419447,-0.004696851023902604,2926.912093002838,0.002277363288385015,2904.1457617957813,0.009082942414069484,2860.610446607864,0.00468823786234851,2734.523543203387,0.0015116387068785375,2904.900870832283,2852.477650544998,0.008202140930533394,0.008202140930533394,0.34953419972303257,0.1414025528002248
2019-11-26,2886.874701478629,8902,127641.64896954175,1631.1864153309116,14811,200112.5540948081,99.2619660046802,59.15898165504061,0.0022131135248388834,2880.499828350211,-0.0010979721822429456,2883.666013415821,-0.010126035195060945,2913.1648229419447,-0.004696851023902604,2920.261596450601,0.005549251303713643,2851.0194382414275,-0.003352783801027437,2747.976154358703,0.00491954482847734,2898.223491837889,2859.422577900995,0.00818478246440631,0.00818478246440631,0.2518594362699941,0.09550224126042521
2019-11-27,2862.8029186573176,13350,127780.4114621019,1618.1122429720467,18328,203743.9149184341,99.04723710170634,58.74848136577528,-0.008338353863776016,2886.874701478629,0.0022131135248388834,2880.499828350211,-0.0010979721822429456,2883.666013415821,-0.010126035195060945,2926.912093002838,0.002277363288385015,2852.2311513711675,0.0004250104764236262,2743.2705450683698,-0.0017123908745966254,2885.4016569687847,2865.399196580442,0.008492584203666524,0.008492584203666524,0.21747322937056499,-0.10508675056741434
2019-11-28,2876.407618096265,9447,129069.41367543374,1617.7536649136991,7778,203896.8289746578,99.03097050965184,58.691614712313495,0.00475223053263063,2862.8029186573176,-0.008338353863776016,2886.874701478629,0.0022131135248388834,2880.499828350211,-0.0010979721822429456,2913.1648229419447,-0.004696851023902604,2902.4440629782544,0.01760478339315097,2765.806748182237,0.00821508587783315,2878.050215999649,2870.9292400761433,0.008397598038358692,0.008397598038358692,0.20804674945875515,-0.5372183465670461
2019-11-29,2912.41831331312,13121,125907.53192073356,1642.5269325876975,17007,200619.90683878463,98.9247290684659,58.44568853368224,0.012519329663258416,2876.407618096265,0.00475223053263063,2862.8029186573176,-0.008338353863776016,2886.874701478629,0.0022131135248388834,2883.666013415821,-0.010126035195060945,2878.005008040347,-0.008420163974781292,2822.845636071958,0.020622875378841554,2883.8006759791087,2875.407873938201,0.007610125070317635,0.007610125070317635,0.21581109403878893,0.1980170361428114
2019-12-02,2895.0934468145674,8538,127065.68639305553,1624.2848319977682,6462,201292.6080950583,98.87178512572928,58.47909366250168,-0.005948618857173793,2912.41831331312,0.012519329663258416,2876.407618096265,0.00475223053263063,2862.8029186573176,-0.008338353863776016,2880.499828350211,-0.0010979721822429456,2904.1457617957813,0.009082942414069484,2845.985301843637,0.00819728343483872,2886.7193996719798,2877.863281186748,0.007621133057651488,0.007621133057651488,0.26112237831843316,-0.6772300921488924
2019-12-03,2928.037817206213,12559,121413.761872274,1616.8686613531756,16451,201132.7264869361,98.78409904791252,58.36250370818163,0.011379380664860328,2895.0934468145674,-0.005948618857173793,2912.41831331312,0.012519329663258416,2876.407618096265,0.00475223053263063,2886.874701478629,0.0022131135248388834,2920.261596450601,0.005549251303713643,2843.5088427718574,-0.0008701587707341529,2894.9520228174965,2882.0897299084654,0.007957593621070066,0.007957593621070066,0.3116781540426471,1.748625029282879
2019-12-04,2882.0123346481,7612,125594.02019711844,1608.324768046207,16883,202146.45368859693,98.77467279248728,58.80572180767403,-0.015718882552558044,2928.037817206213,0.011379380664860328,2895.0934468145674,-0.005948618857173793,2912.41831331312,0.012519329663258416,2862.8029186573176,-0.008338353863776016,2926.912093002838,0.002277363288385015,2817.1756094851203,-0.009260823420217501,2898.793906015653,2885.3315661666147,0.008527655164988872,0.008527655164988872,0.41596726620986946,-0.3335971952818748
2019-12-05,2869.51438933225,19358,125243.27316166874,1602.0682075213638,9088,202091.6552192933,98.5988999533516,58.9576967539311,-0.004336534290848459,2882.0123346481,-0.015718882552558044,2928.037817206213,0.011379380664860328,2895.0934468145674,-0.005948618857173793,2876.407618096265,0.00475223053263063,2913.1648229419447,-0.004696851023902604,2842.762143916892,0.009082335636310557,2897.41526026285,2886.6691784373825,0.008399521982041396,0.008399521982041396,0.48666469211615954,0.24240637844153834
2019-12-06,2884.030623847409,15539,127466.75143222208,1579.0012322573812,11679,202474.88197478864,98.45219542881252,58.56415580419794,0.005058777390740676,2869.51438933225,-0.004336534290848459,2882.0123346481,-0.015718882552558044,2928.037817206213,0.011379380664860328,2912.41831331312,0.012519329663258416,2883.666013415821,-0.010126035195060945,2847.261806004933,0.001582848602958098,2891.737722369708,2888.5076193295063,0.00845881631557427,0.00845881631557427,0.5459711116631855,-0.49523241582909194
2019-12-09,2855.8576300442937,12640,126138.084845371,1579.1400442189938,8986,202058.7373143177,98.66512014001536,58.76552420768205,-0.009768618117352523,2884.030623847409,0.005058777390740676,2869.51438933225,-0.004336534290848459,2882.0123346481,-0.015718882552558044,2895.0934468145674,-0.005948618857173793,2880.499828350211,-0.0010979721822429456,2860.610446607864,0.00468823786234851,2883.890559015653,2888.269978501328,0.00871179934070614,0.00871179934070614,0.6204851255445916,0.24327590513210332
2019-12-10,2899.245677562014,11678,123943.4342483928,1575.7521190389189,6161,199877.13961146248,98.53637788188794,58.53312865080344,0.015192650733449664,2855.8576300442937,-0.009768618117352523,2884.030623847409,0.005058777390740676,2869.51438933225,-0.004336534290848459,2928.037817206213,0.011379380664860328,2886.874701478629,0.0022131135248388834,2851.0194382414275,-0.003352783801027437,2878.132131086814,2890.6812904673575,0.00930800582923299,0.00930800582923299,0.6706149036112589,0.707702362606261
2019-12-11,2922.8132385670947,15996,121717.08995934918,1583.3767223323814,19041,202553.54978704877,98.42669932404247,58.36002973939017,0.008128859581468362,2899.245677562014,0.015192650733449664,2855.8576300442937,-0.009768618117352523,2884.030623847409,0.005058777390740676,2882.0123346481,-0.015718882552558044,2862.8029186573176,-0.008338353863776016,2852.2311513711675,0.0004250104764236262,2886.292311870612,2894.2103948271533,0.009446552708446868,0.009446552708446868,0.6917423210078283,1.0135940706822621
2019-12-12,2946.3975681119064,16103,119611.2781531226,1603.9546064281328,17600,200042.7294807956,98.6103906768746,58.45417544542231,0.008069051157156393,2922.8132385670947,0.008128859581468362,2899.245677562014,0.015192650733449664,2855.8576300442937,-0.009768618117352523,2869.51438933225,-0.004336534290848459,2876.407618096265,0.00475223053263063,2902.4440629782544,0.01760478339315097,2901.6689476265437,2896.408070083836,0.008796758458982633,0.008796758458982633,0.6947680187400381,1.2014280104647668
2019-12-13,2964.6891492261866,10014,122046.43006624668,1604.0258183397834,8522,198401.61248432583,98.90089739379864,58.30665121950327,0.006208117096024424,2946.3975681119064,0.008069051157156393,2922.8132385670947,0.008128859581468362,2899.245677562014,0.015192650733449664,2884.030623847409,0.005058777390740676,2912.41831331312,0.012519329663258416,2878.005008040347,-0.008420163974781292,2917.800652702299,2900.7422771431284,0.008596658803679963,0.008596658803679963,0.6909659283147814,-0.01456067249460663
2019-12-16,2992.104357866442,5201,122355.82815624164,1623.9732514798852,15111,196362.80652022903,98.78374073091612,58.57450796440016,0.00924724558303569,2964.6891492261866,0.006208117096024424,2946.3975681119064,0.008069051157156393,2922.8132385670947,0.008128859581468362,2855.8576300442937,-0.009768618117352523,2895.0934468145674,-0.005948618857173793,2904.1457617957813,0.009082942414069484,2945.049998266729,2905.1402069466612,0.008604341617798321,0.008604341617798321,0.671436925918213,0.20287061995809597
2019-12-17,2966.614506286972,16165,122579.61197700477,1626.3525656172253,13621,194112.84711147196,98.7469158352373,58.342154945946135,-0.008519038285698777,2992.104357866442,0.00924724558303569,2964.6891492261866,0.006208117096024424,2946.3975681119064,0.008069051157156393,2899.245677562014,0.015192650733449664,2928.037817206213,0.011379380664860328,2920.261596450601,0.005549251303713643,2958.5237640117202,2907.4578524384797,0.008830392512736332,0.008830392512736332,0.6850858809185008,0.1549849371145378
2019-12-18,2996.119777061941,11934,123619.4569847919,1621.9402389359018,13950,193709.31465602852,98.78107139033136,58.15647098016873,0.009945771758494537,2966.614506286972,-0.008519038285698777,2992.104357866442,0.00924724558303569,2964.6891492261866,0.006208117096024424,2922.8132385670947,0.008128859581468362,2882.0123346481,-0.015718882552558044,2926.912093002838,0.002277363288385015,2973.1850717106895,2910.9182366414348,0.00906027584693142,0.00906027584693142,0.6801017456551093,-0.1408012118507864
2019-12-19,2983.317000639968,16218,123382.45071509844,1619.486925011923,14559,196677.62521666737,98.95394115477193,57.95955971210429,-0.004273119025477667,2996.119777061941,0.009945771758494537,2966.614506286972,-0.008519038285698777,2992.104357866442,0.00924724558303569,2946.3975681119064,0.008069051157156393,2869.51438933225,-0.004336534290848459,2913.1648229419447,-0.004696851023902604,2980.568958216302,2914.425845526336,0.009046225264578253,0.009046225264578253,0.6843062030918469,0.04047228264243352
2019-12-20,2948.2177763515365,8387,127553.83568304566,1617.659497716871,11232,199014.12865872387,98.85525544692908,57.78986808759778,-0.011765167523565823,2983.317000639968,-0.004273119025477667,2996.119777061941,0.009945771758494537,2966.614506286972,-0.008519038285698777,2964.6891492261866,0.006208117096024424,2884.030623847409,0.005058777390740676,2883.666013415821,-0.010126035195060945,2977.274683641372,2917.653433673122,0.009161211343875394,0.009161211343875394,0.6694292651989674,-1.055692987911733
2019-12-23,2979.728264334105,15043,122108.68670642017,1624.3691366941996,14917,195327.29336451244,98.83072766233488,58.11962555426213,0.010687978423888023,2948.2177763515365,-0.011765167523565823,2983.317000639968,-0.004273119025477667,2996.119777061941,0.009945771758494537,2992.104357866442,0.00924724558303569,2855.8576300442937,-0.009768618117352523,2880.499828350211,-0.0010979721822429456,2974.7994649349043,2922.6148554723163,0.009385496421509666,0.009385496421509666,0.6773139435789297,1.251199004835154
2019-12-24,2986.106558986948,11923,121265.80960633208,1617.3933897323118,19863,193499.68353272483,98.90846141994106,58.30826444234522,0.0021405625234987014,2979.728264334105,0.010687978423888023,2948.2177763515365,-0.011765167523565823,2983.317000639968,-0.004273119025477667,2966.614506286972,-0.008519038285698777,2899.245677562014,0.015192650733449664,2886.874701478629,0.0022131135248388834,2978.6978754749,2927.5764483477324,0.009385316615957326,0.009385316615957326,0.6715655291670722,0.8528997022975618
2019-12-25,2992.422300982657,16314,120502.0781639662,1633.6947970776398,15888,190023.4263417942,98.95193802738773,58.82124762854884,0.0021150424041971316,2986.106558986948,0.0021405625234987014,2979.728264334105,0.010687978423888023,2948.2177763515365,-0.011765167523565823,2996.119777061941,0.009945771758494537,2922.8132385670947,0.008128859581468362,2862.8029186573176,-0.008338353863776016,2977.9583802590428,2934.0574174639996,0.0090810607094517,0.0090810607094517,0.6704756926200783,0.9330062236225118
2019-12-26,3014.418893510268,12014,118620.30447744006,1628.0821407965184,15392,194818.9293954847,98.91432242026472,59.50154088971861,0.007350764803613297,2992.422300982657,0.0021150424041971316,2986.106558986948,0.0021405625234987014,2979.728264334105,0.010687978423888023,2983.317000639968,-0.004273119025477667,2946.3975681119064,0.008069051157156393,2876.407618096265,0.00475223053263063,2984.178758833103,2940.957981234699,0.009137075270413162,0.009137075270413162,0.6708149120074456,1.3262159559737434
2019-12-27,3037.510392072348,13585,114165.2383588719,1608.5307640528583,17955,196897.5406465989,98.9009401238131,59.19232578013892,0.007660348272031436,3014.418893510268,0.007350764803613297,2992.422300982657,0.0021150424041971316,2986.106558986948,0.0021405625234987014,2948.2177763515365,-0.011765167523565823,2964.6891492261866,0.006208117096024424,2912.41831331312,0.012519329663258416,3002.037281977265,2947.212585172661,0.008915354902011141,0.008915354902011141,0.6710004982042801,2.06470374513721
2019-12-30,3042.3524537108187,18321,110354.25737115828,1605.3795297750562,16115,197337.6131602184,98.7634505429761,59.213451518337095,0.0015940889127845637,3037.510392072348,0.007660348272031436,3014.418893510268,0.007350764803613297,2992.422300982657,0.0021150424041971316,2979.728264334105,0.010687978423888023,2992.104357866442,0.00924724558303569,2895.0934468145674,-0.005948618857173793,3014.5621198526082,2954.5755355174733,0.008712284090965942,0.008712284090965942,0.672497987386207,2.0609073560228914
2019-12-31,3038.926014750361,17834,110896.53237846291,1592.2597069278827,12806,197480.9869611048,98.73963316857864,58.86059142334407,-0.0011262465518346865,3042.3524537108187,0.0015940889127845637,3037.510392072348,0.007660348272031436,3014.418893510268,0.007350764803613297,2986.106558986948,0.0021405625234987014,2966.614506286972,-0.008519038285698777,2928.037817206213,0.011379380664860328,3025.126011005291,2960.119945394681,0.008488870540321058,0.008488870540321058,0.6719806544217953,1.0739937591597069
2020-01-01,3065.217442985989,13200,110729.4769970992,1613.0558256820152,16368,197050.1641259901,98.71299441957774,58.62730964501959,0.00865155259062389,3038.926014750361,-0.0011262465518346865,3042.3524537108187,0.0015940889127845637,3037.510392072348,0.007660348272031436,2992.422300982657,0.0021150424041971316,2996.119777061941,0.009945771758494537,2882.0123346481,-0.015718882552558044,3039.685039405957,2969.2802008115755,0.007521492435059642,0.007521492435059642,0.6830881798700842,0.7402274464029792
2020-01-02,3070.236949935157,17488,110818.00833461244,1621.7175773291028,6542,197435.4206448175,98.73621140854036,58.438284891942885,0.0016375696153805297,3065.217442985989,0.00865155259062389,3038.926014750361,-0.0011262465518346865,3042.3524537108187,0.0015940889127845637,3014.418893510268,0.007350764803613297,2983.317000639968,-0.004273119025477667,2869.51438933225,-0.004336534290848459,3050.848650690935,2979.316328841721,0.007326159729646712,0.007326159729646712,0.6908282641769257,0.598048565641925
2020-01-03,3080.6390515166604,13483,109803.74128740883,1619.3658172917162,8352,193793.35279323297,98.68067868665848,58.1211384297014,0.0033880452066485933,3070.236949935157,0.0016375696153805297,3065.217442985989,0.00865155259062389,3038.926014750361,-0.0011262465518346865,3037.510392072348,0.007660348272031436,2948.2177763515365,-0.011765167523565823,2884.030623847409,0.005058777390740676,3059.474382579797,2989.1467502251835,0.007315909864387106,0.007315909864387106,0.6908712581950565,0.6249018917224645
2020-01-06,3098.141411875333,6445,106003.32431306515,1653.6541608963696,8120,187426.22753275972,98.72783253891298,57.80557224783188,0.0056814057297804865,3080.6390515166604,0.0033880452066485933,3070.236949935157,0.0016375696153805297,3065.217442985989,0.00865155259062389,3042.3524537108187,0.0015940889127845637,2979.728264334105,0.010687978423888023,2855.8576300442937,-0.009768618117352523,3070.6321742126997,3001.2609393167354,0.0066451475049707056,0.0066451475049707056,0.6901194734660601,1.2308517196787316
2020-01-07,3099.654823391222,15004,105761.3149650306,1649.831703634615,15676,183850.5357879569,98.82910412069496,57.76228693427581,0.0004884901347912418,3098.141411875333,0.0056814057297804865,3080.6390515166604,0.0033880452066485933,3070.236949935157,0.0016375696153805297,3038.926014750361,-0.0011262465518346865,2986.106558986948,0.0021405625234987014,2899.245677562014,0.015192650733449664,3082.777935940872,3011.2813966081953,0.006148213153429778,0.006148213153429778,0.692336258930885,0.6700726789143269
2020-01-08,3055.3853609244484,11725,107899.48172072804,1641.0588080898465,17086,182252.61178403007,98.8446470534618,57.397271408759885,-0.014282062032423437,3099.654823391222,0.0004884901347912418,3098.141411875333,0.0056814057297804865,3080.6390515166604,0.0033880452066485933,3065.217442985989,0.00865155259062389,2992.422300982657,0.0021150424041971316,2922.8132385670947,0.008128859581468362,3080.811519528564,3017.910002726064,0.007188614239719284,0.007188614239719284,0.6592490507608855,0.23642338925362025
2020-01-09,3052.896272002494,7007,106997.72086377992,1662.3046153494051,17334,177709.69253445475,98.87982269430174,57.64990949650117,-0.0008146562963178283,3055.3853609244484,-0.014282062032423437,3099.654823391222,0.0004884901347912418,3098.141411875333,0.0056814057297804865,3070.236949935157,0.0016375696153805297,3014.418893510268,0.007350764803613297,2946.3975681119064,0.008069051157156393,3077.3433839420313,3023.234937920593,0.0070835004243724525,0.0070835004243724525,0.6342145226991618,0.6010713465527457
2020-01-10,3070.3445304163542,6810,106597.4497593382,1639.258528719827,8836,177530.84577010167,98.88513822905952,57.37458343527592,0.005715313217116158,3052.896272002494,-0.0008146562963178283,3055.3853609244484,-0.014282062032423437,3099.654823391222,0.0004884901347912418,3080.6390515166604,0.0033880452066485933,3037.510392072348,0.007660348272031436,2964.6891492261866,0.006208117096024424,3075.2844797219705,3028.517706980101,0.007068203256045092,0.007068203256045092,0.6168093610646508,0.37089475176530584
2020-01-13,3094.4634194389005,9937,105764.08749358496,1644.9028328263355,18460,175290.2382999936,98.88514666836866,58.21745412630484,0.007855434067288725,3070.3445304163542,0.005715313217116158,3052.896272002494,-0.0008146562963178283,3055.3853609244484,-0.014282062032423437,3098.141411875333,0.0056814057297804865,3042.3524537108187,0.0015940889127845637,2992.104357866442,0.00924724558303569,3074.548881234684,3033.635660058724,0.006997270672791586,0.006997270672791586,0.6009627162637551,0.39767743521875637
2020-01-14,3077.642175845831,19258,108055.6316456886,1626.2782281043762,11035,178684.14794757444,98.81299086501436,58.08203879101552,-0.005435916122776385,3094.4634194389005,0.007855434067288725,3070.3445304163542,0.005715313217116158,3052.896272002494,-0.0008146562963178283,3099.654823391222,0.0004884901347912418,3038.926014750361,-0.0011262465518346865,2966.614506286972,-0.008519038285698777,3070.146351725606,3039.1870435366673,0.006791057171275564,0.006791057171275564,0.5788420971473646,-0.1034835932026074
2020-01-15,3055.743028701064,10051,109341.8033593494,1629.997614022493,17706,180192.92076278743,98.8446402911817,58.10364408359063,-0.007115559864833365,3077.642175845831,-0.005435916122776385,3094.4634194389005,0.007855434067288725,3070.3445304163542,0.005715313217116158,3055.3853609244484,-0.014282062032423437,3065.217442985989,0.00865155259062389,2996.119777061941,0.009945771758494537,3070.217885280929,3042.1682061186234,0.006793584993033006,0.006793584993033006,0.5450172684227997,-0.09914703829569398
2020-01-16,3030.442533491768,11523,109692.01205964638,1635.469184726488,16784,179444.52176314025,98.83491163134036,57.71504172825082,-0.008279654071582931,3055.743028701064,-0.007115559864833365,3077.642175845831,-0.005435916122776385,3094.4634194389005,0.007855434067288725,3052.896272002494,-0.0008146562963178283,3070.236949935157,0.0016375696153805297,2983.317000639968,-0.004273119025477667,3065.7271375787836,3044.5244827612128,0.0070130268685415905,0.0070130268685415905,0.49695099163910644,-0.04174726073616815
2020-01-17,2956.37420846455,17023,114544.88292528788,1659.9617463513987,14269,177608.91644998704,99.04422846223342,58.22686925568912,-0.024441422072397412,3030.442533491768,-0.008279654071582931,3055.743028701064,-0.007115559864833365,3077.642175845831,-0.005435916122776385,3070.3445304163542,0.005715313217116158,3080.6390515166604,0.0033880452066485933,2948.2177763515365,-0.011765167523565823,3042.933073188423,3044.9323043668637,0.008601917524317021,0.008601917524317021,0.4378996428779872,-0.9851849891466561
2020-01-20,2949.111216334029,8301,114724.70344282695,1684.27672952617,6704,171688.95403475105,99.20156395248094,58.56271945993,-0.002456722870104233,2956.37420846455,-0.024441422072397412,3030.442533491768,-0.008279654071582931,3055.743028701064,-0.007115559864833365,3094.4634194389005,0.007855434067288725,3098.141411875333,0.0056814057297804865,2979.728264334105,0.010687978423888023,3013.8626325674486,3043.40145196686,0.0082512926967791,0.0082512926967791,0.4265532189018205,-0.7357568342113633
2020-01-21,2914.7244978117005,18419,114076.6331018846,1682.4502005334823,13914,174636.04797947124,99.2401486077366,58.65179422115082,-0.011660027716782317,2949.111216334029,-0.002456722870104233,2956.37420846455,-0.024441422072397412,3030.442533491768,-0.008279654071582931,3077.642175845831,-0.005435916122776385,3099.654823391222,0.0004884901347912418,2986.106558986948,0.0021405625234987014,2981.279096960622,3039.8323489080976,0.008590368064494362,0.008590368064494362,0.47436557464461626,-0.6117187765784153
2020-01-22,2902.5502725737306,17564,114528.06555905683,1694.4175432929308,14325,177555.12602650843,99.16384288676711,58.24775345651695,-0.004176801357078541,2914.7244978117005,-0.011660027716782317,2949.111216334029,-0.002456722870104233,2956.37420846455,-0.024441422072397412,3055.743028701064,-0.007115559864833365,3055.3853609244484,-0.014282062032423437,2992.422300982657,0.0021150424041971316,2950.6405457351557,3035.3387474876513,0.008578790672525904,0.008578790672525904,0.5675448427731589,-0.8918270913083282
2020-01-23,2911.835253298869,7227,110869.84896697928,1688.6374132409949,5949,177670.52825432344,99.05260173956876,58.31095351983434,0.0031989043610620715,2902.5502725737306,-0.004176801357078541,2914.7244978117005,-0.011660027716782317,2949.111216334029,-0.002456722870104233,3030.442533491768,-0.008279654071582931,3052.896272002494,-0.0008146562963178283,3014.418893510268,0.007350764803613297,2926.919089696576,3030.2095654770815,0.0084020556259872,0.0084020556259872,0.6692903601374488,0.20018903392294357
2020-01-24,2892.5087861162947,6308,108590.13311951108,1711.7755900612538,15162,175796.39118547778,99.17171603487766,57.974524206029166,-0.006637211758693695,2911.835253298869,0.0031989043610620715,2902.5502725737306,-0.004176801357078541,2914.7244978117005,-0.011660027716782317,2956.37420846455,-0.024441422072397412,3070.3445304163542,0.005715313217116158,3037.510392072348,0.007660348272031436,2914.146005226925,3022.9594851792785,0.00816910909274678,0.00816910909274678,0.7631944072710874,0.21170158158451202
2020-01-27,2936.960323573383,7617,104234.35290032036,1703.7688589548166,8345,177185.63764582414,99.19799095739238,58.41323078507117,0.015367814151663328,2892.5087861162947,-0.006637211758693695,2911.835253298869,0.0031989043610620715,2902.5502725737306,-0.004176801357078541,2949.111216334029,-0.002456722870104233,3094.4634194389005,0.007855434067288725,3042.3524537108187,0.0015940889127845637,2911.715826674795,3017.6898786724073,0.009056855542640569,0.009056855542640569,0.8232703531385605,1.1465142316611567
2020-01-28,2944.8481189637087,7311,102818.71756246184,1698.0091471960495,7737,173247.4057879485,99.24600529773151,58.655989204627126,0.0026857003572757776,2936.960323573383,0.015367814151663328,2892.5087861162947,-0.006637211758693695,2911.835253298869,0.0031989043610620715,2914.7244978117005,-0.011660027716782317,3077.642175845831,-0.005435916122776385,3038.926014750361,-0.0011262465518346865,2917.7405509051973,3012.9859838830744,0.009110009056288774,0.009110009056288774,0.8681328154531228,0.8025519610079542
2020-01-29,2944.9029769133126,18275,104632.38468865052,1700.4937307677965,5339,174758.5556826301,99.07154669903412,58.68462091617344,1.8628447847834906e-05,2944.8481189637087,0.0026857003572757776,2936.960323573383,0.015367814151663328,2892.5087861162947,-0.006637211758693695,2902.5502725737306,-0.004176801357078541,3055.743028701064,-0.007115559864833365,3065.217442985989,0.00865155259062389,2926.2110917731134,3006.9702605794405,0.00880142085676545,0.00880142085676545,0.9171937862565853,0.18649542569993216
2020-01-30,2912.1969131399765,15182,106638.73334893462,1686.4486835041762,19021,177117.82460700403,99.16429054718994,57.95370821719925,-0.011105990258333365,2944.9029769133126,1.8628447847834906e-05,2944.8481189637087,0.0026857003572757776,2936.960323573383,0.015367814151663328,2911.835253298869,0.0031989043610620715,3030.442533491768,-0.008279654071582931,3070.236949935157,0.0016375696153805297,2926.283423741335,2999.0682587396814,0.008986369645480781,0.008986369645480781,0.9748160256872511,0.006781541529350562
2020-01-31,2963.538076711509,5527,104557.38059027432,1678.105027044038,12980,174591.76752758198,99.20973258101137,57.65868342360154,0.01762970194078517,2912.1969131399765,-0.011105990258333365,2944.9029769133126,1.8628447847834906e-05,2944.8481189637087,0.0026857003572757776,2892.5087861162947,-0.006637211758693695,2956.37420846455,-0.024441422072397412,3080.6390515166604,0.0033880452066485933,2940.489281860378,2993.2132099994237,0.009993665943479705,0.009993665943479705,1.00242905187532,0.8326835255099743
2020-02-03,2964.3961207211264,12611,107793.69918528554,1695.3691501043136,15010,171445.56602538604,99.09868951256992,57.8650117630815,0.0002895336545059024,2963.538076711509,0.01762970194078517,2912.1969131399765,-0.011105990258333365,2944.9029769133126,1.8628447847834906e-05,2936.960323573383,0.015367814151663328,2949.111216334029,-0.002456722870104233,3098.141411875333,0.0056814057297804865,2945.9764412899267,2986.5259454417132,0.00985041665903578,0.00985041665903578,1.0204141674013034,-0.30215213536377084
2020-02-04,2968.0358240183214,5475,108161.28948745225,1686.9395797556472,9098,174541.37046384823,99.05153703182492,58.22887687059845,0.0012278059844139655,2964.3961207211264,0.0002895336545059024,2963.538076711509,0.01762970194078517,2912.1969131399765,-0.011105990258333365,2944.8481189637087,0.0026857003572757776,2914.7244978117005,-0.011660027716782317,3099.654823391222,0.0004884901347912418,2950.6139823008493,2979.944995473069,0.009862250311832625,0.009862250311832625,1.0436449582915455,0.04872615319258755
2020-02-05,2962.844151905499,9009,109640.39838637692,1699.3075397879072,12625,173976.9176197327,99.07790875226058,58.56162781404609,-0.001749194558505529,2968.0358240183214,0.0012278059844139655,2964.3961207211264,0.0002895336545059024,2963.538076711509,0.01762970194078517,2944.9029769133126,1.8628447847834906e-05,2902.5502725737306,-0.004176801357078541,3055.3853609244484,-0.014282062032423437,2954.2022172992865,2975.3179350221208,0.009437900330395764,0.009437900330395764,1.0673291520165047,-0.33864753067117515
2020-02-06,2980.522704038649,9912,107417.14155957484,1701.550025546653,7494,170713.86701418017,99.0831554320962,58.08402391337365,0.005966750604070814,2962.844151905499,-0.001749194558505529,2968.0358240183214,0.0012278059844139655,2964.3961207211264,0.0002895336545059024,2912.1969131399765,-0.011105990258333365,2911.835253298869,0.0031989043610620715,3052.896272002494,-0.0008146562963178283,2967.8673754790207,2971.6992566239287,0.009584280271418801,0.009584280271418801,1.0757234635841155,0.5741177558774943
2020-02-07,3022.0413376036176,13644,106650.9506383658,1706.1267135288574,11543,168818.76580602623,99.05393831351584,58.17448960541752,0.013929983995327522,2980.522704038649,0.005966750604070814,2962.844151905499,-0.001749194558505529,2968.0358240183214,0.0012278059844139655,2963.538076711509,0.01762970194078517,2892.5087861162947,-0.006637211758693695,3070.3445304163542,0.005715313217116158,2979.568027657443,2969.284096983292,0.010058497401081092,0.010058497401081092,1.0721651635982958,0.49289398045547617
2020-02-10,3015.2729425498937,16172,107599.31849847556,1696.8308763442217,7101,168336.9103547944,99.04358948670924,58.4791441703624,-0.00223967652907453,3022.0413376036176,0.013929983995327522,2980.522704038649,0.005966750604070814,2962.844151905499,-0.001749194558505529,2964.3961207211264,0.0002895336545059024,2936.960323573383,0.015367814151663328,3094.4634194389005,0.007855434067288725,2989.743392023196,2965.3245731388415,0.009855473838379166,0.009855473838379166,1.0704246398119364,0.1581430701806861
2020-02-11,2995.4853622760397,8110,109416.50038865872,1697.7619468265314,7223,168344.60203477758,99.01839174888856,57.98164350068773,-0.006562450780034701,3015.2729425498937,-0.00223967652907453,3022.0413376036176,0.013929983995327522,2980.522704038649,0.005966750604070814,2968.0358240183214,0.0012278059844139655,2944.8481189637087,0.0026857003572757776,3077.642175845831,-0.005435916122776385,2995.23329967474,2961.216732460352,0.009883840047888101,0.009883840047888101,1.074889072819833,-0.2483998954520133
2020-02-12,2988.326827700208,13440,107992.9233532748,1699.9503680887915,17867,166485.31708522906,99.0336480000988,57.97927214607576,-0.0023897745140014637,2995.4853622760397,-0.006562450780034701,3015.2729425498937,-0.00223967652907453,3022.0413376036176,0.013929983995327522,2962.844151905499,-0.001749194558505529,2944.9029769133126,1.8628447847834906e-05,3055.743028701064,-0.007115559864833365,3000.329834833682,2957.845922410309,0.009793708340761854,0.009793708340761854,1.084766846481199,0.368203362396733
2020-02-13,3032.971177933754,9638,103501.51941562133,1699.9949495194676,13372,166405.80943925696,99.18079719739812,58.0614248655683,0.014939580844945288,2988.326827700208,-0.0023897745140014637,2995.4853622760397,-0.006562450780034701,3015.2729425498937,-0.00223967652907453,2980.522704038649,0.005966750604070814,2912.1969131399765,-0.011105990258333365,3030.442533491768,-0.008279654071582931,3010.8195296127024,2957.9723546324085,0.010259146753445634,0.010259146753445634,1.0943374702778965,1.648778205858636
2020-02-14,3025.591807308272,14132,103055.18034296011,1689.7650282941238,15740,167090.92860053066,98.924131353305,57.97119549011428,-0.002433050033304074,3032.971177933754,0.014939580844945288,2988.326827700208,-0.0023897745140014637,2995.4853622760397,-0.006562450780034701,3022.0413376036176,0.013929983995327522,2963.538076711509,0.01762970194078517,2956.37420846455,-0.024441422072397412,3011.5296235536334,2961.4332345745947,0.008522512358145431,0.008522512358145431,1.0943640594300266,0.4701224576322863
2020-02-17,2980.610702273492,14165,106655.03144248322,1701.978728871508,18640,162500.55155851846,98.90044632685402,57.41554693349392,-0.014866878250439863,3025.591807308272,-0.002433050033304074,3032.971177933754,0.014939580844945288,2988.326827700208,-0.0023897745140014637,3015.2729425498937,-0.00223967652907453,2964.3961207211264,0.0002895336545059024,2949.111216334029,-0.002456722870104233,3004.5971754983534,2963.008208871568,0.009224992550924816,0.009224992550924816,1.0825044058467082,-0.14669003690844973
2020-02-18,3003.877515161128,11159,107658.62724434948,1690.8678472063318,19358,164488.9841263657,98.91809756899129,57.3178375004718,0.007806055607962881,2980.610702273492,-0.014866878250439863,3025.591807308272,-0.002433050033304074,3032.971177933754,0.014939580844945288,2995.4853622760397,-0.006562450780034701,2968.0358240183214,0.0012278059844139655,2914.7244978117005,-0.011660027716782317,3006.275606075371,2967.4658597390394,0.008887261285271472,0.008887261285271472,1.0799914059475597,-0.0037742830887740886
2020-02-19,2993.019579986317,18243,105722.89638703354,1711.6492583584625,19306,162393.96928493195,98.94769696795998,57.21964587139529,-0.003614639784747964,3003.877515161128,0.007806055607962881,2980.610702273492,-0.014866878250439863,3025.591807308272,-0.002433050033304074,2988.326827700208,-0.0023897745140014637,2962.844151905499,-0.001749194558505529,2902.5502725737306,-0.004176801357078541,3007.2141565325924,2971.9893251096682,0.008869082764221629,0.008869082764221629,1.0776305621327038,0.665921886407981
2020-02-20,3009.4406860516383,17325,104284.62372568644,1727.846237895396,9359,158995.71514679692,98.91050550982786,57.17522415003096,0.0054864679720527665,2993.019579986317,-0.003614639784747964,3003.877515161128,0.007806055607962881,2980.610702273492,-0.014866878250439863,3032.971177933754,0.014939580844945288,2980.522704038649,0.005966750604070814,2911.835253298869,0.0031989043610620715,3002.508058156169,2976.869596747307,0.008905827799780695,0.008905827799780695,1.0753688289344232,0.6600365350475135
2020-02-21,3019.7230398838105,15547,103386.30321242395,1728.2099419967735,6817,160338.25088515566,98.73483333158,57.006182722403445,0.0034166992823050357,3009.4406860516383,0.0054864679720527665,2993.019579986317,-0.003614639784747964,3003.877515161128,0.007806055607962881,3025.591807308272,-0.002433050033304074,3022.0413376036176,0.013929983995327522,2892.5087861162947,-0.006637211758693695,3001.334304671277,2983.230309435683,0.008692397472472989,0.008692397472472989,1.0779323743867815,0.6240912867728426
2020-02-24,3021.050225750985,16541,108268.253229821,1702.8402714375077,14244,167747.3546106842,98.7676328799514,56.87327907643101,0.0004395058254169637,3019.7230398838105,0.0034166992823050357,3009.4406860516383,0.0054864679720527665,2993.019579986317,-0.003614639784747964,2980.610702273492,-0.014866878250439863,3015.2729425498937,-0.00223967652907453,2936.960323573383,0.015367814151663328,3009.422209366776,2987.434804544563,0.00812361407561489,0.00812361407561489,1.0747241922860926,-1.0181212384327833
2020-02-25,3004.0366648992003,14648,109357.89058674332,1713.8454535913206,15654,163093.39585146055,98.94036790136782,56.86136719172691,-0.005631670968845093,3021.050225750985,0.0004395058254169637,3019.7230398838105,0.0034166992823050357,3009.4406860516383,0.0054864679720527665,3003.877515161128,0.007806055607962881,2995.4853622760397,-0.006562450780034701,2944.8481189637087,0.0026857003572757776,3009.4540393143902,2990.3942318413374,0.008268293960961036,0.008268293960961036,1.0900457196952176,-0.7948081256654383
2020-02-26,2961.935167828323,10623,111438.18915620488,1706.053524111882,9335,164299.90706932644,98.78698176087622,56.99410357321782,-0.014014974438499417,3004.0366648992003,-0.005631670968845093,3021.050225750985,0.0004395058254169637,3019.7230398838105,0.0034166992823050357,2993.019579986317,-0.003614639784747964,2988.326827700208,-0.0023897745140014637,2944.9029769133126,1.8628447847834906e-05,3003.2371568827916,2991.2458413870877,0.008927634504582213,0.008927634504582213,1.0583681571451902,-1.2265971689511632
2020-02-27,2949.4828196635717,16199,114100.60787379633,1728.2419451702676,7888,163222.13979440153,98.87336456224602,56.90277554436082,-0.004204125836380523,2961.935167828323,-0.014014974438499417,3004.0366648992003,-0.005631670968845093,3021.050225750985,0.0004395058254169637,3009.4406860516383,0.0054864679720527665,3032.971177933754,0.014939580844945288,2912.1969131399765,-0.011105990258333365,2991.2455836051786,2993.110136713268,0.008589460305745453,0.008589460305745453,1.0202993444323825,-1.4463477864509793
2020-02-28,2954.182331096505,11186,111865.44515583142,1710.1525880769248,12844,165237.51408386303,98.84051203993374,56.77988086585042,0.0015933340589755485,2949.4828196635717,-0.004204125836380523,2961.935167828323,-0.014014974438499417,3004.0366648992003,-0.005631670968845093,3019.7230398838105,0.0034166992823050357,3025.591807308272,-0.002433050033304074,2963.538076711509,0.01762970194078517,2978.137441847717,2992.6423494325177,0.007616469941308012,0.007616469941308012,0.9954795743034234,-0.3060289456537775
2020-03-02,2929.488779645031,10675,114945.26753044814,1705.1157421293506,14962,164500.76746485484,98.83437960535086,56.80758707732676,-0.008358844744125293,2954.182331096505,0.0015933340589755485,2949.4828196635717,-0.004204125836380523,2961.935167828323,-0.014014974438499417,3021.050225750985,0.0004395058254169637,2980.610702273492,-0.014866878250439863,2964.3961207211264,0.0002895336545059024,2959.8251526265262,2990.896982378713,0.007833768195397665,0.007833768195397665,0.9824051871294128,-1.3458475439398108
2020-03-03,2920.6143882270503,15037,112493.5394198801,1707.6408897722686,14326,168453.20940923493,98.72908975428048,56.231312299558205,-0.0030293310831714937,2929.488779645031,-0.008358844744125293,2954.182331096505,0.0015933340589755485,2949.4828196635717,-0.004204125836380523,3004.0366648992003,-0.005631670968845093,3003.877515161128,0.007806055607962881,2968.0358240183214,0.0012278059844139655,2943.1406972920963,2988.525910589149,0.007840383266397445,0.007840383266397445,0.9632484305287168,-0.008213578794735943
2020-03-04,2887.727234665222,19714,119111.4027646018,1740.7765624648073,18457,163369.73821830924,98.69564413704488,56.374422837726144,-0.011260354565941988,2920.6143882270503,-0.0030293310831714937,2929.488779645031,-0.008358844744125293,2954.182331096505,0.0015933340589755485,2961.935167828323,-0.014014974438499417,2993.019579986317,-0.003614639784747964,2962.844151905499,-0.001749194558505529,2928.299110659476,2984.7700647271354,0.008183473856490686,0.008183473856490686,0.9412654440837622,-1.1642036202845387
2020-03-05,2911.802473821922,12217,117604.24506332957,1747.704098355263,17319,162166.49867367628,98.82564859651475,56.37425390858925,0.008337089067032677,2887.727234665222,-0.011260354565941988,2920.6143882270503,-0.0030293310831714937,2929.488779645031,-0.008358844744125293,2949.4828196635717,-0.004204125836380523,3009.4406860516383,0.0054864679720527665,2980.522704038649,0.005966750604070814,2920.763041491146,2981.3340532162993,0.008309702630254866,0.008309702630254866,0.9302142564953164,-0.17120172821349244
2020-03-06,2906.779994895514,14168,117358.89791335378,1759.019742584272,13254,159427.89723755288,98.88391412071354,56.38616196656852,-0.0017248693795550718,2911.802473821922,0.008337089067032677,2887.727234665222,-0.011260354565941988,2920.6143882270503,-0.0030293310831714937,2954.182331096505,0.0015933340589755485,3019.7230398838105,0.0034166992823050357,3022.0413376036176,0.013929983995327522,2911.2825742509476,2975.570986080894,0.0075155267687433145,0.0075155267687433145,0.9170208482741545,-0.270997778045067
2020-03-09,2911.617983954824,5575,114664.35273036438,1767.6273134522507,18758,160779.04351810127,99.05714528125452,56.67438225884686,0.0016643808846235064,2906.779994895514,-0.0017248693795550718,2911.802473821922,0.008337089067032677,2887.727234665222,-0.011260354565941988,2929.488779645031,-0.008358844744125293,3021.050225750985,0.0004395058254169637,3015.2729425498937,-0.00223967652907453,2907.7084151129066,2970.3882381511403,0.007557251060110903,0.007557251060110903,0.9094092311782536,0.29309523982664676
2020-03-10,2863.618501764963,8863,117953.39351002476,1747.9121603300537,16700,158601.60567525783,99.1748864701523,56.08853759983239,-0.01648550134474147,2911.617983954824,0.0016643808846235064,2906.779994895514,-0.0017248693795550718,2911.802473821922,0.008337089067032677,2920.6143882270503,-0.0030293310831714937,3004.0366648992003,-0.005631670968845093,2995.4853622760397,-0.006562450780034701,2896.309237820489,2963.7948951255867,0.008191036151538565,0.008191036151538565,0.8946910074267647,-0.589275793616552
2020-03-11,2905.826070230431,9614,115433.3699123802,1745.4872879342438,17199,156986.32230068935,99.21879513804528,55.4963874388747,0.014739242828419208,2863.618501764963,-0.01648550134474147,2911.617983954824,0.0016643808846235064,2906.779994895514,-0.0017248693795550718,2887.727234665222,-0.011260354565941988,2961.935167828323,-0.014014974438499417,2988.326827700208,-0.0023897745140014637,2899.929004933531,2959.6698572520977,0.009025014840463778,0.009025014840463778,0.8893250631329435,0.2527105506659242
2020-03-12,2933.4149472984486,5539,112359.80549091594,1747.7367565218503,8864,155730.88115682075,99.39318859066204,55.57852859247176,0.009494331870258721,2905.826070230431,0.014739242828419208,2863.618501764963,-0.01648550134474147,2911.617983954824,0.0016643808846235064,2911.802473821922,0.008337089067032677,2949.4828196635717,-0.004204125836380523,3032.971177933754,0.014939580844945288,2904.2514996288364,2954.6920457203328,0.00857850307894445,0.00857850307894445,0.8501909353344324,0.5365424863223572
2020-03-13,2883.3687568040305,19867,118475.18951070373,1766.5879498691763,7511,154135.71880537845,99.43708790653588,55.5763935359332,-0.017060726625296785,2933.4149472984486,0.009494331870258721,2905.826070230431,0.014739242828419208,2863.618501764963,-0.01648550134474147,2906.779994895514,-0.0017248693795550718,2954.182331096505,0.0015933340589755485,3025.591807308272,-0.002433050033304074,2899.5692520105395,2947.5808931951206,0.00924781234575156,0.00924781234575156,0.8339778574756447,-0.7632384043511633
2020-03-16,2874.2970026763514,6676,118704.16106903378,1735.8442089249386,9657,158255.42187457203,99.51988672421558,55.62744661889078,-0.0031462344544976872,2883.3687568040305,-0.017060726625296785,2933.4149472984486,0.009494331870258721,2905.826070230431,0.014739242828419208,2911.617983954824,0.0016643808846235064,2929.488779645031,-0.008358844744125293,2980.610702273492,-0.014866878250439863,2892.105055754845,2942.265208215263,0.008772966247019034,0.008772966247019034,0.823406502476072,-0.2601400849209925
2020-03-17,2892.9186916724684,7133,117851.40936843929,1726.3235265413946,5741,161244.66537488264,99.49022962886212,55.48880849633905,0.00647869339138496,2874.2970026763514,-0.0031462344544976872,2883.3687568040305,-0.017060726625296785,2933.4149472984486,0.009494331870258721,2863.618501764963,-0.01648550134474147,2920.6143882270503,-0.0030293310831714937,3003.877515161128,0.007806055607962881,2897.965093736346,2936.7172670408304,0.008701377212231624,0.008701377212231624,0.8252750159907337,-0.05265836458087203
2020-03-18,2881.3375364474546,7977,119486.0622135007,1732.3330092955005,10172,160177.5093121415,99.49688421044804,55.68811459861102,-0.004003277125745441,2892.9186916724684,0.00647869339138496,2874.2970026763514,-0.0031462344544976872,2883.3687568040305,-0.017060726625296785,2905.826070230431,0.014739242828419208,2887.727234665222,-0.011260354565941988,2993.019579986317,-0.003614639784747964,2893.067386979751,2931.1331648638875,0.008705972068598352,0.008705972068598352,0.839459274795885,-0.4494891344704901
2020-03-19,2861.8119343924586,14388,123812.1781393792,1727.472296342258,9829,159152.59711998835,99.427141828118,55.96790625150836,-0.0067765757423443596,2881.3375364474546,-0.004003277125745441,2892.9186916724684,0.00647869339138496,2874.2970026763514,-0.0031462344544976872,2933.4149472984486,0.009494331870258721,2911.802473821922,0.008337089067032677,3009.4406860516383,0.0054864679720527665,2878.746784398553,2923.751727280928,0.00859216905619312,0.00859216905619312,0.8515956379254763,-1.0372128096298798
2020-03-20,2840.8529288216987,16015,124719.43344488846,1742.839965835102,19774,157144.05144315862,99.52610022157748,56.11310093969382,-0.0073236837539464306,2861.8119343924586,-0.0067765757423443596,2881.3375364474546,-0.004003277125745441,2892.9186916724684,0.00647869339138496,2883.3687568040305,-0.017060726625296785,2906.779994895514,-0.0017248693795550718,3019.7230398838105,0.0034166992823050357,2870.2436188020865,2914.8082217278225,0.008539925326901556,0.008539925326901556,0.855678488938356,-0.7908698534783933
2020-03-23,2816.404595230124,9645,126780.04694355914,1747.0478142497443,18051,154834.73191007867,99.408269859266,56.03485240217245,-0.008605983556394525,2840.8529288216987,-0.0073236837539464306,2861.8119343924586,-0.0067765757423443596,2881.3375364474546,-0.004003277125745441,2874.2970026763514,-0.0031462344544976872,2911.617983954824,0.0016643808846235064,3021.050225750985,0.0004395058254169637,2858.665137312841,2904.5759402017793,0.008586815159603411,0.008586815159603411,0.8564990158916063,-1.0914988912812635
2020-03-24,2822.69773864234,17217,127100.61864465322,1745.8258828336227,18444,153842.61381326997,99.48650489350776,55.40254558588812,0.0022344600001271697,2816.404595230124,-0.008605983556394525,2840.8529288216987,-0.0073236837539464306,2861.8119343924586,-0.0067765757423443596,2892.9186916724684,0.00647869339138496,2863.618501764963,-0.01648550134474147,3004.0366648992003,-0.005631670968845093,2844.6209467068156,2895.508993888937,0.008662214033484609,0.008662214033484609,0.8680014357661627,-0.8303018427138273
2020-03-25,2804.690146982862,12119,129781.41776341296,1735.815140882139,14555,153981.05389092682,99.46743978775724,55.63331644829926,-0.006379567820158805,2822.69773864234,0.0022344600001271697,2816.404595230124,-0.008605983556394525,2840.8529288216987,-0.0073236837539464306,2881.3375364474546,-0.004003277125745441,2905.826070230431,0.014739242828419208,2961.935167828323,-0.014014974438499417,2829.2914688138962,2887.6467428466635,0.008315905239705178,0.008315905239705178,0.8659585532497627,-1.1574889255161402
2020-03-26,2824.091081709561,18881,124878.91370713318,1726.2519035146104,16168,155645.59698505807,99.58456449710398,55.99983504816454,0.006917318388118376,2804.690146982862,-0.006379567820158805,2822.69773864234,0.0022344600001271697,2816.404595230124,-0.008605983556394525,2861.8119343924586,-0.0067765757423443596,2933.4149472984486,0.009494331870258721,2949.4828196635717,-0.004204125836380523,2821.747298277317,2881.3771559489633,0.008577125312883578,0.008577125312883578,0.8600804941404608,0.23928498187139485
2020-03-27,2800.554183616634,10269,129049.44938689098,1738.0226104325052,13011,155883.24858131917,99.65965139597712,56.19320257175973,-0.008334326837177941,2824.091081709561,0.006917318388118376,2804.690146982862,-0.006379567820158805,2822.69773864234,0.0022344600001271697,2840.8529288216987,-0.0073236837539464306,2883.3687568040305,-0.017060726625296785,2954.182331096505,0.0015933340589755485,2813.687549236304,2873.6957485749695,0.0086370731578265,0.0086370731578265,0.8469398477314932,-0.8692627728230509
2020-03-30,2811.5348053563293,14643,128183.50647374144,1754.834560161333,14114,151673.61114565123,99.84171601174178,55.92930984354948,0.003920874591154977,2800.554183616634,-0.008334326837177941,2824.091081709561,0.006917318388118376,2804.690146982862,-0.006379567820158805,2816.404595230124,-0.008605983556394525,2874.2970026763514,-0.0031462344544976872,2929.488779645031,-0.008358844744125293,2812.7135912615454,2867.7980498605343,0.008644942299135159,0.008644942299135159,0.8259562349736728,-0.27017875006497044
2020-03-31,2805.1298841943867,16972,127366.70735063095,1725.6121960777534,7411,153784.86558475427,99.91479348085564,56.13144816164981,-0.002278087096677761,2811.5348053563293,0.003920874591154977,2800.554183616634,-0.008334326837177941,2824.091081709561,0.006917318388118376,2822.69773864234,0.0022344600001271697,2892.9186916724684,0.00647869339138496,2920.6143882270503,-0.0030293310831714937,2809.2000203719545,2862.023824658901,0.00864194470445927,0.00864194470445927,0.8064356962302534,-0.20043906646476703
2020-04-01,2789.290005346606,9459,128616.7850767395,1743.2611577227271,17739,151642.31081659187,99.75758945529032,56.389607074038246,-0.005646754161734546,2805.1298841943867,-0.002278087096677761,2811.5348053563293,0.003920874591154977,2800.554183616634,-0.008334326837177941,2804.690146982862,-0.006379567820158805,2881.3375364474546,-0.004003277125745441,2887.727234665222,-0.011260354565941988,2806.1199920447034,2857.1019631929703,0.008412776604175106,0.008412776604175106,0.8128467122229933,-0.9523487668891495
2020-04-02,2752.02966589728,10333,127613.683638679,1737.2406940132064,5464,152334.7635451053,99.7508941380005,56.85725194837797,-0.013358359789732877,2789.290005346606,-0.005646754161734546,2805.1298841943867,-0.002278087096677761,2811.5348053563293,0.003920874591154977,2824.091081709561,0.006917318388118376,2861.8119343924586,-0.0067765757423443596,2911.802473821922,0.008337089067032677,2791.707708882247,2849.1133227967384,0.008449248169432886,0.008449248169432886,0.8274753470851064,-0.593978973690511
2020-04-03,2740.494447195643,17583,127097.64575109056,1738.3182730158553,5410,151668.1173801942,99.63369341874102,56.59441897110958,-0.004191531379396096,2752.02966589728,-0.013358359789732877,2789.290005346606,-0.005646754161734546,2805.1298841943867,-0.002278087096677761,2800.554183616634,-0.008334326837177941,2840.8529288216987,-0.0073236837539464306,2906.779994895514,-0.0017248693795550718,2779.695761598049,2840.799045411745,0.008450981209000933,0.008450981209000933,0.838809112807442,-0.5602332213156838
2020-04-06,2663.238703547481,10437,133299.1380963456,1729.8662818489802,8940,153769.4648793378,99.5818654345044,56.52648259574634,-0.02819043976798352,2740.494447195643,-0.004191531379396096,2752.02966589728,-0.013358359789732877,2789.290005346606,-0.005646754161734546,2811.5348053563293,0.003920874591154977,2816.404595230124,-0.008605983556394525,2911.617983954824,0.0016643808846235064,2750.0365412362794,2828.3800813913776,0.010080590959562244,0.010080590959562244,0.8591516056984851,-1.4220904315554985
2020-04-07,2652.4231316082955,19302,136957.07557558978,1722.0093155188292,6487,154195.11923370408,99.73298827783206,56.75066421108938,-0.00406105991354766,2663.238703547481,-0.02819043976798352,2740.494447195643,-0.004191531379396096,2752.02966589728,-0.013358359789732877,2805.1298841943867,-0.002278087096677761,2822.69773864234,0.0022344600001271697,2863.618501764963,-0.01648550134474147,2719.495190719061,2817.820312883544,0.009671119126192349,0.009671119126192349,0.9077296089355378,-1.2894551186610617
2020-04-08,2640.671992657985,11273,137769.82328027452,1737.196183597989,5209,148887.959140537,99.79674165892185,56.76788723252083,-0.004430341000376314,2652.4231316082955,-0.00406105991354766,2663.238703547481,-0.02819043976798352,2740.494447195643,-0.004191531379396096,2789.290005346606,-0.005646754161734546,2804.690146982862,-0.006379567820158805,2905.826070230431,0.014739242828419208,2689.771588181337,2804.562609004922,0.00863353795292109,0.00863353795292109,0.985513139427741,-1.0885984906253574
2020-04-09,2592.4327600433057,15453,142300.19341455246,1724.345971831469,11622,153001.39484148123,99.72684861606396,56.43268895190545,-0.018267786665213115,2640.671992657985,-0.004430341000376314,2652.4231316082955,-0.00406105991354766,2663.238703547481,-0.02819043976798352,2752.02966589728,-0.013358359789732877,2824.091081709561,0.006917318388118376,2933.4149472984486,0.009494331870258721,2657.852207010542,2787.513499642165,0.008454935232220184,0.008454935232220184,1.0489085304540973,-1.7689523201666546
2020-04-10,2570.1147909685683,9159,143473.76928553218,1715.5526573677737,7477,151480.20879956495,99.62547687941992,56.557073837413455,-0.008608890235735411,2592.4327600433057,-0.018267786665213115,2640.671992657985,-0.004430341000376314,2652.4231316082955,-0.00406105991354766,2740.494447195643,-0.004191531379396096,2800.554183616634,-0.008334326837177941,2883.3687568040305,-0.017060726625296785,2623.7762757651267,2771.8508013503915,0.00808261111861111,0.00808261111861111,1.0602402785980054,-1.5237989754828787
2020-04-13,2602.7179496013337,6085,142690.16890273837,1728.067989629108,19804,153267.55455610628,99.62875508870756,56.730672327558,0.01268548733594832,2570.1147909685683,-0.008608890235735411,2592.4327600433057,-0.018267786665213115,2640.671992657985,-0.004430341000376314,2663.238703547481,-0.02819043976798352,2811.5348053563293,0.003920874591154977,2874.2970026763514,-0.0031462344544976872,2611.6721249758975,2758.271848696641,0.009062058903791559,0.009062058903791559,1.0723994385300746,-1.0243633378154922
2020-04-14,2591.3157669779166,12859,142805.52181468383,1725.3942248454532,6769,154059.726955678,99.50709907376944,56.75706119645731,-0.004380875240501347,2602.7179496013337,0.01268548733594832,2570.1147909685683,-0.008608890235735411,2592.4327600433057,-0.018267786665213115,2652.4231316082955,-0.00406105991354766,2805.1298841943867,-0.002278087096677761,2892.9186916724684,0.00647869339138496,2599.4506520498217,2743.1917024619133,0.008660123095279899,0.008660123095279899,1.066125748039948,-1.0244982343998048
2020-04-15,2567.930863352788,11164,145569.78331596998,1744.3689827616224,16110,152460.39537094784,99.43998504602978,56.82293667461129,-0.009024335792314875,2591.3157669779166,-0.004380875240501347,2602.7179496013337,0.01268548733594832,2570.1147909685683,-0.008608890235735411,2640.671992657985,-0.004430341000376314,2789.290005346606,-0.005646754161734546,2881.3375364474546,-0.004003277125745441,2584.9024261887826,2727.5213688071794,0.00868858706691016,0.00868858706691016,1.060972310615931,-1.3524537476812342
2020-04-16,2568.505096818068,13612,144865.97942010377,1747.0308629594415,17512,149187.985746975,99.4711859931849,56.74532490410557,0.00022361718279695353,2567.930863352788,-0.009024335792314875,2591.3157669779166,-0.004380875240501347,2602.7179496013337,0.01268548733594832,2592.4327600433057,-0.018267786665213115,2752.02966589728,-0.013358359789732877,2861.8119343924586,-0.0067765757423443596,2580.116893543735,2712.8560269284603,0.008783626430559278,0.008783626430559278,1.0536738271457589,-0.8516762941717304
2020-04-17,2588.5484129569936,8734,141387.6649627348,1741.5675877453425,9597,150356.01119032575,99.58671719679558,57.18880858482039,0.0078034947891501005,2568.505096818068,0.00022361718279695353,2567.930863352788,-0.009024335792314875,2591.3157669779166,-0.004380875240501347,2570.1147909685683,-0.008608890235735411,2740.494447195643,-0.004191531379396096,2840.8529288216987,-0.0073236837539464306,2583.8036179414203,2700.240801135225,0.009244397639611799,0.009244397639611799,1.0287988102019512,-0.11316884800341094
2020-04-20,2581.024727942272,19616,140035.7001331384,1766.8056795325715,16556,147034.75111321255,99.64759334401802,56.918600929706585,-0.0029065266761331143,2588.5484129569936,0.0078034947891501005,2568.505096818068,0.00022361718279695353,2567.930863352788,-0.009024335792314875,2602.7179496013337,0.01268548733594832,2663.238703547481,-0.02819043976798352,2816.404595230124,-0.008605983556394525,2579.464973609608,2688.4718077708326,0.009202114416373043,0.009202114416373043,0.9959663947110395,-0.20903157411284976
2020-04-21,2565.194382776157,19088,140039.84507359282,1758.0445210151674,17408,146370.36681467306,99.4184643931582,56.74240470087745,-0.00613335664503134,2581.024727942272,-0.0029065266761331143,2588.5484129569936,0.0078034947891501005,2568.505096818068,0.00022361718279695353,2591.3157669779166,-0.004380875240501347,2652.4231316082955,-0.00406105991354766,2822.69773864234,0.0022344600001271697,2574.240696769256,2675.5966399775234,0.009078115175319625,0.009078115175319625,0.9646635943497224,-0.31231617596258776
2020-04-22,2553.023942483753,18606,143378.51014400524,1753.1186198699654,13796,148056.7375863243,99.44890106606124,56.74570035493571,-0.004744451482554868,2565.194382776157,-0.00613335664503134,2581.024727942272,-0.0029065266761331143,2588.5484129569936,0.0078034947891501005,2567.930863352788,-0.009024335792314875,2640.671992657985,-0.004430341000376314,2804.690146982862,-0.006379567820158805,2571.259312595449,2663.0133297525676,0.009069856260668169,0.009069856260668169,0.9293876111671386,-0.8195245067896388
2020-04-23,2573.555653469617,17166,148193.2866696519,1749.5567224183612,5000,149972.3507933356,99.45610442338447,57.00938656324598,0.008042114546677137,2553.023942483753,-0.004744451482554868,2565.194382776157,-0.00613335664503134,2581.024727942272,-0.0029065266761331143,2568.505096818068,0.00022361718279695353,2592.4327600433057,-0.018267786665213115,2824.091081709561,0.006917318388118376,2572.269423925759,2650.486558340571,0.009148505572206063,0.009148505572206063,0.8813630807856137,-1.36688646909675
2020-04-24,2591.3456402787,15544,146397.65866149357,1753.759505768811,13674,151859.00597402325,99.49749345192176,56.560174612217615,0.006912610102330241,2573.555653469617,0.008042114546677137,2553.023942483753,-0.004744451482554868,2565.194382776157,-0.00613335664503134,2588.5484129569936,0.0078034947891501005,2570.1147909685683,-0.008608890235735411,2800.554183616634,-0.008334326837177941,2572.8288693901,2640.026131173674,0.009450699907327607,0.009450699907327607,0.8194346495492285,-0.452804561501777
2020-04-27,2618.2399053968834,6048,142854.1917924172,1772.298754118155,5477,147277.38719397498,99.65911442008688,56.16708558728799,0.010378493976315184,2591.3456402787,0.006912610102330241,2573.555653469617,0.008042114546677137,2553.023942483753,-0.004744451482554868,2581.024727942272,-0.0029065266761331143,2602.7179496013337,0.01268548733594832,2811.5348053563293,0.003920874591154977,2580.2719048810222,2630.3613861757017,0.009832120800799208,0.009832120800799208,0.747088606177242,0.18442346454682196
2020-04-28,2624.5107281314204,18058,143484.95432372595,1739.585472233952,6657,149420.86708784406,99.4527905924064,55.55576703496757,0.002395052768698225,2618.2399053968834,0.010378493976315184,2591.3456402787,0.006912610102330241,2573.555653469617,0.008042114546677137,2565.194382776157,-0.00613335664503134,2591.3157669779166,-0.004380875240501347,2805.1298841943867,-0.002278087096677761,2592.1351739520746,2621.3304283725533,0.009918061031417198,0.009918061031417198,0.6987942456797452,-0.28623409308088454
2020-04-29,2600.869949135885,14141,146304.63362278536,1742.1404128110091,9276,151898.67943989811,99.3936802498873,55.56557560254355,-0.009007689982798106,2624.5107281314204,0.002395052768698225,2618.2399053968834,0.010378493976315184,2591.3456402787,0.006912610102330241,2553.023942483753,-0.004744451482554868,2567.930863352788,-0.009024335792314875,2789.290005346606,-0.005646754161734546,2601.704375282501,2611.9094255620175,0.00998858082234935,0.00998858082234935,0.6887799238236757,-0.6491147855253845
2020-04-30,2606.9741516087465,8325,144787.20959043506,1772.5818231211852,15864,149430.27475916868,99.45277088216665,55.23008385738159,0.002346984890532422,2600.869949135885,-0.009007689982798106,2624.5107281314204,0.002395052768698225,2618.2399053968834,0.010378493976315184,2573.555653469617,0.008042114546677137,2568.505096818068,0.00022361718279695353,2752.02966589728,-0.013358359789732877,2608.3880749103273,2604.6566498475904,0.009783303070108752,0.009783303070108752,0.7008155264306655,0.016718702067296434
2020-05-01,2619.7031193242287,19777,147684.16004157637,1770.772230742026,16466,151255.85442341655,99.29461144222124,55.11471882437621,0.004882659733172812,2606.9741516087465,0.002346984890532422,2600.869949135885,-0.009007689982798106,2624.5107281314204,0.002395052768698225,2591.3456402787,0.006912610102330241,2588.5484129569936,0.0078034947891501005,2740.494447195643,-0.004191531379396096,2614.0595707194325,2598.61708345402,0.00991792536086006,0.00991792536086006,0.7430267487886759,-0.7731932296960292
2020-05-04,2616.4756768503707,19916,149686.28925112513,1786.2053383813177,14092,148459.1936831122,99.44220634702658,55.31313228134373,-0.0012319878729962763,2619.7031193242287,0.004882659733172812,2606.9741516087465,0.002346984890532422,2600.869949135885,-0.009007689982798106,2618.2399053968834,0.010378493976315184,2581.024727942272,-0.0029065266761331143,2663.238703547481,-0.02819043976798352,2613.7067250101304,2596.2789321191644,0.007807774789754663,0.007807774789754663,0.7935978542641696,-1.3582292235641387
2020-05-05,2605.920265217082,12857,152367.18885508098,1793.3244683601451,10175,148386.54169814457,99.47904200829666,55.12066946510887,-0.004034209729782412,2616.4756768503707,-0.0012319878729962763,2619.7031193242287,0.004882659733172812,2606.9741516087465,0.002346984890532422,2624.5107281314204,0.002395052768698225,2565.194382776157,-0.00613335664503134,2652.4231316082955,-0.00406105991354766,2609.9886324272625,2593.953788799604,0.007807197038611901,0.007807197038611901,0.8517429242050546,-1.7426059766527657
2020-05-06,2626.298438513646,10035,150894.25360275625,1780.1521160084242,12504,151504.24794162923,99.563700406881,55.19005407193188,0.007819952731695112,2605.920265217082,-0.004034209729782412,2616.4756768503707,-0.0012319878729962763,2619.7031193242287,0.004882659733172812,2600.869949135885,-0.009007689982798106,2553.023942483753,-0.004744451482554868,2640.671992657985,-0.004430341000376314,2615.074330302815,2593.235111092387,0.007990330883050609,0.007990330883050609,0.9235758630418767,-0.855401957350314
2020-05-07,2651.6878165920016,18341,149200.5110332331,1760.4688229614928,5584,151278.76817094034,99.5066060407288,55.100252699606365,0.009667362134489377,2626.298438513646,0.007819952731695112,2605.920265217082,-0.004034209729782412,2616.4756768503707,-0.0012319878729962763,2606.9741516087465,0.002346984890532422,2573.555653469617,0.008042114546677137,2592.4327600433057,-0.018267786665213115,2624.017063299466,2596.1978639198214,0.0070611507437544204,0.0070611507437544204,0.9847982539846487,-0.7021883663287715
2020-05-08,2624.6818896744085,7485,153183.57054426955,1770.3681276456464,18939,148802.30809400545,99.58798240972544,55.301886994135295,-0.010184429233566994,2651.6878165920016,0.009667362134489377,2626.298438513646,0.007819952731695112,2605.920265217082,-0.004034209729782412,2619.7031193242287,0.004882659733172812,2591.3456402787,0.006912610102330241,2570.1147909685683,-0.008608890235735411,2625.012817369502,2598.926218855114,0.007183533252637599,0.007183533252637599,1.0308796234009703,-1.546045721635734
2020-05-11,2600.187984412435,17184,152221.60016568276,1783.6505837537848,12359,147825.8899989902,99.69482956532434,55.4444254143397,-0.0093321424429883,2624.6818896744085,-0.010184429233566994,2651.6878165920016,0.009667362134489377,2626.298438513646,0.007819952731695112,2616.4756768503707,-0.0012319878729962763,2618.2399053968834,0.010378493976315184,2602.7179496013337,0.01268548733594832,2621.7552788819144,2598.7997205956685,0.006995292374129727,0.006995292374129727,1.071804248519474,-0.7192628795540065
2020-05-12,2625.6429080377598,19555,148620.85655489573,1753.4503995893265,11821,153989.18172898146,99.71811736733804,55.236845305487314,0.009789647432386195,2600.187984412435,-0.0093321424429883,2624.6818896744085,-0.010184429233566994,2651.6878165920016,0.009667362134489377,2605.920265217082,-0.004034209729782412,2624.5107281314204,0.002395052768698225,2591.3157669779166,-0.004380875240501347,2625.6998074460503,2600.516077648661,0.0072441356313417615,0.0072441356313417615,1.1195192647817023,0.2750369637896015
2020-05-13,2613.301947071364,12073,149745.61741962787,1745.3661285447752,12132,154048.65702810197,99.74155745660792,55.186249779467175,-0.004700167310877301,2625.6429080377598,0.009789647432386195,2600.187984412435,-0.0093321424429883,2624.6818896744085,-0.010184429233566994,2626.298438513646,0.007819952731695112,2600.869949135885,-0.009007689982798106,2567.930863352788,-0.009024335792314875,2623.100509157594,2602.7846318345896,0.006999558194408904,0.006999558194408904,1.1607326962866593,-0.47111071966951673
2020-05-14,2617.8062343630863,5929,146467.12710939103,1729.9677367239974,14873,157124.1616352556,99.7685917805361,55.49937279878333,0.0017236000213332048,2613.301947071364,-0.004700167310877301,2625.6429080377598,0.009789647432386195,2600.187984412435,-0.0093321424429883,2651.6878165920016,0.009667362134489377,2606.9741516087465,0.002346984890532422,2568.505096818068,0.00022361718279695353,2616.3241927118106,2605.2496887118405,0.0069999727627905045,0.0069999727627905045,1.1917330034295373,0.578752120672737
2020-05-15,2621.148694248227,11630,149532.50527333055,1725.2925052605203,6551,155960.6315230379,99.68225725406216,55.61738585985955,0.0012768171460764144,2617.8062343630863,0.0017236000213332048,2613.301947071364,-0.004700167310877301,2625.6429080377598,0.009789647432386195,2624.6818896744085,-0.010184429233566994,2619.7031193242287,0.004882659733172812,2588.5484129569936,0.0078034947891501005,2615.617553626574,2606.879702776402,0.006814524559064222,0.006814524559064222,1.222321785069506,-0.5237308337107405
2020-05-18,2609.925084931256,16308,149143.34213278032,1705.7476632310113,16812,155839.47441910687,99.66750438603812,55.19829724253422,-0.004281943005217337,2621.148694248227,0.0012768171460764144,2617.8062343630863,0.0017236000213332048,2613.301947071364,-0.004700167310877301,2600.187984412435,-0.0093321424429883,2616.4756768503707,-0.0012319878729962763,2581.024727942272,-0.0029065266761331143,2617.564973730339,2608.3247206258516,0.006859078846964926,0.006859078846964926,1.2602441237613367,-0.07322687644876166
2020-05-19,2613.6592538936,7424,148004.05978710277,1714.647042654115,16858,156015.84807767774,99.6522521327929,55.39498266088563,0.0014307571446796619,2609.925084931256,-0.004281943005217337,2621.148694248227,0.0012768171460764144,2617.8062343630863,0.0017236000213332048,2625.6429080377598,0.009789647432386195,2605.920265217082,-0.004034209729782412,2565.194382776157,-0.00613335664503134,2615.168242901507,2610.7479641817235,0.006675554531343312,0.006675554531343312,1.2913876502303596,0.2723307456537276
2020-05-20,2596.6085188717184,5959,149976.23806965596,1719.5437719038043,6058,153394.06047568328,99.69059151922824,55.06959947415476,-0.006523702351973082,2613.6592538936,0.0014307571446796619,2609.925084931256,-0.004281943005217337,2621.148694248227,0.0012768171460764144,2613.301947071364,-0.004700167310877301,2626.298438513646,0.007819952731695112,2553.023942483753,-0.004744451482554868,2611.8295572615775,2612.927193001122,0.006766773376496401,0.006766773376496401,1.304152822125615,-0.47821915032424045
2020-05-21,2601.352433718229,10317,152628.5802243736,1698.194584774061,13842,155959.55910120308,99.79057394391928,55.49335339514306,0.0018269657563056985,2596.6085188717184,-0.006523702351973082,2613.6592538936,0.0014307571446796619,2609.925084931256,-0.004281943005217337,2617.8062343630863,0.0017236000213332048,2651.6878165920016,0.009667362134489377,2573.555653469617,0.008042114546677137,2608.5387971326063,2614.3170320135523,0.006559531383961732,0.006559531383961732,1.3155029755909244,-1.242520426656923
2020-05-22,2580.895856039796,12429,154088.70875058614,1684.9196351182793,14825,156396.4143172178,99.68472033572142,55.80058304709537,-0.007863823991427932,2601.352433718229,0.0018269657563056985,2596.6085188717184,-0.006523702351973082,2613.6592538936,0.0014307571446796619,2621.148694248227,0.0012768171460764144,2624.6818896744085,-0.010184429233566994,2591.3456402787,0.006912610102330241,2600.48822949092,2613.7945428016073,0.0066377808395496445,0.0066377808395496445,1.3269423497169937,-1.236527686600442
2020-05-25,2600.38221612913,7870,151000.86031585024,1690.1607067149196,10104,156769.9612059525,99.67221943268947,55.88754868987089,0.007550231073343072,2580.895856039796,-0.007863823991427932,2601.352433718229,0.0018269657563056985,2596.6085188717184,-0.006523702351973082,2609.925084931256,-0.004281943005217337,2600.187984412435,-0.0093321424429883,2618.2399053968834,0.010378493976315184,2598.5796557304943,2612.9016583382195,0.006427781448400221,0.006427781448400221,1.3368185168522815,-0.1507401409153175
2020-05-26,2585.046548840052,14338,150302.0427705132,1690.3258660280935,10393,154224.08469310732,99.82036498745536,55.93471854290175,-0.005897466608545954,2600.38221612913,0.007550231073343072,2580.895856039796,-0.007863823991427932,2601.352433718229,0.0018269657563056985,2613.6592538936,0.0014307571446796619,2625.6429080377598,0.009789647432386195,2624.5107281314204,0.002395052768698225,2592.857114719785,2610.9284493736513,0.006510186044714439,0.006510186044714439,1.3420276409904348,-0.23974622304271825
2020-05-27,2584.070629840744,17685,150839.74052497355,1682.857184287964,18614,152330.84769928048,99.74600616457413,55.87200886609352,-0.0003775247295820794,2585.046548840052,-0.005897466608545954,2600.38221612913,0.007550231073343072,2580.895856039796,-0.007863823991427932,2596.6085188717184,-0.006523702351973082,2613.301947071364,-0.004700167310877301,2600.869949135885,-0.009007689982798106,2590.34953691359,2610.0884834088943,0.0062123437262975294,0.0062123437262975294,1.3543744520257386,-0.5484054955776506
2020-05-28,2576.9599983116686,6114,150221.54569966532,1697.324404100682,19560,147821.29664121725,99.66378116284508,56.07556605151353,-0.002751717173269941,2584.070629840744,-0.0003775247295820794,2585.046548840052,-0.005897466608545954,2600.38221612913,0.007550231073343072,2601.352433718229,0.0018269657563056985,2617.8062343630863,0.0017236000213332048,2606.9741516087465,0.002346984890532422,2585.471049832278,2608.5877757440403,0.0062023692741378705,0.0062023692741378705,1.3608992562974733,-0.19469705771586926
2020-05-29,2571.951506195869,14051,155357.62216667004,1706.613913201982,16608,146385.24863419263,99.6840117820282,55.96433260067492,-0.0019435661085468459,2576.9599983116686,-0.002751717173269941,2584.070629840744,-0.0003775247295820794,2585.046548840052,-0.005897466608545954,2580.895856039796,-0.007863823991427932,2621.148694248227,0.0012768171460764144,2619.7031193242287,0.004882659733172812,2583.682179863493,2606.2001950876224,0.006073551628302487,0.006073551628302487,1.369678851733746,-1.7262138028798473
2020-06-01,2566.9343571543745,13616,158212.5153197584,1707.964052738657,15386,148823.29749767546,99.76845030107673,56.03500356186688,-0.0019507168114982765,2571.951506195869,-0.0019435661085468459,2576.9599983116686,-0.002751717173269941,2584.070629840744,-0.0003775247295820794,2600.38221612913,0.007550231073343072,2609.925084931256,-0.004281943005217337,2616.4756768503707,-0.0012319878729962763,2576.992608068542,2603.7231291028224,0.006077732590157441,0.006077732590157441,1.373165366357958,-1.6028502994794143
2020-06-02,2561.2728247774016,19043,152233.50152218793,1719.9279196862017,7250,149089.3372488384,99.7695929066328,56.29658387182272,-0.0022055618061261884,2566.9343571543745,-0.0019507168114982765,2571.951506195869,-0.0019435661085468459,2576.9599983116686,-0.002751717173269941,2585.046548840052,-0.005897466608545954,2613.6592538936,0.0014307571446796619,2605.920265217082,-0.004034209729782412,2572.237863256011,2601.490757080838,0.006042351051409254,0.006042351051409254,1.4064257992634088,0.8346759540220549
2020-06-03,2547.9116532092485,5691,151394.94380106183,1714.8711917321111,19587,150096.55659736943,99.9024889656765,56.12804190876504,-0.005216613958067606,2561.2728247774016,-0.0022055618061261884,2566.9343571543745,-0.0019507168114982765,2571.951506195869,-0.0019435661085468459,2584.070629840744,-0.0003775247295820794,2596.6085188717184,-0.006523702351973082,2626.298438513646,0.007819952731695112,2565.006067929712,2597.5714178156186,0.005754569628953397,0.005754569628953397,1.3995169059949568,0.381425696660476
2020-06-04,2517.1312829176045,11155,154503.6112805816,1715.3770532634232,14568,149784.57686207304,99.98816836393314,55.94318408676783,-0.012080626992256316,2547.9116532092485,-0.005216613958067606,2561.2728247774016,-0.0022055618061261884,2566.9343571543745,-0.0019507168114982765,2576.9599983116686,-0.002751717173269941,2601.352433718229,0.0018269657563056985,2651.6878165920016,0.009667362134489377,2553.0403248509,2590.8435911318984,0.00558595797583546,0.00558595797583546,1.3856765438934484,-0.5124167387959488
2020-06-05,2515.6818234649527,12075,159203.38648085418,1718.5353736859936,6272,151840.7877865081,100.07235037062216,55.58487444255049,-0.0005758378446482082,2517.1312829176045,-0.012080626992256316,2547.9116532092485,-0.005216613958067606,2561.2728247774016,-0.0022055618061261884,2571.951506195869,-0.0019435661085468459,2580.895856039796,-0.007863823991427932,2624.6818896744085,-0.010184429233566994,2541.786388304716,2585.393587821426,0.005304101069740607,0.005304101069740607,1.367591893777026,-1.2537932180677893
2020-06-08,2491.6355577973195,15525,156984.2575779954,1720.780908865535,5465,151383.03929161094,100.12776202075456,55.26553261871264,-0.009558548081614382,2515.6818234649527,-0.0005758378446482082,2517.1312829176045,-0.012080626992256316,2547.9116532092485,-0.005216613958067606,2566.9343571543745,-0.0019507168114982765,2600.38221612913,0.007550231073343072,2600.187984412435,-0.0093321424429883,2526.7266284333055,2579.96596649067,0.005320553128798528,0.005320553128798528,1.3403413349435076,-0.13676910268961318
2020-06-09,2492.8551992115945,14781,155930.5949470757,1703.40087849612,19121,155465.56736483853,100.36052733078915,54.71701402528019,0.0004894943044371214,2491.6355577973195,-0.009558548081614382,2515.6818234649527,-0.0005758378446482082,2517.1312829176045,-0.012080626992256316,2561.2728247774016,-0.0022055618061261884,2585.046548840052,-0.005897466608545954,2625.6429080377598,0.009789647432386195,2513.043103320144,2573.3265810493617,0.0045800932605501166,0.0045800932605501166,1.3089126187665048,-0.16268814538059584
2020-06-10,2528.790896523866,17497,155398.55558368572,1706.4045631634206,12923,157753.237178367,100.34001116190257,54.935962661984846,0.014415477210083072,2492.8551992115945,0.0004894943044371214,2491.6355577973195,-0.009558548081614382,2515.6818234649527,-0.0005758378446482082,2547.9116532092485,-0.005216613958067606,2584.070629840744,-0.0003775247295820794,2613.301947071364,-0.004700167310877301,2509.218951983067,2569.101028521987,0.0059147711083712695,0.0059147711083712695,1.2608136016193596,-0.12337642916395417
2020-06-11,2505.419125010381,19858,155806.0075819069,1716.5748796798052,10116,157839.40242319598,100.13965893269592,55.47863702460968,-0.009242271294796489,2528.790896523866,0.014415477210083072,2492.8551992115945,0.0004894943044371214,2491.6355577973195,-0.009558548081614382,2517.1312829176045,-0.012080626992256316,2576.9599983116686,-0.002751717173269941,2617.8062343630863,0.0017236000213332048,2506.8765204016227,2563.4816730543516,0.006093513905239901,0.006093513905239901,1.216085027181029,-0.34167217043879355
2020-06-12,2531.750542225514,5193,153788.7887619236,1734.7071503768043,19028,156445.71616645227,100.30008436884764,55.90623570765077,0.010509785349796186,2505.419125010381,-0.009242271294796489,2528.790896523866,0.014415477210083072,2492.8551992115945,0.0004894943044371214,2515.6818234649527,-0.0005758378446482082,2571.951506195869,-0.0019435661085468459,2621.148694248227,0.0012768171460764144,2510.090264153735,2559.011765453216,0.006689329184153022,0.006689329184153022,1.154437895601819,0.22238762477310914
2020-06-15,2522.798271888207,18339,153457.12377864926,1729.539121473162,14850,157757.63929767086,100.25431442575194,55.41841036106282,-0.0035360001658920615,2531.750542225514,0.010509785349796186,2505.419125010381,-0.009242271294796489,2528.790896523866,0.014415477210083072,2491.6355577973195,-0.009558548081614382,2566.9343571543745,-0.0019507168114982765,2609.925084931256,-0.004281943005217337,2516.3228069719125,2554.6554248010634,0.006676315007796065,0.006676315007796065,1.1025825575892825,0.11886841724223779
2020-06-16,2408.22330544193,9842,163848.8369820467,1735.4693507455213,10548,156844.27408965272,100.26510247018624,55.63586676252967,-0.045415825642104446,2522.798271888207,-0.0035360001658920615,2531.750542225514,0.010509785349796186,2505.419125010381,-0.009242271294796489,2492.8551992115945,0.0004894943044371214,2561.2728247774016,-0.0022055618061261884,2613.6592538936,0.0014307571446796619,2499.3964282179795,2544.38362737848,0.011789309403950633,0.011789309403950633,0.9986617790242981,-1.6132555391095895
2020-06-17,2411.7200151627594,6819,161221.50387527546,1724.13588487038,17689,158646.8471702791,100.39605753867232,56.062498667506745,0.001451987327308002,2408.22330544193,-0.045415825642104446,2522.798271888207,-0.0035360001658920615,2531.750542225514,0.010509785349796186,2528.790896523866,0.014415477210083072,2547.9116532092485,-0.005216613958067606,2596.6085188717184,-0.006523702351973082,2475.982251945758,2535.1392021930324,0.011834873653387324,0.011834873653387324,0.9154112867689786,-0.1150689775524909
2020-06-18,2441.585854382177,11543,158678.5144398797,1743.7196112131717,17679,154564.3611212557,100.2358315845664,55.92545567328514,0.012383626221803334,2411.7200151627594,0.001451987327308002,2408.22330544193,-0.045415825642104446,2522.798271888207,-0.0035360001658920615,2505.419125010381,-0.009242271294796489,2517.1312829176045,-0.012080626992256316,2601.352433718229,0.0018269657563056985,2463.2155978201176,2527.150873226229,0.012316154402767988,0.012316154402767988,0.8409213960751363,0.17808089416971212
2020-06-19,2442.918769288952,5578,155572.2950908674,1722.977744419106,17129,155243.40009416186,100.1106668631558,55.95588990248016,0.0005459217845575903,2441.585854382177,0.012383626221803334,2411.7200151627594,0.001451987327308002,2408.22330544193,-0.045415825642104446,2531.750542225514,0.010509785349796186,2515.6818234649527,-0.0005758378446482082,2580.895856039796,-0.007863823991427932,2445.449243232805,2520.2520188886874,0.012288147694718051,0.012288147694718051,0.7821233834753976,0.5917685308602731
2020-06-22,2465.369915564452,18929,155632.71114574533,1720.179982823502,14047,158608.34298732836,99.9505390694439,55.35352198723876,0.009190295869737408,2442.918769288952,0.0005459217845575903,2441.585854382177,0.012383626221803334,2411.7200151627594,0.001451987327308002,2522.798271888207,-0.0035360001658920615,2491.6355577973195,-0.009558548081614382,2600.38221612913,0.007550231073343072,2433.963571968054,2513.5014038604536,0.012365173609694064,0.012365173609694064,0.7121706730813391,0.2927391877000966
2020-06-23,2461.906170332428,11905,157067.9351841284,1724.4242217248964,17004,157792.3759621859,99.87112544044138,55.43354283763175,-0.0014049596412112342,2465.369915564452,0.009190295869737408,2442.918769288952,0.0005459217845575903,2441.585854382177,0.012383626221803334,2408.22330544193,-0.045415825642104446,2492.8551992115945,0.0004894943044371214,2585.046548840052,-0.005897466608545954,2444.7001449461536,2507.3443849350724,0.01234268010162242,0.01234268010162242,0.6700551993935503,-0.005818832025238918
2020-06-24,2461.0280526333154,18057,156995.73345327354,1741.4684824577716,7900,152404.4226956564,99.91508910104308,55.114474918801335,-0.0003566820334968135,2461.906170332428,-0.0014049596412112342,2465.369915564452,0.009190295869737408,2442.918769288952,0.0005459217845575903,2411.7200151627594,0.001451987327308002,2528.790896523866,0.014415477210083072,2584.070629840744,-0.0003775247295820794,2454.5617524402646,2501.1922560747007,0.012342857502506266,0.012342857502506266,0.6649289979204767,0.14062237640072583
2020-06-25,2457.574805421279,17726,157280.3807864635,1740.5752344183245,18976,155153.77426210043,99.96750788532437,55.17436542417479,-0.0014031726328114225,2461.0280526333154,-0.0003566820334968135,2461.906170332428,-0.0014049596412112342,2465.369915564452,0.009190295869737408,2441.585854382177,0.012383626221803334,2505.419125010381,-0.009242271294796489,2576.9599983116686,-0.002751717173269941,2457.7595426480852,2495.2229964301814,0.012344303397619228,0.012344303397619228,0.6932250356430718,0.08933020823874255
2020-06-26,2469.8684895415845,6267,156261.84945892578,1716.1659561750243,17625,160578.48485079373,99.9951353032572,54.70600454751813,0.0050023641572114474,2457.574805421279,-0.0014031726328114225,2461.0280526333154,-0.0003566820334968135,2461.906170332428,-0.0014049596412112342,2442.918769288952,0.0005459217845575903,2531.750542225514,0.010509785349796186,2571.951506195869,-0.0019435661085468459,2463.149486698612,2490.118845597467,0.012451956213931392,0.012451956213931392,0.7427608560842017,0.2638103632692239
2020-06-29,2462.9050370972022,8732,156024.43264431664,1736.0880059359988,17985,159036.51772403077,99.85385871486795,54.868862014861406,-0.002819361627498962,2469.8684895415845,0.0050023641572114474,2457.574805421279,-0.0014031726328114225,2461.0280526333154,-0.0003566820334968135,2465.369915564452,0.009190295869737408,2522.798271888207,-0.0035360001658920615,2566.9343571543745,-0.0019507168114982765,2462.656511005162,2484.9173795946085,0.01245348139766362,0.01245348139766362,0.76227362446244,0.15789170911878525
2020-06-30,2458.031889929979,19331,156673.9315494765,1742.1412419668563,10498,155817.61875949777,99.6228483712047,55.17621581748941,-0.001978617564957652,2462.9050370972022,-0.002819361627498962,2469.8684895415845,0.0050023641572114474,2457.574805421279,-0.0014031726328114225,2461.906170332428,-0.0014049596412112342,2408.22330544193,-0.045415825642104446,2561.2728247774016,-0.0022055618061261884,2461.881654924672,2479.7553328522376,0.012453379310173299,0.012453379310173299,0.7939163308326809,-0.1317988845450898
2020-07-01,2474.456855202256,5619,156004.50488774036,1725.919771916831,16473,161440.5827043019,99.62828372974374,54.94126185897486,0.00668216117926157,2458.031889929979,-0.001978617564957652,2462.9050370972022,-0.002819361627498962,2469.8684895415845,0.0050023641572114474,2461.0280526333154,-0.0003566820334968135,2411.7200151627594,0.001451987327308002,2547.9116532092485,-0.005216613958067606,2464.5674154384606,2476.082592951888,0.012574251626192981,0.012574251626192981,0.819588128611397,0.1721266071706416
2020-07-02,2475.6889887010398,14403,155707.26793426657,1739.1675110554977,11848,161924.36483610322,99.58110612637992,54.60018508455173,0.0004979409910474963,2474.456855202256,0.00668216117926157,2458.031889929979,-0.001978617564957652,2462.9050370972022,-0.002819361627498962,2457.574805421279,-0.0014031726328114225,2441.585854382177,0.012383626221803334,2517.1312829176045,-0.012080626992256316,2468.1902520944122,2474.0104782410594,0.012323198662993372,0.012323198662993372,0.8071465520636634,0.15240692146480608
2020-07-03,2450.575197431451,7074,156489.93016329638,1758.6465446194422,16154,161992.15911612284,99.62704470355156,53.95337817178674,-0.010144162446982241,2475.6889887010398,0.0004979409910474963,2474.456855202256,0.00668216117926157,2458.031889929979,-0.001978617564957652,2469.8684895415845,0.0050023641572114474,2442.918769288952,0.0005459217845575903,2515.6818234649527,-0.0005758378446482082,2464.3315936723857,2470.7551469393843,0.012500291887536522,0.012500291887536522,0.7803477405482001,-0.2747661477745557
2020-07-06,2476.03761411068,6079,153533.8384922492,1761.8234060150196,16866,161023.89579503195,99.69724006617368,53.873454111564186,0.010390383737628905,2450.575197431451,-0.010144162446982241,2475.6889887010398,0.0004979409910474963,2474.456855202256,0.00668216117926157,2462.9050370972022,-0.002819361627498962,2465.369915564452,0.009190295869737408,2491.6355577973195,-0.009558548081614382,2466.958109075081,2469.9752497550526,0.012596657640005561,0.012596657640005561,0.7777874852740932,0.7178807203659967
2020-07-07,2466.1841458876547,19350,153377.36452057713,1766.5416160396887,5133,161199.18284497815,99.71106420937956,53.698975931279705,-0.003979530911352613,2476.03761411068,0.010390383737628905,2450.575197431451,-0.010144162446982241,2475.6889887010398,0.0004979409910474963,2458.031889929979,-0.001978617564957652,2461.906170332428,-0.0014049596412112342,2492.8551992115945,0.0004894943044371214,2468.5885602666167,2468.6416970888554,0.012622701568601158,0.012622701568601158,0.7649274571330683,0.40235999077970236
2020-07-08,2471.3189444468057,15351,153835.52036080102,1774.469389942983,7174,159647.22302465996,99.78707751791714,53.233670107575286,0.0020820823812826017,2466.1841458876547,-0.003979530911352613,2476.03761411068,0.010390383737628905,2450.575197431451,-0.010144162446982241,2474.456855202256,0.00668216117926157,2461.0280526333154,-0.0003566820334968135,2528.790896523866,0.014415477210083072,2467.960978115526,2465.7680994850025,0.01215012001071119,0.01215012001071119,0.7401763632135562,0.22740136129868604
2020-07-09,2466.409133080289,8142,154503.50061307946,1784.4102583369831,19466,157963.0893236711,99.80999865532866,53.36957573446894,-0.0019867170028982084,2471.3189444468057,0.0020820823812826017,2466.1841458876547,-0.003979530911352613,2476.03761411068,0.010390383737628905,2475.6889887010398,0.0004979409910474963,2457.574805421279,-0.0014031726328114225,2505.419125010381,-0.009242271294796489,2466.105006991376,2463.8175998884976,0.01200089824074762,0.01200089824074762,0.7179134400613898,0.05675536976774459
2020-07-10,2442.494227873828,17830,160343.67910045237,1798.1916675819737,7672,154037.70680944753,99.8630051258888,53.23458461990954,-0.00969624418175652,2466.409133080289,-0.0019867170028982084,2471.3189444468057,0.0020820823812826017,2466.1841458876547,-0.003979530911352613,2450.575197431451,-0.010144162446982241,2469.8684895415845,0.0050023641572114474,2531.750542225514,0.010509785349796186,2464.4888130798513,2459.3547841709133,0.011855901591802791,0.011855901591802791,0.7029090620743367,-1.317579803736812
2020-07-13,2440.800863065837,16523,160032.42551947755,1783.5468969360393,5999,154080.46548796317,99.79253779960182,52.91186383231597,-0.0006932932690961735,2442.494227873828,-0.00969624418175652,2466.409133080289,-0.0019867170028982084,2471.3189444468057,0.0020820823812826017,2476.03761411068,0.010390383737628905,2462.9050370972022,-0.002819361627498962,2522.798271888207,-0.0035360001658920615,2457.441462870883,2455.2549137297947,0.011850082691249327,0.011850082691249327,0.6862723296888406,-0.6117646728049494
2020-07-14,2452.8775524479124,8882,159093.41461253716,1784.0221297744522,5086,152979.69907120036,99.77457665821866,52.74549211062384,0.004947838869126864,2440.800863065837,-0.0006932932690961735,2442.494227873828,-0.00969624418175652,2466.409133080289,-0.0019867170028982084,2466.1841458876547,-0.003979530911352613,2458.031889929979,-0.001978617564957652,2408.22330544193,-0.045415825642104446,2454.7801441829342,2457.4876260800943,0.00590509936566771,0.00590509936566771,0.6701363385613588,-0.9790654598952053
2020-07-15,2475.9693022855317,5064,155861.18413599345,1777.9464510641114,10828,153700.68772419888,99.79425426788436,53.06688347230272,0.009414146994241257,2452.8775524479124,0.004947838869126864,2440.800863065837,-0.0006932932690961735,2442.494227873828,-0.00969624418175652,2471.3189444468057,0.0020820823812826017,2474.456855202256,0.00668216117926157,2411.7200151627594,0.001451987327308002,2455.7102157506797,2460.700090436233,0.006202644539111059,0.006202644539111059,0.660825496728353,0.16246799154927338
2020-07-16,2476.55978933044,9839,155957.27152859914,1782.307100519584,6950,155107.58377488644,99.8763071154261,53.24776455542929,0.00023848722371599962,2475.9693022855317,0.009414146994241257,2452.8775524479124,0.004947838869126864,2440.800863065837,-0.0006932932690961735,2466.409133080289,-0.0019867170028982084,2475.6889887010398,0.0004979409910474963,2441.585854382177,0.012383626221803334,2457.74034700071,2462.4487871836454,0.0056321754846043225,0.0056321754846043225,0.6584783855720008,-0.33734357650761226
2020-07-17,2467.4702803302766,16352,155742.39670177977,1817.4703490306213,19232,152196.04905834806,99.83693299820364,53.208756736979744,-0.003670215853185832,2476.55978933044,0.00023848722371599962,2475.9693022855317,0.009414146994241257,2452.8775524479124,0.004947838869126864,2442.494227873828,-0.00969624418175652,2450.575197431451,-0.010144162446982241,2442.918769288952,0.0005459217845575903,2462.7355574919993,2463.6763627357122,0.005717543881286745,0.005717543881286745,0.6553622444013693,-0.19019478118332858
2020-07-20,2485.301141491135,9165,152521.40967118056,1854.5285775396924,19676,144540.0445924828,99.88904972377686,53.3944882425192,0.007226373222404714,2467.4702803302766,-0.003670215853185832,2476.55978933044,0.00023848722371599962,2475.9693022855317,0.009414146994241257,2440.800863065837,-0.0006932932690961735,2476.03761411068,0.010390383737628905,2465.369915564452,0.009190295869737408,2471.6356131770594,2464.672924032046,0.0055758278970778835,0.0055758278970778835,0.6665793129485618,1.0659418112275187
2020-07-21,2477.6110700177137,15351,153438.15304582502,1859.3966826673416,11366,146099.08138797886,99.86246584458532,53.04621465560318,-0.0030942211971974887,2485.301141491135,0.007226373222404714,2467.4702803302766,-0.003670215853185832,2476.55978933044,0.00023848722371599962,2452.8775524479124,0.004947838869126864,2466.1841458876547,-0.003979530911352613,2461.906170332428,-0.0014049596412112342,2476.5823166910195,2465.4581690163104,0.005617525327736338,0.005617525327736338,0.6795017407561186,0.14770729179325554
2020-07-22,2479.368660172657,15537,156444.46398088118,1861.204914562736,9420,142963.9501284026,99.8507116278525,53.055925685821286,0.0007093890466556285,2477.6110700177137,-0.0030942211971974887,2485.301141491135,0.007226373222404714,2467.4702803302766,-0.003670215853185832,2475.9693022855317,0.009414146994241257,2471.3189444468057,0.0020820823812826017,2461.0280526333154,-0.0003566820334968135,2477.2621882684443,2466.3751993932774,0.0056156944280742185,0.0056156944280742185,0.6937295569944822,-0.7751118380740529
2020-07-23,2510.713830337304,16099,152120.77655508355,1850.6516469735925,11518,145110.56467385654,99.93366353205492,53.10012238496723,0.012642399925497205,2479.368660172657,0.0007093890466556285,2477.6110700177137,-0.0030942211971974887,2485.301141491135,0.007226373222404714,2476.55978933044,0.00023848722371599962,2466.409133080289,-0.0019867170028982084,2457.574805421279,-0.0014031726328114225,2484.092996469817,2469.032150639079,0.006225291538540089,0.006225291538540089,0.7148590464738677,1.210354560756641
2020-07-24,2586.5702274929126,15774,144754.22908007816,1836.0004775454815,5283,146340.47289850216,99.73435749494948,52.959171432417605,0.03021307973813081,2510.713830337304,0.012642399925497205,2479.368660172657,0.0007093890466556285,2477.6110700177137,-0.0030942211971974887,2467.4702803302766,-0.003670215853185832,2442.494227873828,-0.00969624418175652,2469.8684895415845,0.0050023641572114474,2507.912985902344,2474.867237536645,0.00899552990975007,0.00899552990975007,0.7052458925431699,2.3768021543767404
2020-07-27,2578.8335179732085,9317,145325.59213756485,1832.3775264508376,7782,146884.62152778797,99.60471026214202,53.08980893320484,-0.002991107466354448,2586.5702274929126,0.03021307973813081,2510.713830337304,0.012642399925497205,2479.368660172657,0.0007093890466556285,2485.301141491135,0.007226373222404714,2440.800863065837,-0.0006932932690961735,2462.9050370972022,-0.002819361627498962,2526.619461198759,2480.6636615804455,0.00900080391952588,0.00900080391952588,0.7228002288953156,1.1441914152631587
2020-07-28,2594.351749449619,16615,144675.58170597957,1841.1408690773424,14066,144997.96180102043,99.45649172239774,52.8556788968115,0.006017539080462653,2578.8335179732085,-0.002991107466354448,2586.5702274929126,0.03021307973813081,2510.713830337304,0.012642399925497205,2477.6110700177137,-0.0030942211971974887,2452.8775524479124,0.004947838869126864,2458.031889929979,-0.001978617564957652,2549.96759708514,2487.4796545564272,0.008976412739995145,0.008976412739995145,0.7661543860275369,1.1398960893095613
2020-07-29,2580.764057693837,15206,148376.35764347747,1839.017621511916,5814,143178.3702669499,99.22313011041292,53.00862510914433,-0.005237413068087116,2594.351749449619,0.006017539080462653,2578.8335179732085,-0.002991107466354448,2586.5702274929126,0.03021307973813081,2479.368660172657,0.0007093890466556285,2475.9693022855317,0.009414146994241257,2474.456855202256,0.00668216117926157,2570.246676589376,2492.7950146810063,0.009095823058278402,0.009095823058278402,0.811643506059059,0.3180720339798512
2020-07-30,2581.8133729035403,18815,147014.34733892124,1842.1501219152965,9461,146079.97346319832,99.1553036663974,53.174182740603726,0.0004065909111585775,2580.764057693837,-0.005237413068087116,2594.351749449619,0.006017539080462653,2578.8335179732085,-0.002991107466354448,2510.713830337304,0.012642399925497205,2476.55978933044,0.00023848722371599962,2475.6889887010398,0.0004979409910474963,2584.4665851026234,2498.101233891132,0.009096716207963413,0.009096716207963413,0.8665284082172918,0.9138857293541871
2020-07-31,2610.555397089778,7678,144536.10004679346,1846.4840536411416,10462,140807.49455538532,99.23024705637016,52.299034776394606,0.011132494892112987,2581.8133729035403,0.0004065909111585775,2580.764057693837,-0.005237413068087116,2594.351749449619,0.006017539080462653,2586.5702274929126,0.03021307973813081,2467.4702803302766,-0.003670215853185832,2450.575197431451,-0.010144162446982241,2589.2636190219964,2506.100243874048,0.008824588717550453,0.008824588717550453,0.9210912113864953,1.1591483458958975
2020-08-03,2590.1029877381766,7727,144560.6086557695,1793.8419488009092,19803,144825.41750877988,99.20175864973191,52.65612648744764,-0.007834505015446802,2610.555397089778,0.011132494892112987,2581.8133729035403,0.0004065909111585775,2580.764057693837,-0.005237413068087116,2578.8335179732085,-0.002991107466354448,2485.301141491135,0.007226373222404714,2476.03761411068,0.010390383737628905,2591.5175129749905,2511.8035125554225,0.008982956502325747,0.008982956502325747,0.9681456727019884,0.8073944406578024
2020-08-04,2595.326242480812,10240,142451.33369633832,1785.3095243270511,7312,148402.10543451013,99.22153765792608,51.74183671784181,0.0020166204847309466,2590.1029877381766,-0.007834505015446802,2610.555397089778,0.011132494892112987,2581.8133729035403,0.0004065909111585775,2594.351749449619,0.006017539080462653,2477.6110700177137,-0.0030942211971974887,2466.1841458876547,-0.003979530911352613,2591.712411581229,2518.260617385081,0.008861859088034626,0.008861859088034626,1.0050459160900431,1.1098966804400283
2020-08-05,2600.985615858516,15623,141131.7066943961,1838.4749701980456,17284,142405.20095808274,99.33045940759716,51.557022010174975,0.002180601916271785,2595.326242480812,0.0020166204847309466,2590.1029877381766,-0.007834505015446802,2610.555397089778,0.011132494892112987,2580.764057693837,-0.005237413068087116,2479.368660172657,0.0007093890466556285,2471.3189444468057,0.0020820823812826017,2595.7567232141646,2524.743950955666,0.008861588005969,0.008861588005969,1.039803476341358,1.0163060865023223
2020-08-06,2609.977688519933,5450,138281.0713188783,1858.2363296188707,15512,140330.36041358532,99.46322802082396,51.864626420452296,0.0034571789273232234,2600.985615858516,0.002180601916271785,2595.326242480812,0.0020166204847309466,2590.1029877381766,-0.007834505015446802,2581.8133729035403,0.0004065909111585775,2510.713830337304,0.012642399925497205,2466.409133080289,-0.0019867170028982084,2601.3895863374432,2531.9223787276483,0.008796751012993308,0.008796751012993308,1.0704476727673577,1.2479181165179087
2020-08-07,2582.2368680214463,14685,141397.5427324222,1885.5725371374515,14606,135763.33373346087,99.45631422735131,51.76944040287657,-0.01062875771716576,2609.977688519933,0.0034571789273232234,2600.985615858516,0.002180601916271785,2595.326242480812,0.0020166204847309466,2610.555397089778,0.011132494892112987,2586.5702274929126,0.03021307973813081,2442.494227873828,-0.00969624418175652,2595.725880523777,2538.9095107350295,0.008869032160007517,0.008869032160007517,1.0796532940198718,0.1913205966070341
2020-08-10,2587.525408003078,16876,143154.31583776357,2015.1738213922767,11220,119892.39491582836,99.59167281630826,51.3295846081357,0.002048046036026152,2582.2368680214463,-0.01062875771716576,2609.977688519933,0.0034571789273232234,2600.985615858516,0.002180601916271785,2590.1029877381766,-0.007834505015446802,2578.8335179732085,-0.002991107466354448,2440.800863065837,-0.0006932932690961735,2595.2103645767575,2546.2457379818916,0.008832944440870554,0.008832944440870554,1.085740939522525,0.23115627284036805
2020-08-11,2583.610431453764,8939,142464.65364497952,2087.6058671838005,16545,114137.32891334088,99.60088548215168,51.001463489620704,-0.0015130195580710382,2587.525408003078,0.002048046036026152,2582.2368680214463,-0.01062875771716576,2609.977688519933,0.0034571789273232234,2595.326242480812,0.0020166204847309466,2594.351749449619,0.006017539080462653,2452.8775524479124,0.004947838869126864,2592.867202371347,2552.7823819321843,0.008874454759277086,0.008874454759277086,1.085341806086244,0.5065346381457707
2020-08-12,2610.316024121799,14979,139035.98281521155,2082.3515094544578,5121,114624.49225173796,99.51714565976891,51.309535213516895,0.010336540038278219,2583.610431453764,-0.0015130195580710382,2587.525408003078,0.002048046036026152,2582.2368680214463,-0.01062875771716576,2600.985615858516,0.002180601916271785,2580.764057693837,-0.005237413068087116,2475.9693022855317,0.009414146994241257,2594.733284024004,2559.4997180239975,0.008913839722911108,0.008913839722911108,1.0814864170273937,1.0264033669157373
2020-08-13,2594.608195532534,19629,142961.15369346782,2149.755799348595,19488,109132.24073650489,99.45770562454906,50.7330838543523,-0.006017596507131517,2610.316024121799,0.010336540038278219,2583.610431453764,-0.0015130195580710382,2587.525408003078,0.002048046036026152,2609.977688519933,0.0034571789273232234,2581.8133729035403,0.0004065909111585775,2476.55978933044,0.00023848722371599962,2591.6593854265243,2565.402138334102,0.009111703296487415,0.009111703296487415,1.0612414854282732,-0.028754790079831727
2020-08-14,2602.3069722400887,13878,141970.92425225466,2114.713412981593,6058,114274.21899060374,99.30965197329256,51.07178118464091,0.002967221301779066,2594.608195532534,-0.006017596507131517,2610.316024121799,0.010336540038278219,2583.610431453764,-0.0015130195580710382,2582.2368680214463,-0.01062875771716576,2610.555397089778,0.011132494892112987,2467.4702803302766,-0.003670215853185832,2595.6734062702526,2572.1439729295926,0.00900031951945474,0.00900031951945474,1.0389755166791885,0.5164816375941201
2020-08-17,2595.491482783134,12154,145505.83933917916,2150.409543108053,7377,107821.05108618572,99.2208385879192,51.05525055492822,-0.0026190182517507044,2602.3069722400887,0.002967221301779066,2594.608195532534,-0.006017596507131517,2610.316024121799,0.010336540038278219,2587.525408003078,0.002048046036026152,2590.1029877381766,-0.007834505015446802,2485.301141491135,0.007226373222404714,2597.266621226264,2577.653489994193,0.009009069896056345,0.009009069896056345,1.0016553542982112,-0.26390520447999594
2020-08-18,2639.7505644202683,14664,136308.6279619607,2107.07000393779,6268,110179.76414098912,99.18503691911177,50.6975319557955,0.017052293151690767,2595.491482783134,-0.0026190182517507044,2602.3069722400887,0.002967221301779066,2594.608195532534,-0.006017596507131517,2583.610431453764,-0.0015130195580710382,2595.326242480812,0.0020166204847309466,2477.6110700177137,-0.0030942211971974887,2608.4946478195648,2585.7604647143207,0.009497878594624753,0.009497878594624753,0.9568186848739523,2.067073487648323
2020-08-19,2641.3200478202334,19232,135950.9217630477,2120.205857521312,14196,107961.19035003698,99.2653954210496,50.52259743410468,0.0005945574635419781,2639.7505644202683,0.017052293151690767,2595.491482783134,-0.0026190182517507044,2602.3069722400887,0.002967221301779066,2610.316024121799,0.010336540038278219,2600.985615858516,0.002180601916271785,2479.368660172657,0.0007093890466556285,2614.695452559252,2593.858034096699,0.009499508781441141,0.009499508781441141,0.902925465703356,1.280134000531149
2020-08-20,2657.14282807106,12351,132811.71958917016,2118.6491130501586,9268,108926.06832777154,99.4374724041662,50.217430131774194,0.0059904820182183904,2641.3200478202334,0.0005945574635419781,2639.7505644202683,0.017052293151690767,2595.491482783134,-0.0026190182517507044,2594.608195532534,-0.006017596507131517,2609.977688519933,0.0034571789273232234,2510.713830337304,0.012642399925497205,2627.202379066957,2601.1794839833865,0.009265490533849494,0.009265490533849494,0.8467724779703564,1.742061180985142
2020-08-21,2633.3782644594303,19576,133657.4433011664,2167.179179625716,14806,106083.96455745307,99.2992542526285,50.47729769203176,-0.008943653069971247,2657.14282807106,0.0059904820182183904,2641.3200478202334,0.0005945574635419781,2639.7505644202683,0.017052293151690767,2602.3069722400887,0.002967221301779066,2582.2368680214463,-0.01062875771716576,2586.5702274929126,0.03021307973813081,2633.4166375108252,2603.519885831713,0.0070601390648504765,0.0070601390648504765,0.7974205383271782,0.8779767741630452
2020-08-24,2615.4416189927542,11809,136747.4209848323,2142.74011635887,10201,106680.70814931027,99.33853699945448,50.6970260349606,-0.006811268137491777,2633.3782644594303,-0.008943653069971247,2657.14282807106,0.0059904820182183904,2641.3200478202334,0.0005945574635419781,2595.491482783134,-0.0026190182517507044,2587.525408003078,0.002048046036026152,2578.8335179732085,-0.002991107466354448,2637.4066647527493,2605.3502908826904,0.007221377399804205,0.007221377399804205,0.7451280561931022,0.3319622549671335
2020-08-25,2639.166668382424,18500,137179.16812437304,2224.6670299683988,15973,98985.90146806509,99.23448260553874,50.181277694797785,0.009071144703588052,2615.4416189927542,-0.006811268137491777,2633.3782644594303,-0.008943653069971247,2657.14282807106,0.0059904820182183904,2639.7505644202683,0.017052293151690767,2583.610431453764,-0.0015130195580710382,2594.351749449619,0.006017539080462653,2637.289885545181,2607.5910368293307,0.007369815702238319,0.007369815702238319,0.7017446809883534,0.48361749500489926
2020-08-26,2636.5462918445346,6579,137108.15484193192,2099.923833965946,18078,110442.25816500682,99.28195231438508,50.06020005924199,-0.0009928802789463953,2639.166668382424,0.009071144703588052,2615.4416189927542,-0.006811268137491777,2633.3782644594303,-0.008943653069971247,2641.3200478202334,0.0005945574635419781,2610.316024121799,0.010336540038278219,2580.764057693837,-0.005237413068087116,2636.335134350041,2610.380148536865,0.007244355399733332,0.007244355399733332,0.6566942911140548,0.36192851929023456
2020-08-27,2635.493065786716,11892,139138.78868334866,2124.7544790625857,14468,108201.4570514502,99.2688436493163,49.8012443605387,-0.0003994718625180971,2636.5462918445346,-0.0009928802789463953,2639.166668382424,0.009071144703588052,2615.4416189927542,-0.006811268137491777,2657.14282807106,0.0059904820182183904,2594.608195532534,-0.006017596507131517,2581.8133729035403,0.0004065909111585775,2632.0051818931715,2613.064133181024,0.007250624335640167,0.007250624335640167,0.6243874741600336,-0.0867149622611762
2020-08-28,2606.991212594845,17951,139118.0594152034,2069.996819609576,9953,116809.90835587685,99.08575306673154,50.18929735107652,-0.01081461892724167,2635.493065786716,-0.0003994718625180971,2636.5462918445346,-0.0009928802789463953,2639.166668382424,0.009071144703588052,2633.3782644594303,-0.008943653069971247,2602.3069722400887,0.002967221301779066,2610.555397089778,0.011132494892112987,2626.7277715202554,2612.8859239562776,0.0073056544923699685,0.0073056544923699685,0.5898630807011221,0.058635835300236666
2020-08-31,2600.7419180669217,9196,140196.7412659508,2070.556879850598,18416,115566.87573276732,99.17858276588838,49.7842676156386,-0.002397129111034846,2606.991212594845,-0.01081461892724167,2635.493065786716,-0.0003994718625180971,2636.5462918445346,-0.0009928802789463953,2615.4416189927542,-0.006811268137491777,2595.491482783134,-0.0026190182517507044,2590.1029877381766,-0.007834505015446802,2623.7878313350884,2613.417870472715,0.007098685350730235,0.007098685350730235,0.5730043637333935,-0.2290928483313373
2020-09-01,2598.363438632849,16592,140115.78894732468,2191.919063440598,14569,104455.18296978314,99.11808269460752,50.2655363470441,-0.0009145388158470213,2600.7419180669217,-0.002397129111034846,2606.991212594845,-0.01081461892724167,2635.493065786716,-0.0003994718625180971,2639.166668382424,0.009071144703588052,2639.7505644202683,0.017052293151690767,2595.326242480812,0.0020166204847309466,2615.627185385173,2613.569730280317,0.007090085925950742,0.007090085925950742,0.5650105130213331,-0.14474022115862842
2020-09-02,2623.983918071523,13786,134787.94217372415,2232.860025161186,10550,96532.09114823048,99.06469267077016,50.25554792518902,0.009860237046806164,2598.363438632849,-0.0009145388158470213,2600.7419180669217,-0.002397129111034846,2606.991212594845,-0.01081461892724167,2636.5462918445346,-0.0009928802789463953,2641.3200478202334,0.0005945574635419781,2600.985615858516,0.002180601916271785,2613.114710630571,2614.719645390967,0.007410424043045612,0.007410424043045612,0.5512225255041209,1.2220870046913912
2020-09-03,2595.268438313348,18675,138880.07024340195,2317.922259840186,5957,89166.94390905829,98.9577174296412,49.90696760327499,-0.01094346636822352,2623.983918071523,0.009860237046806164,2598.363438632849,-0.0009145388158470213,2600.7419180669217,-0.002397129111034846,2635.493065786716,-0.0003994718625180971,2657.14282807106,0.0059904820182183904,2609.977688519933,0.0034571789273232234,2605.0697851358973,2613.9841828806375,0.007794199684725873,0.007794199684725873,0.5667269867685035,-0.16148050396561459
2020-09-04,2566.931999947008,11743,139777.7950626345,2387.720590586533,6121,83930.60565832212,98.89228910197244,49.7037853480722,-0.01091849997018246,2595.268438313348,-0.01094346636822352,2623.983918071523,0.009860237046806164,2598.363438632849,-0.0009145388158470213,2606.991212594845,-0.01081461892724167,2633.3782644594303,-0.008943653069971247,2582.2368680214463,-0.01062875771716576,2597.05794260633,2613.2189394769157,0.007814740922525362,0.007814740922525362,0.6380417777496477,-0.10281008538935035
2020-09-07,2570.2766690712965,19368,140432.37518532304,2445.0726782008105,17765,81128.09057984929,98.93507814604192,49.46329969584167,0.001302983142661196,2566.931999947008,-0.01091849997018246,2595.268438313348,-0.01094346636822352,2623.983918071523,0.009860237046806164,2600.7419180669217,-0.002397129111034846,2615.4416189927542,-0.006811268137491777,2587.525408003078,0.002048046036026152,2590.9648928072047,2612.3565025303265,0.007804887656406567,0.007804887656406567,0.7014491123044406,-0.24979165482741927
2020-09-08,2591.712498374689,12023,137277.38582987964,2406.629699003033,9420,83890.96310413962,98.91615371194828,49.08091417523702,0.00833989179504857,2570.2766690712965,0.001302983142661196,2566.931999947008,-0.01091849997018246,2595.268438313348,-0.01094346636822352,2598.363438632849,-0.0009145388158470213,2639.166668382424,0.009071144703588052,2583.610431453764,-0.0015130195580710382,2589.634704755573,2612.761605876373,0.00803230177513133,0.00803230177513133,0.7373369757679016,0.5932495598500866
2020-09-09,2583.6950504071333,16452,138322.5226541496,2343.760131817388,17200,88613.98755515816,98.94901991217652,49.10936223315613,-0.003093494348845982,2591.712498374689,0.00833989179504857,2570.2766690712965,0.001302983142661196,2566.931999947008,-0.01091849997018246,2623.983918071523,0.009860237046806164,2636.5462918445346,-0.0009928802789463953,2610.316024121799,0.010336540038278219,2581.576931222695,2611.4305571906393,0.007693380830688966,0.007693380830688966,0.7827419843108605,-0.038388394721172586
2020-09-10,2581.254670224537,8661,139804.66196701786,2351.63881345895,18397,86106.3842043501,98.98521209756942,48.74098756794858,-0.0009445310437126153,2583.6950504071333,-0.003093494348845982,2591.712498374689,0.00833989179504857,2570.2766690712965,0.001302983142661196,2595.268438313348,-0.01094346636822352,2635.493065786716,-0.0003994718625180971,2594.608195532534,-0.006017596507131517,2578.7741776049324,2610.7628809252396,0.007584201462920723,0.007584201462920723,0.8162858374263621,-0.5198485399045278
2020-09-11,2585.399875098531,17123,139530.2987945527,2369.8668266478235,16018,84145.3304614406,99.11727826312224,48.086877705327126,0.0016058876025717428,2581.254670224537,-0.0009445310437126153,2583.6950504071333,-0.003093494348845982,2591.712498374689,0.00833989179504857,2566.931999947008,-0.01091849997018246,2606.991212594845,-0.01081461892724167,2602.3069722400887,0.002967221301779066,2582.4677526352375,2609.917526068162,0.007560060739808567,0.007560060739808567,0.8507413443132947,-0.3554649814424536
2020-09-14,2580.410645476536,17633,139017.5827091521,2551.7632634608917,12164,74113.79914352848,99.0829996480358,47.972974764072674,-0.0019297709689124476,2585.399875098531,0.0016058876025717428,2581.254670224537,-0.0009445310437126153,2583.6950504071333,-0.003093494348845982,2570.2766690712965,0.001302983142661196,2600.7419180669217,-0.002397129111034846,2595.491482783134,-0.0026190182517507044,2584.4945479162852,2609.1634842028316,0.007550492097523181,0.007550492097523181,0.8843654815138068,-0.5240487665849121
2020-09-15,2572.049831849264,17800,140938.09466178325,2635.662507653018,16934,64845.23981119569,98.93531386635122,47.43211790514731,-0.0032401097251433253,2580.410645476536,-0.0019297709689124476,2585.399875098531,0.0016058876025717428,2581.254670224537,-0.0009445310437126153,2591.712498374689,0.00833989179504857,2598.363438632849,-0.0009145388158470213,2639.7505644202683,0.017052293151690767,2580.5620146112005,2605.778447574282,0.006372601568804032,0.006372601568804032,0.9197922364778783,-1.599803052658227
2020-09-16,2556.053910769818,15960,142649.39900417384,2603.589631616117,6087,64695.25399678522,99.04203610800842,47.20646964472705,-0.006219133424777201,2572.049831849264,-0.0032401097251433253,2580.410645476536,-0.0019297709689124476,2585.399875098531,0.0016058876025717428,2583.6950504071333,-0.003093494348845982,2623.983918071523,0.009860237046806164,2641.3200478202334,0.0005945574635419781,2575.033786683737,2601.515140721761,0.006448849505816471,0.006448849505816471,0.9540098310140614,-1.599253955599174
2020-09-17,2558.3871436446884,17134,141654.87258871927,2525.816408501758,17002,71659.79681445406,99.0088872907987,46.93373877814604,0.0009128261595108267,2556.053910769818,-0.006219133424777201,2572.049831849264,-0.0032401097251433253,2580.410645476536,-0.0019297709689124476,2581.254670224537,-0.0009445310437126153,2595.268438313348,-0.01094346636822352,2657.14282807106,0.0059904820182183904,2570.4602813677675,2596.577356500443,0.006229709269633755,0.006229709269633755,0.9827285489092757,-0.9270546205807959
2020-09-18,2573.7845388252213,17979,140578.33141111425,2456.480212247267,14077,76005.82979356908,99.12034653525645,46.67237395653829,0.006018399216389803,2558.3871436446884,0.0009128261595108267,2556.053910769818,-0.006219133424777201,2572.049831849264,-0.0032401097251433253,2585.399875098531,0.0016058876025717428,2566.931999947008,-0.01091849997018246,2633.3782644594303,-0.008943653069971247,2568.1372141131055,2593.5976702187318,0.006234359492764708,0.006234359492764708,1.0040201476934798,-0.574229738458826
2020-09-21,2590.439348710239,18114,139172.58719137832,2516.78037558347,11087,74249.54093789782,99.15868424657468,47.27266288701534,0.0064709417722352836,2573.7845388252213,0.006018399216389803,2558.3871436446884,0.0009128261595108267,2556.053910769818,-0.006219133424777201,2580.410645476536,-0.0019297709689124476,2570.2766690712965,0.001302983142661196,2615.4416189927542,-0.006811268137491777,2570.1429547598464,2592.347556704606,0.00630384752052255,0.00630384752052255,1.0110701461525844,-0.10724461423277198
2020-09-22,2560.895575447312,12973,140839.50445603402,2478.9000300476546,9645,74974.55302670012,99.14557049355436,47.289586357166215,-0.011404927614937832,2590.439348710239,0.0064709417722352836,2573.7845388252213,0.006018399216389803,2558.3871436446884,0.0009128261595108267,2572.049831849264,-0.0032401097251433253,2591.712498374689,0.00833989179504857,2639.166668382424,0.009071144703588052,2567.9121034794557,2588.43400205785,0.006336879312768517,0.006336879312768517,1.0295737563797986,-0.9287903356548871
2020-09-23,2577.645774922641,18856,141386.32926036822,2476.840154448486,5180,79111.32671739013,99.18044808295896,47.36319765986481,0.006540758489304466,2560.895575447312,-0.011404927614937832,2590.439348710239,0.0064709417722352836,2573.7845388252213,0.006018399216389803,2556.053910769818,-0.006219133424777201,2583.6950504071333,-0.003093494348845982,2636.5462918445346,-0.0009928802789463953,2572.23047631002,2585.488976211756,0.006586663718789967,0.006586663718789967,1.0396001460179705,-0.8327571630899292
2020-09-24,2592.6647319373947,6389,143744.9311677894,2417.893734143296,6369,83647.36468069685,99.3755493389716,46.83027817096212,0.005826617901059095,2577.645774922641,0.006540758489304466,2560.895575447312,-0.011404927614937832,2590.439348710239,0.0064709417722352836,2558.3871436446884,0.0009128261595108267,2581.254670224537,-0.0009445310437126153,2635.493065786716,-0.0003994718625180971,2579.0859939685615,2583.3475595192895,0.006766606003579912,0.006766606003579912,1.035103623289245,-1.5609738367749275
2020-09-25,2611.310290098952,9666,141310.05764504967,2494.05720196592,15791,74668.42699096524,99.58324739187698,46.63408923087104,0.007191658038879556,2592.6647319373947,0.005826617901059095,2577.645774922641,0.006540758489304466,2560.895575447312,-0.011404927614937832,2573.7845388252213,0.006018399216389803,2585.399875098531,0.0016058876025717428,2606.991212594845,-0.01081461892724167,2586.5911442233078,2583.563513394495,0.006558280692249582,0.006558280692249582,1.0090403000431183,-0.16997977946143253
2020-09-28,2567.8741598313472,17934,144450.8638333086,2474.0914562138364,18411,72561.58224971869,99.59018550539024,46.6986800198535,-0.016633844867956604,2611.310290098952,0.007191658038879556,2592.6647319373947,0.005826617901059095,2577.645774922641,0.006540758489304466,2590.439348710239,0.0064709417722352836,2580.410645476536,-0.0019297709689124476,2600.7419180669217,-0.002397129111034846,2582.0781064475295,2581.9201254827162,0.007542697906547316,0.007542697906547316,1.0052249634788661,-1.513033882112355
2020-09-29,2575.261340885156,6765,142016.23286566514,2442.5925500895896,18984,74037.6522824382,99.60620456472196,46.39132134597959,0.002876769107055477,2567.8741598313472,-0.016633844867956604,2611.310290098952,0.007191658038879556,2592.6647319373947,0.005826617901059095,2560.895575447312,-0.011404927614937832,2572.049831849264,-0.0032401097251433253,2598.363438632849,-0.0009145388158470213,2584.9512595350984,2580.7650205953314,0.007582143444051975,0.007582143444051975,0.9846597900113991,-0.1584379427957194
2020-09-30,2589.464055686373,6038,138296.71470768942,2385.1449142445967,13879,78161.02795993396,99.7138285804686,46.66374019903499,0.0055150576664715345,2575.261340885156,0.002876769107055477,2567.8741598313472,-0.016633844867956604,2611.310290098952,0.007191658038879556,2577.645774922641,0.006540758489304466,2556.053910769818,-0.006219133424777201,2623.983918071523,0.009860237046806164,2587.314915687845,2579.0390274760744,0.007330164896301936,0.007330164896301936,0.9680937380777133,0.9969019373946411
2020-10-01,2590.548639475576,11377,140564.1928403887,2419.5234549660454,10608,76665.59538435654,99.62926247719189,46.30293122326468,0.00041884489063326313,2589.464055686373,0.0055150576664715345,2575.261340885156,0.002876769107055477,2567.8741598313472,-0.016633844867956604,2592.6647319373947,0.005826617901059095,2558.3871436446884,0.0009128261595108267,2595.268438313348,-0.01094346636822352,2586.891697195481,2578.8030375341855,0.006917999265090446,0.006917999265090446,0.9390822797757103,-0.508485170486006
2020-10-02,2570.4349371451567,7317,140836.4782657153,2393.590992323609,11709,76927.70584988131,99.6625695144537,46.21702138250513,-0.007764263532411775,2590.548639475576,0.00041884489063326313,2589.464055686373,0.0055150576664715345,2575.261340885156,0.002876769107055477,2611.310290098952,0.007191658038879556,2573.7845388252213,0.006018399216389803,2566.931999947008,-0.01091849997018246,2578.7166266047216,2578.978184394093,0.006689813091327766,0.006689813091327766,0.8799505180291646,-0.2589471353955869
2020-10-05,2560.819741949986,19288,142322.68898267316,2388.8823657686285,12243,84066.43308342053,99.65998322965832,46.04120589051246,-0.00374068802762606,2570.4349371451567,-0.007764263532411775,2590.548639475576,0.00041884489063326313,2589.464055686373,0.0055150576664715345,2567.8741598313472,-0.016633844867956604,2590.439348710239,0.0064709417722352836,2570.2766690712965,0.001302983142661196,2577.30574302845,2578.5053380380277,0.006736563763135889,0.006736563763135889,0.812087283336717,-0.7891755931292999
2020-10-06,2572.984972880349,19161,138707.77552404164,2350.9657217537683,13933,89522.69099196323,99.69137405080406,46.09050208832704,0.0047505221594001945,2560.819741949986,-0.00374068802762606,2570.4349371451567,-0.007764263532411775,2590.548639475576,0.00041884489063326313,2575.261340885156,0.002876769107055477,2560.895575447312,-0.011404927614937832,2591.712498374689,0.00833989179504857,2576.850469427488,2577.5689617633107,0.006543161800173944,0.006543161800173944,0.7485989592016744,1.0387025412029889
2020-10-07,2590.775393377802,19901,136128.5596145239,2315.64522110031,16969,92717.46290937184,99.60803717020912,45.89835506677041,0.006914311853729149,2572.984972880349,0.0047505221594001945,2560.819741949986,-0.00374068802762606,2570.4349371451567,-0.007764263532411775,2589.464055686373,0.0055150576664715345,2577.645774922641,0.006540758489304466,2583.6950504071333,-0.003093494348845982,2577.112736965774,2577.9229789118444,0.006702412661934978,0.006702412661934978,0.6989126777954636,1.4633743190493498
2020-10-08,2591.61654423955,13422,137116.50537940953,2281.593858575211,16047,95081.57115482504,99.44908042087825,45.81708697864913,0.0003246714724471911,2590.775393377802,0.006914311853729149,2572.984972880349,0.0047505221594001945,2560.819741949986,-0.00374068802762606,2590.548639475576,0.00041884489063326313,2592.6647319373947,0.005826617901059095,2581.254670224537,-0.0009445310437126153,2577.3263179185687,2578.441072612595,0.0066974282547361515,0.0066974282547361515,0.6476783026095682,0.6049059500664318
2020-10-09,2586.858791152819,11125,138529.5682823297,2327.667864151926,9614,96916.62568309248,99.2417820772791,45.74624795111573,-0.0018358244769297594,2591.61654423955,0.0003246714724471911,2590.775393377802,0.006914311853729149,2572.984972880349,0.0047505221594001945,2570.4349371451567,-0.007764263532411775,2611.310290098952,0.007191658038879556,2585.399875098531,0.0016058876025717428,2580.611088720101,2578.514018415309,0.006704204115611097,0.006704204115611097,0.5965115133255319,0.2474133837451374
2020-10-12,2563.6190854271977,15124,140877.2132474149,2371.4251083930817,9528,92126.25932951692,99.13004366598014,45.52593162389834,-0.00898375504882687,2586.858791152819,-0.0018358244769297594,2591.61654423955,0.0003246714724471911,2590.775393377802,0.006914311853729149,2560.819741949986,-0.00374068802762606,2567.8741598313472,-0.016633844867956604,2580.410645476536,-0.0019297709689124476,2581.1709574155434,2577.674440412842,0.00699314302786304,0.00699314302786304,0.5616074197715146,-0.16847959200636364
2020-10-13,2538.2034982774794,17412,143735.50806495472,2270.922793387749,18982,102652.09914709398,99.0841761374862,45.67145978444748,-0.009913948329606459,2563.6190854271977,-0.00898375504882687,2586.858791152819,-0.0018358244769297594,2591.61654423955,0.0003246714724471911,2572.984972880349,0.0047505221594001945,2575.261340885156,0.002876769107055477,2572.049831849264,-0.0032401097251433253,2574.2146624949696,2575.9821237342526,0.007293446472246885,0.007293446472246885,0.537919758355348,-0.7424027366474357
2020-10-14,2556.432899532529,17314,142763.91807686037,2319.6053935210666,19498,101752.68221809076,99.05485697882132,45.7429762968987,0.007182009349298024,2538.2034982774794,-0.009913948329606459,2563.6190854271977,-0.00898375504882687,2586.858791152819,-0.0018358244769297594,2590.775393377802,0.006914311853729149,2589.464055686373,0.0055150576664715345,2556.053910769818,-0.006219133424777201,2567.346163725915,2576.0010731723883,0.007368793866687399,0.007368793866687399,0.5717716057108321,-0.07347160228548197
2020-10-15,2570.226292259053,6365,143730.35501854887,2254.986336949265,6515,105922.9615553491,99.24858009506428,45.71639211332276,0.005395562202726412,2556.432899532529,0.007182009349298024,2538.2034982774794,-0.009913948329606459,2563.6190854271977,-0.00898375504882687,2591.61654423955,0.0003246714724471911,2590.548639475576,0.00041884489063326313,2558.3871436446884,0.0009128261595108267,2563.068113329816,2576.593030603107,0.007464508375406204,0.007464508375406204,0.5615206440952969,-0.5219185289159801
2020-10-16,2617.215632665891,14968,143500.8467722917,2248.8486549181707,15491,108043.27640440484,99.35917943205502,45.587254613284166,0.01828218026885775,2570.226292259053,0.005395562202726412,2556.432899532529,0.007182009349298024,2538.2034982774794,-0.009913948329606459,2586.858791152819,-0.0018358244769297594,2570.4349371451567,-0.007764263532411775,2573.7845388252213,0.006018399216389803,2569.13948163243,2578.76458529514,0.008406893556871388,0.008406893556871388,0.4927890328594888,-0.30401743851418855
2020-10-19,2601.805714476611,15497,145838.36579289383,2140.7933928549905,5655,117057.20729811098,99.26297032042083,45.82621782244016,-0.005887905450718933,2617.215632665891,0.01828218026885775,2570.226292259053,0.005395562202726412,2556.432899532529,0.007182009349298024,2563.6190854271977,-0.00898375504882687,2560.819741949986,-0.00374068802762606,2590.439348710239,0.0064709417722352836,2576.7768074423125,2579.3329035834586,0.008427769406936484,0.008427769406936484,0.44133407004389064,-0.9563667394320008
2020-10-20,2620.673152638235,11659,144173.91914177706,2173.715398569241,18528,117061.0828492966,99.29774116566594,45.75546754929591,0.007251670659590204,2601.805714476611,-0.005887905450718933,2617.215632665891,0.01828218026885775,2570.226292259053,0.005395562202726412,2538.2034982774794,-0.009913948329606459,2572.984972880349,0.0047505221594001945,2560.895575447312,-0.011404927614937832,2593.270738314464,2582.3217824430053,0.008095485694355985,0.008095485694355985,0.40397959551715235,-0.05021309147404068
2020-10-21,2644.1331237736945,17364,140354.61835334176,2180.666689950924,15648,119633.85589671334,99.25703334203092,45.66345836294813,0.008951887461373209,2620.673152638235,0.007251670659590204,2601.805714476611,-0.005887905450718933,2617.215632665891,0.01828218026885775,2556.432899532529,0.007182009349298024,2590.775393377802,0.006914311853729149,2577.645774922641,0.006540758489304466,2610.8107831626967,2585.6461498855574,0.008196751892002141,0.008196751892002141,0.36576348258938335,1.1284709814569012
2020-10-22,2639.550841963281,13144,139792.87408303752,2214.684605779148,6945,117891.61367744936,99.2285969582269,45.69486537191456,-0.001732999662238499,2644.1331237736945,0.008951887461373209,2620.673152638235,0.007251670659590204,2601.805714476611,-0.005887905450718933,2570.226292259053,0.005395562202726412,2591.61654423955,0.0003246714724471911,2592.6647319373947,0.005826617901059095,2624.6756931035425,2587.990455386852,0.008151497734419071,0.008151497734419071,0.3469803740316137,0.6194427721493452
2020-10-23,2618.7839124916823,17126,140788.03908339393,2224.83011226329,6986,117608.75256015232,99.24712952316844,46.20384137680582,-0.007867599722440888,2639.550841963281,-0.001732999662238499,2644.1331237736945,0.008951887461373209,2620.673152638235,0.007251670659590204,2617.215632665891,0.01828218026885775,2586.858791152819,-0.0018358244769297594,2611.310290098952,0.007191658038879556,2624.9893490687004,2588.3641365064886,0.008237540435671908,0.008237540435671908,0.3563090201392411,0.1433626491923089
2020-10-26,2639.248626623604,10977,142163.25303944357,2250.279489926017,10400,113204.12102229762,99.30904663486598,45.801734514399456,0.007814586776062171,2618.7839124916823,-0.007867599722440888,2639.550841963281,-0.001732999662238499,2644.1331237736945,0.008951887461373209,2601.805714476611,-0.005887905450718933,2563.6190854271977,-0.00898375504882687,2567.8741598313472,-0.016633844867956604,2632.4779314980997,2591.932859846101,0.007381404828678435,0.007381404828678435,0.37518128151369456,-0.37851353489192924
2020-10-27,2632.295147289146,17195,139640.47984419652,2242.9080246821254,11535,119108.54746445992,99.27512078647756,46.03269158231606,-0.0026346435361619402,2639.248626623604,0.007814586776062171,2618.7839124916823,-0.007867599722440888,2639.550841963281,-0.001732999662238499,2620.673152638235,0.007251670659590204,2538.2034982774794,-0.009913948329606459,2575.261340885156,0.002876769107055477,2634.8023304282815,2594.7845501663005,0.007426018870812656,0.007426018870812656,0.3959377943825466,0.6477432149879218
2020-10-28,2625.25971442741,13657,138652.00159863938,2245.2231463660155,18067,122229.49590987687,99.381505939751,45.46474023394464,-0.0026727370861057143,2632.295147289146,-0.0026346435361619402,2639.248626623604,0.007814586776062171,2618.7839124916823,-0.007867599722440888,2644.1331237736945,0.008951887461373209,2556.432899532529,0.007182009349298024,2589.464055686373,0.0055150576664715345,2631.027648559025,2596.5743331033527,0.007396721106368292,0.007396721106368292,0.4197503171804312,0.40722668248990485
2020-10-29,2574.991254676234,15808,140499.75276475123,2187.4246459984606,9902,129095.05053097112,99.26731211713675,45.52992218141323,-0.01914799494881214,2625.25971442741,-0.0026727370861057143,2632.295147289146,-0.0026346435361619402,2639.248626623604,0.007814586776062171,2639.550841963281,-0.001732999662238499,2570.226292259053,0.005395562202726412,2590.548639475576,0.00041884489063326313,2618.115731101615,2595.7964638633857,0.008628995878394644,0.008628995878394644,0.3748846631766816,-0.43008763774361053
2020-10-30,2567.3253271769463,5033,142886.24056235334,2202.1524647485267,19738,130952.36168911825,99.267946023373,46.00244702969584,-0.0029770693338728726,2574.991254676234,-0.01914799494881214,2625.25971442741,-0.0026727370861057143,2632.295147289146,-0.0026346435361619402,2618.7839124916823,-0.007867599722440888,2617.215632665891,0.01828218026885775,2570.4349371451567,-0.007764263532411775,2607.8240140386683,2595.640983364975,0.008475070231500738,0.008475070231500738,0.31455347848841747,-0.8297915461316376
2020-11-02,2571.840524604472,18103,141178.05713359904,2147.4168679610866,15504,136155.4242980895,99.52771339603258,46.14904758703604,0.001758716505356528,2567.3253271769463,-0.0029770693338728726,2574.991254676234,-0.01914799494881214,2625.25971442741,-0.0026727370861057143,2639.248626623604,0.007814586776062171,2601.805714476611,-0.005887905450718933,2560.819741949986,-0.00374068802762606,2594.3423936348418,2596.1920224976993,0.008437347724686569,0.008437347724686569,0.29022612936386616,0.05918735845748033
2020-11-03,2571.786016390251,12623,137561.4910990772,2121.0452407617818,19744,136520.11789714207,99.55002137029513,46.20023511059797,-2.1194243460920248e-05,2571.840524604472,0.001758716505356528,2567.3253271769463,-0.0029770693338728726,2574.991254676234,-0.01914799494881214,2632.295147289146,-0.0026346435361619402,2620.673152638235,0.007251670659590204,2572.984972880349,0.0047505221594001945,2582.240567455063,2596.1320746731944,0.008370545937677448,0.008370545937677448,0.28333380031404687,1.004438274263576
2020-11-04,2519.312466804133,7717,137617.7394710072,2133.455222063353,12176,137373.01767355655,99.69334282095572,46.032100269957056,-0.020403544171909704,2571.786016390251,-2.1194243460920248e-05,2571.840524604472,0.001758716505356528,2567.3253271769463,-0.0029770693338728726,2625.25971442741,-0.0026727370861057143,2644.1331237736945,0.008951887461373209,2590.775393377802,0.006914311853729149,2561.0511179304076,2592.5589283445106,0.009355506516761791,0.009355506516761791,0.2677727169661871,0.38782203643247865
2020-11-05,2554.309602696389,5357,135534.9656153944,2176.286604493431,19347,131562.5863768168,99.70249483877303,46.041414430103615,0.013891542376500698,2519.312466804133,-0.020403544171909704,2571.786016390251,-2.1194243460920248e-05,2571.840524604472,0.001758716505356528,2574.991254676234,-0.01914799494881214,2639.550841963281,-0.001732999662238499,2591.61654423955,0.0003246714724471911,2556.914787534438,2590.693581267353,0.009956329982211716,0.009956329982211716,0.2868673524402193,1.109000940466698
2020-11-06,2548.8269351126264,12313,132796.29707560243,2246.513423729915,6175,124238.95878076312,99.76057254830604,45.96579558548261,-0.002146438152201613,2554.309602696389,0.013891542376500698,2519.312466804133,-0.020403544171909704,2571.786016390251,-2.1194243460920248e-05,2567.3253271769463,-0.0029770693338728726,2618.7839124916823,-0.007867599722440888,2586.858791152819,-0.0018358244769297594,2553.215109121574,2588.7919884653434,0.009958473869285556,0.009958473869285556,0.31359915507051667,1.4740668069571075
2020-11-09,2531.052035913071,6645,136511.46126188943,2283.8879305081928,5215,122680.70354504636,99.75489422886676,45.7300026031032,-0.006973756811295639,2548.8269351126264,-0.002146438152201613,2554.309602696389,0.013891542376500698,2519.312466804133,-0.020403544171909704,2571.840524604472,0.001758716505356528,2639.248626623604,0.007814586776062171,2563.6190854271977,-0.00898375504882687,2545.057411383294,2587.163635989637,0.009880236660781529,0.009880236660781529,0.36809601574946654,0.15086534563442724
2020-11-10,2502.35483740887,17175,140985.6889060049,2305.64255908868,13095,117915.03788501568,99.73785347075034,45.64303991846074,-0.011338051567892249,2531.052035913071,-0.006973756811295639,2548.8269351126264,-0.002146438152201613,2554.309602696389,0.013891542376500698,2571.786016390251,-2.1194243460920248e-05,2632.295147289146,-0.0026346435361619402,2538.2034982774794,-0.009913948329606459,2531.171175587018,2585.3712029462067,0.009955792522749895,0.009955792522749895,0.40237659756667943,-0.36644715951655243
2020-11-11,2475.9609534568526,17695,140861.10064135052,2289.9375314004837,8602,119662.9312487674,99.6599052310778,45.70255426664868,-0.010547618410244208,2502.35483740887,-0.011338051567892249,2531.052035913071,-0.006973756811295639,2548.8269351126264,-0.002146438152201613,2519.312466804133,-0.020403544171909704,2625.25971442741,-0.0026727370861057143,2556.432899532529,0.007182009349298024,2522.5008729175615,2581.347605642423,0.010009613376600246,0.010009613376600246,0.4625137021912514,0.1851731273002447
2020-11-12,2475.8250851036164,8949,140224.64737082223,2325.449422721669,13505,116282.14576477316,99.70293536697356,45.47238914608948,-5.487499835021836e-05,2475.9609534568526,-0.010547618410244208,2502.35483740887,-0.011338051567892249,2531.052035913071,-0.006973756811295639,2554.309602696389,0.013891542376500698,2574.991254676234,-0.01914799494881214,2570.226292259053,0.005395562202726412,2506.8039693990077,2576.6275452846508,0.00988396120580101,0.00988396120580101,0.5315292167652831,0.27372296725667944
2020-11-13,2482.5450208773077,14890,139758.9427468295,2345.6478590772977,10544,112565.6665333984,99.61778164805496,45.23050459988407,0.002714220731554695,2475.8250851036164,-5.487499835021836e-05,2475.9609534568526,-0.010547618410244208,2502.35483740887,-0.011338051567892249,2548.8269351126264,-0.002146438152201613,2567.3253271769463,-0.0029770693338728726,2617.215632665891,0.01828218026885775,2493.5475865519434,2569.894014695222,0.008767216425930324,0.008767216425930324,0.6006583413500968,0.2783710057172764
2020-11-16,2533.2635620531314,13864,132722.0959836073,2352.7724697584504,19307,109914.95379520612,99.68434017168632,44.82243156860642,0.02043005897145833,2482.5450208773077,0.002714220731554695,2475.8250851036164,-5.487499835021836e-05,2475.9609534568526,-0.010547618410244208,2531.052035913071,-0.006973756811295639,2571.840524604472,0.001758716505356528,2601.805714476611,-0.005887905450718933,2493.9898917799555,2566.4669070740474,0.010118825007000305,0.010118825007000305,0.6027544433078791,2.352143769591276
2020-11-17,2532.555922465249,7732,130412.23785499117,2468.2504407943084,8573,100068.96256521688,99.79286887213092,44.93964907643309,-0.0002793391096301834,2533.2635620531314,0.02043005897145833,2482.5450208773077,0.002714220731554695,2475.8250851036164,-5.487499835021836e-05,2502.35483740887,-0.011338051567892249,2571.786016390251,-2.1194243460920248e-05,2620.673152638235,0.007251670659590204,2500.030108791231,2562.0610455653987,0.00992264336574918,0.00992264336574918,0.5965749783641116,1.84778441529483
2020-11-18,2527.843347395456,11678,129639.21978061886,2458.4386778019866,18910,100778.9048418072,99.82952201285462,45.103246055023206,-0.0018607980293701143,2532.555922465249,-0.0002793391096301834,2533.2635620531314,0.02043005897145833,2482.5450208773077,0.002714220731554695,2475.9609534568526,-0.010547618410244208,2519.312466804133,-0.020403544171909704,2644.1331237736945,0.008951887461373209,2510.406587578952,2556.246556746487,0.009603345876091874,0.009603345876091874,0.6055539210466665,1.4376851490585305
2020-11-19,2529.8008798261203,16208,129536.44585134913,2540.561502809452,19316,94915.99348401494,99.80089713949906,45.17274418829416,0.0007743883467625778,2527.843347395456,-0.0018607980293701143,2532.555922465249,-0.0002793391096301834,2533.2635620531314,0.02043005897145833,2475.8250851036164,-5.487499835021836e-05,2554.309602696389,0.013891542376500698,2639.550841963281,-0.001732999662238499,2521.2017465234526,2550.759058639628,0.009626136995026966,0.009626136995026966,0.6159065700285501,1.182218657365039
2020-11-20,2543.4974049893617,17956,129126.38354976762,2462.028022169714,17851,98661.10149164496,99.84629369742991,45.46229533611276,0.005414072416712434,2529.8008798261203,0.0007743883467625778,2527.843347395456,-0.0018607980293701143,2532.555922465249,-0.0002793391096301834,2482.5450208773077,0.002714220731554695,2548.8269351126264,-0.002146438152201613,2618.7839124916823,-0.007867599722440888,2533.392223345864,2546.9947332645124,0.009663701988577182,0.009663701988577182,0.6182864474806258,1.0817730528230147
2020-11-23,2532.2494348176724,12136,126381.78443973226,2518.0874186368383,7959,94793.96069001542,99.81542639187528,45.48865562723698,-0.004422245585792628,2543.4974049893617,0.005414072416712434,2529.8008798261203,0.0007743883467625778,2527.843347395456,-0.0018607980293701143,2533.2635620531314,0.02043005897145833,2531.052035913071,-0.006973756811295639,2639.248626623604,0.007814586776062171,2533.189397898772,2541.6447736742157,0.009433354049852728,0.009433354049852728,0.6284167365488021,1.4313068391514716
2020-11-24,2573.092938266517,9379,123786.74447833277,2485.5405321508674,17985,95408.60354386292,99.9089811044218,45.60625890844671,0.0161293365840105,2532.2494348176724,-0.004422245585792628,2543.4974049893617,0.005414072416712434,2529.8008798261203,0.0007743883467625778,2532.555922465249,-0.0002793391096301834,2502.35483740887,-0.011338051567892249,2632.295147289146,-0.0026346435361619402,2541.2968010590257,2538.6846632230845,0.010265871086717624,0.010265871086717624,0.6163754786433845,1.4444983002844964
2020-11-25,2583.193743167021,7022,122946.840199917,2397.4961658931084,18791,101422.93954004702,99.72584049600027,45.697410136137975,0.003925549967623176,2573.092938266517,0.0161293365840105,2532.2494348176724,-0.004422245585792628,2543.4974049893617,0.005414072416712434,2527.843347395456,-0.0018607980293701143,2475.9609534568526,-0.010547618410244208,2625.25971442741,-0.0026727370861057143,2552.3668802133384,2536.581364660065,0.010318108497421227,0.010318108497421227,0.6205585857235263,1.1324574694426337
2020-11-26,2612.8178576183936,7975,120305.64223477192,2303.838712656852,11604,111662.1655993158,99.69227975918842,45.66994813031252,0.011468018815752323,2583.193743167021,0.003925549967623176,2573.092938266517,0.0161293365840105,2532.2494348176724,-0.004422245585792628,2529.8008798261203,0.0007743883467625778,2475.8250851036164,-5.487499835021836e-05,2574.991254676234,-0.01914799494881214,2568.9702757717932,2538.472694807173,0.009698464566582517,0.009698464566582517,0.6151987940610433,1.3041450960764618
2020-11-27,2603.054923035192,18945,120338.8919680461,2340.966499384488,18071,107464.1664562318,99.49319855967605,45.51070158187362,-0.0037365538339134696,2612.8178576183936,0.011468018815752323,2583.193743167021,0.003925549967623176,2573.092938266517,0.0161293365840105,2543.4974049893617,0.005414072416712434,2482.5450208773077,0.002714220731554695,2567.3253271769463,-0.0029770693338728726,2580.881779380959,2540.2591746000853,0.009715397144788702,0.009715397144788702,0.624896332471988,0.7545152246426808
2020-11-30,2597.0558042189164,17252,123061.28258681926,2316.616928092737,18173,108982.47800671856,99.3436924766533,46.17494736661119,-0.0023046455006338062,2603.054923035192,-0.0037365538339134696,2612.8178576183936,0.011468018815752323,2583.193743167021,0.003925549967623176,2532.2494348176724,-0.004422245585792628,2533.2635620531314,0.02043005897145833,2571.840524604472,0.001758716505356528,2593.8430532612083,2541.5199385808073,0.009735352094758244,0.009735352094758244,0.6437133497640068,0.32146877598364676
2020-12-01,2595.339750877656,6692,126495.63633316325,2343.909825833001,9941,105409.38132481863,99.4800786996347,46.039362072655145,-0.0006607687591743128,2597.0558042189164,-0.0023046455006338062,2603.054923035192,-0.0037365538339134696,2612.8178576183936,0.011468018815752323,2573.092938266517,0.0161293365840105,2532.555922465249,-0.0002793391096301834,2571.786016390251,-2.1194243460920248e-05,2598.292415783436,2542.6976253051776,0.009738317988994709,0.009738317988994709,0.6729389217476536,0.0721360298546257
2020-12-02,2601.819658090069,12772,125224.10868123232,2293.278478789592,9238,110158.89903159236,99.56959719783188,45.83959875931902,0.002496747183185377,2595.339750877656,-0.0006607687591743128,2597.0558042189164,-0.0023046455006338062,2603.054923035192,-0.0037365538339134696,2583.193743167021,0.003925549967623176,2527.843347395456,-0.0018607980293701143,2519.312466804133,-0.020403544171909704,2602.017598768046,2546.8229848694746,0.008406222925053688,0.008406222925053688,0.705030730354703,0.6295927842838409
2020-12-03,2614.5669579576934,5296,124058.4639979257,2308.1545420376674,16620,110933.82940650378,99.4976491745034,45.96980170635405,0.004899378720576664,2601.819658090069,0.002496747183185377,2595.339750877656,-0.0006607687591743128,2597.0558042189164,-0.0023046455006338062,2612.8178576183936,0.011468018815752323,2529.8008798261203,0.0007743883467625778,2554.309602696389,0.013891542376500698,2602.3674188359055,2549.8358526325396,0.00794459190157644,0.00794459190157644,0.7466664665952343,0.636267131906636
2020-12-04,2634.8569977457914,17272,119498.0673997548,2199.3160443098072,7363,120058.01519402748,99.3473988288993,46.04535803094255,0.007760382546847078,2614.5669579576934,0.004899378720576664,2601.819658090069,0.002496747183185377,2595.339750877656,-0.0006607687591743128,2603.054923035192,-0.0037365538339134696,2543.4974049893617,0.005414072416712434,2548.8269351126264,-0.002146438152201613,2608.7278337780253,2554.1373557641978,0.008033546837595416,0.008033546837595416,0.8001824568457191,1.3559842069964045
2020-12-07,2609.3130677229256,8849,120842.63207806564,2194.872620511544,13508,122093.76858799746,99.05094594511512,45.62392056665945,-0.009694617220107005,2634.8569977457914,0.007760382546847078,2614.5669579576934,0.004899378720576664,2601.819658090069,0.002496747183185377,2597.0558042189164,-0.0023046455006338062,2532.2494348176724,-0.004422245585792628,2531.052035913071,-0.006973756811295639,2611.179286478827,2558.050407354691,0.008209132941838558,0.008209132941838558,0.8417656824146056,0.3367924786474656
2020-12-08,2591.944681254426,13597,123746.5716627058,2208.7825202681647,17333,118496.681006165,98.99659639432188,45.96072404302856,-0.006656306091954112,2609.3130677229256,-0.009694617220107005,2634.8569977457914,0.007760382546847078,2614.5669579576934,0.004899378720576664,2595.339750877656,-0.0006607687591743128,2573.092938266517,0.0161293365840105,2502.35483740887,-0.011338051567892249,2610.500272554181,2562.5298995469684,0.007882359796027525,0.007882359796027525,0.8579431402466872,-0.34647288755076056
2020-12-09,2609.383507024452,6302,122368.36243372978,2232.7631731038564,17691,117565.26441401902,99.2386378955466,45.93246567042331,0.006728085632439429,2591.944681254426,-0.006656306091954112,2609.3130677229256,-0.009694617220107005,2634.8569977457914,0.007760382546847078,2601.819658090069,0.002496747183185377,2583.193743167021,0.003925549967623176,2475.9609534568526,-0.010547618410244208,2612.013042341058,2569.2010272253483,0.007390446837097227,0.007390446837097227,0.885542980780577,0.20706252815203788
2020-12-10,2598.439188182946,16238,124105.55461603464,2237.083807909762,14742,117284.0480183761,99.28212632269296,45.5991863418586,-0.004194216301300124,2609.383507024452,0.006728085632439429,2591.944681254426,-0.006656306091954112,2609.3130677229256,-0.009694617220107005,2614.5669579576934,0.004899378720576664,2612.8178576183936,0.011468018815752323,2475.8250851036164,-5.487499835021836e-05,2608.787488386108,2575.3317323793153,0.007526985271456664,0.007526985271456664,0.9019685847836714,-0.25007622665784335
2020-12-11,2603.037281042994,5250,123702.41365442106,2142.977585544167,15796,126171.73101182024,99.22616909408802,45.95582157616476,0.0017695595421123311,2598.439188182946,-0.004194216301300124,2609.383507024452,0.006728085632439429,2591.944681254426,-0.006656306091954112,2634.8569977457914,0.007760382546847078,2603.054923035192,-0.0037365538339134696,2482.5450208773077,0.002714220731554695,2602.423545045549,2581.356345387599,0.007528180963671763,0.007528180963671763,0.9111184442152448,-0.0436767095541898
2020-12-14,2572.2241714629718,16872,126445.38521664868,2180.3979419054235,13840,121067.70188113874,99.27267711503804,46.1435242476436,-0.01183736775666766,2603.037281042994,0.0017695595421123311,2598.439188182946,-0.004194216301300124,2609.383507024452,0.006728085632439429,2609.3130677229256,-0.009694617220107005,2597.0558042189164,-0.0023046455006338062,2533.2635620531314,0.02043005897145833,2595.0057657935577,2583.304375858091,0.006891306678728105,0.006891306678728105,0.9033595596302835,-1.3285864910686915
2020-12-15,2540.453207262702,14798,130404.04700565824,2139.751059331695,14779,123852.7619165832,99.1165812797386,45.76416165005923,-0.012351553395985593,2572.2241714629718,-0.01183736775666766,2603.037281042994,0.0017695595421123311,2598.439188182946,-0.004194216301300124,2591.944681254426,-0.006656306091954112,2595.339750877656,-0.0006607687591743128,2532.555922465249,-0.0002793391096301834,2584.707470995213,2583.699240097964,0.007492044465564892,0.007492044465564892,0.880459357035461,-1.7406983915804002
2020-12-16,2568.626983540886,9167,129837.711826178,2178.406700183252,8888,121118.25542652528,99.08684894346884,46.29731650213655,0.011090059127103924,2540.453207262702,-0.012351553395985593,2572.2241714629718,-0.01183736775666766,2603.037281042994,0.0017695595421123311,2609.383507024452,0.006728085632439429,2601.819658090069,0.002496747183185377,2527.843347395456,-0.0018607980293701143,2576.5561662984996,2585.7384219052356,0.007856951399210527,0.007856951399210527,0.8805335884933693,-1.0293998203925403
2020-12-17,2579.6522816217253,6979,125218.59641995995,2173.4753199121906,10967,119496.68789507006,99.09679669077042,46.4949557126464,0.004292292400370545,2568.626983540886,0.011090059127103924,2540.453207262702,-0.012351553395985593,2572.2241714629718,-0.01183736775666766,2598.439188182946,-0.004194216301300124,2614.5669579576934,0.004899378720576664,2529.8008798261203,0.0007743883467625778,2572.7987849862557,2588.2309919950158,0.00789493029314158,0.00789493029314158,0.8753640781261146,0.3968964481750815
2020-12-18,2567.6552138099646,6797,125902.4608137756,2235.6825258457256,7890,115618.89234877752,99.08818662558832,46.491896877958894,-0.004650653073374089,2579.6522816217253,0.004292292400370545,2568.626983540886,0.011090059127103924,2540.453207262702,-0.012351553395985593,2603.037281042994,0.0017695595421123311,2634.8569977457914,0.007760382546847078,2543.4974049893617,0.005414072416712434,2565.72237153965,2589.438882436046,0.007919879805100874,0.007919879805100874,0.880984686019426,-0.35777487231701427
2020-12-21,2592.1901529862826,13458,118359.54518498956,2242.439846688521,8182,114480.32380623445,99.16726723775732,46.96896251964542,0.009555386971100477,2567.6552138099646,-0.004650653073374089,2579.6522816217253,0.004292292400370545,2568.626983540886,0.011090059127103924,2572.2241714629718,-0.01183736775666766,2609.3130677229256,-0.009694617220107005,2532.2494348176724,-0.004422245585792628,2569.7155678443123,2592.4359183444767,0.008077576773579646,0.008077576773579646,0.8730811195473034,2.1014657165747677
2020-12-22,2590.068417892468,14480,118818.12182160042,2284.7242465695667,14595,111970.55899016371,99.20173176038092,47.01675185479432,-0.0008185105908878887,2592.1901529862826,0.009555386971100477,2567.6552138099646,-0.004650653073374089,2579.6522816217253,0.004292292400370545,2540.453207262702,-0.012351553395985593,2591.944681254426,-0.006656306091954112,2573.092938266517,0.0161293365840105,2579.6386099702654,2593.284692325774,0.007278566775923975,0.007278566775923975,0.8644926757780848,1.0411330638488199
2020-12-23,2593.706759062964,8638,117713.41391576278,2258.224930623684,9148,112411.8650349932,99.26856436219173,47.0083269322631,0.0014047278231579252,2590.068417892468,-0.0008185105908878887,2592.1901529862826,0.009555386971100477,2567.6552138099646,-0.004650653073374089,2568.626983540886,0.011090059127103924,2609.383507024452,0.006728085632439429,2583.193743167021,0.003925549967623176,2584.654565074681,2593.810343120571,0.007235161047011431,0.007235161047011431,0.8614732039986476,1.217141315542498
2020-12-24,2577.746758528595,6491,118041.01035648794,2240.657416924891,18378,111095.74989875872,99.19972713396864,46.810236897456505,-0.006153355801923777,2593.706759062964,0.0014047278231579252,2590.068417892468,-0.0008185105908878887,2592.1901529862826,0.009555386971100477,2579.6522816217253,0.004292292400370545,2598.439188182946,-0.004194216301300124,2612.8178576183936,0.011468018815752323,2584.2734604560546,2592.056788166081,0.006857422459854693,0.006857422459854693,0.8628054804200492,0.9192596673644454
2020-12-25,2610.854442819405,19109,118873.32962933584,2243.589180637936,8572,112503.9078737427,99.28950867480972,46.98479202924863,0.012843652768167235,2577.746758528595,-0.006153355801923777,2593.706759062964,0.0014047278231579252,2590.068417892468,-0.0008185105908878887,2567.6552138099646,-0.004650653073374089,2603.037281042994,0.0017695595421123311,2603.054923035192,-0.0037365538339134696,2592.913306257943,2592.446764155292,0.007442304324486686,0.007442304324486686,0.8525197646208045,0.7171349521948558
2020-12-28,2581.645506448222,10579,122105.08958951427,2234.878022841789,14129,115027.97601483148,99.45240236957213,47.12777291944583,-0.011187500877927525,2610.854442819405,0.012843652768167235,2577.746758528595,-0.006153355801923777,2593.706759062964,0.0014047278231579252,2592.1901529862826,0.009555386971100477,2572.2241714629718,-0.01183736775666766,2597.0558042189164,-0.0023046455006338062,2590.8043769503306,2591.676249266757,0.007851914765462856,0.007851914765462856,0.8503872291211888,0.04187916742763473
2020-12-29,2558.6795434774567,8237,126396.00724132468,2196.525208471685,14652,118724.39588827395,99.35538741760696,47.13217696141274,-0.008895862314714731,2581.645506448222,-0.011187500877927525,2610.854442819405,0.012843652768167235,2577.746758528595,-0.006153355801923777,2590.068417892468,-0.0008185105908878887,2540.453207262702,-0.012351553395985593,2595.339750877656,-0.0006607687591743128,2584.5266020673284,2589.843238896747,0.008086017422552098,0.008086017422552098,0.8396313414611378,-0.5976710054862207
2020-12-30,2554.073997038264,7173,128220.17483250664,2189.026008212098,16541,121029.32721970172,99.26661785203552,46.89518105525246,-0.0017999700083322079,2558.6795434774567,-0.008895862314714731,2581.645506448222,-0.011187500877927525,2610.854442819405,0.012843652768167235,2593.706759062964,0.0014047278231579252,2568.626983540886,0.011090059127103924,2601.819658090069,0.002496747183185377,2576.6000496623888,2587.455955844157,0.0080541899527601,0.0080541899527601,0.8379242677974463,-0.548802044614233
2020-12-31,2542.110822766016,12809,132723.72298682094,2198.8704988317468,7534,120394.1498345655,99.40019628566752,46.93416001150228,-0.004683957585457921,2554.073997038264,-0.0017999700083322079,2558.6795434774567,-0.008895862314714731,2581.645506448222,-0.011187500877927525,2577.746758528595,-0.006153355801923777,2579.6522816217253,0.004292292400370545,2614.5669579576934,0.004899378720576664,2569.472862509873,2583.833149084573,0.007976024467419298,0.007976024467419298,0.8406798876481013,-1.088884173054477
2021-01-01,2523.732626127035,19474,133834.18704310618,2197.243665021633,13865,122158.96981950676,99.38106188699804,46.91322037577363,-0.0072295025356070575,2542.110822766016,-0.004683957585457921,2554.073997038264,-0.0017999700083322079,2558.6795434774567,-0.008895862314714731,2610.854442819405,0.012843652768167235,2567.6552138099646,-0.004650653073374089,2634.8569977457914,0.007760382546847078,2552.048499171399,2578.2769305036354,0.0077742419021023966,0.0077742419021023966,0.8433040681798959,-0.8619865025935304
2021-01-04,2541.2684016586204,16024,132083.98317747074,2177.640199661814,10951,124514.8068556092,99.52144402620468,46.51317808015338,0.00694834918328735,2523.732626127035,-0.0072295025356070575,2542.110822766016,-0.004683957585457921,2554.073997038264,-0.0017999700083322079,2581.645506448222,-0.011187500877927525,2592.1901529862826,0.009555386971100477,2609.3130677229256,-0.009694617220107005,2543.9730782134784,2574.8746972004196,0.007811814502966782,0.007811814502966782,0.8493975584849619,-0.30461256848694296
2021-01-05,2524.897305791358,9811,133355.12488653066,2260.901390259666,19252,115188.51130238996,99.47719045501546,46.07163437475612,-0.006442096339205006,2541.2684016586204,0.00694834918328735,2523.732626127035,-0.0072295025356070575,2542.110822766016,-0.004683957585457921,2558.6795434774567,-0.008895862314714731,2590.068417892468,-0.0008185105908878887,2591.944681254426,-0.006656306091954112,2537.2166306762583,2571.522328427266,0.0078042147950831125,0.0078042147950831125,0.8839092486078493,-0.6952033125033326
2021-01-06,2534.4659089783854,9666,137648.238244411,2222.153996709998,15133,121175.25253993412,99.62269501264254,46.24118038839906,0.003789699947431391,2524.897305791358,-0.006442096339205006,2541.2684016586204,0.00694834918328735,2523.732626127035,-0.0072295025356070575,2554.073997038264,-0.0017999700083322079,2593.706759062964,0.0014047278231579252,2609.383507024452,0.006728085632439429,2533.295013064283,2567.7764485249636,0.007672049976487471,0.007672049976487471,0.9225609819576326,-1.1452070035538446
2021-01-07,2529.9335469966445,6089,137248.11987340095,2132.0501984875364,12143,127648.9643258471,99.63584359432308,45.46061389388355,-0.0017882907659894087,2534.4659089783854,0.003789699947431391,2524.897305791358,-0.006442096339205006,2541.2684016586204,0.00694834918328735,2542.110822766016,-0.004683957585457921,2577.746758528595,-0.006153355801923777,2598.439188182946,-0.004194216301300124,2530.8595579104085,2564.351166465648,0.007645201074754939,0.007645201074754939,0.9482993072820224,-0.5544934742653248
2021-01-08,2522.2678936871584,17476,138026.95924319836,2113.496932940747,15614,134131.8872684396,99.66166647665536,45.52223705197193,-0.0030299820794053023,2529.9335469966445,-0.0017882907659894087,2534.4659089783854,0.003789699947431391,2524.897305791358,-0.006442096339205006,2523.732626127035,-0.0072295025356070575,2610.854442819405,0.012843652768167235,2603.037281042994,0.0017695595421123311,2530.566611422433,2560.3126970978565,0.0076188209133507215,0.0076188209133507215,0.932202497814117,-0.6442925573887098
2021-01-11,2511.3000202014478,5551,141758.38595686594,2068.294925942027,8588,138274.73706658563,99.81813827882236,45.37881213464578,-0.004348417356126788,2522.2678936871584,-0.0030299820794053023,2529.9335469966445,-0.0017882907659894087,2534.4659089783854,0.003789699947431391,2541.2684016586204,0.00694834918328735,2581.645506448222,-0.011187500877927525,2572.2241714629718,-0.01183736775666766,2524.5729351309988,2557.2664895347802,0.007262149830650061,0.007262149830650061,0.9329039427284334,-1.0349008954042218
2021-01-12,2512.558534848719,9709,143581.27534409333,2095.1996399884656,13165,133936.67487613598,99.78196123107791,45.77128611670975,0.0005011406988999489,2511.3000202014478,-0.004348417356126788,2522.2678936871584,-0.0030299820794053023,2529.9335469966445,-0.0017882907659894087,2524.897305791358,-0.006442096339205006,2558.6795434774567,-0.008895862314714731,2540.453207262702,-0.012351553395985593,2522.1051809424707,2555.871755914081,0.006773069284977133,0.006773069284977133,0.914546099522009,-0.9410608794312161
2021-01-13,2508.6155743752065,10013,142963.53219730864,2085.083150229385,19765,134637.84898315405,99.68784902148543,45.62324565396359,-0.0015693009411817949,2512.558534848719,0.0005011406988999489,2511.3000202014478,-0.004348417356126788,2522.2678936871584,-0.0030299820794053023,2534.4659089783854,0.003789699947431391,2554.073997038264,-0.0017999700083322079,2568.626983540886,0.011090059127103924,2516.9351140218355,2552.871185455797,0.0061969973765957686,0.0061969973765957686,0.8842169233606011,-0.5885169544385138
2021-01-14,2490.9003673734023,10817,147931.0613569347,2089.897614169928,10285,134463.22588927904,99.6429926006826,45.82109091823915,-0.00706174640018975,2508.6155743752065,-0.0015693009411817949,2512.558534848719,0.0005011406988999489,2511.3000202014478,-0.004348417356126788,2529.9335469966445,-0.0017882907659894087,2542.110822766016,-0.004683957585457921,2579.6522816217253,0.004292292400370545,2509.128478097187,2548.4335897433803,0.006190993439668695,0.006190993439668695,0.8626919139091791,-1.496206349857658
2021-01-15,2474.304563312458,5573,150243.21857277426,1984.2503652713056,7176,145010.97376340712,99.6882259957469,45.70201676586782,-0.006662572408885348,2490.9003673734023,-0.00706174640018975,2508.6155743752065,-0.0015693009411817949,2512.558534848719,0.0005011406988999489,2522.2678936871584,-0.0030299820794053023,2523.732626127035,-0.0072295025356070575,2567.6552138099646,-0.004650653073374089,2499.535812022247,2543.766057218506,0.006256928806495257,0.006256928806495257,0.8624736649919571,-1.3329954537492563
2021-01-18,2482.005513326812,11455,152510.85757850105,1948.3477582090409,7148,149808.5357509547,99.53165008852883,45.73614121191366,0.003112369482940469,2474.304563312458,-0.006662572408885348,2490.9003673734023,-0.00706174640018975,2508.6155743752065,-0.0015693009411817949,2511.3000202014478,-0.004348417356126788,2541.2684016586204,0.00694834918328735,2592.1901529862826,0.009555386971100477,2493.6769106473193,2538.256825235532,0.005788101448475281,0.005788101448475281,0.8663697393505139,-1.7541299539756445
2021-01-19,2500.28947790928,7756,152222.85342650808,1872.3833259070257,7762,156427.87455465208,99.59539717879396,45.95719217118968,0.007366609173224736,2482.005513326812,0.003112369482940469,2474.304563312458,-0.006662572408885348,2490.9003673734023,-0.00706174640018975,2512.558534848719,0.0005011406988999489,2524.897305791358,-0.006442096339205006,2590.068417892468,-0.0008185105908878887,2491.2230992594314,2533.767878236373,0.006164591776201265,0.006164591776201265,0.8762320889281356,-1.0244526123924753
2021-01-20,2526.77492664698,11283,151637.31987420114,1910.385642292585,14747,148202.61710470897,99.5415200470322,45.8184254562923,0.010592952924733723,2500.28947790928,0.007366609173224736,2482.005513326812,0.003112369482940469,2474.304563312458,-0.006662572408885348,2508.6155743752065,-0.0015693009411817949,2534.4659089783854,0.003789699947431391,2593.706759062964,0.0014047278231579252,2494.8549697137864,2530.421286615573,0.006728227689026489,0.006728227689026489,0.8680445446584675,-0.7854162352034906
2021-01-21,2511.281837268337,12551,151362.2323984201,1930.4725703264896,6371,144428.99364151128,99.65630131310554,46.11739192164183,-0.006131566850397063,2526.77492664698,0.010592952924733723,2500.28947790928,0.007366609173224736,2482.005513326812,0.003112369482940469,2490.9003673734023,-0.00706174640018975,2529.9335469966445,-0.0017882907659894087,2577.746758528595,-0.006153355801923777,2498.931263692773,2527.0980405525606,0.006727399600538324,0.006727399600538324,0.8701406211878361,-0.6982851251266462
2021-01-22,2513.6820370343294,14119,153993.99307176334,1964.122565140461,8066,141889.44661058576,99.4168752826155,45.81928255850988,0.0009557667842663431,2511.281837268337,-0.006131566850397063,2526.77492664698,0.010592952924733723,2500.28947790928,0.007366609173224736,2474.304563312458,-0.006662572408885348,2522.2678936871584,-0.0030299820794053023,2610.854442819405,0.012843652768167235,2506.806758437148,2522.239420263307,0.005886044411634949,0.005886044411634949,0.872383038363691,-1.152150568220684
2021-01-25,2503.12983383353,15271,153391.69730704874,2003.659714831021,13077,140204.34232081313,99.33821870510508,45.90766041127739,-0.004197906913178673,2513.6820370343294,0.0009557667842663431,2511.281837268337,-0.006131566850397063,2526.77492664698,0.010592952924733723,2482.005513326812,0.003112369482940469,2511.3000202014478,-0.004348417356126788,2581.645506448222,-0.011187500877927525,2511.0316225384913,2518.313636632572,0.005498995164436502,0.005498995164436502,0.8902917154235866,-0.5790546592572665
2021-01-26,2516.33733472876,8393,152456.25424218678,2048.045154210892,11075,131916.11948722755,99.16957188998168,46.18445232811375,0.005276394662678374,2503.12983383353,-0.004197906913178673,2513.6820370343294,0.0009557667842663431,2511.281837268337,-0.006131566850397063,2500.28947790928,0.007366609173224736,2512.558534848719,0.0005011406988999489,2558.6795434774567,-0.008895862314714731,2514.2411939023873,2516.1965261951373,0.005412130628598164,0.005412130628598164,0.9027685878859095,-0.4526920359781741
2021-01-27,2516.257143444556,16013,154612.54444508604,2096.9707824761863,11781,127553.29435993644,99.08694894334528,46.382463575650846,-3.186825673073823e-05,2516.33733472876,0.005276394662678374,2503.12983383353,-0.004197906913178673,2513.6820370343294,0.0009557667842663431,2526.77492664698,0.010592952924733723,2508.6155743752065,-0.0015693009411817949,2554.073997038264,-0.0017999700083322079,2512.1376372619025,2514.305683515452,0.005409722536753261,0.005409722536753261,0.8904222054077857,-0.9628051278604116
2021-01-28,2534.9529700804346,9938,152401.6110714533,2111.625736207638,17501,128644.33471779268,99.11171553345618,46.95739703867147,0.007430014330842782,2516.257143444556,-3.186825673073823e-05,2516.33733472876,0.005276394662678374,2503.12983383353,-0.004197906913178673,2511.281837268337,-0.006131566850397063,2490.9003673734023,-0.00706174640018975,2542.110822766016,-0.004683957585457921,2516.871863824322,2513.9477908811723,0.005618075131250491,0.005618075131250491,0.9054100396399474,-0.16181216112639304
2021-01-29,2545.524818507843,8111,151782.3055120083,2116.9268121838986,8335,125576.92363122568,99.0937928709112,46.72836524347828,0.004170431780070816,2534.9529700804346,0.007430014330842782,2516.257143444556,-3.186825673073823e-05,2516.33733472876,0.005276394662678374,2513.6820370343294,0.0009557667842663431,2474.304563312458,-0.006662572408885348,2523.732626127035,-0.0072295025356070575,2523.2404201190247,2515.037400500213,0.005434752670717585,0.005434752670717585,0.926411908648136,-0.30602673928848534
2021-02-01,2546.298896125264,8434,151720.24666821602,2181.740298241475,16833,123149.6485118281,99.0684551140164,46.3146204680737,0.000304093525937299,2545.524818507843,0.004170431780070816,2534.9529700804346,0.007430014330842782,2516.257143444556,-3.186825673073823e-05,2503.12983383353,-0.004197906913178673,2482.005513326812,0.003112369482940469,2541.2684016586204,0.00694834918328735,2531.874232577372,2515.2889252235454,0.0052148567687601245,0.0052148567687601245,0.930886925664386,-0.3433879874425766
2021-02-02,2548.55033962125,7439,151839.6797592597,2137.3402114257697,8976,125982.93928740275,99.0525366268784,46.01631993552516,0.0008842023610864391,2546.298896125264,0.000304093525937299,2545.524818507843,0.004170431780070816,2534.9529700804346,0.007430014330842782,2516.33733472876,0.005276394662678374,2500.28947790928,0.007366609173224736,2524.897305791358,-0.006442096339205006,2538.3168335558694,2516.47157691504,0.00498238691623573,0.00498238691623573,0.8905331042387933,-0.33473924201089417
2021-02-03,2550.9560342557443,9154,152813.135997211,2190.168694298185,7972,121083.55856889611,99.0728754509404,46.21445270548969,0.0009439462886386973,2548.55033962125,0.0008842023610864391,2546.298896125264,0.000304093525937299,2545.524818507843,0.004170431780070816,2516.257143444556,-3.186825673073823e-05,2526.77492664698,0.010592952924733723,2534.4659089783854,0.003789699947431391,2545.2566117181073,2517.296083178908,0.00492311849115659,0.00492311849115659,0.8324956233946714,-0.5868120507150636
2021-02-04,2557.851992523017,17618,149248.12592681035,2153.7683862595995,15246,123744.24863101174,98.97202184674607,46.3638295857705,0.0027032838569813755,2550.9560342557443,0.0009439462886386973,2548.55033962125,0.0008842023610864391,2546.298896125264,0.000304093525937299,2534.9529700804346,0.007430014330842782,2511.281837268337,-0.006131566850397063,2529.9335469966445,-0.0017882907659894087,2549.8364162066237,2518.6920054552265,0.004923569536806312,0.004923569536806312,0.7891026084999118,0.5710952103888609
2021-02-05,2554.474612279279,16441,148471.41679586557,2203.577350919404,19034,122993.1946503074,99.04270681083598,46.394506583664736,-0.0013203970572225332,2557.851992523017,0.0027032838569813755,2550.9560342557443,0.0009439462886386973,2548.55033962125,0.0008842023610864391,2545.524818507843,0.004170431780070816,2513.6820370343294,0.0009557667842663431,2522.2678936871584,-0.0030299820794053023,2551.6263749609107,2520.3023413848323,0.004872531219929085,0.004872531219929085,0.74356234621196,0.36294203773975314
2021-02-08,2563.8237488122045,6875,151885.62456444916,2205.8832925081992,11197,124893.73593130973,99.10897340787452,46.05761946893259,0.0036599058326844958,2554.474612279279,-0.0013203970572225332,2557.851992523017,0.0027032838569813755,2550.9560342557443,0.0009439462886386973,2546.298896125264,0.000304093525937299,2503.12983383353,-0.004197906913178673,2511.3000202014478,-0.004348417356126788,2555.1313454982987,2522.92852781537,0.004768451526830913,0.004768451526830913,0.7365993030843964,-0.6747672945349508
2021-02-09,2544.353181467512,14439,149478.29374461583,2182.068658352648,16805,127616.94999624215,99.14747720164014,46.28767965693131,-0.0075943470582613415,2563.8237488122045,0.0036599058326844958,2554.474612279279,-0.0013203970572225332,2557.851992523017,0.0027032838569813755,2548.55033962125,0.0008842023610864391,2516.33733472876,0.005276394662678374,2512.558534848719,0.0005011406988999489,2554.291913867551,2524.5182601463102,0.005145826137304478,0.005145826137304478,0.7236663092709807,0.6891566483062864
2021-02-10,2550.2424255951423,17748,147746.74803272716,2187.3847181234414,8141,126680.77812905396,99.20313054591526,45.92026822363615,0.0023146331140371235,2544.353181467512,-0.0075943470582613415,2563.8237488122045,0.0036599058326844958,2554.474612279279,-0.0013203970572225332,2550.9560342557443,0.0009439462886386973,2516.257143444556,-3.186825673073823e-05,2508.6155743752065,-0.0015693009411817949,2554.149192135431,2526.5996027073065,0.005131268384955063,0.005131268384955063,0.7316729130868427,1.253405232701563
2021-02-11,2543.9713600727114,19441,149858.00236086504,2102.103321216506,5320,131375.6740057795,99.23277234599612,46.26795309834922,-0.002459007606293584,2550.2424255951423,0.0023146331140371235,2544.353181467512,-0.0075943470582613415,2563.8237488122045,0.0036599058326844958,2557.851992523017,0.0027032838569813755,2534.9529700804346,0.007430014330842782,2490.9003673734023,-0.00706174640018975,2551.37306564537,2529.253152342272,0.004854159779877118,0.004854159779877118,0.7489711022811893,-0.017697930133704493
2021-02-12,2549.656404297363,11604,145730.43274851018,2030.2423958104791,6855,137851.67506196751,99.43627967626924,47.12518462529118,0.002234712353243351,2543.9713600727114,-0.002459007606293584,2550.2424255951423,0.0023146331140371235,2544.353181467512,-0.0075943470582613415,2554.474612279279,-0.0013203970572225332,2545.524818507843,0.004170431780070816,2474.304563312458,-0.006662572408885348,2550.4094240489867,2533.0207443915174,0.00450364866033551,0.00450364866033551,0.7837761673025326,1.9252028053000634
2021-02-15,2536.215436428352,19251,145103.91815463445,2047.7043483098355,15775,135075.8007285396,99.427570259164,47.23511996926264,-0.005271678115669642,2549.656404297363,0.002234712353243351,2543.9713600727114,-0.002459007606293584,2550.2424255951423,0.0023146331140371235,2563.8237488122045,0.0036599058326844958,2546.298896125264,0.000304093525937299,2482.005513326812,0.003112369482940469,2544.8877615722163,2535.7312405465946,0.0047311679634043455,0.0047311679634043455,0.8435073239159122,1.0240212830037971
2021-02-16,2544.105294496232,10320,142923.5856554274,2036.721835936496,12037,136084.63609457205,99.39686193733051,47.41005240995997,0.003110878498157499,2536.215436428352,-0.005271678115669642,2549.656404297363,0.002234712353243351,2543.9713600727114,-0.002459007606293584,2544.353181467512,-0.0075943470582613415,2548.55033962125,0.0008842023610864391,2500.28947790928,0.007366609173224736,2544.83818417796,2537.922031375942,0.0045253116344903584,0.0045253116344903584,0.8760022365734645,1.4434546896035576
2021-02-17,2511.9891530712584,8076,148653.67499371985,2030.8108166479908,16812,133003.195884518,99.3215091792948,47.262194479291296,-0.012623746939425695,2544.105294496232,0.003110878498157499,2536.215436428352,-0.005271678115669642,2549.656404297363,0.002234712353243351,2550.2424255951423,0.0023146331140371235,2550.9560342557443,0.0009439462886386973,2526.77492664698,0.010592952924733723,2537.1875296731837,2537.182742697156,0.004867129815146356,0.004867129815146356,0.8705723055097436,0.21154047191287506
2021-02-18,2476.979681751595,10669,149717.12708214088,1998.1431985512197,5431,138966.93116822097,99.218282912237,46.719130482965255,-0.013936951629293315,2511.9891530712584,-0.012623746939425695,2544.105294496232,0.003110878498157499,2536.215436428352,-0.005271678115669642,2543.9713600727114,-0.002459007606293584,2557.851992523017,0.0027032838569813755,2511.281837268337,-0.006131566850397063,2523.7891940089603,2535.4676349213187,0.0056161534399624055,0.0056161534399624055,0.8069767541425678,0.4600725588068522
2021-02-19,2460.666780917006,8149,152301.22530023157,1925.331004154176,11482,148229.5328527359,99.0938357334769,46.53831467405619,-0.006585803248516542,2476.979681751595,-0.013936951629293315,2511.9891530712584,-0.012623746939425695,2544.105294496232,0.003110878498157499,2549.656404297363,0.002234712353243351,2554.474612279279,-0.0013203970572225332,2513.6820370343294,0.0009557667842663431,2505.991269332889,2532.816872115453,0.005752602743162587,0.005752602743162587,0.7570574194432804,-0.26538058049750307
2021-02-22,2422.13224887892,16188,154150.5066496067,1886.87289768724,5146,155490.79687629337,99.0049560021538,46.21044610172656,-0.01566019923417883,2460.666780917006,-0.006585803248516542,2476.979681751595,-0.013936951629293315,2511.9891530712584,-0.012623746939425695,2536.215436428352,-0.005271678115669642,2563.8237488122045,0.0036599058326844958,2503.12983383353,-0.004197906913178673,2483.1746318230025,2528.766992867722,0.00659245219178692,0.00659245219178692,0.7170726101328108,-0.4816858042233493
2021-02-23,2437.8156252482354,18614,152834.89842724474,1883.2304000970175,17349,154682.96696527078,98.9978879639886,45.77634472880206,0.006475028924029402,2422.13224887892,-0.01566019923417883,2460.666780917006,-0.006585803248516542,2476.979681751595,-0.013936951629293315,2544.105294496232,0.003110878498157499,2544.353181467512,-0.0075943470582613415,2516.33733472876,0.005276394662678374,2461.9166979734027,2524.840907393696,0.0066635365318820396,0.0066635365318820396,0.7329882687379591,0.07364006543930479
2021-02-24,2449.915515994005,19145,149548.0838543074,1932.2500342176172,8332,149395.15832660376,99.03131747683835,46.29305271140076,0.004963415042734232,2437.8156252482354,0.006475028924029402,2422.13224887892,-0.01566019923417883,2460.666780917006,-0.006585803248516542,2511.9891530712584,-0.012623746939425695,2550.2424255951423,0.0023146331140371235,2516.257143444556,-3.186825673073823e-05,2449.501970557952,2521.5238260211686,0.006815810515802864,0.006815810515802864,0.7537803198033975,0.7622338661268218
2021-02-25,2489.9628600504025,7084,143340.90546294846,1893.47331874827,7027,150993.26828028465,99.0364316826936,46.37491146680848,0.016346418394819207,2449.915515994005,0.004963415042734232,2437.8156252482354,0.006475028924029402,2422.13224887892,-0.01566019923417883,2476.979681751595,-0.013936951629293315,2543.9713600727114,-0.002459007606293584,2534.9529700804346,0.007430014330842782,2452.0986062177135,2519.2743205196666,0.007657427350077418,0.007657427350077418,0.7154435145010117,2.0436333514907465
2021-02-26,2515.6276848982625,5823,140409.09864320146,1935.3954096623256,11033,148371.99269829158,98.95987815495062,46.48881774099269,0.010307312313622363,2489.9628600504025,0.016346418394819207,2449.915515994005,0.004963415042734232,2437.8156252482354,0.006475028924029402,2460.666780917006,-0.006585803248516542,2549.656404297363,0.002234712353243351,2545.524818507843,0.004170431780070816,2463.090787013965,2517.779463839188,0.007985825848392502,0.007985825848392502,0.6500068393469758,1.807722710369481
2021-03-01,2510.3616023793074,16417,138171.3253709597,1938.3105779575023,10365,147681.04914350584,99.0498966113526,46.39611103143381,-0.0020933473385462698,2515.6276848982625,0.010307312313622363,2489.9628600504025,0.016346418394819207,2449.915515994005,0.004963415042734232,2422.13224887892,-0.01566019923417883,2536.215436428352,-0.005271678115669642,2546.298896125264,0.000304093525937299,2480.736657714043,2515.98259915189,0.007990161563642142,0.007990161563642142,0.612771505382335,1.685230244273856
2021-03-02,2541.177604059741,5274,135481.6113788884,1945.2581896478305,15581,150388.32755065503,99.1238378785827,46.34424970670078,0.012275523036691771,2510.3616023793074,-0.0020933473385462698,2515.6276848982625,0.010307312313622363,2489.9628600504025,0.016346418394819207,2437.8156252482354,0.006475028924029402,2544.105294496232,0.003110878498157499,2548.55033962125,0.0008842023610864391,2501.409053476344,2515.6139623738145,0.008497441338583852,0.008497441338583852,0.5655516457019744,1.6942413348000236
2021-03-03,2532.0615674508763,7876,136580.8158294642,1899.597402371963,10661,156593.5170983735,99.10787304784051,46.633614911372575,-0.003587327620982128,2541.177604059741,0.012275523036691771,2510.3616023793074,-0.0020933473385462698,2515.6276848982625,0.010307312313622363,2449.915515994005,0.004963415042734232,2511.9891530712584,-0.012623746939425695,2550.9560342557443,0.0009439462886386973,2517.8382637677178,2514.669239033571,0.008528198851446369,0.008528198851446369,0.5429846747298208,1.0231954563204613
2021-03-04,2555.1733254181604,8269,135707.0376590886,1953.4514133692817,19710,152447.03879519057,99.04258143337404,46.62391377576401,0.009127644550346314,2532.0615674508763,-0.003587327620982128,2541.177604059741,0.012275523036691771,2510.3616023793074,-0.0020933473385462698,2489.9628600504025,0.016346418394819207,2476.979681751595,-0.013936951629293315,2557.851992523017,0.0027032838569813755,2530.8803568412695,2514.5353056783283,0.008766404099743014,0.008766404099743014,0.5302989137347394,1.1174742430101952
2021-03-05,2555.03020124984,7145,138915.4034402772,1908.120454454419,15394,158210.33160690323,99.09742422545702,46.78312195717143,-5.601348718564658e-05,2555.1733254181604,0.009127644550346314,2532.0615674508763,-0.003587327620982128,2541.177604059741,0.012275523036691771,2515.6276848982625,0.010307312313622363,2460.666780917006,-0.006585803248516542,2554.474612279279,-0.0013203970572225332,2538.760860111585,2514.5630851268565,0.00876105874085651,0.00876105874085651,0.5406489976618901,0.4386469083126188
2021-03-08,2579.692550051359,11828,139932.36777344244,1870.728017314903,16187,159130.36160356193,99.11622158420565,46.72432066781792,0.009652468604658626,2555.03020124984,-5.601348718564658e-05,2555.1733254181604,0.009127644550346314,2532.0615674508763,-0.003587327620982128,2510.3616023793074,-0.0020933473385462698,2422.13224887892,-0.01566019923417883,2563.8237488122045,0.0036599058326844958,2552.6270496459956,2515.3565251888144,0.008990577021638697,0.008990577021638697,0.5480741364724586,0.4313834747842177
2021-03-09,2542.444125271522,11588,140712.49431861786,1925.2645956416131,10406,154716.00471244982,98.97140885826413,46.62167480059831,-0.014439094604159486,2579.692550051359,0.009652468604658626,2555.03020124984,-5.601348718564658e-05,2555.1733254181604,0.009127644550346314,2541.177604059741,0.012275523036691771,2437.8156252482354,0.006475028924029402,2544.353181467512,-0.0075943470582613415,2552.8803538883517,2515.2610723790144,0.009428400085733046,0.009428400085733046,0.575385301439138,0.34599000473638525
2021-03-10,2484.8186045284783,19892,143838.5163431538,1987.1304219702236,11273,145059.78598353683,98.96461083266568,46.19960055091775,-0.022665403015253882,2542.444125271522,-0.014439094604159486,2579.692550051359,0.009652468604658626,2555.03020124984,-5.601348718564658e-05,2532.0615674508763,-0.003587327620982128,2449.915515994005,0.004963415042734232,2550.2424255951423,0.0023146331140371235,2543.431761303872,2511.9898813256814,0.01067806326227443,0.01067806326227443,0.5183411034194465,-0.11373500988905264
2021-03-11,2463.2745409412064,15260,149012.57933654444,2054.2868525122867,9793,139002.02258424275,98.99081441387312,45.606275832207615,-0.008670276191593551,2484.8186045284783,-0.022665403015253882,2542.444125271522,-0.014439094604159486,2579.692550051359,0.009652468604658626,2555.1733254181604,0.009127644550346314,2489.9628600504025,0.016346418394819207,2543.9713600727114,-0.002459007606293584,2525.0520044084815,2507.955040369106,0.010804825421580556,0.010804825421580556,0.45548519597766535,-0.6291303434115063
2021-03-12,2467.0456867308176,15762,148605.65488692734,2032.222310159893,10455,142494.98251431045,98.90084493522434,45.52780726188769,0.001530948226408535,2463.2745409412064,-0.008670276191593551,2484.8186045284783,-0.022665403015253882,2542.444125271522,-0.014439094604159486,2555.03020124984,-5.601348718564658e-05,2515.6276848982625,0.010307312313622363,2549.656404297363,0.002234712353243351,2507.455101504677,2503.824504490779,0.010792973929281755,0.010792973929281755,0.4345069788854478,-0.12407080759079422
2021-03-15,2457.6844748718545,17662,148605.450138189,2039.8741107103476,18571,139542.0234399847,98.91982927450807,45.54475626948566,-0.003794502837670577,2467.0456867308176,0.001530948226408535,2463.2745409412064,-0.008670276191593551,2484.8186045284783,-0.022665403015253882,2579.692550051359,0.009652468604658626,2510.3616023793074,-0.0020933473385462698,2536.215436428352,-0.005271678115669642,2483.053486468775,2499.897956412954,0.010771486349345308,0.010771486349345308,0.3998537213725652,-0.15475606486467694
2021-03-16,2461.8784959012505,13179,150418.5737127667,2065.8185079349805,15106,135882.3497463704,98.77434702598232,45.15891725847303,0.0017064928685015524,2457.6844748718545,-0.003794502837670577,2467.0456867308176,0.001530948226408535,2463.2745409412064,-0.008670276191593551,2542.444125271522,-0.014439094604159486,2541.177604059741,0.012275523036691771,2544.105294496232,0.003110878498157499,2466.940360594722,2495.786616483205,0.010744278430092201,0.010744278430092201,0.3688310575404221,-0.4545786107975781
2021-03-17,2475.2885563232862,8122,148073.9068434917,2028.4854899051911,18782,139333.9340441253,98.90796563598352,45.14857479896263,0.005447084591852169,2461.8784959012505,0.0017064928685015524,2457.6844748718545,-0.003794502837670577,2467.0456867308176,0.001530948226408535,2484.8186045284783,-0.022665403015253882,2532.0615674508763,-0.003587327620982128,2511.9891530712584,-0.012623746939425695,2465.0343509536833,2493.9515866458064,0.010524830121139596,0.010524830121139596,0.3385031110857108,-0.08024757969810745
2021-03-18,2489.67319173837,15882,148796.34059051514,2022.40649702206,6345,140625.92909521758,99.03276063448946,45.16470056785978,0.0058112963752599,2475.2885563232862,0.005447084591852169,2461.8784959012505,0.0017064928685015524,2457.6844748718545,-0.003794502837670577,2463.2745409412064,-0.008670276191593551,2555.1733254181604,0.009127644550346314,2476.979681751595,-0.013936951629293315,2470.3140811131157,2494.586262145145,0.010135064641586254,0.010135064641586254,0.32161957886731846,-0.5089706349480243
2021-03-19,2457.829140179354,6495,150760.8240669555,2042.6832361167387,19694,139349.4988654882,99.00750890105915,44.51789816604197,-0.012790454451887867,2489.67319173837,0.0058112963752599,2475.2885563232862,0.005447084591852169,2461.8784959012505,0.0017064928685015524,2467.0456867308176,0.001530948226408535,2555.03020124984,-5.601348718564658e-05,2460.666780917006,-0.006585803248516542,2468.470771802823,2494.4443801082625,0.010447233006118084,0.010447233006118084,0.29887220966892175,-0.8806696132168143
2021-03-22,2479.029691347407,8891,151615.71333469127,1968.6122572361571,14088,146821.30547051725,99.04385433484308,44.24336076819812,0.008625722114477874,2457.829140179354,-0.012790454451887867,2489.67319173837,0.0058112963752599,2475.2885563232862,0.005447084591852169,2457.6844748718545,-0.003794502837670577,2579.692550051359,0.009652468604658626,2422.13224887892,-0.01566019923417883,2472.7398150979334,2497.289252231687,0.00993053295836293,0.00993053295836293,0.2866502817393282,-0.9261870318090577
2021-03-23,2466.286034568658,16890,152335.07742637492,1961.5038670440315,19975,145862.47972965008,98.8028621382631,44.36553993631876,-0.005140582552612627,2479.029691347407,0.008625722114477874,2457.829140179354,-0.012790454451887867,2489.67319173837,0.0058112963752599,2461.8784959012505,0.0017064928685015524,2542.444125271522,-0.014439094604159486,2437.8156252482354,0.006475028924029402,2473.621322831415,2498.712772697708,0.009945975177816764,0.009945975177816764,0.28957531369183953,-1.0179713838653894
2021-03-24,2438.8505567271973,16617,156174.3226575283,1940.266404330475,15174,148672.61142408237,98.68722737223656,44.48165755513749,-0.011124207596731273,2466.286034568658,-0.005140582552612627,2479.029691347407,0.008625722114477874,2457.829140179354,-0.012790454451887867,2475.2885563232862,0.005447084591852169,2484.8186045284783,-0.022665403015253882,2449.915515994005,0.004963415042734232,2466.333722912197,2498.1595247343676,0.010223553036712844,0.010223553036712844,0.3152860335149196,-1.5697283343925554
2021-03-25,2449.295186417616,11765,157372.11301447102,1890.2589344929345,14691,158878.0919311659,98.65784948022134,44.13555508021756,0.004282603401675855,2438.8505567271973,-0.011124207596731273,2466.286034568658,-0.005140582552612627,2479.029691347407,0.008625722114477874,2489.67319173837,0.0058112963752599,2463.2745409412064,-0.008670276191593551,2489.9628600504025,0.016346418394819207,2458.2581218480464,2496.1261410527286,0.009529730007223779,0.009529730007223779,0.34423698988577695,-1.563125128968565
2021-03-26,2440.9041706864014,12725,161213.36586611826,1916.252310146208,11397,154921.6311544757,98.55063617807866,44.18308949536748,-0.0034258899367241025,2449.295186417616,0.004282603401675855,2438.8505567271973,-0.011124207596731273,2466.286034568658,-0.005140582552612627,2457.829140179354,-0.012790454451887867,2467.0456867308176,0.001530948226408535,2515.6276848982625,0.010307312313622363,2454.873127949456,2492.389965342135,0.009177058372606166,0.009177058372606166,0.3832634011095366,-1.8819070792594585
2021-03-29,2429.971435047272,14143,160402.200746723,1926.8772679770816,17991,157001.03532350884,98.62207582634171,44.489811662975626,-0.00447896962544625,2440.9041706864014,-0.0034258899367241025,2449.295186417616,0.004282603401675855,2438.8505567271973,-0.011124207596731273,2479.029691347407,0.008625722114477874,2457.6844748718545,-0.003794502837670577,2510.3616023793074,-0.0020933473385462698,2445.061476689429,2488.370456975533,0.009201108981837592,0.009201108981837592,0.4296986904069145,-0.9916903092786908
2021-03-30,2421.5188248502704,17994,160224.84023184027,2040.103510469702,7105,142817.78063873792,98.82180547941653,44.72293355067289,-0.00347848130026962,2429.971435047272,-0.00447896962544625,2440.9041706864014,-0.0034258899367241025,2449.295186417616,0.004282603401675855,2466.286034568658,-0.005140582552612627,2461.8784959012505,0.0017064928685015524,2541.177604059741,0.012275523036691771,2436.1080347457514,2482.38751801506,0.0086071851276191,0.0086071851276191,0.4723359819131604,-0.959332599282838
2021-03-31,2423.1619694188425,13763,157151.13689452194,1945.8274701024516,18262,150878.26693938504,98.7041440074736,44.69434781456872,0.0006785594857696697,2421.5188248502704,-0.00347848130026962,2429.971435047272,-0.00447896962544625,2440.9041706864014,-0.0034258899367241025,2438.8505567271973,-0.011124207596731273,2475.2885563232862,0.005447084591852169,2532.0615674508763,-0.003587327620982128,2432.9703172840805,2476.9425381134583,0.00862834855294635,0.00862834855294635,0.510888427305855,-0.19094657118400576
2021-04-01,2417.771753893873,12561,154076.9000548682,2017.8034771675077,19649,146170.22115265112,98.62039766706508,44.55395492057143,-0.002224455316233831,2423.1619694188425,0.0006785594857696697,2421.5188248502704,-0.00347848130026962,2429.971435047272,-0.00447896962544625,2449.295186417616,0.004282603401675855,2489.67319173837,0.0058112963752599,2555.1733254181604,0.009127644550346314,2426.665630779332,2470.072459537244,0.008209968602468025,0.008209968602468025,0.5413703754053489,0.10019020810736462
2021-04-02,2454.4397178983063,16412,150006.95735379265,2086.582602283571,14607,141127.0409304123,98.64394250389608,44.36515157527107,0.015166015545255096,2417.771753893873,-0.002224455316233831,2423.1619694188425,0.0006785594857696697,2421.5188248502704,-0.00347848130026962,2440.9041706864014,-0.0034258899367241025,2457.829140179354,-0.012790454451887867,2555.03020124984,-5.601348718564658e-05,2429.372740221713,2465.0429353696672,0.009125235274630954,0.009125235274630954,0.5370152070075782,0.6044395890970534
2021-04-05,2461.577921614871,10774,149742.67189721938,2008.0556253010611,15859,152003.84062993908,98.80505411874604,44.50549751014397,0.0029082823523882695,2454.4397178983063,0.015166015545255096,2417.771753893873,-0.002224455316233831,2423.1619694188425,0.0006785594857696697,2429.971435047272,-0.00447896962544625,2479.029691347407,0.008625722114477874,2579.692550051359,0.009652468604658626,2435.6940375352324,2459.1372039478424,0.00879179212653147,0.00879179212653147,0.5123205417867422,0.22516211599842995
2021-04-06,2478.3268805553616,19843,150889.0491556894,1970.6082415406015,12609,156948.43403109384,98.68281668749204,44.56402870208684,0.0068041554944979765,2461.577921614871,0.0029082823523882695,2454.4397178983063,0.015166015545255096,2417.771753893873,-0.002224455316233831,2421.5188248502704,-0.00347848130026962,2466.286034568658,-0.005140582552612627,2542.444125271522,-0.014439094604159486,2447.055648676251,2455.9313417120347,0.008527789869181639,0.008527789869181639,0.48841065811110684,0.0287306562123816
2021-04-07,2508.0108307585683,14661,147650.82341515686,1955.4519827613613,16299,157216.47873982633,98.70772029972274,44.75284990391749,0.011977415261926527,2478.3268805553616,0.0068041554944979765,2461.577921614871,0.0029082823523882695,2454.4397178983063,0.015166015545255096,2423.1619694188425,0.0006785594857696697,2438.8505567271973,-0.011124207596731273,2484.8186045284783,-0.022665403015253882,2464.0254209441964,2457.090953023539,0.007389529587678262,0.007389529587678262,0.46398411214061785,0.950714073568671
2021-04-08,2497.5752321962336,14721,152326.47792318245,2033.4268552266171,10548,149342.42899621776,98.88985018480405,44.79241204785384,-0.004160906497831296,2508.0108307585683,0.011977415261926527,2478.3268805553616,0.0068041554944979765,2461.577921614871,0.0029082823523882695,2417.771753893873,-0.002224455316233831,2449.295186417616,0.004282603401675855,2463.2745409412064,-0.008670276191593551,2479.986116604668,2458.8059875862905,0.007160551667121755,0.007160551667121755,0.43625986475267625,-0.5220781621838895
2021-04-09,2506.1778825182246,15176,151976.51781314076,1976.9099041811023,8236,154034.6696584681,98.72467426998612,45.03804123295807,0.0034444008777370083,2497.5752321962336,-0.004160906497831296,2508.0108307585683,0.011977415261926527,2478.3268805553616,0.0068041554944979765,2454.4397178983063,0.015166015545255096,2440.9041706864014,-0.0034258899367241025,2467.0456867308176,0.001530948226408535,2490.333749528652,2460.7625973756612,0.007184755224284865,0.007184755224284865,0.4109432607520264,0.16863070133129515
2021-04-12,2554.7563768442383,10478,149839.93555850632,1924.457388942229,5387,161421.7772482456,98.59656734930154,45.066418992845385,0.019383498140683297,2506.1778825182246,0.0034444008777370083,2497.5752321962336,-0.004160906497831296,2508.0108307585683,0.011977415261926527,2461.577921614871,0.0029082823523882695,2429.971435047272,-0.00447896962544625,2457.6844748718545,-0.003794502837670577,2508.9694405745254,2465.61619247428,0.008200218282322064,0.008200218282322064,0.40826546915999407,0.6831352694684518
2021-04-13,2531.2816738839547,16993,151164.53166790458,1971.4866487363647,19550,157673.11932556937,98.55420668865546,45.30182560768489,-0.009188626819000567,2554.7563768442383,0.019383498140683297,2506.1778825182246,0.0034444008777370083,2497.5752321962336,-0.004160906497831296,2478.3268805553616,0.0068041554944979765,2421.5188248502704,-0.00347848130026962,2461.8784959012505,0.0017064928685015524,2519.560399240244,2469.0863513734157,0.008572142667158104,0.008572142667158104,0.4146951807006744,0.12593717138365615
2021-04-14,2504.835068515324,7623,150723.9469452596,1947.0582933771375,17414,162599.81011412636,98.50214784736993,45.56307243879488,-0.010447910890948542,2531.2816738839547,-0.009188626819000567,2554.7563768442383,0.019383498140683297,2506.1778825182246,0.0034444008777370083,2508.0108307585683,0.011977415261926527,2423.1619694188425,0.0006785594857696697,2475.2885563232862,0.005447084591852169,2518.925246791595,2470.563676983017,0.008909880485776558,0.008909880485776558,0.41931496244675537,0.3934555207229946
2021-04-15,2520.235716324771,18013,152651.57233764802,1877.7061645482977,16733,168232.6906177794,98.58340797614528,45.32171444972744,0.006148368011541505,2504.835068515324,-0.010447910890948542,2531.2816738839547,-0.009188626819000567,2554.7563768442383,0.019383498140683297,2497.5752321962336,-0.004160906497831296,2417.771753893873,-0.002224455316233831,2489.67319173837,0.0058112963752599,2523.4573436173023,2472.0918032123373,0.008920507373377282,0.008920507373377282,0.44136221792788166,-0.058375636017907614
2021-04-16,2499.800278275134,6543,153662.18457471934,1890.8685583500685,12792,166158.69544579534,98.60757394812735,44.779271235666215,-0.008108542354696047,2520.235716324771,0.006148368011541505,2504.835068515324,-0.010447910890948542,2531.2816738839547,-0.009188626819000567,2506.1778825182246,0.0034444008777370083,2454.4397178983063,0.015166015545255096,2457.829140179354,-0.012790454451887867,2522.1818227686845,2474.190360117126,0.00860514910312767,0.00860514910312767,0.4539270455050254,-0.0727246121494346
2021-04-19,2480.7504016764037,12833,157369.51630183015,1868.431938381453,6571,167525.07258103185,98.43007774216316,45.24231909247058,-0.00762055943600215,2499.800278275134,-0.008108542354696047,2520.235716324771,0.006148368011541505,2504.835068515324,-0.010447910890948542,2554.7563768442383,0.019383498140683297,2461.577921614871,0.0029082823523882695,2479.029691347407,0.008625722114477874,2507.3806277351177,2474.2763956335757,0.008602494007158781,0.008602494007158781,0.45651239870894667,-0.6733296975957218
2021-04-20,2494.1984150761714,15373,155467.26397441092,1856.6189477144956,14310,167893.40083215488,98.48161878245322,45.31931671168425,0.005420945771360097,2480.7504016764037,-0.00762055943600215,2499.800278275134,-0.008108542354696047,2520.235716324771,0.006148368011541505,2531.2816738839547,-0.009188626819000567,2478.3268805553616,0.0068041554944979765,2466.286034568658,-0.005140582552612627,2499.963975973561,2475.6720146589514,0.008589977259761834,0.008589977259761834,0.47660118137349244,0.2703891671588985
2021-04-21,2491.494544346199,6124,156797.48572931,1880.218547609561,16662,164868.22841512968,98.42386489371766,44.80497094303541,-0.0010840640077505181,2494.1984150761714,0.005420945771360097,2480.7504016764037,-0.00762055943600215,2499.800278275134,-0.008108542354696047,2504.835068515324,-0.010447910890948542,2508.0108307585683,0.011977415261926527,2438.8505567271973,-0.011124207596731273,2497.295871139736,2478.304214039902,0.008151040502120007,0.008151040502120007,0.49543502693414826,-0.3934854485100728
2021-04-22,2496.453630858596,8826,156006.50117899067,1821.1366541121351,14430,173585.15458291536,98.55130961541178,44.5908250938698,0.001990406330068417,2491.494544346199,-0.0010840640077505181,2494.1984150761714,0.005420945771360097,2480.7504016764037,-0.00762055943600215,2520.235716324771,0.006148368011541505,2497.5752321962336,-0.004160906497831296,2449.295186417616,0.004282603401675855,2492.539454046501,2480.6621362619508,0.008119988205689217,0.008119988205689217,0.5046850154850214,-0.08256717759707885
2021-04-23,2493.50771834668,7826,155482.3828867976,1829.4546162013692,11865,172740.23882807512,98.48855086176808,44.822387381580754,-0.0011800389462482963,2496.453630858596,0.001990406330068417,2491.494544346199,-0.0010840640077505181,2494.1984150761714,0.005420945771360097,2499.800278275134,-0.008108542354696047,2506.1778825182246,0.0034444008777370083,2440.9041706864014,-0.0034258899367241025,2491.28094206081,2483.292313644965,0.00807115851035969,0.00807115851035969,0.5047334640886844,-0.3257991025756699
2021-04-26,2467.236891699404,9164,157228.90929361322,1816.7651943461203,6380,176283.36041815195,98.42488933345788,44.73848433224089,-0.01053569092807738,2493.50771834668,-0.0011800389462482963,2496.453630858596,0.001990406330068417,2491.494544346199,-0.0010840640077505181,2480.7504016764037,-0.00762055943600215,2554.7563768442383,0.019383498140683297,2429.971435047272,-0.00447896962544625,2488.5782400654107,2485.1555864775714,0.008398395870300864,0.008398395870300864,0.4902012384061072,-0.8878426652811362
2021-04-27,2453.828921959609,19726,159599.66196545487,1763.8477354907004,19106,182276.9037051616,98.47900249453832,44.584865906445145,-0.005434407123573681,2467.236891699404,-0.01053569092807738,2493.50771834668,-0.0011800389462482963,2496.453630858596,0.001990406330068417,2494.1984150761714,0.005420945771360097,2531.2816738839547,-0.009188626819000567,2421.5188248502704,-0.00347848130026962,2480.5043414420975,2486.7710913330384,0.008461921472426248,0.008461921472426248,0.4687573030997013,-1.2923796737025197
2021-04-28,2478.572624128049,11650,155061.42559164786,1737.2971566913077,19831,181399.55179947504,98.555295142772,45.00513046453904,0.010083711193965339,2453.828921959609,-0.005434407123573681,2467.236891699404,-0.01053569092807738,2493.50771834668,-0.0011800389462482963,2491.494544346199,-0.0010840640077505181,2504.835068515324,-0.010447910890948542,2423.1619694188425,0.0006785594857696697,2477.9199573984674,2489.5416240684985,0.008718305954260767,0.008718305954260767,0.4565972269566121,0.4182390562104419
2021-04-29,2481.774954378354,13473,152794.71148436362,1762.5967044509832,13777,175400.1216710358,98.60010507916564,44.69094432062389,0.0012920058178369498,2478.572624128049,0.010083711193965339,2453.828921959609,-0.005434407123573681,2467.236891699404,-0.01053569092807738,2496.453630858596,0.001990406330068417,2520.235716324771,0.006148368011541505,2417.771753893873,-0.002224455316233831,2474.984222102419,2492.741784092723,0.008681689732933658,0.008681689732933658,0.43935840495194034,0.3764007319060313
2021-04-30,2487.8894478986954,12913,154230.4594052168,1701.2414736868573,15039,181761.7999046495,98.43154534742716,44.45149831329744,0.002463758250744741,2481.774954378354,0.0012920058178369498,2478.572624128049,0.010083711193965339,2453.828921959609,-0.005434407123573681,2493.50771834668,-0.0011800389462482963,2499.800278275134,-0.008108542354696047,2454.4397178983063,0.015166015545255096,2473.8605680128226,2494.414270592742,0.008059561206817114,0.008059561206817114,0.42776001942107145,-0.661717729082183
2021-05-03,2502.21841020012,18050,151555.09461813534,1714.2351611366155,16090,182257.6446540212,98.48534879141998,44.51491425581192,0.005759485138508547,2487.8894478986954,0.002463758250744741,2481.774954378354,0.0012920058178369498,2478.572624128049,0.010083711193965339,2467.236891699404,-0.01053569092807738,2480.7504016764037,-0.00762055943600215,2461.577921614871,0.0029082823523882695,2480.856871712965,2496.446295022005,0.008125479371138177,0.008125479371138177,0.4149176564947547,0.5377925473975225
2021-05-04,2533.414208767236,11242,149400.2501049109,1685.702486851994,15274,185292.38111647769,98.38191798625256,44.63205073542809,0.012467256431312412,2502.21841020012,0.005759485138508547,2487.8894478986954,0.002463758250744741,2481.774954378354,0.0012920058178369498,2453.828921959609,-0.005434407123573681,2494.1984150761714,0.005420945771360097,2478.3268805553616,0.0068041554944979765,2496.773929074491,2499.2006614325983,0.008436592715749633,0.008436592715749633,0.3952875176735339,0.8716943574544305
2021-05-05,2531.653105648483,16459,146833.47950652157,1691.3044835633375,16294,181323.35943731855,98.40544559741136,44.78095364573031,-0.0006951500913898734,2533.414208767236,0.012467256431312412,2502.21841020012,0.005759485138508547,2487.8894478986954,0.002463758250744741,2478.572624128049,0.010083711193965339,2491.494544346199,-0.0010840640077505181,2508.0108307585683,0.011977415261926527,2507.3900253785773,2500.382775177094,0.008046150575774243,0.008046150575774243,0.38787859191116836,1.2236310595921527
2021-05-06,2509.643966927873,19335,148155.86917642836,1697.5409855978112,6459,180531.84045537427,98.26307215387146,45.05432505910099,-0.008693583916178804,2531.653105648483,-0.0006951500913898734,2533.414208767236,0.012467256431312412,2502.21841020012,0.005759485138508547,2481.774954378354,0.0012920058178369498,2496.453630858596,0.001990406330068417,2497.5752321962336,-0.004160906497831296,2512.9638278884813,2500.986211913676,0.00824570058956222,0.00824570058956222,0.38989146207113284,-0.001668745568411012
2021-05-07,2519.5456844147607,17787,149565.89179512142,1689.531785828901,8423,180678.1101560756,98.30770436862576,45.11389864530544,0.003945467013398263,2509.643966927873,-0.008693583916178804,2531.653105648483,-0.0006951500913898734,2533.414208767236,0.012467256431312412,2487.8894478986954,0.002463758250744741,2493.50771834668,-0.0011800389462482963,2506.1778825182246,0.0034444008777370083,2519.295075191694,2501.654602008503,0.008256596723008706,0.008256596723008706,0.3997897379374798,-0.09875992412444717
2021-05-10,2537.151592022345,9471,148322.77934683813,1658.6656663790316,16199,185209.2599210828,98.22704447819504,45.260713826986965,0.006987731048692547,2519.5456844147607,0.003945467013398263,2509.643966927873,-0.008693583916178804,2531.653105648483,-0.0006951500913898734,2502.21841020012,0.005759485138508547,2467.236891699404,-0.01053569092807738,2554.7563768442383,0.019383498140683297,2526.2817115561397,2500.7743627674085,0.0071380291882177154,0.0071380291882177154,0.41651333629656256,0.4419778827535472
2021-05-11,2560.193374949965,9713,146920.11774511446,1623.0170734493468,5896,190831.6251308524,98.09878101316896,45.18295104919244,0.009081752544889632,2537.151592022345,0.006987731048692547,2519.5456844147607,0.003945467013398263,2509.643966927873,-0.008693583916178804,2533.414208767236,0.012467256431312412,2453.828921959609,-0.005434407123573681,2531.2816738839547,-0.009188626819000567,2531.637544792685,2502.2199478207085,0.007112559726493548,0.007112559726493548,0.45871361875996036,0.6044546060113771
2021-05-12,2559.9613891557706,14030,146161.01185623422,1607.2241986742515,16006,192948.98153191188,98.17016302681722,45.201760540163455,-9.061260624454448e-05,2560.193374949965,0.009081752544889632,2537.151592022345,0.006987731048692547,2519.5456844147607,0.003945467013398263,2531.653105648483,-0.0006951500913898734,2478.572624128049,0.010083711193965339,2504.835068515324,-0.010447910890948542,2537.299201494143,2504.976263852731,0.006626911974587235,0.006626911974587235,0.4949920712781556,0.5709923445902054
2021-05-13,2558.4542625385943,5766,146492.11430728168,1593.2215430450742,10062,192978.17240356663,98.19432747898487,45.23402079417954,-0.0005887302142760786,2559.9613891557706,-9.061260624454448e-05,2560.193374949965,0.009081752544889632,2537.151592022345,0.006987731048692547,2509.643966927873,-0.008693583916178804,2481.774954378354,0.0012920058178369498,2520.235716324771,0.006148368011541505,2547.061260616287,2506.8871911634224,0.006527807742648471,0.006527807742648471,0.523605296764259,0.26210510977612544
2021-05-14,2525.981955182717,5243,145475.49858328313,1535.1429247295728,12664,197768.39854596893,98.1329297988456,45.29855023492526,-0.01269215863318085,2558.4542625385943,-0.0005887302142760786,2559.9613891557706,-9.061260624454448e-05,2560.193374949965,0.009081752544889632,2519.5456844147607,0.003945467013398263,2487.8894478986954,0.002463758250744741,2499.800278275134,-0.008108542354696047,2548.3485147698784,2508.1962750088014,0.0069244492563729715,0.0069244492563729715,0.5230383142081504,0.49199803865660874
2021-05-17,2551.627869850566,10059,140193.5186960054,1532.648078512858,10908,196909.72020069108,98.27804768374772,45.53031217720009,0.010152849514712514,2525.981955182717,-0.01269215863318085,2558.4542625385943,-0.0005887302142760786,2559.9613891557706,-9.061260624454448e-05,2537.151592022345,0.006987731048692547,2502.21841020012,0.005759485138508547,2480.7504016764037,-0.00762055943600215,2551.243770335522,2511.7401484175093,0.0069618948148331885,0.0069618948148331885,0.5545260807199084,1.4665241759039724
2021-05-18,2545.9717892006347,5956,141525.36628925326,1541.7420923272546,10821,195114.6482933776,98.23398244159074,45.696855881783534,-0.0022166557736582604,2551.627869850566,0.010152849514712514,2525.981955182717,-0.01269215863318085,2558.4542625385943,-0.0005887302142760786,2560.193374949965,0.009081752544889632,2533.414208767236,0.012467256431312412,2494.1984150761714,0.005420945771360097,2548.3994531856565,2514.3288171237327,0.006941046149872484,0.006941046149872484,0.5980540418136349,0.3568207849692845
2021-05-19,2524.7181621758045,15313,139714.49825012073,1421.3754442958543,18548,211013.582898971,98.23719320898785,45.71012098265359,-0.00834794286212548,2545.9717892006347,-0.0022166557736582604,2551.627869850566,0.010152849514712514,2525.981955182717,-0.01269215863318085,2559.9613891557706,-9.061260624454448e-05,2531.653105648483,-0.0006951500913898734,2491.494544346199,-0.0010840640077505181,2541.350807789663,2515.9899980152127,0.007242138747043387,0.007242138747043387,0.6397572515909739,0.791636700040504
2021-05-20,2536.696850349303,7984,141449.6136386872,1385.956845971939,18011,214479.69603773745,98.2640845537557,45.46738318717128,0.004744564503459392,2524.7181621758045,-0.00834794286212548,2545.9717892006347,-0.0022166557736582604,2551.627869850566,0.010152849514712514,2558.4542625385943,-0.0005887302142760786,2509.643966927873,-0.008693583916178804,2496.453630858596,0.001990406330068417,2536.999325351805,2518.0021589897483,0.007294215400940294,0.007294215400940294,0.6574047405375364,0.205664374543942
2021-05-21,2488.9470885302585,14951,146962.614428105,1391.8707982692974,11754,211714.87765987625,98.20211796034285,45.4876845645901,-0.0188235980237329,2536.696850349303,0.004744564503459392,2524.7181621758045,-0.00834794286212548,2545.9717892006347,-0.0022166557736582604,2525.981955182717,-0.01269215863318085,2519.5456844147607,0.003945467013398263,2493.50771834668,-0.0011800389462482963,2529.592352021313,2517.774127498927,0.008514368110904415,0.008514368110904415,0.6301238111437022,-0.17097941015246898
2021-05-24,2504.604563099551,9220,143291.62835539595,1379.2787350261983,13828,213901.62764698776,98.24923158968282,45.479279229121374,0.006290802500963588,2488.9470885302585,-0.0188235980237329,2536.696850349303,0.004744564503459392,2524.7181621758045,-0.00834794286212548,2551.627869850566,0.010152849514712514,2537.151592022345,0.006987731048692547,2467.236891699404,-0.01053569092807738,2520.1876906711104,2519.6425110689347,0.008251729722677017,0.008251729722677017,0.6197856112578364,1.1446597477545193
2021-05-25,2495.3381043853287,17945,139694.01722256927,1390.8192901486018,15122,213238.45020107983,98.19588635496636,45.537233703065326,-0.003699769157473165,2504.604563099551,0.006290802500963588,2488.9470885302585,-0.0188235980237329,2536.696850349303,0.004744564503459392,2545.9717892006347,-0.0022166557736582604,2560.193374949965,0.009081752544889632,2453.828921959609,-0.005434407123573681,2510.060953708049,2521.7179701902205,0.008191824679117202,0.008191824679117202,0.5772966800278667,1.3686479954711717
2021-05-26,2476.5666424552915,11994,136416.19639904692,1304.9107627027793,10976,225529.37165085107,98.15472252274472,46.19919129520745,-0.007522612625939562,2495.3381043853287,-0.003699769157473165,2504.604563099551,0.006290802500963588,2488.9470885302585,-0.0188235980237329,2524.7181621758045,-0.00834794286212548,2559.9613891557706,-9.061260624454448e-05,2478.572624128049,0.010083711193965339,2500.430649763947,2521.6176711065827,0.008095143038975282,0.008095143038975282,0.5424703901489101,1.498695834817131
2021-05-27,2492.7341499809754,11101,135823.74112920227,1238.41947405378,8378,232914.03370416505,98.29098678672506,46.04205946164508,0.006528194012035637,2476.5666424552915,-0.007522612625939562,2495.3381043853287,-0.003699769157473165,2504.604563099551,0.006290802500963588,2536.696850349303,0.004744564503459392,2558.4542625385943,-0.0005887302142760786,2481.774954378354,0.0012920058178369498,2491.6381096902815,2522.1656308867136,0.008223104720615966,0.008223104720615966,0.47988583111489946,1.1035047328417367
2021-05-28,2454.346348366173,13613,138813.9801463178,1281.8283877286844,9038,224462.65004641865,98.18692818147382,46.168746167382686,-0.01539987792725328,2492.7341499809754,0.006528194012035637,2476.5666424552915,-0.007522612625939562,2495.3381043853287,-0.003699769157473165,2488.9470885302585,-0.0188235980237329,2525.981955182717,-0.01269215863318085,2487.8894478986954,0.002463758250744741,2484.717961657464,2520.4884759100873,0.008911622337237026,0.008911622337237026,0.42911748042069114,0.42569721445257297
2021-05-31,2484.171015849536,10974,139148.3964181217,1349.7973456922225,14131,217459.1885908106,97.94565014838086,46.48928478755597,0.012151776175850948,2454.346348366173,-0.01539987792725328,2492.7341499809754,0.006528194012035637,2476.5666424552915,-0.007522612625939562,2504.604563099551,0.006290802500963588,2551.627869850566,0.010152849514712514,2502.21841020012,0.005759485138508547,2480.631252207461,2519.586106192558,0.009261022868205807,0.009261022868205807,0.3862226914362532,0.6239609777139754
2021-06-01,2500.350527716012,7488,138853.7696507738,1359.657995058256,14582,213182.42101482223,98.10674384788206,46.518685361785785,0.006513042686371984,2484.171015849536,0.012151776175850948,2454.346348366173,-0.01539987792725328,2492.7341499809754,0.006528194012035637,2495.3381043853287,-0.003699769157473165,2545.9717892006347,-0.0022166557736582604,2533.414208767236,0.012467256431312412,2481.6337368735976,2517.932922139997,0.008917623512421194,0.008917623512421194,0.3392117938913059,0.6609750110956848
2021-06-02,2541.7089311609143,14643,138730.85284187517,1355.4673538997408,18014,212447.8484350705,98.36167664314276,47.22003889753744,0.01654104214047214,2500.350527716012,0.006513042686371984,2484.171015849536,0.012151776175850948,2454.346348366173,-0.01539987792725328,2476.5666424552915,-0.007522612625939562,2524.7181621758045,-0.00834794286212548,2531.653105648483,-0.0006951500913898734,2494.6621946147225,2518.435713415619,0.009707711652020402,0.009707711652020402,0.26769704658521976,0.5740627132413025
2021-06-03,2554.1871036042703,13679,139570.15080325952,1431.4966384226211,8853,202446.36778607013,98.32114971659784,47.106627110018,0.004909363259646193,2541.7089311609143,0.01654104214047214,2500.350527716012,0.006513042686371984,2484.171015849536,0.012151776175850948,2492.7341499809754,0.006528194012035637,2536.696850349303,0.004744564503459392,2509.643966927873,-0.008693583916178804,2506.9527853393815,2520.6628702494386,0.00952341094467796,0.00952341094467796,0.21603851605866234,0.29087300513888614
2021-06-04,2477.0606596017224,11237,143775.241220777,1379.4631381878364,8630,207273.26542481783,98.1274659125358,47.20385387671401,-0.030196082304899674,2554.1871036042703,0.004909363259646193,2541.7089311609143,0.01654104214047214,2500.350527716012,0.006513042686371984,2454.346348366173,-0.01539987792725328,2488.9470885302585,-0.0188235980237329,2519.5456844147607,0.003945467013398263,2511.495647586491,2518.5386190087866,0.01175228369929566,0.01175228369929566,0.2696945275410412,-0.49783398292489556
2021-06-07,2466.0589260101247,6227,144307.9411887378,1370.7544381205744,5160,207342.6506679801,98.0964175149162,46.96421215324612,-0.004441446982314412,2477.0606596017224,-0.030196082304899674,2554.1871036042703,0.004909363259646193,2541.7089311609143,0.01654104214047214,2484.171015849536,0.012151776175850948,2504.604563099551,0.006290802500963588,2537.151592022345,0.006987731048692547,2507.873229618609,2514.9839857081756,0.01163175462718581,0.01163175462718581,0.30751185163717426,-0.2265616808861543
2021-06-08,2494.7733513117705,9644,140297.06418005432,1438.9009966859348,19614,199407.802054524,98.06779521993217,46.85875473270313,0.011643852058354165,2466.0589260101247,-0.004441446982314412,2477.0606596017224,-0.030196082304899674,2554.1871036042703,0.004909363259646193,2500.350527716012,0.006513042686371984,2495.3381043853287,-0.003699769157473165,2560.193374949965,0.009081752544889632,2506.7577943377605,2511.7129845262657,0.011766084835376927,0.011766084835376927,0.32157917536067315,0.8521253760498688
2021-06-09,2516.789421653637,10884,137947.87029865864,1460.7027141323786,5274,197848.9865841272,98.04880283582992,46.933434905822125,0.008824877951454146,2494.7733513117705,0.011643852058354165,2466.0589260101247,-0.004441446982314412,2477.0606596017224,-0.030196082304899674,2541.7089311609143,0.01654104214047214,2476.5666424552915,-0.007522612625939562,2559.9613891557706,-9.061260624454448e-05,2501.773892436305,2509.554386151159,0.011978384999190515,0.011978384999190515,0.3129492443163014,0.96710373090401
2021-06-10,2532.5023859706957,19350,135735.86141002298,1436.3223741038375,13613,197117.38111897343,97.93746403163772,47.18732612451445,0.006243257454068063,2516.789421653637,0.008824877951454146,2494.7733513117705,0.011643852058354165,2466.0589260101247,-0.004441446982314412,2554.1871036042703,0.004909363259646193,2492.7341499809754,0.006528194012035637,2558.4542625385943,-0.0005887302142760786,2497.4369489095902,2508.2567923227643,0.012081145973747506,0.012081145973747506,0.30398467253119443,1.2103046062292866
2021-06-11,2575.1747008288603,16971,131990.5474774337,1444.4035989084907,9546,196737.86083205763,97.9954201458854,47.28305457472152,0.016849861660370502,2532.5023859706957,0.006243257454068063,2516.789421653637,0.008824877951454146,2494.7733513117705,0.011643852058354165,2477.0606596017224,-0.030196082304899674,2454.346348366173,-0.01539987792725328,2525.981955182717,-0.01269215863318085,2517.059757155018,2510.7164296050714,0.012308116224745865,0.012308116224745865,0.2599392397941197,1.7786590089533445
2021-06-14,2573.455241333141,18573,134967.54658169608,1411.363016937324,17723,200213.22814456432,98.047870883414,47.66078902952194,-0.0006677059599745627,2575.1747008288603,0.016849861660370502,2532.5023859706957,0.006243257454068063,2516.789421653637,0.008824877951454146,2466.0589260101247,-0.004441446982314412,2484.171015849536,0.012151776175850948,2551.627869850566,0.010152849514712514,2538.539020219621,2511.8077981792003,0.012122757662335075,0.012122757662335075,0.2612290072068392,0.5113415011712147
2021-06-15,2566.980034029179,12124,134460.65579319288,1408.0236097632544,14918,197414.17086686345,97.89843032143206,47.63229943634414,-0.002516153069212823,2573.455241333141,-0.0006677059599745627,2575.1747008288603,0.016849861660370502,2532.5023859706957,0.006243257454068063,2494.7733513117705,0.011643852058354165,2500.350527716012,0.006513042686371984,2545.9717892006347,-0.0022166557736582604,2552.9803567631025,2512.8582104206275,0.01212646961538438,0.01212646961538438,0.2688405603391274,0.8347445296070153
2021-06-16,2573.862986600933,5885,131632.56939715924,1409.7277592350013,5360,198837.2117916604,97.96834999460155,47.53264887739244,0.0026813424648848283,2566.980034029179,-0.002516153069212823,2573.455241333141,-0.0006677059599745627,2575.1747008288603,0.016849861660370502,2516.789421653637,0.008824877951454146,2541.7089311609143,0.01654104214047214,2524.7181621758045,-0.00834794286212548,2564.3950697525615,2515.315451641884,0.011953367844068072,0.011953367844068072,0.2699271036768027,1.3529764596746339
2021-06-17,2521.461371608661,14991,134567.35503068694,1428.6185501356208,8498,194630.6828734812,98.17361849279614,48.343844409576256,-0.02035913149420354,2573.862986600933,0.0026813424648848283,2566.980034029179,-0.002516153069212823,2573.455241333141,-0.0006677059599745627,2532.5023859706957,0.006243257454068063,2554.1871036042703,0.004909363259646193,2536.696850349303,0.004744564503459392,2562.186866880155,2514.553677704852,0.012829041124000701,0.012829041124000701,0.25029197615621906,0.42131980236345357
2021-06-18,2548.997996343351,9475,131525.32454350454,1427.315205456974,5810,194292.51013634595,98.19081452603984,48.46211570440887,0.010920898905987242,2521.461371608661,-0.02035913149420354,2573.862986600933,0.0026813424648848283,2566.980034029179,-0.002516153069212823,2575.1747008288603,0.016849861660370502,2477.0606596017224,-0.030196082304899674,2488.9470885302585,-0.0188235980237329,2556.9515259830528,2517.5562230955065,0.012271139194865676,0.012271139194865676,0.24846414493866342,0.9525938601909198
2021-06-21,2581.708954314742,8353,127921.69426549276,1407.4572733381635,14108,194928.8260221957,98.157082009833,48.2462712406153,0.012832869236584887,2548.997996343351,0.010920898905987242,2521.461371608661,-0.02035913149420354,2573.862986600933,0.0026813424648848283,2573.455241333141,-0.0006677059599745627,2466.0589260101247,-0.004441446982314412,2504.604563099551,0.006290802500963588,2558.6022685793732,2521.4114426562655,0.01249727588180399,0.01249727588180399,0.26445760930646345,1.295702778372345
2021-06-22,2548.776011228824,13146,130299.77634587332,1419.748743047256,15860,194333.0645297903,98.14288168839224,48.03799211194088,-0.012756257064096443,2581.708954314742,0.012832869236584887,2548.997996343351,0.010920898905987242,2521.461371608661,-0.02035913149420354,2566.980034029179,-0.002516153069212823,2494.7733513117705,0.011643852058354165,2495.3381043853287,-0.003699769157473165,2554.961464019302,2524.0833379984406,0.012857974529909885,0.012857974529909885,0.2673251359566185,0.2657669285696589
2021-06-23,2465.8739789241336,15612,136086.56362844037,1425.0773610663384,8271,194967.7445773004,98.2044073650891,47.75518813758148,-0.032526213342976784,2548.776011228824,-0.012756257064096443,2581.708954314742,0.012832869236584887,2548.997996343351,0.010920898905987242,2573.862986600933,0.0026813424648848283,2516.789421653637,0.008824877951454146,2476.5666424552915,-0.007522612625939562,2533.363662483943,2523.548704821883,0.014811605516896864,0.014811605516896864,0.205931751853776,-0.35497602518346993
2021-06-24,2312.714433664158,6262,150823.45042769666,1428.0051098418216,11119,195718.58300808663,98.03134020453838,48.03615894433851,-0.0621116677368887,2465.8739789241336,-0.032526213342976784,2548.776011228824,-0.012756257064096443,2581.708954314742,0.012832869236584887,2521.461371608661,-0.02035913149420354,2532.5023859706957,0.006243257454068063,2492.7341499809754,0.006528194012035637,2491.6142748950415,2514.547719006042,0.02017385590722182,0.02017385590722182,0.09958204851534797,-1.4420352292786243
2021-06-25,2382.184273956075,19764,146583.42919432346,1423.5127724251947,12522,200723.09660810832,98.0477792748361,47.92684575647054,0.030038226631314613,2312.714433664158,-0.0621116677368887,2465.8739789241336,-0.032526213342976784,2548.776011228824,-0.012756257064096443,2548.997996343351,0.010920898905987242,2575.1747008288603,0.016849861660370502,2454.346348366173,-0.01539987792725328,2458.2515304175863,2510.939615285537,0.021295660082035064,0.021295660082035064,0.10314153060456917,0.10782746180304376
2021-06-28,2488.251145882276,17845,136138.4613322528,1408.7133279586517,13420,203581.9908006711,98.00873287988982,47.965054499167486,0.04452504916844946,2382.184273956075,0.030038226631314613,2312.714433664158,-0.0621116677368887,2465.8739789241336,-0.032526213342976784,2581.708954314742,0.012832869236584887,2573.455241333141,-0.0006677059599745627,2484.171015849536,0.012151776175850948,2439.5599687310932,2511.143621787174,0.023487193752762404,0.023487193752762404,0.07192466009374951,1.280858826795105
2021-06-29,2500.793845706324,14764,137193.21680424668,1406.9697957554845,9627,202724.7412052436,98.19351538118543,47.94600189683601,0.005040769234570419,2488.251145882276,0.04452504916844946,2382.184273956075,0.030038226631314613,2312.714433664158,-0.0621116677368887,2548.776011228824,-0.012756257064096443,2566.980034029179,-0.002516153069212823,2500.350527716012,0.006513042686371984,2429.963535626593,2511.1657876866893,0.023469152737159247,0.023469152737159247,0.03797249257103218,0.39439064544420743
2021-06-30,2550.5554831965774,6659,136100.3194799822,1403.7034826437773,12891,203821.09765214872,98.17609810780492,48.165449619218286,0.019898336512499837,2500.793845706324,0.005040769234570419,2488.251145882276,0.04452504916844946,2382.184273956075,0.030038226631314613,2465.8739789241336,-0.032526213342976784,2573.862986600933,0.0026813424648848283,2541.7089311609143,0.01654104214047214,2446.8998364810823,2511.6081152884726,0.0236032523589231,0.0236032523589231,-0.012720259493703907,0.5309143234343248
2021-07-01,2525.080105823665,19707,138205.74019447624,1408.8967831348184,13044,203338.83947210797,98.34288686891688,47.91142639135308,-0.009988168279713161,2550.5554831965774,0.019898336512499837,2500.793845706324,0.005040769234570419,2488.251145882276,0.04452504916844946,2312.714433664158,-0.0621116677368887,2521.461371608661,-0.02035913149420354,2554.1871036042703,0.004909363259646193,2489.3729709129834,2510.1527653994426,0.023689751615959796,0.023689751615959796,-0.03464861779294537,0.11036252780826722
2021-07-02,2431.586477083481,9777,144002.66573925497,1409.007449384222,12810,204374.203116636,98.23251279913868,47.58875470551017,-0.03702600504615938,2525.080105823665,-0.009988168279713161,2550.5554831965774,0.019898336512499837,2500.793845706324,0.005040769234570419,2382.184273956075,0.030038226631314613,2548.997996343351,0.010920898905987242,2477.0606596017224,-0.030196082304899674,2499.2534115384647,2507.8790562735308,0.02418735017186707,0.02418735017186707,-0.020409970981476868,-0.6258222478984273
2021-07-05,2483.9538911636228,17508,140591.80379737323,1425.4014910131366,8308,196920.11180563463,98.29123871581896,47.65604389766465,0.02153631572377912,2431.586477083481,-0.03702600504615938,2525.080105823665,-0.009988168279713161,2550.5554831965774,0.019898336512499837,2488.251145882276,0.04452504916844946,2581.708954314742,0.012832869236584887,2466.0589260101247,-0.004441446982314412,2498.3939605947335,2508.7738045312053,0.024665518956902787,0.024665518956902787,-0.020152426244712994,0.13522683741745747
2021-07-06,2591.2261881944432,12426,131856.11702891957,1421.8147191875073,16006,198843.1643953084,98.32317874219808,47.83633168307462,0.043186106397719026,2483.9538911636228,0.02153631572377912,2431.586477083481,-0.03702600504615938,2525.080105823665,-0.009988168279713161,2500.793845706324,0.005040769234570419,2548.776011228824,-0.012756257064096443,2494.7733513117705,0.011643852058354165,2516.480429092358,2513.596446375339,0.026355676989672165,0.026355676989672165,-0.05516783828677645,1.1561047227701997
2021-07-07,2667.492584754512,16523,126793.67726137256,1417.6651867969338,10539,203171.96756005829,98.23627401741162,47.93609137700392,0.029432550854701978,2591.2261881944432,0.043186106397719026,2483.9538911636228,0.02153631572377912,2431.586477083481,-0.03702600504615938,2550.5554831965774,0.019898336512499837,2465.8739789241336,-0.032526213342976784,2516.789421653637,0.008824877951454146,2539.8678494039445,2521.131604530383,0.027021443916290626,0.027021443916290626,-0.09514409894525577,1.2752273561924767
2021-07-08,2742.068807344526,5074,119281.20569242982,1410.6195132187652,16749,205609.7338087044,98.2540136288753,47.69325525827472,0.027957424517780716,2667.492584754512,0.029432550854701978,2591.2261881944432,0.043186106397719026,2483.9538911636228,0.02153631572377912,2525.080105823665,-0.009988168279713161,2312.714433664158,-0.0621116677368887,2532.5023859706957,0.006243257454068063,2583.2655897081167,2531.6099255990744,0.027578045667809702,0.027578045667809702,-0.0901435154526356,1.7401786317970231
2021-07-09,2703.221955324073,12187,126589.16237219652,1396.4676531160655,15516,206066.775248876,98.37526551255849,47.89650071090213,-0.014166986589250752,2742.068807344526,0.027957424517780716,2667.492584754512,0.029432550854701978,2591.2261881944432,0.043186106397719026,2431.586477083481,-0.03702600504615938,2382.184273956075,0.030038226631314613,2575.1747008288603,0.016849861660370502,2637.592685356235,2538.0122883238346,0.027709767959801845,0.027709767959801845,-0.06720692192498925,0.46581903212117515
2021-07-12,2739.8880758512423,9950,123691.01446960532,1394.5281586919164,11799,210363.1861154833,98.3428863421298,47.673342432773445,0.013563858659461747,2703.221955324073,-0.014166986589250752,2742.068807344526,0.027957424517780716,2667.492584754512,0.029432550854701978,2483.9538911636228,0.02153631572377912,2488.251145882276,0.04452504916844946,2573.455241333141,-0.0006677059599745627,2688.7795222937593,2546.33393004974,0.027798712301453372,0.027798712301453372,-0.005460455998920195,1.0492906140962344
2021-07-13,2698.23427558436,13611,128032.13980681756,1396.8678814315551,12466,211279.12129617183,98.17369007721284,47.51688083933753,-0.01520273789064941,2739.8880758512423,0.013563858659461747,2703.221955324073,-0.014166986589250752,2742.068807344526,0.027957424517780716,2591.2261881944432,0.043186106397719026,2500.793845706324,0.005040769234570419,2566.980034029179,-0.002516153069212823,2710.181139771743,2552.896642127499,0.02808666807113451,0.02808666807113451,0.04785045483484446,0.3852235616815639
2021-07-14,2860.5801764656344,9732,115006.5168461813,1399.649944815937,16609,214730.22982604612,98.17193379456508,47.23369478192093,0.06016745927153222,2698.23427558436,-0.01520273789064941,2739.8880758512423,0.013563858659461747,2703.221955324073,-0.014166986589250752,2667.492584754512,0.029432550854701978,2550.5554831965774,0.019898336512499837,2573.862986600933,0.0026813424648848283,2748.798658113967,2567.2325016207337,0.030869545438325048,0.030869545438325048,0.21544998315205413,1.8587412736195454
2021-07-15,2849.7781120290647,8707,116405.39340470546,1402.870147423199,10971,215982.21112556977,98.08169148508584,47.62404228651654,-0.0037761795755419936,2860.5801764656344,0.06016745927153222,2698.23427558436,-0.01520273789064941,2739.8880758512423,0.013563858659461747,2742.068807344526,0.027957424517780716,2525.080105823665,-0.009988168279713161,2521.461371608661,-0.02035913149420354,2770.340519050875,2583.648338641754,0.030349734559914635,0.030349734559914635,0.3369488842431741,0.9814182393264019
2021-07-16,2908.7486686807883,15199,108000.34016777023,1405.8881403038504,11621,214700.92160256376,98.04745739121944,47.814068748824745,0.020693034451631842,2849.7781120290647,-0.0037761795755419936,2860.5801764656344,0.06016745927153222,2698.23427558436,-0.01520273789064941,2703.221955324073,-0.014166986589250752,2431.586477083481,-0.03702600504615938,2548.997996343351,0.010920898905987242,2811.445861722218,2601.635872258626,0.030501625571617022,0.030501625571617022,0.4775028441351061,1.629982509817393
2021-07-19,2811.519970801189,18118,112489.20434884986,1396.538127529111,16702,212545.8684893644,98.03929861425092,47.99556676152841,-0.03342629733757485,2908.7486686807883,0.020693034451631842,2849.7781120290647,-0.0037761795755419936,2860.5801764656344,0.06016745927153222,2739.8880758512423,0.013563858659461747,2483.9538911636228,0.02153631572377912,2581.708954314742,0.012832869236584887,2825.7722407122073,2613.1264230829483,0.03176890044997263,0.03176890044997263,0.5589140080244878,0.7985021872831577
2021-07-20,2894.624677487424,10604,101996.84667456785,1396.0243545329483,10835,212664.2502189701,97.86873339264936,48.36973018787114,0.029558640005872938,2811.519970801189,-0.03342629733757485,2908.7486686807883,0.020693034451631842,2849.7781120290647,-0.0037761795755419936,2698.23427558436,-0.01520273789064941,2591.2261881944432,0.043186106397719026,2548.776011228824,-0.012756257064096443,2865.05032109282,2630.4188563958787,0.031949978744094776,0.031949978744094776,0.6773487705223176,1.6916274073237156
2021-07-21,2871.6327163100527,5201,106035.84760280496,1393.4364846529008,11744,213956.83697412824,97.70716755871732,49.21352496234276,-0.007942985270659841,2894.624677487424,0.029558640005872938,2811.519970801189,-0.03342629733757485,2908.7486686807883,0.020693034451631842,2860.5801764656344,0.06016745927153222,2667.492584754512,0.029432550854701978,2465.8739789241336,-0.032526213342976784,2867.2608290617036,2650.7067932651744,0.030807067671733135,0.030807067671733135,0.7617358707418638,0.8226594805815315
2021-07-22,2897.8086951949604,19585,101870.58268394203,1380.3197834188693,6427,214905.15196938373,97.75537424226988,48.70075713116972,0.009115364488026412,2871.6327163100527,-0.007942985270659841,2894.624677487424,0.029558640005872938,2811.519970801189,-0.03342629733757485,2849.7781120290647,-0.0037761795755419936,2742.068807344526,0.027957424517780716,2312.714433664158,-0.0621116677368887,2876.866945694883,2679.9615063417145,0.02600650650016656,0.02600650650016656,0.8233964058482635,0.9422011983106824
2021-07-23,2788.720754149456,16961,106761.97707890144,1377.6259725162813,7177,212509.8326040317,97.70310237265288,48.47924415690659,-0.03764497678069301,2897.8086951949604,0.009115364488026412,2871.6327163100527,-0.007942985270659841,2894.624677487424,0.029558640005872938,2908.7486686807883,0.020693034451631842,2703.221955324073,-0.014166986589250752,2382.184273956075,0.030038226631314613,2852.861362788616,2700.2883303513836,0.0278288851610489,0.0278288851610489,0.8251385611873256,0.3352828525774909
2021-07-26,2732.650951160055,11224,113473.7539364384,1382.069449258723,7452,213418.34448385471,97.44662793847084,48.29439163165423,-0.020105922368158335,2788.720754149456,-0.03764497678069301,2897.8086951949604,0.009115364488026412,2871.6327163100527,-0.007942985270659841,2811.519970801189,-0.03342629733757485,2739.8880758512423,0.013563858659461747,2488.251145882276,0.04452504916844946,2837.0875588603894,2712.5083206152726,0.027141972160745872,0.027141972160745872,0.7878378993284244,-0.02015693142517696
2021-07-27,2663.889657573809,19100,117894.2999457746,1385.3574789809277,12397,211326.10709617412,97.52511234213164,48.03914574493942,-0.02516285278112651,2732.650951160055,-0.020105922368158335,2788.720754149456,-0.03764497678069301,2897.8086951949604,0.009115364488026412,2894.624677487424,0.029558640005872938,2698.23427558436,-0.01520273789064941,2500.793845706324,0.005040769234570419,2790.9405548776667,2720.663111208647,0.02796977315760467,0.02796977315760467,0.7300730238071125,-0.07853462141317653
2021-07-28,2592.499048182288,13780,123249.99120126326,1385.548199667154,14132,214010.52118917296,97.55234931765908,47.71587077065831,-0.026799386824656102,2663.889657573809,-0.02516285278112651,2732.650951160055,-0.020105922368158335,2788.720754149456,-0.03764497678069301,2871.6327163100527,-0.007942985270659841,2860.5801764656344,0.06016745927153222,2550.5554831965774,0.019898336512499837,2735.1138212521137,2722.7602894579322,0.02847628699807425,0.02847628699807425,0.6663329180575231,-0.30652081383903
2021-07-29,2714.599527646268,9977,116258.08971503054,1399.6995491371192,16034,210743.5101879213,97.48096183525544,47.6259748514417,0.047097598569839416,2592.499048182288,-0.026799386824656102,2663.889657573809,-0.02516285278112651,2732.650951160055,-0.020105922368158335,2897.8086951949604,0.009115364488026412,2849.7781120290647,-0.0037761795755419936,2525.080105823665,-0.009988168279713161,2698.471987742375,2732.2362605490625,0.03011009266369657,0.03011009266369657,0.6582529408553927,0.500948880536625
2021-07-30,2750.177986281438,14369,114970.47903997806,1438.6556665576147,5933,205845.08812036223,97.3492788141496,47.26099373685488,0.013106337886243713,2714.599527646268,0.047097598569839416,2592.499048182288,-0.026799386824656102,2663.889657573809,-0.02516285278112651,2788.720754149456,-0.03764497678069301,2908.7486686807883,0.020693034451631842,2431.586477083481,-0.03702600504615938,2690.7634341687717,2748.16583600896,0.028557035792424,0.028557035792424,0.6417608344563464,0.15126562486101203
2021-08-02,2616.914113220791,16999,125655.25617772355,1404.700256040727,10559,209886.2313744432,97.43285960378104,47.3615064471161,-0.048456453991487014,2750.177986281438,0.013106337886243713,2714.599527646268,0.047097598569839416,2592.499048182288,-0.026799386824656102,2732.650951160055,-0.020105922368158335,2811.519970801189,-0.03342629733757485,2483.9538911636228,0.02153631572377912,2667.6160665809193,2754.813847111819,0.030823826161950254,0.030823826161950254,0.6414994562816033,-0.7794736201936651
2021-08-03,2530.465337108103,5246,133835.6334031397,1428.9723595054456,12917,207159.91476360764,97.46779466603708,47.37701594354469,-0.03303462489500286,2616.914113220791,-0.048456453991487014,2750.177986281438,0.013106337886243713,2714.599527646268,0.047097598569839416,2663.889657573809,-0.02516285278112651,2894.624677487424,0.029558640005872938,2591.2261881944432,0.043186106397719026,2640.931202487777,2751.775804557502,0.030309148913726287,0.030309148913726287,0.6381354059214549,-1.0831283496880006
2021-08-04,2729.491889138204,11439,114390.74418952352,1453.7905904731017,12238,204722.3044453356,97.7060548943055,47.52132454297379,0.07865215504495104,2530.465337108103,-0.03303462489500286,2616.914113220791,-0.048456453991487014,2750.177986281438,0.013106337886243713,2592.499048182288,-0.026799386824656102,2871.6327163100527,-0.007942985270659841,2667.492584754512,0.029432550854701978,2668.329770678961,2754.875769776686,0.03458549025531974,0.03458549025531974,0.630455224099809,1.3600993052159667
2021-08-05,2604.6937803060773,16336,126502.5181547775,1474.7599612796205,13292,197580.3342070452,97.74807375417798,47.67364307846526,-0.04572210283120859,2729.491889138204,0.07865215504495104,2530.465337108103,-0.03303462489500286,2616.914113220791,-0.048456453991487014,2714.599527646268,0.047097598569839416,2897.8086951949604,0.009115364488026412,2742.068807344526,0.027957424517780716,2646.348621210923,2748.0070184247643,0.03555304009830488,0.03555304009830488,0.6499379594752829,-0.44011475868647965
2021-08-06,2586.2688046462386,17854,130836.9087615352,1517.3175590192811,16579,190474.8333017389,97.7868440683042,47.854545134493264,-0.0070737588422673525,2604.6937803060773,-0.04572210283120859,2729.491889138204,0.07865215504495104,2530.465337108103,-0.03303462489500286,2750.177986281438,0.013106337886243713,2788.720754149456,-0.03764497678069301,2703.221955324073,-0.014166986589250752,2613.566784883883,2742.1593608908724,0.035460268704736404,0.035460268704736404,0.6762654370942977,-0.4852436502377684
2021-08-09,2589.953512605302,17637,134470.16181049962,1568.4719836427869,9229,182695.00108706372,97.77015127529332,47.7425224534461,0.0014247196395222872,2586.2688046462386,-0.0070737588422673525,2604.6937803060773,-0.04572210283120859,2729.491889138204,0.07865215504495104,2616.914113220791,-0.048456453991487014,2732.650951160055,-0.020105922368158335,2739.8880758512423,0.013563858659461747,2608.1746647607847,2734.662632728575,0.03529018260928467,0.03529018260928467,0.7099090644799521,-0.604136125289233
2021-08-10,2618.9195269355064,14435,128224.5697470744,1659.168151190362,8851,170109.3947623652,97.8518288620134,48.37886547423619,0.011183990055893656,2589.953512605302,0.0014247196395222872,2586.2688046462386,-0.0070737588422673525,2604.6937803060773,-0.04572210283120859,2530.465337108103,-0.03303462489500286,2663.889657573809,-0.02516285278112651,2698.23427558436,-0.01520273789064941,2625.8655027262657,2730.696895296133,0.03527276878947228,0.03527276878947228,0.7449889966625532,0.01697505767771712
2021-08-11,2594.875676171872,17637,128608.29509724812,1653.4429107475655,14832,170932.91727250713,97.91433738213824,48.44919480918082,-0.009180828397491458,2618.9195269355064,0.011183990055893656,2589.953512605302,0.0014247196395222872,2586.2688046462386,-0.0070737588422673525,2729.491889138204,0.07865215504495104,2592.499048182288,-0.026799386824656102,2860.5801764656344,0.06016745927153222,2598.9422601329993,2717.4116702814445,0.03223030632197293,0.03223030632197293,0.7830848713574725,-0.3252462156711776
2021-08-12,2630.730948198191,5836,124965.87688130152,1695.2779183400494,17824,168413.8929753012,98.03950988299474,47.89044938339339,0.013817722504229968,2594.875676171872,-0.009180828397491458,2618.9195269355064,0.011183990055893656,2589.953512605302,0.0014247196395222872,2604.6937803060773,-0.04572210283120859,2714.599527646268,0.047097598569839416,2849.7781120290647,-0.0037761795755419936,2604.149693711422,2706.459312089901,0.032486588276390095,0.032486588276390095,0.8114714216303003,0.014912355971646946
2021-08-13,2671.060354288986,16540,125599.10738197278,1693.3382681314197,17821,166899.83328701498,97.987377591131,47.58973665966352,0.015330114285695862,2630.730948198191,0.013817722504229968,2594.875676171872,-0.009180828397491458,2618.9195269355064,0.011183990055893656,2586.2688046462386,-0.0070737588422673525,2750.177986281438,0.013106337886243713,2908.7486686807883,0.020693034451631842,2621.1080036399717,2694.5748963703104,0.03229801645688763,0.03229801645688763,0.8233309066104301,-0.19992227819382802
2021-08-16,2682.2457597867487,10634,126175.38852820425,1687.3498142729416,8990,168993.19864218918,97.94383684383662,47.067585762955176,0.004187627389175885,2671.060354288986,0.015330114285695862,2630.730948198191,0.013817722504229968,2594.875676171872,-0.009180828397491458,2589.953512605302,0.0014247196395222872,2616.914113220791,-0.048456453991487014,2811.519970801189,-0.03342629733757485,2639.566453076261,2688.1111858195886,0.0315666794004406,0.0315666794004406,0.8343227945950257,-0.21976021856908168
2021-08-17,2598.922477468413,15311,136216.4720383222,1674.4126040864012,13902,170002.28322788893,97.8959265267454,47.07278615170057,-0.031064745657370496,2682.2457597867487,0.004187627389175885,2671.060354288986,0.015330114285695862,2630.730948198191,0.013817722504229968,2618.9195269355064,0.011183990055893656,2530.465337108103,-0.03303462489500286,2894.624677487424,0.029558640005872938,2635.5670431828426,2673.326075818638,0.03129818427230756,0.03129818427230756,0.8510680231288209,-1.0453218890576454
2021-08-18,2523.766988274433,5288,143083.98004527655,1679.8570364551374,11700,168206.06087906714,97.97500669886333,47.03624458448457,-0.028917941895361343,2598.922477468413,-0.031064745657370496,2682.2457597867487,0.004187627389175885,2671.060354288986,0.015330114285695862,2594.875676171872,-0.009180828397491458,2729.491889138204,0.07865215504495104,2871.6327163100527,-0.007942985270659841,2621.3453056033545,2655.932789416857,0.031753145003505734,0.031753145003505734,0.8552551109293126,-1.1137871432438549
2021-08-19,2437.135355769311,5730,148780.3235179255,1695.3597318339755,7064,163640.04616741717,98.124844142893,46.89571687511473,-0.034326319706857844,2523.766988274433,-0.028917941895361343,2598.922477468413,-0.031064745657370496,2682.2457597867487,0.004187627389175885,2630.730948198191,0.013817722504229968,2604.6937803060773,-0.04572210283120859,2897.8086951949604,0.009115364488026412,2582.6261871175784,2632.8991224455744,0.0321507929409121,0.0321507929409121,0.8443046887802539,-1.2371790841978836
2021-08-20,2373.47861569676,16239,151462.99730877843,1667.911559299511,11299,165627.9331430182,98.07896009357806,47.498994708834886,-0.026119493085133616,2437.135355769311,-0.034326319706857844,2523.766988274433,-0.028917941895361343,2598.922477468413,-0.031064745657370496,2671.060354288986,0.015330114285695862,2586.2688046462386,-0.0070737588422673525,2788.720754149456,-0.03764497678069301,2523.1098393991333,2612.1370155229397,0.03169405202518614,0.03169405202518614,0.832352745789318,-1.115018085413271
2021-08-23,2361.6682046855203,11627,151348.91495482606,1667.6522344648529,6018,163735.1886546995,98.03648272079874,47.66368957105796,-0.004975992171630472,2373.47861569676,-0.026119493085133616,2437.135355769311,-0.034326319706857844,2523.766988274433,-0.028917941895361343,2682.2457597867487,0.004187627389175885,2589.953512605302,0.0014247196395222872,2732.650951160055,-0.020105922368158335,2458.9943283788875,2593.5878781992133,0.031559069689767336,0.031559069689767336,0.8316701978847779,-0.9051273957647499
2021-08-24,2416.8641709928397,18062,149508.88206244004,1672.2498733120797,9354,164363.25038536315,98.06789044318572,47.88151907949186,0.023371600717582375,2361.6682046855203,-0.004975992171630472,2373.47861569676,-0.026119493085133616,2437.135355769311,-0.034326319706857844,2598.922477468413,-0.031064745657370496,2618.9195269355064,0.011183990055893656,2663.889657573809,-0.02516285278112651,2422.5826670837732,2581.2366038701643,0.03193664809875111,0.03193664809875111,0.8384511014547888,-0.6832783865441595
2021-08-25,2374.65466152028,5491,151351.21306497892,1677.8962728790386,10806,166997.37715169933,98.04331429318444,47.60219703310923,-0.017464576610947913,2416.8641709928397,0.023371600717582375,2361.6682046855203,-0.004975992171630472,2373.47861569676,-0.026119493085133616,2523.766988274433,-0.028917941895361343,2594.875676171872,-0.009180828397491458,2592.499048182288,-0.026799386824656102,2392.7602017329423,2570.3443845370643,0.03165867894464692,0.03165867894464692,0.8538652818791498,-0.8584001181621788
2021-08-26,2415.60486844193,19941,144376.60902231696,1664.2575540189112,16882,169938.6614951257,98.13851965849842,47.302453565709925,0.017244699865298863,2374.65466152028,-0.017464576610947913,2416.8641709928397,0.023371600717582375,2361.6682046855203,-0.004975992171630472,2437.135355769311,-0.034326319706857844,2630.730948198191,0.013817722504229968,2714.599527646268,0.047097598569839416,2388.454104267466,2555.394651576847,0.02977499666632954,0.02977499666632954,0.865918308926181,-0.186952126241336
2021-08-27,2387.4657605645243,8024,147376.65766951928,1690.7514368903412,17707,168427.05752359008,97.91334192943653,47.31349521543901,-0.011648886887513088,2415.60486844193,0.017244699865298863,2374.65466152028,-0.017464576610947913,2416.8641709928397,0.023371600717582375,2373.47861569676,-0.026119493085133616,2671.060354288986,0.015330114285695862,2750.177986281438,0.013106337886243713,2391.251533241019,2537.259040291002,0.02947821394602236,0.02947821394602236,0.8804171300281287,-0.7143737630175645
2021-08-30,2427.32267646468,12895,146860.430734616,1675.8730853964405,14681,168771.5560948292,97.83067142474484,47.36539735733468,0.016694235602663365,2387.4657605645243,-0.011648886887513088,2415.60486844193,0.017244699865298863,2374.65466152028,-0.017464576610947913,2361.6682046855203,-0.004975992171630472,2682.2457597867487,0.004187627389175885,2616.914113220791,-0.048456453991487014,2404.382427596851,2527.779468453196,0.028185290747258004,0.028185290747258004,0.8929553662731492,-0.6446560927709921
2021-08-31,2439.359529290003,15965,150826.8543954934,1692.3466908316886,6621,168401.84442791855,97.75242979134867,46.808503887200345,0.004958900990804427,2427.32267646468,0.016694235602663365,2387.4657605645243,-0.011648886887513088,2415.60486844193,0.017244699865298863,2416.8641709928397,0.023371600717582375,2598.922477468413,-0.031064745657370496,2530.465337108103,-0.03303462489500286,2408.8814992562834,2523.224178062291,0.02734944615534033,0.02734944615534033,0.9024787927646051,-1.0233869226652172
2021-09-01,2476.5877416217318,10869,150322.67357468663,1701.8810252493165,13014,165802.39553297646,97.52039419011008,46.75441178034548,0.01526147002306133,2439.359529290003,0.004958900990804427,2427.32267646468,0.016694235602663365,2387.4657605645243,-0.011648886887513088,2374.65466152028,-0.017464576610947913,2523.766988274433,-0.028917941895361343,2729.491889138204,0.07865215504495104,2429.2681152765736,2510.5789706864675,0.02035198738756227,0.02035198738756227,0.9034778879454345,-1.016729661623252
2021-09-02,2546.049763325687,18005,146704.83509216344,1686.9659697107084,10131,165943.8346695432,97.4240303456732,46.75863340520753,0.028047470532366336,2476.5877416217318,0.01526147002306133,2439.359529290003,0.004958900990804427,2427.32267646468,0.016694235602663365,2415.60486844193,0.017244699865298863,2437.135355769311,-0.034326319706857844,2604.6937803060773,-0.04572210283120859,2455.357094253325,2507.646769837448,0.019167019649482767,0.019167019649482767,0.8902653083796919,-0.5361038432420688
2021-09-03,2575.811131531894,12868,140878.23894715405,1703.7265134248244,8614,164698.11470062967,97.3325147340886,46.69408865547619,0.011689232722353449,2546.049763325687,0.028047470532366336,2476.5877416217318,0.01526147002306133,2439.359529290003,0.004958900990804427,2387.4657605645243,-0.011648886887513088,2373.47861569676,-0.026119493085133616,2586.2688046462386,-0.0070737588422673525,2493.026168446799,2507.1238861817305,0.019310802200046592,0.019310802200046592,0.8743943017672333,0.008766699617379359
2021-09-06,2596.33406257278,10301,138673.80822761374,1703.2665800196423,18736,163701.51856889663,97.31240426863673,46.4500715317722,0.007967560505370175,2575.811131531894,0.011689232722353449,2546.049763325687,0.028047470532366336,2476.5877416217318,0.01526147002306133,2427.32267646468,0.016694235602663365,2361.6682046855203,-0.004975992171630472,2589.953512605302,0.0014247196395222872,2526.8284456684187,2507.4429136801045,0.019391893237025577,0.019391893237025577,0.8634483124876532,-0.07051754735118781
2021-09-07,2648.7132466982016,11652,134048.62357353003,1724.1010044985724,11292,162741.0906619653,97.42370085780274,46.288210977195845,0.020174285304995543,2596.33406257278,0.007967560505370175,2575.811131531894,0.011689232722353449,2546.049763325687,0.028047470532366336,2439.359529290003,0.004958900990804427,2416.8641709928397,0.023371600717582375,2618.9195269355064,0.011183990055893656,2568.699189150059,2508.932599668239,0.019758142154978134,0.019758142154978134,0.8532574405023018,0.40514097929996634
2021-09-08,2663.5740471252498,5416,133410.76998566315,1732.3944821442622,7172,162316.70566302215,97.39919479268367,46.235153219124015,0.005610573528702423,2648.7132466982016,0.020174285304995543,2596.33406257278,0.007967560505370175,2575.811131531894,0.011689232722353449,2476.5877416217318,0.01526147002306133,2374.65466152028,-0.017464576610947913,2594.875676171872,-0.009180828397491458,2606.0964502507622,2512.367518215908,0.01964326019284495,0.01964326019284495,0.8506027194083711,0.2280175662859698
2021-09-09,2606.762898929913,9397,136030.60500136108,1714.2922131962027,17211,164119.08636403727,97.29611342065655,46.262393226207024,-0.021328916407130638,2663.5740471252498,0.005610573528702423,2648.7132466982016,0.020174285304995543,2596.33406257278,0.007967560505370175,2546.049763325687,0.028047470532366336,2415.60486844193,0.017244699865298863,2630.730948198191,0.013817722504229968,2618.239077371608,2511.1691157524942,0.02005045422098973,0.02005045422098973,0.8471326293799388,-0.033164027340672975
2021-09-10,2582.99377196618,9514,139631.49073066577,1709.8765123046828,15125,163708.3093197574,97.29041796653522,46.4438307009722,-0.009118254281388793,2606.762898929913,-0.021328916407130638,2663.5740471252498,0.005610573528702423,2648.7132466982016,0.020174285304995543,2575.811131531894,0.011689232722353449,2387.4657605645243,-0.011648886887513088,2671.060354288986,0.015330114285695862,2619.675605458465,2506.7657866363543,0.01979321748538604,0.01979321748538604,0.8457781644409805,-0.19777706125610903
2021-09-13,2544.847034697009,18653,145247.24977480568,1717.3203600439404,8885,163455.55122739254,97.39533532867934,46.76808756245746,-0.014768420149977146,2582.99377196618,-0.009118254281388793,2606.762898929913,-0.021328916407130638,2663.5740471252498,0.005610573528702423,2596.33406257278,0.007967560505370175,2427.32267646468,0.016694235602663365,2682.2457597867487,0.004187627389175885,2609.3781998833106,2499.895850381867,0.01996029312755961,0.01996029312755961,0.8534169336357538,-0.5982653360260197
2021-09-14,2443.678057283372,5012,153513.06508861622,1690.3198927568642,7059,167358.1228256198,97.29773944706784,46.679783245399285,-0.0397544434043684,2544.847034697009,-0.014768420149977146,2582.99377196618,-0.009118254281388793,2606.762898929913,-0.021328916407130638,2648.7132466982016,0.020174285304995543,2439.359529290003,0.004958900990804427,2598.922477468413,-0.031064745657370496,2568.3711620003446,2492.133629372615,0.02069724614833006,0.02069724614833006,0.8362072152620094,-1.403624721792383
2021-09-15,2427.345867903165,10912,154278.7530184354,1691.3538303626233,12846,167596.4124862114,97.2066819586757,46.54293638656468,-0.0066834456083643135,2443.678057283372,-0.0397544434043684,2544.847034697009,-0.014768420149977146,2582.99377196618,-0.009118254281388793,2663.5740471252498,0.005610573528702423,2476.5877416217318,0.01526147002306133,2523.766988274433,-0.028917941895361343,2521.1255261559277,2487.312573354052,0.019802285303383533,0.019802285303383533,0.7766477692257249,-0.8933356327323474
2021-09-16,2419.920488496111,18039,155272.715710885,1696.5158730578512,19679,169424.3461897148,97.26253685460313,46.67423308862497,-0.0030590528961035313,2427.345867903165,-0.0066834456083643135,2443.678057283372,-0.0397544434043684,2544.847034697009,-0.014768420149977146,2606.762898929913,-0.021328916407130638,2546.049763325687,0.028047470532366336,2437.135355769311,-0.034326319706857844,2483.757044069167,2486.451829990391,0.018270802150662565,0.018270802150662565,0.6943049757132654,-0.9510994984286179
2021-09-17,2381.8244215669497,18434,159172.99794789375,1692.9964503489057,8181,168877.37235776705,97.24038324303004,46.85748656354822,-0.01574269365884684,2419.920488496111,-0.0030590528961035313,2427.345867903165,-0.0066834456083643135,2443.678057283372,-0.0397544434043684,2582.99377196618,-0.009118254281388793,2575.811131531894,0.011689232722353449,2373.47861569676,-0.026119493085133616,2443.5231739893215,2486.869120283901,0.017632044777718122,0.017632044777718122,0.5988347195218523,-1.3352865439232475
2021-09-20,2320.6877053588173,6128,165845.8684896941,1683.8662901870332,19351,167399.29727744896,97.305131712101,46.72722643357056,-0.025668019714027435,2381.8244215669497,-0.01574269365884684,2419.920488496111,-0.0030590528961035313,2427.345867903165,-0.0066834456083643135,2544.847034697009,-0.014768420149977146,2596.33406257278,0.007967560505370175,2361.6682046855203,-0.004975992171630472,2398.691308121683,2484.820095317566,0.018542935387497187,0.018542935387497187,0.5143448981752796,-1.6800600345250567
2021-09-21,2270.9937035827384,13497,168285.6824556978,1676.7016553995716,11897,165829.33230676793,97.30376703292148,46.964344476660415,-0.021413480866610324,2320.6877053588173,-0.025668019714027435,2381.8244215669497,-0.01574269365884684,2419.920488496111,-0.0030590528961035313,2443.678057283372,-0.0397544434043684,2648.7132466982016,0.020174285304995543,2416.8641709928397,0.023371600717582375,2364.1544373815564,2477.5265719470613,0.018182292357974732,0.018182292357974732,0.43163095797473977,-1.2852113128383487
2021-09-22,2226.5114965894045,5520,174955.73620963158,1674.9836769025176,18289,164311.7068300417,97.37393339773044,47.2582200790072,-0.01958711154643822,2270.9937035827384,-0.021413480866610324,2320.6877053588173,-0.025668019714027435,2381.8244215669497,-0.01574269365884684,2427.345867903165,-0.0066834456083643135,2663.5740471252498,0.005610573528702423,2374.65466152028,-0.017464576610947913,2323.9875631188042,2470.1194137005173,0.018277415265908793,0.018277415265908793,0.38144560369880287,-1.5981560081331119
2021-09-23,2174.9687247670863,17703,179443.18501247172,1671.880562703725,11314,163092.09884292335,97.27042558632635,47.645726018704806,-0.02314956464463447,2226.5114965894045,-0.01958711154643822,2270.9937035827384,-0.021413480866610324,2320.6877053588173,-0.025668019714027435,2419.920488496111,-0.0030590528961035313,2606.762898929913,-0.021328916407130638,2415.60486844193,0.017244699865298863,2274.9972103729992,2458.087606516775,0.018147415369570895,0.018147415369570895,0.3433398641230938,-1.435188318571309
2021-09-24,2199.357028316406,19683,176593.11964955885,1676.5179703370602,18193,162504.3100495763,97.26921712124754,48.179222290720745,0.01121317436503877,2174.9687247670863,-0.02314956464463447,2226.5114965894045,-0.01958711154643822,2270.9937035827384,-0.021413480866610324,2381.8244215669497,-0.01574269365884684,2582.99377196618,-0.009118254281388793,2387.4657605645243,-0.011648886887513088,2238.5037317228907,2448.682169904369,0.018429442097332834,0.018429442097332834,0.3119090458833032,-0.6325999683782397
2021-09-27,2359.299996624038,14984,163201.26207746967,1659.3067583443124,15943,168076.23224559464,97.24814811981122,47.91929744912292,0.07272260312827328,2199.357028316406,0.01121317436503877,2174.9687247670863,-0.02314956464463447,2226.5114965894045,-0.01958711154643822,2320.6877053588173,-0.025668019714027435,2544.847034697009,-0.014768420149977146,2427.32267646468,0.016694235602663365,2246.2261899759346,2445.281035912337,0.02486475260090145,0.02486475260090145,0.25355944039467737,0.7306432744429918
2021-09-28,2288.538672525593,5469,167700.21937105394,1638.0507166069406,10897,168818.65706347098,97.1265590274008,47.923466911922674,-0.029992508031915666,2359.299996624038,0.07272260312827328,2199.357028316406,0.01121317436503877,2174.9687247670863,-0.02314956464463447,2270.9937035827384,-0.021413480866610324,2443.678057283372,-0.0397544434043684,2439.359529290003,0.004958900990804427,2249.7351837645056,2437.7399930741167,0.025630629081943152,0.025630629081943152,0.24225527032063227,-0.1923263356272747
2021-09-29,2410.2962248496165,12038,158670.7991683149,1628.923816210881,5725,168439.89111906764,96.97021123261392,47.92685022090826,0.05320318759990794,2288.538672525593,-0.029992508031915666,2359.299996624038,0.07272260312827328,2199.357028316406,0.01121317436503877,2226.5114965894045,-0.01958711154643822,2427.345867903165,-0.0066834456083643135,2476.5877416217318,0.01526147002306133,2286.492129416548,2434.4254172355104,0.028308273359325547,0.028308273359325547,0.2115154627003392,0.9094666450597901
2021-09-30,2480.3980277223245,11161,157097.97673910993,1643.132138990899,19230,165825.95741709933,97.0387861361414,47.89742815034852,0.029084310115069734,2410.2962248496165,0.05320318759990794,2288.538672525593,-0.029992508031915666,2359.299996624038,0.07272260312827328,2174.9687247670863,-0.02314956464463447,2419.920488496111,-0.0030590528961035313,2546.049763325687,0.028047470532366336,2347.5779900075954,2431.1428304553424,0.02836512623312754,0.02836512623312754,0.16770145287349356,0.4719613528380882
2021-10-01,2528.653691144758,15744,154039.18481092973,1651.3444980585668,16947,163078.6438520847,97.0036908979196,47.70264927446547,0.019454806399255675,2480.3980277223245,0.029084310115069734,2410.2962248496165,0.05320318759990794,2288.538672525593,-0.029992508031915666,2199.357028316406,0.01121317436503877,2381.8244215669497,-0.01574269365884684,2575.811131531894,0.011689232722353449,2413.437322573266,2428.7849584359856,0.02859914260124218,0.02859914260124218,0.13938646990958029,0.5961979099645458
2021-10-04,2575.264868066728,17725,150752.60752821903,1645.3361105208987,6931,162526.6691430441,96.90146286975488,47.25698067349615,0.018433199091358654,2528.653691144758,0.019454806399255675,2480.3980277223245,0.029084310115069734,2410.2962248496165,0.05320318759990794,2359.299996624038,0.07272260312827328,2320.6877053588173,-0.025668019714027435,2596.33406257278,0.007967560505370175,2456.6302968618043,2427.731498710683,0.028857610936746846,0.028857610936746846,0.13387071199862585,0.7198157105211783
2021-10-05,2638.239528195164,15881,144924.91325907648,1638.9256578889467,10429,164946.946938563,96.89184497606254,47.28478450730485,0.02445366335297061,2575.264868066728,0.018433199091358654,2528.653691144758,0.019454806399255675,2480.3980277223245,0.029084310115069734,2288.538672525593,-0.029992508031915666,2270.9937035827384,-0.021413480866610324,2648.7132466982016,0.020174285304995543,2526.5704679957184,2427.207812785531,0.029030560050280024,0.029030560050280024,0.16369671170518763,1.0902993797876115
2021-10-06,2639.9741666271298,5560,147863.20822847853,1625.1705761849212,5511,169382.30935316492,97.00464686179748,47.05427780944048,0.0006574984619203139,2638.239528195164,0.02445366335297061,2575.264868066728,0.018433199091358654,2528.653691144758,0.019454806399255675,2410.2962248496165,0.05320318759990794,2226.5114965894045,-0.01958711154643822,2663.5740471252498,0.005610573528702423,2572.5060563512206,2426.027818760625,0.02900304747915528,0.02900304747915528,0.18924722091782614,0.5496877696081572
2021-10-07,2603.06010368466,18040,152975.17153207766,1633.0633122464628,16334,167180.09518239397,96.77657307726028,47.080075853664766,-0.013982736425649067,2639.9741666271298,0.0006574984619203139,2638.239528195164,0.02445366335297061,2575.264868066728,0.018433199091358654,2480.3980277223245,0.029084310115069734,2174.9687247670863,-0.02314956464463447,2606.762898929913,-0.021328916407130638,2597.038471543688,2425.8426789983623,0.02876494666320172,0.02876494666320172,0.22363333945793254,0.2780756913516881
2021-10-08,2573.6567923905413,14545,152193.4943963537,1624.57411825117,13403,168274.8882283302,96.62690920826996,46.84186279115511,-0.011295671295679321,2603.06010368466,-0.013982736425649067,2639.9741666271298,0.0006574984619203139,2638.239528195164,0.02445366335297061,2528.653691144758,0.019454806399255675,2199.357028316406,0.01121317436503877,2582.99377196618,-0.009118254281388793,2606.0390917928444,2425.375830019581,0.028806620135433537,0.028806620135433537,0.24874236428994712,0.6364085795109998
2021-10-11,2478.685761931763,11912,161523.2256622847,1650.6366230405445,9384,167067.53718494484,96.5346205640804,46.51196528740181,-0.03690120249894102,2573.6567923905413,-0.011295671295679321,2603.06010368466,-0.013982736425649067,2639.9741666271298,0.0006574984619203139,2575.264868066728,0.018433199091358654,2359.299996624038,0.07272260312827328,2544.847034697009,-0.014768420149977146,2586.7232705658516,2422.067766381318,0.029819488366498767,0.029819488366498767,0.26555295349562646,-0.26513644925363017
2021-10-12,2496.5941073035,10320,158638.82763439903,1645.2221552873957,9218,168553.34888144725,96.68073845075246,46.582254795514885,0.007224935748926908,2478.685761931763,-0.03690120249894102,2573.6567923905413,-0.011295671295679321,2603.06010368466,-0.013982736425649067,2638.239528195164,0.02445366335297061,2288.538672525593,-0.029992508031915666,2443.678057283372,-0.0397544434043684,2558.394186387519,2424.7135688823246,0.02841503005384683,0.02841503005384683,0.289634968711978,0.4258233023114929
2021-10-13,2602.8341808692635,12944,147693.8930249994,1654.481257470402,10078,167239.6943017024,96.70899714904438,46.62753125355683,0.04255400317375191,2496.5941073035,0.007224935748926908,2478.685761931763,-0.03690120249894102,2573.6567923905413,-0.011295671295679321,2639.9741666271298,0.0006574984619203139,2410.2962248496165,0.05320318759990794,2427.345867903165,-0.0066834456083643135,2550.9661892359454,2433.4879845306295,0.0297738607972862,0.0297738607972862,0.35807686665545235,1.4117741023096837
2021-10-14,2555.1101716219423,8231,151243.76719497284,1644.6486895481555,13839,169325.51467920508,96.7857288730905,46.80131584495311,-0.018335401309115595,2602.8341808692635,0.04255400317375191,2496.5941073035,0.007224935748926908,2478.685761931763,-0.03690120249894102,2603.06010368466,-0.013982736425649067,2480.3980277223245,0.029084310115069734,2419.920488496111,-0.0030590528961035313,2541.3762028234023,2440.2474686869214,0.03015556949233372,0.03015556949233372,0.419206400428495,0.5074899380645019
2021-10-15,2662.9095777492485,16463,141468.27910900363,1650.8121901813468,18115,168539.9622345062,96.67171278117787,47.4570749748784,0.04218972916493735,2555.1101716219423,-0.018335401309115595,2602.8341808692635,0.04255400317375191,2496.5941073035,0.007224935748926908,2573.6567923905413,-0.011295671295679321,2528.653691144758,0.019454806399255675,2381.8244215669497,-0.01574269365884684,2559.2267598951435,2454.301726496036,0.031015747742415313,0.031015747742415313,0.5048157438908513,1.5172864311787528
2021-10-18,2672.3440467171995,5703,143174.14120025473,1653.2232433941897,9832,167087.91082899616,96.55975919365083,47.540261834241655,0.0035429175090222476,2662.9095777492485,0.04218972916493735,2555.1101716219423,-0.018335401309115595,2602.8341808692635,0.04255400317375191,2478.685761931763,-0.03690120249894102,2575.264868066728,0.018433199091358654,2320.6877053588173,-0.025668019714027435,2597.9584168522306,2471.884543563955,0.030118657825780076,0.030118657825780076,0.573451601216767,0.7409492759463085
2021-10-19,2763.5066683753275,12721,133891.90068791056,1638.5109830601048,13935,170062.55913095898,96.6045405653231,47.685786364360894,0.034113355190966255,2672.3440467171995,0.0035429175090222476,2662.9095777492485,0.04218972916493735,2555.1101716219423,-0.018335401309115595,2496.5941073035,0.007224935748926908,2638.239528195164,0.02445366335297061,2270.9937035827384,-0.021413480866610324,2651.3409290665963,2496.510191803585,0.029870979845958604,0.029870979845958604,0.6421640521389996,1.5216485337986945
2021-10-20,2777.199549940149,14251,130476.88295986998,1634.664085920934,13481,169435.7940312923,96.61036799841663,47.3625179657007,0.00495489362175916,2763.5066683753275,0.034113355190966255,2672.3440467171995,0.0035429175090222476,2662.9095777492485,0.04218972916493735,2602.8341808692635,0.04255400317375191,2639.9741666271298,0.0006574984619203139,2226.5114965894045,-0.01958711154643822,2686.2140028807735,2524.044594471122,0.02907288697507079,0.02907288697507079,0.7050447032805713,1.1508967262414
2021-10-21,2785.5374181199577,14305,128169.28029838912,1650.817408367359,10700,166635.49008184235,96.66524188030306,46.97644573353978,0.0030022575007215835,2777.199549940149,0.00495489362175916,2763.5066683753275,0.034113355190966255,2672.3440467171995,0.0035429175090222476,2555.1101716219423,-0.018335401309115595,2603.06010368466,-0.013982736425649067,2174.9687247670863,-0.02314956464463447,2732.2994521803766,2554.5730291387654,0.028000438047581965,0.028000438047581965,0.736278670809831,1.0202967611910057
2021-10-22,2718.870217301704,19318,132888.052253354,1639.4343054015897,10610,168792.47097560184,96.64647478121022,47.45129456757178,-0.023933335228090158,2785.5374181199577,0.0030022575007215835,2777.199549940149,0.00495489362175916,2763.5066683753275,0.034113355190966255,2662.9095777492485,0.04218972916493735,2573.6567923905413,-0.011295671295679321,2199.357028316406,0.01121317436503877,2743.4915800908675,2580.5486885880305,0.029184139559193537,0.029184139559193537,0.7481567229647419,0.5617458670745901
2021-10-25,2803.8237998575382,8531,127987.61714821262,1648.8051628759176,12625,165531.84688697706,96.67428915385568,47.17425063359179,0.03124591310582847,2718.870217301704,-0.023933335228090158,2785.5374181199577,0.0030022575007215835,2777.199549940149,0.00495489362175916,2672.3440467171995,0.0035429175090222476,2478.685761931763,-0.03690120249894102,2359.299996624038,0.07272260312827328,2769.787530718935,2602.7748787497053,0.025855407068867235,0.025855407068867235,0.7638609886812592,0.8780953713619334
2021-10-26,2713.823311118494,19716,132439.3082059472,1624.7826325241397,17381,170028.6169301868,96.6901010623462,46.8610674121512,-0.03209919565688013,2803.8237998575382,0.03124591310582847,2718.870217301704,-0.023933335228090158,2785.5374181199577,0.0030022575007215835,2763.5066683753275,0.034113355190966255,2496.5941073035,0.007224935748926908,2288.538672525593,-0.029992508031915666,2759.850859267569,2624.0391106793504,0.026026279226043367,0.026026279226043367,0.765590093178453,0.1223138862219354
2021-10-27,2674.9991381608565,19641,134017.28150717143,1626.5726121722687,10594,168519.85452711643,96.76787780125468,46.84933773578624,-0.014306079838939945,2713.823311118494,-0.03209919565688013,2803.8237998575382,0.03124591310582847,2718.870217301704,-0.023933335228090158,2777.199549940149,0.00495489362175916,2602.8341808692635,0.04255400317375191,2410.2962248496165,0.05320318759990794,2739.41077691171,2637.274256344913,0.024295255501138736,0.024295255501138736,0.7360765362100549,0.06064141454459454
2021-10-28,2770.512066988664,7132,123883.83022823608,1619.519071484862,7262,167613.51473604934,96.84857862944912,46.82228001177302,0.035705779289886275,2674.9991381608565,-0.014306079838939945,2713.823311118494,-0.03209919565688013,2803.8237998575382,0.03124591310582847,2785.5374181199577,0.0030022575007215835,2555.1101716219423,-0.018335401309115595,2480.3980277223245,0.029084310115069734,2736.405706685451,2651.7799583082297,0.024675652043545583,0.024675652043545583,0.724794091022194,1.2093940558406866
2021-10-29,2742.8390478119745,14539,125735.30346211058,1611.0695942921911,6320,169888.1799153223,96.68659143000994,46.55152805984003,-0.009988413155250453,2770.512066988664,0.035705779289886275,2674.9991381608565,-0.014306079838939945,2713.823311118494,-0.03209919565688013,2718.870217301704,-0.023933335228090158,2662.9095777492485,0.04218972916493735,2528.653691144758,0.019454806399255675,2741.1994727875053,2662.4892261415903,0.024698544096582026,0.024698544096582026,0.7143097258020126,0.4542298147274265
2021-11-01,2756.2968186490225,19767,122935.80464243292,1617.78685960416,16568,170482.57085107826,96.46186457447588,46.4600360942261,0.004906511320007523,2742.8390478119745,-0.009988413155250453,2770.512066988664,0.035705779289886275,2674.9991381608565,-0.014306079838939945,2803.8237998575382,0.03124591310582847,2672.3440467171995,0.0035429175090222476,2575.264868066728,0.018433199091358654,2731.6940765458025,2671.5408236707053,0.024477151055179877,0.024477151055179877,0.70707348581928,0.7139768352704462
2021-11-02,2685.0429479137792,14758,132710.50252370385,1619.3877462181276,10904,172286.45863903096,96.56203911424102,46.82884880952113,-0.02585130536491631,2756.2968186490225,0.004906511320007523,2742.8390478119745,-0.009988413155250453,2770.512066988664,0.035705779289886275,2713.823311118494,-0.03209919565688013,2763.5066683753275,0.034113355190966255,2638.239528195164,0.02445366335297061,2725.938003904859,2673.8809946566357,0.024813049848121865,0.024813049848121865,0.6940994845727545,-0.060473279767854576
2021-11-03,2688.744556080028,10864,136450.8176861155,1633.878456341826,6863,173226.20727754987,96.6808116235672,46.5870507268716,0.001378602963920894,2685.0429479137792,-0.02585130536491631,2756.2968186490225,0.004906511320007523,2742.8390478119745,-0.009988413155250453,2674.9991381608565,-0.014306079838939945,2777.199549940149,0.00495489362175916,2639.9741666271298,0.0006574984619203139,2728.6870874886936,2676.319514129281,0.02481278951754371,0.02481278951754371,0.6904059069647608,0.0533301686213279
2021-11-04,2781.147943654447,16177,127832.23705497272,1630.2815884838778,14643,171804.8092319392,96.57874932161587,46.16894898156174,0.03436674092578573,2688.744556080028,0.001378602963920894,2685.0429479137792,-0.02585130536491631,2756.2968186490225,0.004906511320007523,2770.512066988664,0.035705779289886275,2785.5374181199577,0.0030022575007215835,2603.06010368466,-0.013982736425649067,2730.81426282185,2685.22390612777,0.02559794657058179,0.02559794657058179,0.6919382633248535,0.9680596508063736
2021-11-05,2751.7585157636886,16195,130427.2362512264,1612.86183472292,15818,173538.82006592856,96.39276578096133,46.45172706783168,-0.010567373072624231,2781.147943654447,0.03436674092578573,2688.744556080028,0.001378602963920894,2685.0429479137792,-0.02585130536491631,2742.8390478119745,-0.009988413155250453,2718.870217301704,-0.023933335228090158,2573.6567923905413,-0.011295671295679321,2732.598156412193,2694.128992296427,0.02557611429147876,0.02557611429147876,0.7055714407302461,0.311409613722209
2021-11-08,2670.176430648037,16815,137376.55415706825,1605.7841941812217,5969,172378.3554151671,96.40266926306202,46.59941614141309,-0.02964725452771444,2751.7585157636886,-0.010567373072624231,2781.147943654447,0.03436674092578573,2688.744556080028,0.001378602963920894,2756.2968186490225,0.004906511320007523,2803.8237998575382,0.03124591310582847,2478.685761931763,-0.03690120249894102,2715.374078811996,2703.7035257322414,0.025015935418823253,0.025015935418823253,0.7379924779178905,-0.424993313753186
2021-11-09,2657.000581439234,9998,137379.11118607488,1612.2837517913763,9642,170186.757402545,96.49575308569707,46.4132605552185,-0.004934448921641188,2670.176430648037,-0.02964725452771444,2751.7585157636886,-0.010567373072624231,2781.147943654447,0.03436674092578573,2685.0429479137792,-0.02585130536491631,2713.823311118494,-0.03209919565688013,2496.5941073035,0.007224935748926908,2709.765605517087,2711.723849439028,0.025081688785021348,0.025081688785021348,0.7682101191773968,-0.20288997875664944
2021-11-10,2697.504975935505,6438,133654.64329764713,1607.8706249492564,18106,172521.55464866545,96.67551253794052,45.93861045038042,0.015244405582452325,2657.000581439234,-0.004934448921641188,2670.176430648037,-0.02964725452771444,2751.7585157636886,-0.010567373072624231,2688.744556080028,0.001378602963920894,2674.9991381608565,-0.014306079838939945,2602.8341808692635,0.04255400317375191,2711.5176894881824,2716.45738919234,0.023534418189428096,0.023534418189428096,0.791709468568821,-0.052918678802432964
2021-11-11,2728.2960016955994,11254,132796.86474087863,1612.6418142275686,11599,172602.50316437442,96.72714229515066,45.71522344344885,0.011414631681788023,2697.504975935505,0.015244405582452325,2657.000581439234,-0.004934448921641188,2670.176430648037,-0.02964725452771444,2781.147943654447,0.03436674092578573,2770.512066988664,0.035705779289886275,2555.1101716219423,-0.018335401309115595,2700.947301096413,2725.1166806960227,0.02311461291939117,0.02311461291939117,0.7942499179407926,-0.26216448127203396
2021-11-12,2810.7074014894124,10550,126364.77525840214,1586.4466594339324,9394,176431.95006797966,96.6899706254921,45.69881211239407,0.030206179880260642,2728.2960016955994,0.011414631681788023,2697.504975935505,0.015244405582452325,2657.000581439234,-0.004934448921641188,2751.7585157636886,-0.010567373072624231,2742.8390478119745,-0.009988413155250453,2662.9095777492485,0.04218972916493735,2712.7370782415574,2732.506571883031,0.022197025274880815,0.022197025274880815,0.7798503123774542,0.5038962011890085
2021-11-15,2790.089197040136,10106,127444.97672874936,1578.4912228345254,9484,178266.72982697276,96.6006575633336,46.048513739359215,-0.007335592612148445,2810.7074014894124,0.030206179880260642,2728.2960016955994,0.011414631681788023,2697.504975935505,0.015244405582452325,2670.176430648037,-0.02964725452771444,2756.2968186490225,0.004906511320007523,2672.3440467171995,0.0035429175090222476,2736.719631519977,2738.393829399178,0.022314390796000144,0.022314390796000144,0.7731210154511653,-0.009054125948916247
2021-11-16,2719.2440548762534,13979,132667.02659730535,1550.1258270036997,17911,181045.6917420959,96.60180269250068,45.73753914689832,-0.025391712293298174,2790.089197040136,-0.007335592612148445,2810.7074014894124,0.030206179880260642,2728.2960016955994,0.011414631681788023,2657.000581439234,-0.004934448921641188,2685.0429479137792,-0.02585130536491631,2763.5066683753275,0.034113355190966255,2749.168326207381,2736.1806987242244,0.02182414425527208,0.02182414425527208,0.7679307536822514,-0.9127451455566988
2021-11-17,2897.080167368859,5279,122211.49101373908,1551.5272225112603,16833,183302.12999589008,96.57187622211214,45.71218318244488,0.06539909949373723,2719.2440548762534,-0.025391712293298174,2790.089197040136,-0.007335592612148445,2810.7074014894124,0.030206179880260642,2697.504975935505,0.015244405582452325,2688.744556080028,0.001378602963920894,2777.199549940149,0.00495489362175916,2789.0833644940517,2742.1747295956593,0.02634755321339966,0.02634755321339966,0.7550540613581646,1.29168145232415
2021-11-18,2897.155131024462,19912,121940.6232129088,1558.757794816692,12814,180360.2380823422,96.47036943153928,45.914726580413344,2.5875588962831486e-05,2897.080167368859,0.06539909949373723,2719.2440548762534,-0.025391712293298174,2790.089197040136,-0.007335592612148445,2728.2960016955994,0.011414631681788023,2781.147943654447,0.03436674092578573,2785.5374181199577,0.0030022575007215835,2822.8551903598245,2747.7556152408847,0.02635262011737221,0.02635262011737221,0.7302182537970829,0.6965818252926108
2021-11-19,2876.6098845135,11190,124393.69871264372,1539.9137108039658,12383,184050.4178313427,96.6752449966256,45.20034637837677,-0.007091524472041977,2897.155131024462,2.5875588962831486e-05,2897.080167368859,0.06539909949373723,2719.2440548762534,-0.025391712293298174,2810.7074014894124,0.030206179880260642,2751.7585157636886,-0.010567373072624231,2718.870217301704,-0.023933335228090158,2836.035686964642,2755.642598601474,0.025732278299569197,0.025732278299569197,0.7177932330138899,0.21363749004591256
2021-11-22,2855.141086933828,12747,126598.92231508032,1551.9457857076754,18589,181260.34628196424,96.8537618368328,45.510482228758434,-0.007463228745493655,2876.6098845135,-0.007091524472041977,2897.155131024462,2.5875588962831486e-05,2897.080167368859,0.06539909949373723,2790.089197040136,-0.007335592612148445,2670.176430648037,-0.02964725452771444,2803.8237998575382,0.03124591310582847,2849.0460649433803,2758.208462955289,0.024950432703727855,0.024950432703727855,0.6956499686697362,-0.018015116906427542
2021-11-23,2819.630590100636,15811,130729.79424937164,1570.759882063951,7193,176996.95523981834,96.96736670518834,45.155747057096505,-0.01243738776892711,2855.141086933828,-0.007463228745493655,2876.6098845135,-0.007091524472041977,2897.155131024462,2.5875588962831486e-05,2719.2440548762534,-0.025391712293298174,2657.000581439234,-0.004934448921641188,2713.823311118494,-0.03209919565688013,2869.123371988257,2763.498826904396,0.023936127699814555,0.023936127699814555,0.6752643905670029,-0.5366029817374205
2021-11-24,2835.252895475319,5037,129404.74693959967,1560.386212023852,18195,182242.10233378867,96.87528166540744,45.25534570513359,0.005540550393207777,2819.630590100636,-0.01243738776892711,2855.141086933828,-0.007463228745493655,2876.6098845135,-0.007091524472041977,2897.080167368859,0.06539909949373723,2697.504975935505,0.015244405582452325,2674.9991381608565,-0.014306079838939945,2856.7579176095487,2771.511514770119,0.02362599762511627,0.02362599762511627,0.6452398357944295,-0.1495467525590794
2021-11-25,2769.050802997608,15733,133275.60082191683,1571.1723939783706,12150,180061.04523163135,96.96078359783716,45.329350650016806,-0.023349625207458646,2835.252895475319,0.005540550393207777,2819.630590100636,-0.01243738776892711,2855.141086933828,-0.007463228745493655,2897.155131024462,2.5875588962831486e-05,2728.2960016955994,0.011414631681788023,2770.512066988664,0.035705779289886275,2831.1370520041783,2771.4384515705665,0.023029017515062738,0.023029017515062738,0.5877384547495236,-0.9579981380961484
2021-11-26,2650.7557155227314,19552,140589.35689228933,1573.5306731519572,10504,181054.33893235767,97.02474623878696,45.65472656745597,-0.04272044678516462,2769.050802997608,-0.023349625207458646,2835.252895475319,0.005540550393207777,2819.630590100636,-0.01243738776892711,2876.6098845135,-0.007091524472041977,2810.7074014894124,0.030206179880260642,2742.8390478119745,-0.009988413155250453,2785.9662182060247,2766.834284956104,0.024881359782610416,0.024881359782610416,0.5113190512217328,-1.5660307452421456
2021-11-29,2679.680137944764,19151,138956.41911720746,1582.5807757902123,12916,178297.66119500398,97.06900080120737,45.82000388172403,0.010911764615898711,2650.7557155227314,-0.04272044678516462,2769.050802997608,-0.023349625207458646,2835.252895475319,0.005540550393207777,2855.141086933828,-0.007463228745493655,2790.089197040136,-0.007335592612148445,2756.2968186490225,0.004906511320007523,2750.8740284082114,2763.0034509208913,0.024997629445685725,0.024997629445685725,0.448319843307578,-0.8160364788856722
2021-11-30,2820.3882190719414,13252,128824.09976049096,1583.8825097608149,12208,176647.9775152334,97.19396732791174,45.10681673420503,0.052509282408271574,2679.680137944764,0.010911764615898711,2650.7557155227314,-0.04272044678516462,2769.050802997608,-0.023349625207458646,2819.630590100636,-0.01243738776892711,2719.2440548762534,-0.025391712293298174,2685.0429479137792,-0.02585130536491631,2751.0255542024724,2769.770714478799,0.026978962475043257,0.026978962475043257,0.3698276052260742,0.5857165583141226
2021-12-01,2776.0097801687857,10898,131648.92325743387,1581.1333737895409,7899,179300.8684838522,97.25750444219788,44.87138296005824,-0.015734868910266098,2820.3882190719414,0.052509282408271574,2679.680137944764,0.010911764615898711,2650.7557155227314,-0.04272044678516462,2835.252895475319,0.005540550393207777,2897.080167368859,0.06539909949373723,2688.744556080028,0.001378602963920894,2739.176931141166,2774.133975683237,0.02729603936870972,0.02729603936870972,0.312669413790697,-0.43072015975575983
2021-12-02,2694.4090272563967,5975,138136.2664763992,1555.9835505141414,17272,183227.5501209822,97.33150586582828,44.91284449886422,-0.029394980340244903,2776.0097801687857,-0.015734868910266098,2820.3882190719414,0.052509282408271574,2679.680137944764,0.010911764615898711,2769.050802997608,-0.023349625207458646,2897.155131024462,2.5875588962831486e-05,2781.147943654447,0.03436674092578573,2724.248575992924,2769.7970298633345,0.027032569171122397,0.027032569171122397,0.29801937948344037,-1.2265596174216347
2021-12-03,2765.21954996557,17188,137711.2624965168,1548.3668270032172,8711,184239.05902640824,97.39519649416552,44.85435053302828,0.026280539440322714,2694.4090272563967,-0.029394980340244903,2776.0097801687857,-0.015734868910266098,2820.3882190719414,0.052509282408271574,2650.7557155227314,-0.04272044678516462,2876.6098845135,-0.007091524472041977,2751.7585157636886,-0.010567373072624231,2747.1413428814917,2770.470081573429,0.02761291579965751,0.02761291579965751,0.3054463929930975,-0.7439116243506128
2021-12-06,2832.711791018077,10173,134511.09609270238,1567.65880294705,8715,182540.7068593788,97.42927563496572,44.99763375195531,0.024407552396100707,2765.21954996557,0.026280539440322714,2694.4090272563967,-0.029394980340244903,2776.0097801687857,-0.015734868910266098,2679.680137944764,0.010911764615898711,2855.141086933828,-0.007463228745493655,2670.176430648037,-0.02964725452771444,2777.747673496154,2778.5968495919305,0.027137687263335836,0.027137687263335836,0.31626043505378715,-0.43596128814387514
2021-12-07,2751.9107480985704,18994,136681.50187284022,1573.3765581556588,6459,182916.14474412784,97.2509145219943,45.23444371865622,-0.028524272457123745,2832.711791018077,0.024407552396100707,2765.21954996557,0.026280539440322714,2694.4090272563967,-0.029394980340244903,2820.3882190719414,0.052509282408271574,2819.630590100636,-0.01243738776892711,2657.000581439234,-0.004934448921641188,2764.05217930148,2783.3423579248974,0.028013140278060265,0.028013140278060265,0.3505719841892459,-0.9420302470736508
2021-12-08,2774.558008612753,19382,137755.73460700273,1561.5174177799145,15135,185977.8976065383,97.25927662973535,45.41697923958513,0.008229649355390833,2751.9107480985704,-0.028524272457123745,2832.711791018077,0.024407552396100707,2765.21954996557,0.026280539440322714,2776.0097801687857,-0.015734868910266098,2835.252895475319,0.005540550393207777,2697.504975935505,0.015244405582452325,2763.7618249902735,2787.19500955876,0.027883846956685318,0.027883846956685318,0.3874323199010316,-0.9395946447239398
2021-12-09,2798.4814111030128,6738,136423.26243924192,1557.7811115038169,7378,187263.7534247925,97.20365743385044,45.35269675681879,0.00862241928840457,2774.558008612753,0.008229649355390833,2751.9107480985704,-0.028524272457123745,2832.711791018077,0.024407552396100707,2694.4090272563967,-0.029394980340244903,2769.050802997608,-0.023349625207458646,2728.2960016955994,0.011414631681788023,2784.5763017595964,2790.7042800291306,0.027839993157161198,0.027839993157161198,0.432278114913193,-0.6132113389430766
2021-12-10,2679.865966741427,9968,142985.3544824118,1559.046375691143,10948,188288.23055856125,97.07567333808645,44.79879565348264,-0.042385646690729195,2798.4814111030128,0.00862241928840457,2774.558008612753,0.008229649355390833,2751.9107480985704,-0.028524272457123745,2765.21954996557,0.026280539440322714,2650.7557155227314,-0.04272044678516462,2810.7074014894124,0.030206179880260642,2767.5055851147677,2784.162208291732,0.028639490259903422,0.028639490259903422,0.4889240936518829,-1.5122931374339408
2021-12-13,2596.385059165461,16468,151957.05807172504,1556.2231819863505,5041,189093.6440225361,97.24385500001654,44.6621512788262,-0.031151150323191157,2679.865966741427,-0.042385646690729195,2798.4814111030128,0.00862241928840457,2774.558008612753,0.008229649355390833,2832.711791018077,0.024407552396100707,2679.680137944764,0.010911764615898711,2790.089197040136,-0.007335592612148445,2720.2402387442444,2774.4770013979974,0.029359282309211494,0.029359282309211494,0.5165878083574772,-1.7485603759725732
2021-12-14,2589.6242410642003,13333,152282.89164469767,1557.621450932686,7661,189008.75228992428,97.41675453410512,44.78706172326788,-0.0026039350663317196,2596.385059165461,-0.031151150323191157,2679.865966741427,-0.042385646690729195,2798.4814111030128,0.00862241928840457,2751.9107480985704,-0.028524272457123745,2820.3882190719414,0.052509282408271574,2719.2440548762534,-0.025391712293298174,2687.7829373373706,2767.9960107073953,0.028890590704218226,0.028890590704218226,0.5330001420789974,-1.114979023304372
2021-12-15,2521.335956574976,10686,159552.25021696038,1560.0790201720686,9885,190692.7301178529,97.55267659413468,44.45992754750274,-0.026369958778715064,2589.6242410642003,-0.0026039350663317196,2596.385059165461,-0.031151150323191157,2679.865966741427,-0.042385646690729195,2774.558008612753,0.008229649355390833,2776.0097801687857,-0.015734868910266098,2897.080167368859,0.06539909949373723,2637.1385269298153,2749.208800167701,0.024581014371906133,0.024581014371906133,0.5365045328583938,-2.0108138057107094
2021-12-16,2604.8588052576456,9904,151587.77738573638,1551.9854639405585,11458,187265.36447465065,97.57819793582026,44.649309966539214,0.033126425879448584,2521.335956574976,-0.026369958778715064,2589.6242410642003,-0.0026039350663317196,2596.385059165461,-0.031151150323191157,2798.4814111030128,0.00862241928840457,2694.4090272563967,-0.029394980340244903,2897.155131024462,2.5875588962831486e-05,2598.4140057607424,2734.59398387936,0.02611927950369039,0.02611927950369039,0.5249854259205303,-0.2539791675604426
2021-12-17,2628.5265351594157,11318,151852.5933240099,1558.3429242436664,12331,187889.1788499349,97.71326044791552,44.92182795571941,0.009085993395879788,2604.8588052576456,0.033126425879448584,2521.335956574976,-0.026369958778715064,2589.6242410642003,-0.0026039350663317196,2679.865966741427,-0.042385646690729195,2765.21954996557,0.026280539440322714,2876.6098845135,-0.007091524472041977,2588.1461194443395,2722.189816411656,0.026300314817721365,0.026300314817721365,0.4949598719268281,-0.691518199457152
2021-12-20,2520.7959474025874,14188,159450.7790076888,1560.984232129824,8088,187421.34921563725,97.7144657659757,44.95988804860816,-0.0409851627198029,2628.5265351594157,0.009085993395879788,2604.8588052576456,0.033126425879448584,2521.335956574976,-0.026369958778715064,2596.385059165461,-0.031151150323191157,2832.711791018077,0.024407552396100707,2855.141086933828,-0.007463228745493655,2573.0282970917647,2705.472559435094,0.02755919752529008,0.02755919752529008,0.5058960045853638,-1.217046556159329
2021-12-21,2425.063053449925,16557,168850.12840595245,1571.0972362472348,9673,186305.99367841956,97.73474549366549,44.04075408871444,-0.037977248436671385,2520.7959474025874,-0.0409851627198029,2628.5265351594157,0.009085993395879788,2604.8588052576456,0.033126425879448584,2589.6242410642003,-0.0026039350663317196,2751.9107480985704,-0.028524272457123745,2819.630590100636,-0.01243738776892711,2540.11605956891,2685.7441826025583,0.028457701857747736,0.028457701857747736,0.5173194068301451,-1.274427070364305
2021-12-22,2498.4274823467904,12296,164233.40470950666,1578.0506736288312,10142,184751.11165863893,97.62539835661929,43.657327579900894,0.030252586130697257,2425.063053449925,-0.037977248436671385,2520.7959474025874,-0.0409851627198029,2628.5265351594157,0.009085993395879788,2521.335956574976,-0.026369958778715064,2774.558008612753,0.008229649355390833,2835.252895475319,0.005540550393207777,2535.534364723273,2668.902911946132,0.029551976450624958,0.029551976450624958,0.5278642379462046,-0.08762959575418011
2021-12-23,2524.896063001236,12646,159651.93558178245,1560.4947094690392,5673,185440.8405105676,97.66509748706916,44.22318432746772,0.010594096022984667,2498.4274823467904,0.030252586130697257,2425.063053449925,-0.037977248436671385,2520.7959474025874,-0.0409851627198029,2604.8588052576456,0.033126425879448584,2798.4814111030128,0.00862241928840457,2769.050802997608,-0.023349625207458646,2519.541816271991,2656.6951749463133,0.02947099097656031,0.02947099097656031,0.5354288590634515,0.1646352610487084
2021-12-24,2530.783152047692,9935,159808.58546764098,1548.4732919825108,10310,187988.9981718548,97.6711360799116,44.0592229895592,0.002331616391154867,2524.896063001236,0.010594096022984667,2498.4274823467904,0.030252586130697257,2425.063053449925,-0.037977248436671385,2628.5265351594157,0.009085993395879788,2679.865966741427,-0.042385646690729195,2650.7557155227314,-0.04272044678516462,2499.993139649646,2650.6965467725613,0.02805898099424829,0.02805898099424829,0.5444074480161183,-0.1994411837579439
2021-12-27,2544.4627441964494,18949,159554.0614015321,1549.9559239557334,18278,185262.27668858148,97.54087086822815,43.4639800226205,0.005405280234179299,2530.783152047692,0.002331616391154867,2524.896063001236,0.010594096022984667,2498.4274823467904,0.030252586130697257,2520.7959474025874,-0.0409851627198029,2596.385059165461,-0.031151150323191157,2679.680137944764,0.010911764615898711,2504.7264990084186,2643.9356770851455,0.02795306658220852,0.02795306658220852,0.5513156557120191,-0.15069848853665574
2021-12-28,2419.487875468132,6427,169146.10435950555,1544.7823628873011,18094,183807.36122815323,97.5357511570465,43.83455423911359,-0.04911640738830492,2544.4627441964494,0.005405280234179299,2530.783152047692,0.002331616391154867,2524.896063001236,0.010594096022984667,2425.063053449925,-0.037977248436671385,2589.6242410642003,-0.0026039350663317196,2820.3882190719414,0.052509282408271574,2503.61146341206,2623.890659904955,0.026690127997526555,0.026690127997526555,0.5927401758599494,-1.1903325676625245
2021-12-29,2367.129290627637,10662,169703.09534306056,1521.9863833405543,13738,184627.80763724304,97.52777820066082,43.83856091657669,-0.021640358429307893,2419.487875468132,-0.04911640738830492,2544.4627441964494,0.005405280234179299,2530.783152047692,0.002331616391154867,2498.4274823467904,0.030252586130697257,2521.335956574976,-0.026369958778715064,2776.0097801687857,-0.015734868910266098,2477.351825068229,2603.446635427898,0.026820755401623025,0.026820755401623025,0.6296333962150935,-0.6135150901862869
2021-12-30,2410.627311079681,9244,166375.85455987894,1508.11495396824,19113,189440.62142836515,97.70753431732528,44.170043063264,0.018375853243111306,2367.129290627637,-0.021640358429307893,2419.487875468132,-0.04911640738830492,2544.4627441964494,0.005405280234179299,2524.896063001236,0.010594096022984667,2604.8588052576456,0.033126425879448584,2694.4090272563967,-0.029394980340244903,2454.4980746839183,2589.257549619062,0.026903759419275093,0.026903759419275093,0.6565727269503405,-0.22182097880817397
2021-12-31,2434.333640086977,15168,163588.41350608363,1508.5773384095717,14986,189101.49374979205,97.79695565017664,44.253130665829815,0.009834091275054302,2410.627311079681,0.018375853243111306,2367.129290627637,-0.021640358429307893,2419.487875468132,-0.04911640738830492,2530.783152047692,0.002331616391154867,2628.5265351594157,0.009085993395879788,2765.21954996557,0.026280539440322714,2435.2081722917756,2572.713254125132,0.026131085656968856,0.026131085656968856,0.6635280929935287,-0.06580529861073316
2022-01-03,2369.678183731034,14310,171138.54100120015,1492.6380927257808,11119,190891.26471326943,97.79810019408578,44.39069840669347,-0.026559817147181586,2434.333640086977,0.009834091275054302,2410.627311079681,0.018375853243111306,2367.129290627637,-0.021640358429307893,2544.4627441964494,0.005405280234179299,2520.7959474025874,-0.0409851627198029,2832.711791018077,0.024407552396100707,2400.2512601986923,2549.5615737607804,0.025484311136887688,0.025484311136887688,0.6706388441148001,-0.8640097106243175
2022-01-04,2440.061760790208,11846,162840.49349233828,1475.174956061726,6335,190173.3708845868,97.82297892506588,44.49960118100782,0.02970174496367939,2369.678183731034,-0.026559817147181586,2434.333640086977,0.009834091275054302,2410.627311079681,0.018375853243111306,2419.487875468132,-0.04911640738830492,2425.063053449925,-0.037977248436671385,2751.9107480985704,-0.028524272457123745,2404.3660372631075,2533.969124395362,0.02639469438204923,0.02639469438204923,0.6721296833257342,0.6110625033893975
2022-01-05,2487.501499578536,12716,160771.36250371323,1476.8070919962502,9664,189789.56828990552,97.8274001628763,44.70884767458412,0.019442023784252305,2440.061760790208,0.02970174496367939,2369.678183731034,-0.026559817147181586,2434.333640086977,0.009834091275054302,2367.129290627637,-0.021640358429307893,2498.4274823467904,0.030252586130697257,2774.558008612753,0.008229649355390833,2428.440479053287,2519.6162989436516,0.02682090197081973,0.02682090197081973,0.6639931317888517,0.4068885079533686
2022-01-06,2445.598721917992,7497,164288.4369140923,1478.2002192247442,9832,190933.52438198865,97.80710876439674,45.39207680915095,-0.01684532759785018,2487.501499578536,0.019442023784252305,2440.061760790208,0.02970174496367939,2369.678183731034,-0.026559817147181586,2410.627311079681,0.018375853243111306,2524.896063001236,0.010594096022984667,2798.4814111030128,0.00862241928840457,2435.4347612209494,2501.9721644844003,0.02673951125767803,0.02673951125767803,0.6780886711591424,-0.07513644809100822
2022-01-07,2459.890332023236,11656,168044.85189065826,1470.6983992205562,7114,189486.35932804973,97.69886604465792,45.68337870993871,0.005843808298213293,2445.598721917992,-0.01684532759785018,2487.501499578536,0.019442023784252305,2440.061760790208,0.02970174496367939,2434.333640086977,0.009834091275054302,2530.783152047692,0.002331616391154867,2679.865966741427,-0.042385646690729195,2440.546099608201,2490.9733827484906,0.02546533813180334,0.02546533813180334,0.6815264337386157,-0.4173956902921885
2022-01-10,2412.608436887152,18163,169675.0622587791,1458.6112538366906,11456,190928.20553620963,97.68376085689722,45.20927691458505,-0.019221139463235892,2459.890332023236,0.005843808298213293,2445.598721917992,-0.01684532759785018,2487.501499578536,0.019442023784252305,2369.678183731034,-0.026559817147181586,2544.4627441964494,0.005405280234179299,2596.385059165461,-0.031151150323191157,2449.132150239425,2481.7845516345756,0.024929035666209437,0.024929035666209437,0.6845613113846871,-0.5796277059878105
2022-01-11,2409.066849848522,13578,171665.70535566696,1471.2976155780948,12418,189232.12557669028,97.60915103123196,45.34327536916872,-0.001467949371510735,2412.608436887152,-0.019221139463235892,2459.890332023236,0.005843808298213293,2445.598721917992,-0.01684532759785018,2440.061760790208,0.02970174496367939,2419.487875468132,-0.04911640738830492,2589.6242410642003,-0.0026039350663317196,2442.9331680510877,2472.756682073791,0.02493215801101696,0.02493215801101696,0.682061359035404,-0.7091244909521945
2022-01-12,2425.8750890496585,19738,168965.85702441027,1477.5582834421232,15328,189232.3368286687,97.48411947733966,45.68571959959968,0.006977074630450053,2409.066849848522,-0.001467949371510735,2412.608436887152,-0.019221139463235892,2459.890332023236,0.005843808298213293,2487.501499578536,0.019442023784252305,2367.129290627637,-0.021640358429307893,2521.335956574976,-0.026369958778715064,2430.607885945312,2467.9836386975253,0.02441857003029495,0.02441857003029495,0.6822215966322699,-0.3327697679386703
2022-01-13,2418.6663657643776,10625,167454.36389243678,1483.802464820344,17500,189941.84374773983,97.5352416587944,46.04652984156053,-0.0029715970611269293,2425.8750890496585,0.006977074630450053,2409.066849848522,-0.001467949371510735,2412.608436887152,-0.019221139463235892,2445.598721917992,-0.01684532759785018,2410.627311079681,0.018375853243111306,2604.8588052576456,0.033126425879448584,2425.221414714589,2458.6740167228622,0.023006664417831883,0.023006664417831883,0.6797668591248676,-0.4657924212299662
2022-01-14,2393.535990269687,14487,171491.451339075,1486.4709403107468,6931,193067.66180505225,97.57436812478774,45.9185483466428,-0.01039017859197322,2418.6663657643776,-0.0029715970611269293,2425.8750890496585,0.006977074630450053,2409.066849848522,-0.001467949371510735,2459.890332023236,0.005843808298213293,2434.333640086977,0.009834091275054302,2628.5265351594157,0.009085993395879788,2411.9505463638793,2446.924489478376,0.022859973813431952,0.022859973813431952,0.6617863666667708,-1.151715658503198
2022-01-17,2402.723569214064,12788,171697.01349384763,1484.4846923154112,6181,192930.0575677712,97.39569737365092,46.26803168019924,0.003838496258977031,2393.535990269687,-0.01039017859197322,2418.6663657643776,-0.0029715970611269293,2425.8750890496585,0.006977074630450053,2412.608436887152,-0.019221139463235892,2369.678183731034,-0.026559817147181586,2520.7959474025874,-0.0409851627198029,2409.9735728292617,2441.0208705689492,0.02122535663125866,0.02122535663125866,0.6594147160698216,-1.01675253165982
2022-01-18,2363.426009127141,13112,176830.1881920785,1479.5896643016692,14955,193241.56386813853,97.3834289099014,46.5463544000646,-0.01635542290026204,2402.723569214064,0.003838496258977031,2393.535990269687,-0.01039017859197322,2418.6663657643776,-0.0029715970611269293,2409.066849848522,-0.001467949371510735,2440.061760790208,0.02970174496367939,2425.063053449925,-0.037977248436671385,2400.8454046849856,2437.9390183528103,0.019809500108609268,0.019809500108609268,0.6305789387472561,-1.8497401571257432
2022-01-19,2352.706222898518,13591,174231.9231515465,1476.1599431211844,6698,192052.24081798948,97.4829990484914,47.31810963115552,-0.004535697833240815,2363.426009127141,-0.01635542290026204,2402.723569214064,0.003838496258977031,2393.535990269687,-0.01039017859197322,2425.8750890496585,0.006977074630450053,2487.501499578536,0.019442023784252305,2498.4274823467904,0.030252586130697257,2386.2116314547575,2430.6529553803966,0.018388092224717417,0.018388092224717417,0.5891955346871964,-0.9053912795917896
2022-01-20,2400.26722321174,18224,167531.53140948946,1471.509971665672,14528,194154.628817385,97.58892142238103,47.09310911028096,0.02021544375167572,2352.706222898518,-0.004535697833240815,2363.426009127141,-0.01635542290026204,2402.723569214064,0.003838496258977031,2418.6663657643776,-0.0029715970611269293,2445.598721917992,-0.01684532759785018,2524.896063001236,0.010594096022984667,2382.53180294423,2424.4215133909215,0.01887734390342482,0.01887734390342482,0.5690952319345473,0.17387270454109527
2022-01-21,2418.8713752598296,15724,166966.67691769582,1489.3516761952544,11531,191235.63305440216,97.69150510666957,46.94088893736084,0.007750867015213325,2400.26722321174,0.02021544375167572,2352.706222898518,-0.004535697833240815,2363.426009127141,-0.01635542290026204,2393.535990269687,-0.01039017859197322,2459.890332023236,0.005843808298213293,2530.783152047692,0.002331616391154867,2387.5988799422585,2418.8259245515287,0.018986760968215097,0.018986760968215097,0.542840892117081,-0.0958652225988594
2022-01-24,2444.212284382791,10935,162991.17116534486,1472.0917985839862,19448,194066.9233659485,97.69539642735973,46.849053222822846,0.010476335940037051,2418.8713752598296,0.007750867015213325,2400.26722321174,0.02021544375167572,2352.706222898518,-0.004535697833240815,2402.723569214064,0.003838496258977031,2412.608436887152,-0.019221139463235892,2544.4627441964494,0.005405280234179299,2395.8966229760035,2413.8134015608457,0.019125419258164855,0.019125419258164855,0.5302440833630071,0.7012744538108754
2022-01-25,2419.2406610622365,19456,167530.77009784448,1480.7684372987476,9630,193818.14881749515,97.6108918945628,46.70198657781121,-0.01021663440614784,2444.212284382791,0.010476335940037051,2418.8713752598296,0.007750867015213325,2400.26722321174,0.02021544375167572,2363.426009127141,-0.01635542290026204,2409.066849848522,-0.001467949371510735,2419.487875468132,-0.04911640738830492,2407.059553363023,2413.8010408405507,0.015742518019763632,0.015742518019763632,0.5072076318170158,-0.596783425092857
2022-01-26,2383.6878415165133,18708,173618.27933951275,1476.7466872376085,14592,193646.3532346096,97.50252201182698,46.434980352882135,-0.014695858960188213,2419.2406610622365,-0.01021663440614784,2444.212284382791,0.010476335940037051,2418.8713752598296,0.007750867015213325,2352.706222898518,-0.004535697833240815,2425.8750890496585,0.006977074630450053,2367.129290627637,-0.021640358429307893,2413.255877086622,2414.6289683849946,0.015308062577356889,0.015308062577356889,0.4722462925537355,-1.260100081006913
2022-01-27,2398.99100290987,8375,171832.64646486045,1480.2640152828285,9179,192392.11565053905,97.53698250230202,45.606177701180016,0.006419951944555358,2383.6878415165133,-0.014695858960188213,2419.2406610622365,-0.01021663440614784,2444.212284382791,0.010476335940037051,2400.26722321174,0.02021544375167572,2418.6663657643776,-0.0029715970611269293,2410.627311079681,0.018375853243111306,2413.000633026248,2414.047152976504,0.014796497139979683,0.014796497139979683,0.4731910452053503,-0.45748563072659465
2022-01-28,2398.4762902952134,12500,171716.2205197455,1484.7935048773509,8258,191677.0289466316,97.57491050573854,45.47576785906307,-0.00021455379116985807,2398.99100290987,0.006419951944555358,2383.6878415165133,-0.014695858960188213,2419.2406610622365,-0.01021663440614784,2418.8713752598296,0.007750867015213325,2393.535990269687,-0.01039017859197322,2434.333640086977,0.009834091275054302,2408.921616033325,2412.254285486916,0.014609486703274012,0.014609486703274012,0.46894996711881515,-0.5081849360438606
2022-01-31,2422.927717789838,19639,169511.0879546718,1482.4889319044528,17557,191857.604819218,97.70364361689904,45.58657527697304,0.010194567106442065,2398.4762902952134,-0.00021455379116985807,2398.99100290987,0.006419951944555358,2383.6878415165133,-0.014695858960188213,2444.212284382791,0.010476335940037051,2402.723569214064,0.003838496258977031,2369.678183731034,-0.026559817147181586,2404.6647027147346,2414.916762189856,0.013442553415408698,0.013442553415408698,0.4530660999965619,-0.19334924512350088
2022-02-01,2438.943734067915,6525,167408.006712921,1482.944077363061,9972,191498.0410285551,97.81364158193324,45.43860872332127,0.0066101915300580405,2422.927717789838,0.010194567106442065,2398.4762902952134,-0.00021455379116985807,2398.99100290987,0.006419951944555358,2419.2406610622365,-0.01021663440614784,2363.426009127141,-0.01635542290026204,2440.061760790208,0.02970174496367939,2408.60531731587,2414.8608608537415,0.011750649516988503,0.011750649516988503,0.4462222716071633,0.05247890562206853
2022-02-02,2432.2444890475936,19777,167707.5824424439,1469.3184650710527,11731,192635.5148987634,97.80041871628012,46.01922307838,-0.002746781291730671,2438.943734067915,0.0066101915300580405,2422.927717789838,0.010194567106442065,2398.4762902952134,-0.00021455379116985807,2383.6878415165133,-0.014695858960188213,2352.706222898518,-0.004535697833240815,2487.501499578536,0.019442023784252305,2418.316646822086,2412.0980103271945,0.01083442052609018,0.01083442052609018,0.4565028107936285,-0.07448887716593644
2022-02-03,2420.941235081013,18815,167993.8499433058,1449.4371233222143,8805,194835.7793116798,97.67599812839404,46.02323582219476,-0.004647252370178712,2432.2444890475936,-0.002746781291730671,2438.943734067915,0.0066101915300580405,2422.927717789838,0.010194567106442065,2398.99100290987,0.006419951944555358,2400.26722321174,0.02021544375167572,2445.598721917992,-0.01684532759785018,2422.706693256315,2410.8651359853457,0.010225676667347063,0.010225676667347063,0.47045772738656255,-0.07558292892912072
2022-02-04,2451.654468029408,17104,166132.62758936422,1442.0764990909431,8025,197771.4020068476,97.64408746869296,46.41054453875,0.012686484291043465,2420.941235081013,-0.004647252370178712,2432.2444890475936,-0.002746781291730671,2438.943734067915,0.0066101915300580405,2398.4762902952134,-0.00021455379116985807,2418.8713752598296,0.007750867015213325,2459.890332023236,0.005843808298213293,2433.3423288031536,2410.453342785654,0.010556694495110123,0.010556694495110123,0.5002431621821891,0.369331131814187
2022-02-07,2425.186105922559,10464,167463.5072630747,1432.0801572168884,15364,197514.90169984687,97.665810588174,46.48897066256899,-0.010796122558055066,2451.654468029408,0.012686484291043465,2420.941235081013,-0.004647252370178712,2432.2444890475936,-0.002746781291730671,2422.927717789838,0.010194567106442065,2444.212284382791,0.010476335940037051,2412.608436887152,-0.019221139463235892,2433.7940064296977,2411.0822262374245,0.009901939193760211,0.009901939193760211,0.5309726053869323,-0.12516627393812485
2022-02-08,2438.0749411136007,15725,165183.45624614027,1429.016856918073,11740,197654.05034372592,97.64560226363508,46.736892855536965,0.005314575718360803,2425.186105922559,-0.010796122558055066,2451.654468029408,0.012686484291043465,2420.941235081013,-0.004647252370178712,2438.943734067915,0.0066101915300580405,2419.2406610622365,-0.01021663440614784,2409.066849848522,-0.001467949371510735,2433.620247838835,2412.5326308006784,0.009953974849953615,0.009953974849953615,0.5823582950348082,0.4922530716859608
2022-02-09,2461.213483054554,14642,162533.43634024588,1461.830502012313,7009,192620.8309037794,97.58781285282733,46.82066532171703,0.009490496600725873,2438.0749411136007,0.005314575718360803,2425.186105922559,-0.010796122558055066,2451.654468029408,0.012686484291043465,2432.2444890475936,-0.002746781291730671,2383.6878415165133,-0.014695858960188213,2425.8750890496585,0.006977074630450053,2439.414046640227,2414.299550500923,0.010053485849243426,0.010053485849243426,0.6084531459037891,0.8110535463170009
2022-02-10,2448.891310568689,6025,162184.87995981428,1443.7857594340612,10588,196755.2134379744,97.6131013343243,47.2313007112881,-0.005006543548824016,2461.213483054554,0.009490496600725873,2438.0749411136007,0.005314575718360803,2425.186105922559,-0.010796122558055066,2420.941235081013,-0.004647252370178712,2398.99100290987,0.006419951944555358,2418.6663657643776,-0.0029715970611269293,2445.004061737762,2415.8107977411387,0.01010353348992814,0.01010353348992814,0.6310807084839126,0.5712483185840435
2022-02-11,2471.247746626583,12136,160075.9531493249,1461.9226783239585,9367,192789.2454263856,97.56270556018325,47.24808251632783,0.009129207148316665,2448.891310568689,-0.005006543548824016,2461.213483054554,0.009490496600725873,2438.0749411136007,0.005314575718360803,2451.654468029408,0.012686484291043465,2398.4762902952134,-0.00021455379116985807,2393.535990269687,-0.01039017859197322,2448.922717457197,2419.6963855589834,0.009920053082295191,0.009920053082295191,0.6585590473427997,0.7961395463985218
2022-02-14,2469.679856658106,16701,161180.5110383664,1415.1315159080848,8048,198327.48470031648,97.49989895181068,47.39691872875446,-0.0006344527660642196,2471.247746626583,0.009129207148316665,2448.891310568689,-0.005006543548824016,2461.213483054554,0.009490496600725873,2425.186105922559,-0.010796122558055066,2422.927717789838,0.010194567106442065,2402.723569214064,0.003838496258977031,2457.8214676043062,2423.0441999311856,0.009918433081197484,0.009918433081197484,0.6883630788541028,0.3020106547660736
2022-02-15,2477.6385148526715,9413,164536.5256212649,1351.696491301836,9002,205851.96387756665,97.53104423524104,47.50681860884947,0.0032225465066288983,2469.679856658106,-0.0006344527660642196,2471.247746626583,0.009129207148316665,2448.891310568689,-0.005006543548824016,2438.0749411136007,0.005314575718360803,2438.943734067915,0.0066101915300580405,2363.426009127141,-0.01635542290026204,2465.734182352121,2428.754825217462,0.008994658319837916,0.008994658319837916,0.7162169334507582,-0.3721799160118738
2022-02-16,2493.697646093994,14168,159837.33979302406,1362.715325173795,19731,205248.0896388608,97.49084497722812,47.42033297141128,0.006481628028081277,2477.6385148526715,0.0032225465066288983,2469.679856658106,-0.0006344527660642196,2471.247746626583,0.009129207148316665,2461.213483054554,0.009490496600725873,2432.2444890475936,-0.002746781291730671,2352.706222898518,-0.004535697833240815,2472.2310149600085,2435.804396377236,0.008884172564335997,0.008884172564335997,0.7428321574685887,1.0012350228865823
2022-02-17,2476.6454088400483,15159,158350.56098361692,1353.2687640705972,15825,207350.09426642372,97.51525541612595,47.54182766708868,-0.0068381334363673,2493.697646093994,0.006481628028081277,2477.6385148526715,0.0032225465066288983,2469.679856658106,-0.0006344527660642196,2448.891310568689,-0.005006543548824016,2420.941235081013,-0.004647252370178712,2400.26722321174,0.02021544375167572,2477.7818346142803,2439.6233056586516,0.008146201467953869,0.008146201467953869,0.7514659726910908,0.6906051330221713
2022-02-18,2459.718505736145,8745,159497.20317196738,1402.0630202348475,9199,200438.24617810943,97.54257581841117,48.21214354094799,-0.006834609041522555,2476.6454088400483,-0.0068381334363673,2493.697646093994,0.006481628028081277,2477.6385148526715,0.0032225465066288983,2471.247746626583,0.009129207148316665,2451.654468029408,0.012686484291043465,2418.8713752598296,0.007750867015213325,2475.475986436193,2441.665662182467,0.008219026749354208,0.008219026749354208,0.8073344951643879,0.2322355100317836
2022-02-21,2445.7967430483327,17420,160597.3551108215,1393.4326582216163,5327,201477.25779975223,97.428632918302,48.13102445831936,-0.0056599007794372325,2459.718505736145,-0.006834609041522555,2476.6454088400483,-0.0068381334363673,2493.697646093994,0.006481628028081277,2469.679856658106,-0.0006344527660642196,2425.186105922559,-0.010796122558055066,2444.212284382791,0.010476335940037051,2470.699363714238,2441.744885115744,0.008015861320044454,0.008015861320044454,0.8353845745588827,0.08760442433029925
2022-02-22,2428.3621984553643,8632,161827.2551819684,1438.9854717498906,6116,198814.6504285088,97.38050880591548,48.25686392617533,-0.0071283701896007745,2445.7967430483327,-0.0056599007794372325,2459.718505736145,-0.006834609041522555,2476.6454088400483,-0.0068381334363673,2477.6385148526715,0.0032225465066288983,2438.0749411136007,0.005314575718360803,2419.2406610622365,-0.01021663440614784,2460.8441004347765,2442.2009619854007,0.007835126852128066,0.007835126852128066,0.8156761327840939,-0.17115094277524373
2022-02-23,2415.1543101521684,5304,166541.24558622387,1466.474019716595,10784,195139.78895881624,97.52428649990712,48.63419761143616,-0.005439010832732127,2428.3621984553643,-0.0071283701896007745,2445.7967430483327,-0.0056599007794372325,2459.718505736145,-0.006834609041522555,2493.697646093994,0.006481628028081277,2461.213483054554,0.009490496600725873,2383.6878415165133,-0.014695858960188213,2445.1354332464116,2443.7742854171834,0.007151375033694345,0.007151375033694345,0.7877973280012351,-1.2719202098263522
2022-02-24,2422.647432464637,10004,162103.8180464484,1420.5123141381678,9788,197271.66013365815,97.40807854863368,48.97627359571945,0.0031025439165401902,2415.1543101521684,-0.005439010832732127,2428.3621984553643,-0.0071283701896007745,2445.7967430483327,-0.0056599007794372325,2476.6454088400483,-0.0068381334363673,2448.891310568689,-0.005006543548824016,2398.99100290987,0.006419951944555358,2434.3358379713295,2444.9571068949217,0.00704897843785101,0.00704897843785101,0.8002140167140932,0.4758206810235503
2022-02-25,2432.182386385337,11016,160885.4729380918,1412.7988820739513,11204,195098.0490225786,97.19641310373665,48.97978852103526,0.003935757961693875,2422.647432464637,0.0031025439165401902,2415.1543101521684,-0.005439010832732127,2428.3621984553643,-0.0071283701896007745,2459.718505736145,-0.006834609041522555,2471.247746626583,0.009129207148316665,2398.4762902952134,-0.00021455379116985807,2428.8286141011677,2446.6424116994276,0.007087377675228421,0.007087377675228421,0.7556008828465821,0.2026064379506191
2022-02-28,2440.396632962148,9817,157556.0217448221,1410.0660144295198,9462,192370.1030501898,97.0102285884124,48.26477191014805,0.0033773152140201823,2432.182386385337,0.003935757961693875,2422.647432464637,0.0031025439165401902,2415.1543101521684,-0.005439010832732127,2445.7967430483327,-0.0056599007794372325,2469.679856658106,-0.0006344527660642196,2422.927717789838,0.010194567106442065,2427.748592083931,2447.5158574580432,0.006764391218259096,0.006764391218259096,0.6827614057517749,0.8987179116100439
2022-03-01,2438.8089052563632,15925,157005.57045271448,1393.5820637759066,8603,193474.09708158183,97.01313958307004,48.41978275574259,-0.000650602317811555,2440.396632962148,0.0033773152140201823,2432.182386385337,0.003935757961693875,2422.647432464637,0.0031025439165401902,2428.3621984553643,-0.0071283701896007745,2477.6385148526715,0.0032225465066288983,2438.943734067915,0.0066101915300580405,2429.8379334441306,2447.509116017466,0.0066054518560831966,0.0066054518560831966,0.6224472361034047,0.5638038911267611
2022-03-02,2452.3943822377587,10990,156850.8713194199,1417.7451391401023,14852,186656.58748455497,97.01623131087332,47.75394047815567,0.005570537712944468,2438.8089052563632,-0.000650602317811555,2440.396632962148,0.0033773152140201823,2432.182386385337,0.003935757961693875,2415.1543101521684,-0.005439010832732127,2493.697646093994,0.006481628028081277,2432.2444890475936,-0.002746781291730671,2437.285947861249,2448.516610676974,0.006683588217489252,0.006683588217489252,0.5535983665082165,0.4764787966825397
2022-03-03,2495.317532606977,12679,150394.7007127131,1412.2707915515948,10720,187092.56629441585,97.0044702253308,48.19492164743804,0.017502547991506745,2452.3943822377587,0.005570537712944468,2438.8089052563632,-0.000650602317811555,2440.396632962148,0.0033773152140201823,2422.647432464637,0.0031025439165401902,2476.6454088400483,-0.0068381334363673,2420.941235081013,-0.004647252370178712,2451.8199678897167,2452.2354255532723,0.007573259219017237,0.007573259219017237,0.48333471719678905,1.9123505235540932
2022-03-04,2413.4590421316366,12961,158999.28882105713,1435.4898503708575,11226,180668.97279465984,97.12588920822364,48.24576380879602,-0.03280483922613997,2495.317532606977,0.017502547991506745,2452.3943822377587,0.005570537712944468,2438.8089052563632,-0.000650602317811555,2432.182386385337,0.003935757961693875,2459.718505736145,-0.006834609041522555,2451.654468029408,0.012686484291043465,2448.0752990389765,2450.3256542583836,0.010366188699761074,0.010366188699761074,0.4144811146053856,-0.20935265552754412
2022-03-07,2458.379018042212,19415,153494.6772663264,1443.2243147351614,17325,179183.63333260984,96.85860576491336,48.545666014757614,0.018612280186408592,2413.4590421316366,-0.03280483922613997,2495.317532606977,0.017502547991506745,2452.3943822377587,0.005570537712944468,2440.396632962148,0.0033773152140201823,2445.7967430483327,-0.0056599007794372325,2425.186105922559,-0.010796122558055066,2451.6717760549896,2451.9852998643664,0.010933883067822473,0.010933883067822473,0.3745460583997764,1.6415607233935963
2022-03-08,2585.2212182475023,16855,141044.2930849514,1436.285147212521,5006,178629.24437111188,96.89819915235644,48.2750326733033,0.05159586836463648,2458.379018042212,0.018612280186408592,2413.4590421316366,-0.03280483922613997,2495.317532606977,0.017502547991506745,2438.8089052563632,-0.000650602317811555,2428.3621984553643,-0.0071283701896007745,2438.0749411136007,0.005314575718360803,2480.9542386532175,2459.3426137210613,0.01577807406251818,0.01577807406251818,0.3010491191209121,2.946697964161697
2022-03-09,2668.862636402379,7688,131371.46331109654,1417.6223143894367,14454,181919.951722906,97.0543429725368,47.80928043131328,0.03235367927684596,2585.2212182475023,0.05159586836463648,2458.379018042212,0.018612280186408592,2413.4590421316366,-0.03280483922613997,2452.3943822377587,0.005570537712944468,2415.1543101521684,-0.005439010832732127,2461.213483054554,0.009490496600725873,2524.247889486141,2469.7250713884523,0.017046436091026424,0.017046436091026424,0.2575202850534536,2.626749925232226
2022-03-10,2644.439098486553,10968,131988.5223460598,1475.0568384077774,8581,173741.53479758944,96.94156489604764,47.88750674655564,-0.00915129073437393,2668.862636402379,0.03235367927684596,2585.2212182475023,0.05159586836463648,2458.379018042212,0.018612280186408592,2495.317532606977,0.017502547991506745,2422.647432464637,0.0031025439165401902,2448.891310568689,-0.005006543548824016,2554.0722026620565,2479.5024607843457,0.017188780933075323,0.017188780933075323,0.22832697588734308,1.5227914406329508
2022-03-11,2584.8943151468006,13765,135187.9541295548,1472.6233653603654,11308,171960.1079902051,96.90358424486864,47.8774257145688,-0.02251698039627037,2644.439098486553,-0.00915129073437393,2668.862636402379,0.03235367927684596,2585.2212182475023,0.05159586836463648,2413.4590421316366,-0.03280483922613997,2432.182386385337,0.003935757961693875,2471.247746626583,0.009129207148316665,2588.3592572650896,2485.184789210357,0.018121785067232804,0.018121785067232804,0.20174329882624914,1.0244810084463092
2022-03-14,2755.8105325567067,5422,123768.79173158642,1456.7033911878057,10237,177386.93291576204,96.82829505314578,47.72996346672164,0.06612116263646906,2584.8943151468006,-0.02251698039627037,2644.439098486553,-0.00915129073437393,2668.862636402379,0.03235367927684596,2458.379018042212,0.018612280186408592,2440.396632962148,0.0033773152140201823,2469.679856658106,-0.0006344527660642196,2647.8455601679884,2499.4913230052866,0.023018644098402444,0.023018644098402444,0.2825680930806962,2.081173617116231
2022-03-15,2743.4193802332907,9042,121806.41383074169,1495.9080299885957,15601,169538.72402793364,96.73886044853802,47.75536185094148,-0.004496373091338768,2755.8105325567067,0.06612116263646906,2584.8943151468006,-0.02251698039627037,2644.439098486553,-0.00915129073437393,2585.2212182475023,0.05159586836463648,2438.8089052563632,-0.000650602317811555,2477.6385148526715,0.0032225465066288983,2679.485192565146,2512.780366274318,0.023127573497556484,0.023127573497556484,0.3769598772174074,1.3452537850826702
2022-03-16,2733.0307942890117,15360,123271.83723445715,1439.0919402449151,5225,175901.2686345071,96.70623424803571,48.58559261855115,-0.0037867290794583175,2743.4193802332907,-0.004496373091338768,2755.8105325567067,0.06612116263646906,2584.8943151468006,-0.02251698039627037,2668.862636402379,0.03235367927684596,2452.3943822377587,0.005570537712944468,2493.697646093994,0.006481628028081277,2692.3188241424727,2524.747023684068,0.023215095504374894,0.023215095504374894,0.44283681142722736,0.953013435519888
2022-03-17,2720.263743944445,18486,126155.9936766344,1453.6679616520212,5129,170896.8162542191,96.84898277640416,48.83595028276187,-0.0046713891300620425,2733.0307942890117,-0.0037867290794583175,2743.4193802332907,-0.004496373091338768,2755.8105325567067,0.06612116263646906,2644.439098486553,-0.00915129073437393,2495.317532606977,0.017502547991506745,2476.6454088400483,-0.0068381334363673,2707.4837532340507,2536.9279404392882,0.023162709887839483,0.023162709887839483,0.4996674792067826,0.6958033969945753
2022-03-18,2683.491525255768,5024,128594.09132013602,1414.1043636975935,19555,178015.54865836733,97.03272144395292,49.15079986452086,-0.013517887289618669,2720.263743944445,-0.0046713891300620425,2733.0307942890117,-0.0037867290794583175,2743.4193802332907,-0.004496373091338768,2584.8943151468006,-0.02251698039627037,2413.4590421316366,-0.03280483922613997,2459.718505736145,-0.006834609041522555,2727.203195255844,2548.1165914152693,0.02338880199448557,0.02338880199448557,0.5433054301586406,0.5676787774800087
2022-03-21,2680.2303721083445,11721,130588.07095732835,1375.056300445994,7990,185077.84509904575,96.99912752144893,49.40398093198687,-0.0012152649325444242,2683.491525255768,-0.013517887289618669,2720.263743944445,-0.0046713891300620425,2733.0307942890117,-0.0037867290794583175,2755.8105325567067,0.06612116263646906,2458.379018042212,0.018612280186408592,2445.7967430483327,-0.0056599007794372325,2712.087163166172,2559.83827286827,0.02330698370966235,0.02330698370966235,0.5928005046848057,0.4660034236808346
2022-03-22,2710.6150618889155,12070,127128.77053276426,1385.3590331381388,18352,183034.11121712587,97.18963354285536,49.84781957514253,0.011336596322751857,2680.2303721083445,-0.0012152649325444242,2683.491525255768,-0.013517887289618669,2720.263743944445,-0.0046713891300620425,2743.4193802332907,-0.004496373091338768,2585.2212182475023,0.05159586836463648,2428.3621984553643,-0.0071283701896007745,2705.5262994972973,2573.9509160399475,0.023173287070317686,0.023173287070317686,0.6397942109142877,0.7859791486600395
2022-03-23,2678.2947212723093,17864,130570.57238476202,1425.5269079195716,15339,172125.67568853206,97.19319119055382,49.79079807327231,-0.01192361876499115,2710.6150618889155,0.011336596322751857,2680.2303721083445,-0.0012152649325444242,2683.491525255768,-0.013517887289618669,2733.0307942890117,-0.0037867290794583175,2668.862636402379,0.03235367927684596,2415.1543101521684,-0.005439010832732127,2694.5790848939564,2587.107936595955,0.023382687052064387,0.023382687052064387,0.6723490268326883,0.22265207600397371
2022-03-24,2684.826973909552,14823,129609.43432817396,1426.968136191939,13903,173196.47303765954,97.36856029322392,49.17436968096972,0.0024389596056626495,2678.2947212723093,-0.01192361876499115,2710.6150618889155,0.011336596322751857,2680.2303721083445,-0.0012152649325444242,2720.263743944445,-0.0046713891300620425,2644.439098486553,-0.00915129073437393,2422.647432464637,0.0031025439165401902,2687.491730886978,2600.2169136682005,0.023386646860548886,0.023386646860548886,0.6912050091370106,0.44940078051583854
2022-03-25,2660.7531013772423,8233,135924.4528256462,1413.9942191924622,5242,178237.30974524785,97.35923042825858,49.11779384106792,-0.00896663835928857,2684.826973909552,0.0024389596056626495,2678.2947212723093,-0.01192361876499115,2710.6150618889155,0.011336596322751857,2683.491525255768,-0.013517887289618669,2584.8943151468006,-0.02251698039627037,2432.182386385337,0.003935757961693875,2682.9440461112727,2611.645449417796,0.02360624812035363,0.02360624812035363,0.6850691267698382,-0.1512253063447506
2022-03-28,2653.068660209686,14225,136075.022819251,1389.6257130228946,17417,179679.20846999148,97.3723362108632,49.36131455406687,-0.002888069984238073,2660.7531013772423,-0.00896663835928857,2684.826973909552,0.0024389596056626495,2678.2947212723093,-0.01192361876499115,2680.2303721083445,-0.0012152649325444242,2755.8105325567067,0.06612116263646906,2440.396632962148,0.0033773152140201823,2677.511703731541,2622.279050780173,0.023667062450613348,0.023667062450613348,0.7062865019209726,0.12266304166818204
2022-03-29,2729.0205343622,8573,129890.1336098358,1379.0433309307646,7502,181805.7122064948,97.40888365812748,49.07037443553234,0.028627933868289324,2653.068660209686,-0.002888069984238073,2660.7531013772423,-0.00896663835928857,2684.826973909552,0.0024389596056626495,2710.6150618889155,0.011336596322751857,2743.4193802332907,-0.004496373091338768,2438.8089052563632,-0.000650602317811555,2681.1927982261977,2636.7896322354645,0.024233873345620948,0.024233873345620948,0.7074132771895985,0.665117021812165
2022-03-30,2800.4683435198026,17196,125662.75762400606,1393.942250236155,11717,181058.15578413056,97.72676902606425,49.01746465038555,0.02618075175982537,2729.0205343622,0.028627933868289324,2653.068660209686,-0.002888069984238073,2660.7531013772423,-0.00896663835928857,2678.2947212723093,-0.01192361876499115,2733.0307942890117,-0.0037867290794583175,2452.3943822377587,0.005570537712944468,2705.6275226756966,2654.1933302995667,0.024653214379334525,0.024653214379334525,0.6825662824487662,0.7077807122618607
2022-03-31,2779.986654704219,10856,126311.09504922116,1421.8673689117727,7859,176805.87922195497,97.81189758354871,48.80993372748485,-0.007313665538472458,2800.4683435198026,0.02618075175982537,2729.0205343622,0.028627933868289324,2653.068660209686,-0.002888069984238073,2684.826973909552,0.0024389596056626495,2720.263743944445,-0.0046713891300620425,2495.317532606977,0.017502547991506745,2724.6594588346297,2668.426786404429,0.024718118357210467,0.024718118357210467,0.675403390847487,0.3770933687414155
2022-04-01,2656.420092578925,19168,135045.65251743744,1477.1722951142451,13563,166458.31974674325,97.74117113055355,49.26054250303779,-0.04444861701627156,2779.986654704219,-0.007313665538472458,2800.4683435198026,0.02618075175982537,2729.0205343622,0.028627933868289324,2660.7531013772423,-0.00896663835928857,2683.491525255768,-0.013517887289618669,2413.4590421316366,-0.03280483922613997,2723.792857074967,2680.5748389267933,0.025786799214286053,0.025786799214286053,0.6450337453037133,-0.6358608254076149
2022-04-04,2694.647660954427,6149,132993.90475433916,1498.7957193461568,5809,162959.4556399484,97.83807091758116,49.48537960765976,0.014390633651016227,2656.420092578925,-0.04444861701627156,2779.986654704219,-0.007313665538472458,2800.4683435198026,0.02618075175982537,2653.068660209686,-0.002888069984238073,2680.2303721083445,-0.0012152649325444242,2458.379018042212,0.018612280186408592,2732.1086572239146,2692.3882710724038,0.025687618155095116,0.025687618155095116,0.6277562054388323,-0.10136192768394703
2022-04-05,2747.8817074452118,9994,130963.33171348883,1502.2847975624506,7841,161089.66465868027,97.80188766387272,49.68084179385295,0.01975547573886871,2694.647660954427,0.014390633651016227,2656.420092578925,-0.04444861701627156,2779.986654704219,-0.007313665538472458,2729.0205343622,0.028627933868289324,2710.6150618889155,0.011336596322751857,2585.2212182475023,0.05159586836463648,2735.880891840517,2700.5212955322895,0.02353853048083104,0.02353853048083104,0.6158155913272715,-0.3904868952747429
2022-04-06,2830.416444071298,13777,123954.83484280355,1544.3603993865402,11733,156429.23704265806,97.7529126455826,49.86732218778924,0.030035767697882854,2747.8817074452118,0.01975547573886871,2694.647660954427,0.014390633651016227,2656.420092578925,-0.04444861701627156,2800.4683435198026,0.02618075175982537,2678.2947212723093,-0.01192361876499115,2668.862636402379,0.03235367927684596,2741.8705119508163,2708.5989859157353,0.023393289447764722,0.023393289447764722,0.5843857192790582,0.5688565812955375
2022-04-07,2804.996807443636,15879,126132.89389002696,1568.585444804792,15588,149791.76815551493,97.8437727815718,49.8561474120236,-0.008980882188169503,2830.416444071298,0.030035767697882854,2747.8817074452118,0.01975547573886871,2694.647660954427,0.014390633651016227,2779.986654704219,-0.007313665538472458,2684.826973909552,0.0024389596056626495,2644.439098486553,-0.00915129073437393,2746.8725424986997,2716.62687136359,0.023388584761963805,0.023388584761963805,0.5721207753674206,-0.24810803056600392
2022-04-08,2875.060508568241,13269,121033.91496741744,1511.329067115145,18286,158088.01380619462,97.84688134034892,49.91541429678185,0.024978174997802638,2804.996807443636,-0.008980882188169503,2830.416444071298,0.030035767697882854,2747.8817074452118,0.01975547573886871,2656.420092578925,-0.04444861701627156,2660.7531013772423,-0.00896663835928857,2584.8943151468006,-0.02251698039627037,2790.6006256965625,2731.1351810346614,0.023047848311863583,0.023047848311863583,0.5493046786421806,0.7167351558636208
2022-04-11,2974.6023580866813,17973,115794.4430061326,1519.0210638838048,16535,157106.37837620443,97.8747389318001,49.55985892262216,0.03462252332491311,2875.060508568241,0.024978174997802638,2804.996807443636,-0.008980882188169503,2830.416444071298,0.030035767697882854,2694.647660954427,0.014390633651016227,2653.068660209686,-0.002888069984238073,2755.8105325567067,0.06612116263646906,2846.591565123014,2742.074772311161,0.019495840178828404,0.019495840178828404,0.509885138642534,0.9793748442772727
2022-04-12,2950.143598448384,13718,119423.97624931308,1541.1943623917682,11307,151044.79764066447,97.87613745398664,48.90392632899699,-0.008222530844098963,2974.6023580866813,0.03462252332491311,2875.060508568241,0.024978174997802638,2804.996807443636,-0.008980882188169503,2747.8817074452118,0.01975547573886871,2729.0205343622,0.028627933868289324,2743.4193802332907,-0.004496373091338768,2887.043943323648,2752.410983221915,0.019598918267526695,0.019598918267526695,0.5044289960307645,0.10192617755019778
2022-04-13,2951.068216315482,17651,120474.98408474676,1440.522378959167,10990,162108.4971583105,97.90979576664718,48.948950668100494,0.0003134145292398305,2950.143598448384,-0.008222530844098963,2974.6023580866813,0.03462252332491311,2875.060508568241,0.024978174997802638,2830.416444071298,0.030035767697882854,2800.4683435198026,0.02618075175982537,2733.0307942890117,-0.0037867290794583175,2911.174297772485,2763.3128543232388,0.019536490389652203,0.019536490389652203,0.5144166942604904,0.2060588349038937
2022-04-14,2945.474541885789,6788,121681.93466598484,1441.6064605863637,15898,162871.14062361108,97.9522923563908,49.046147744982136,-0.0018954744586272554,2951.068216315482,0.0003134145292398305,2950.143598448384,-0.008222530844098963,2974.6023580866813,0.03462252332491311,2804.996807443636,-0.008980882188169503,2779.986654704219,-0.007313665538472458,2720.263743944445,-0.0046713891300620425,2939.269844660915,2774.5733942203055,0.019481226369509858,0.019481226369509858,0.5235455501262511,0.07565364582343304
2022-04-15,2948.9805939802127,16957,125311.3179707001,1446.9522864029727,17079,164476.6360859314,97.75859566312025,49.40892711550974,0.0011903182473880225,2945.474541885789,-0.0018954744586272554,2951.068216315482,0.0003134145292398305,2950.143598448384,-0.008222530844098963,2875.060508568241,0.024978174997802638,2656.420092578925,-0.04444861701627156,2683.491525255768,-0.013517887289618669,2954.05386174331,2787.847847656528,0.019051428938713047,0.019051428938713047,0.5336230594534151,-0.3716394295753077
2022-04-18,2950.4929929309365,17490,123712.0339048588,1460.9531840864572,15804,164051.22663325837,97.8252529299812,49.88032786033445,0.0005128548332298255,2948.9805939802127,0.0011903182473880225,2945.474541885789,-0.0018954744586272554,2951.068216315482,0.0003134145292398305,2974.6023580866813,0.03462252332491311,2694.647660954427,0.014390633651016227,2680.2303721083445,-0.0012152649325444242,2949.2319887121607,2801.3609786976576,0.019026132274012925,0.019026132274012925,0.5433788003221061,0.11621968464803123
2022-04-19,2971.2232277947096,12825,125844.97914946926,1453.9532123617223,14231,170529.92827274365,97.72705098799815,50.35132740583414,0.007026024096122407,2950.4929929309365,0.0005128548332298255,2948.9805939802127,0.0011903182473880225,2945.474541885789,-0.0018954744586272554,2950.143598448384,-0.008222530844098963,2747.8817074452118,0.01975547573886871,2710.6150618889155,0.011336596322751857,2953.447914581426,2814.3913869929474,0.0189747662843049,0.0189747662843049,0.5538745218089584,-0.3053339168183431
2022-04-20,2870.801279654032,14291,133923.5238755224,1470.540740911987,13729,168382.4163836684,97.58282107444222,50.05192032784598,-0.03379818359026909,2971.2232277947096,0.007026024096122407,2950.4929929309365,0.0005128548332298255,2948.9805939802127,0.0011903182473880225,2951.068216315482,0.0003134145292398305,2830.416444071298,0.030035767697882854,2678.2947212723093,-0.01192361876499115,2937.3945272491355,2824.0167149120334,0.020552588930650595,0.020552588930650595,0.5232987731448558,-1.234228261427639
2022-04-21,2889.276093953229,16762,129732.15415100408,1442.878601291623,13835,169592.28745730716,97.57697995005636,49.94624081736104,0.006435420810953385,2870.801279654032,-0.03379818359026909,2971.2232277947096,0.007026024096122407,2950.4929929309365,0.0005128548332298255,2945.474541885789,-0.0018954744586272554,2804.996807443636,-0.008980882188169503,2684.826973909552,0.0024389596056626495,2926.154837662624,2834.239170914217,0.02055933566665784,0.02055933566665784,0.492832750005962,-0.040038068407680594
2022-04-22,2835.87855469156,17723,133891.309275838,1446.177549101597,15789,168966.07563380583,97.5853780503878,50.09034110612546,-0.018481286497133653,2889.276093953229,0.006435420810953385,2870.801279654032,-0.03379818359026909,2971.2232277947096,0.007026024096122407,2948.9805939802127,0.0011903182473880225,2875.060508568241,0.024978174997802638,2660.7531013772423,-0.00896663835928857,2903.5344298048935,2842.9954435799327,0.020978010257190437,0.020978010257190437,0.4521714923243346,-1.000190395783089
2022-04-25,2872.1711879466698,8543,128665.27581809148,1474.9608356340011,19397,163343.83057358157,97.51602743393056,50.84991250944811,0.012797668361033576,2835.87855469156,-0.018481286497133653,2889.276093953229,0.006435420810953385,2870.801279654032,-0.03379818359026909,2950.4929929309365,0.0005128548332298255,2974.6023580866813,0.03462252332491311,2653.068660209686,-0.002888069984238073,2887.87006880804,2853.9505699667825,0.021023635748555758,0.021023635748555758,0.4210169295994745,0.06735806639477407
2022-04-26,2878.5819215900246,12937,128187.13220685133,1430.4380705416495,6245,164513.32263915922,97.59913061969738,51.29394227056228,0.0022320165560667515,2872.1711879466698,0.012797668361033576,2835.87855469156,-0.018481286497133653,2889.276093953229,0.006435420810953385,2971.2232277947096,0.007026024096122407,2950.143598448384,-0.008222530844098963,2729.0205343622,0.028627933868289324,2869.341807567103,2861.4286393281736,0.020221746145305326,0.020221746145305326,0.390952583514554,-0.24006336722819832
2022-04-27,2905.93998669979,12697,122447.91878628785,1424.3415568784208,6942,167249.12762206994,97.46491310306028,51.6297614191618,0.00950400782571914,2878.5819215900246,0.0022320165560667515,2872.1711879466698,0.012797668361033576,2835.87855469156,-0.018481286497133653,2870.801279654032,-0.03379818359026909,2951.068216315482,0.0003134145292398305,2800.4683435198026,0.02618075175982537,2876.369548976255,2866.702221487173,0.019542205992844324,0.019542205992844324,0.3602163281342983,0.6740654394698775
2022-04-28,2965.336138956764,14564,120095.99634797804,1371.0276311647135,17815,172600.50627030974,97.42421872818304,51.51342503249701,0.020439566036746903,2905.93998669979,0.00950400782571914,2878.5819215900246,0.0022320165560667515,2872.1711879466698,0.012797668361033576,2889.276093953229,0.006435420810953385,2945.474541885789,-0.0018954744586272554,2779.986654704219,-0.007313665538472458,2891.5815579769614,2875.9696956998005,0.019826889640825573,0.019826889640825573,0.3274710902334307,0.6407748620181307
2022-04-29,3021.9290420294456,13186,115001.4121172487,1370.636219757182,8987,170576.96345660745,97.36573131468973,51.24846514315047,0.019084818860566566,2965.336138956764,0.020439566036746903,2905.93998669979,0.00950400782571914,2878.5819215900246,0.0022320165560667515,2835.87855469156,-0.018481286497133653,2948.9805939802127,0.0011903182473880225,2656.420092578925,-0.04444861701627156,2928.7916554445387,2894.245143172326,0.016576963878209693,0.016576963878209693,0.2725964720989472,0.954489451705703
2022-05-02,2951.970221402302,5816,123287.10137674706,1363.1185020772582,11094,174974.79460313468,97.3610725876558,51.48513750816544,-0.023150384954161995,3021.9290420294456,0.019084818860566566,2965.336138956764,0.020439566036746903,2905.93998669979,0.00950400782571914,2872.1711879466698,0.012797668361033576,2950.4929929309365,0.0005128548332298255,2694.647660954427,0.014390633651016227,2944.7514621356654,2907.11127119472,0.01773313863409423,0.01773313863409423,0.24022431306028036,-0.3318410209609799
2022-05-03,2880.3102592144774,7248,126963.8347726885,1368.7835182705796,11033,172591.34566095253,97.38895901612052,51.15493912889514,-0.024275299821210017,2951.970221402302,-0.023150384954161995,3021.9290420294456,0.019084818860566566,2965.336138956764,0.020439566036746903,2878.5819215900246,0.0022320165560667515,2971.2232277947096,0.007026024096122407,2747.8817074452118,0.01975547573886871,2945.0971296605558,2913.7326987831834,0.018485475508704358,0.018485475508704358,0.22223143888906102,-0.28742167129429663
2022-05-04,2829.698483559535,17089,130820.91983460115,1331.4432609367575,5008,176117.03334635322,97.28816972115816,51.08340822360105,-0.01757164024015434,2880.3102592144774,-0.024275299821210017,2951.970221402302,-0.023150384954161995,3021.9290420294456,0.019084818860566566,2905.93998669979,0.00950400782571914,2870.801279654032,-0.03379818359026909,2830.416444071298,0.030035767697882854,2929.848829032505,2913.696800757595,0.017808375852500495,0.017808375852500495,0.23776939660503313,-0.7808328390585707
2022-05-05,2733.39367798886,17960,135107.77554239606,1272.6304478358695,14394,186309.50254389667,97.3605979889038,51.04897483890047,-0.0340335926708103,2829.698483559535,-0.01757164024015434,2880.3102592144774,-0.024275299821210017,2951.970221402302,-0.023150384954161995,2965.336138956764,0.020439566036746903,2889.276093953229,0.006435420810953385,2804.996807443636,-0.008980882188169503,2883.460336838924,2910.116644284856,0.01930201979940487,0.01930201979940487,0.32233550081222245,-0.9960898681391886
2022-05-06,2867.2806036187744,19793,125207.09140255024,1276.1015060827876,14806,188985.0819624252,97.36689822573726,51.52684846563732,0.04898194018229529,2733.39367798886,-0.0340335926708103,2829.698483559535,-0.01757164024015434,2880.3102592144774,-0.024275299821210017,3021.9290420294456,0.019084818860566566,2835.87855469156,-0.018481286497133653,2875.060508568241,0.024978174997802638,2852.5306491567894,2909.727649037383,0.021617258937284015,0.021617258937284015,0.36824960795653866,1.1034244265440596
2022-05-09,2937.229707189287,11651,120667.7427993046,1298.2649680010018,19928,181400.64083328692,97.17770360040606,51.42043927474941,0.0243956254167208,2867.2806036187744,0.04898194018229529,2733.39367798886,-0.0340335926708103,2829.698483559535,-0.01757164024015434,2951.970221402302,-0.023150384954161995,2872.1711879466698,0.012797668361033576,2974.6023580866813,0.03462252332491311,2849.582546314187,2907.859016492513,0.020865182243361268,0.020865182243361268,0.36484392731081416,1.125658541190427
2022-05-10,2986.541775329399,7232,118621.0585234526,1305.3343046237171,16454,177810.31310029063,96.98184445636636,50.68866438317762,0.016788631825224165,2937.229707189287,0.0243956254167208,2867.2806036187744,0.04898194018229529,2733.39367798886,-0.0340335926708103,2880.3102592144774,-0.024275299821210017,2878.5819215900246,0.0022320165560667515,2950.143598448384,-0.008222530844098963,2870.828849537171,2909.6789253365637,0.02112123812795826,0.02112123812795826,0.34846764398861985,1.0593868022765445
2022-05-11,2921.8154645895247,10973,128216.925347818,1323.6126496084369,13963,173461.6964199454,96.98061252707345,50.83999777747636,-0.021672662098535467,2986.541775329399,0.016788631825224165,2937.229707189287,0.0243956254167208,2867.2806036187744,0.04898194018229529,2829.698483559535,-0.01757164024015434,2905.93998669979,0.00950400782571914,2951.068216315482,0.0003134145292398305,2889.252245743169,2908.216287750266,0.021713121412189597,0.021713121412189597,0.3690238389732354,-0.2165044047375656
2022-05-12,2899.1749013397744,17071,133286.7044732214,1309.8844224299285,9878,176804.1139532171,96.9585157952948,50.63029122154519,-0.0077487998554799375,2921.8154645895247,-0.021672662098535467,2986.541775329399,0.016788631825224165,2937.229707189287,0.0243956254167208,2733.39367798886,-0.0340335926708103,2965.336138956764,0.020439566036746903,2945.474541885789,-0.0018954744586272554,2922.4084904133515,2905.9013057229654,0.02177547864335595,0.02177547864335595,0.3886397757721817,-0.39556161705526904
2022-05-13,2891.9218174094767,13792,135530.2704046645,1239.9754738385825,8123,187663.6849141319,96.94817378393734,50.64308052887651,-0.0025017752212692645,2899.1749013397744,-0.0077487998554799375,2921.8154645895247,-0.021672662098535467,2986.541775329399,0.016788631825224165,2867.2806036187744,0.04898194018229529,3021.9290420294456,0.019084818860566566,2948.9805939802127,0.0011903182473880225,2927.336733171492,2903.0483668944285,0.021775445431652503,0.021775445431652503,0.4033925461195674,-0.44053621849436014
2022-05-16,2845.855873230836,13603,138220.5208617221,1231.8555140575893,9715,190792.3780531329,96.94537553828432,50.617069118623874,-0.01592918034689661,2891.9218174094767,-0.0025017752212692645,2899.1749013397744,-0.0077487998554799375,2921.8154645895247,-0.021672662098535467,2937.229707189287,0.0243956254167208,2951.970221402302,-0.023150384954161995,2950.4929929309365,0.0005128548332298255,2909.0619663798025,2897.8165109094234,0.022034026926373115,0.022034026926373115,0.41554222761751114,-0.6047760833872784
2022-05-17,2769.567933432038,13868,143145.7406787465,1206.3873997146754,14981,191604.5114571197,96.96793152223532,50.53495791987854,-0.02680667721664698,2845.855873230836,-0.01592918034689661,2891.9218174094767,-0.0025017752212692645,2899.1749013397744,-0.0077487998554799375,2986.541775329399,0.016788631825224165,2880.3102592144774,-0.024275299821210017,2971.2232277947096,0.007026024096122407,2865.66719800033,2887.73374619129,0.02262971192172488,0.02262971192172488,0.4172285320572007,-0.9057443403249297
2022-05-18,2694.3239102542825,16959,148050.1315981682,1245.7275806949324,9558,184394.09839175892,97.06269648322017,50.77206009441396,-0.027168144990945664,2769.567933432038,-0.02680667721664698,2845.855873230836,-0.01592918034689661,2891.9218174094767,-0.0025017752212692645,2921.8154645895247,-0.021672662098535467,2829.698483559535,-0.01757164024015434,2870.801279654032,-0.03379818359026909,2820.1688871332817,2878.9098777213026,0.022203445713900996,0.022203445713900996,0.4208074014025779,-1.143322115450794
2022-05-19,2742.991970332921,10082,142770.65107422884,1247.4036915461013,11431,186620.20801147647,96.9515859931284,50.312200630908144,0.01806318085713965,2694.3239102542825,-0.027168144990945664,2769.567933432038,-0.02680667721664698,2845.855873230836,-0.01592918034689661,2899.1749013397744,-0.0077487998554799375,2733.39367798886,-0.0340335926708103,2889.276093953229,0.006435420810953385,2788.932300931911,2871.595671540287,0.022610200369567107,0.022610200369567107,0.4318571391703089,-0.16755679063972012
2022-05-20,2848.262736851183,19514,136534.64977281922,1271.6082366235332,8419,178718.93310485827,96.83438883383832,50.15709636342184,0.038378080452596164,2742.991970332921,0.01806318085713965,2694.3239102542825,-0.027168144990945664,2769.567933432038,-0.02680667721664698,2891.9218174094767,-0.0025017752212692645,2867.2806036187744,0.04898194018229529,2835.87855469156,-0.018481286497133653,2780.2004848202523,2872.2148806482683,0.02400702354193971,0.02400702354193971,0.4222689768270482,0.246901603767264
2022-05-23,2965.2077637561856,15404,128374.30073546586,1213.905638695076,5475,189592.5875353523,96.7250564480496,50.36230773735705,0.041058370561097846,2848.262736851183,0.038378080452596164,2742.991970332921,0.01806318085713965,2694.3239102542825,-0.027168144990945664,2845.855873230836,-0.01592918034689661,2937.229707189287,0.0243956254167208,2872.1711879466698,0.012797668361033576,2804.0708629253218,2876.866709438744,0.025551564149386006,0.025551564149386006,0.37484975944603494,0.8277279177306933
2022-05-24,2988.3518201289357,14241,128117.66974943342,1226.6716494280845,5080,185407.21953760955,96.75394811476646,50.178082304753744,0.007805205643813817,2965.2077637561856,0.041058370561097846,2848.262736851183,0.038378080452596164,2742.991970332921,0.01806318085713965,2769.567933432038,-0.02680667721664698,2986.541775329399,0.016788631825224165,2878.5819215900246,0.0022320165560667515,2847.8276402647016,2882.35520436569,0.025585703690145623,0.025585703690145623,0.33757728362170786,0.39404855705655323
2022-05-25,2999.0696527288937,9541,127160.82182540036,1187.7258709538942,10090,191912.9954143244,96.8784428526311,49.69544029197274,0.0035865364070470918,2988.3518201289357,0.007805205643813817,2965.2077637561856,0.041058370561097846,2848.262736851183,0.038378080452596164,2694.3239102542825,-0.027168144990945664,2921.8154645895247,-0.021672662098535467,2905.93998669979,0.00950400782571914,2908.7767887596237,2887.0116876671445,0.025530732033604137,0.025530732033604137,0.31609927157372925,0.4290139108025981
2022-05-26,2954.721263453586,6230,131133.46246380467,1148.8812948932436,14319,195910.99797923223,96.83530890880716,49.89600689494976,-0.014787382225336043,2999.0696527288937,0.0035865364070470918,2988.3518201289357,0.007805205643813817,2965.2077637561856,0.041058370561097846,2742.991970332921,0.01806318085713965,2899.1749013397744,-0.0077487998554799375,2965.336138956764,0.020439566036746903,2951.122647383757,2886.480943891986,0.025398177136548353,0.025398177136548353,0.3100081833934119,-0.023234035911673
2022-05-27,2751.9300673966427,13119,148612.11201080878,1152.8046328805897,9937,195970.64295924272,96.5851389243912,50.23293528408223,-0.06863293623166111,2954.721263453586,-0.014787382225336043,2999.0696527288937,0.0035865364070470918,2988.3518201289357,0.007805205643813817,2848.262736851183,0.038378080452596164,2891.9218174094767,-0.0025017752212692645,3021.9290420294456,0.019084818860566566,2931.8561134928486,2872.980995160346,0.02923562340786594,0.02923562340786594,0.2955654878526554,-1.148307926320233
2022-05-30,2654.333352468718,10155,156473.31899558194,1191.644449063316,7020,190271.92327476927,96.41473963813014,50.21943672178933,-0.03546482379192584,2751.9300673966427,-0.06863293623166111,2954.721263453586,-0.014787382225336043,2999.0696527288937,0.0035865364070470918,2965.2077637561856,0.041058370561097846,2845.855873230836,-0.01592918034689661,2951.970221402302,-0.023150384954161995,2869.6812312353554,2858.0991517136667,0.02977900904655983,0.02977900904655983,0.27769926347486273,-0.9974592214887201
2022-05-31,2568.384596144648,5200,164794.5807310178,1218.032850186078,15152,185098.83098191657,96.33143596585056,49.63118304224847,-0.032380543402407036,2654.333352468718,-0.03546482379192584,2751.9300673966427,-0.06863293623166111,2954.721263453586,-0.014787382225336043,2988.3518201289357,0.007805205643813817,2769.567933432038,-0.02680667721664698,2880.3102592144774,-0.024275299821210017,2785.687786438498,2842.5028685601746,0.030110208188098373,0.030110208188098373,0.2774594445844682,-1.0983302827778514
2022-06-01,2613.192834494197,8268,159524.18467093806,1267.5747298372646,11156,179828.31231253978,96.27566307710104,49.842973966258114,0.017446078136743814,2568.384596144648,-0.032380543402407036,2654.333352468718,-0.03546482379192584,2751.9300673966427,-0.06863293623166111,2999.0696527288937,0.0035865364070470918,2694.3239102542825,-0.027168144990945664,2829.698483559535,-0.01757164024015434,2708.5124227915585,2831.677586106908,0.030374927688347684,0.030374927688347684,0.29870895317442847,-0.1592457850420077
2022-06-02,2704.6419532403597,6050,152202.16571285186,1267.2787512491109,10160,177559.80385567102,96.23482421437556,49.34500760183221,0.034995166655530596,2613.192834494197,0.017446078136743814,2568.384596144648,-0.032380543402407036,2654.333352468718,-0.03546482379192584,2954.721263453586,-0.014787382225336043,2742.991970332921,0.01806318085713965,2733.39367798886,-0.0340335926708103,2658.496560748913,2830.239999869483,0.030647157580549703,0.030647157580549703,0.31436941271441926,0.2391381564272967
2022-06-03,2710.718168401323,13815,151046.06309553233,1245.78365150149,13538,182576.57002047036,96.23868232667364,49.43764738488666,0.002246587631935304,2704.6419532403597,0.034995166655530596,2613.192834494197,0.017446078136743814,2568.384596144648,-0.032380543402407036,2751.9300673966427,-0.06863293623166111,2848.262736851183,0.038378080452596164,2867.2806036187744,0.04898194018229529,2650.2541809498493,2822.411878108611,0.028409481362920576,0.028409481362920576,0.33235693287635715,-0.06916596718895662
2022-06-06,2757.723845326217,6253,148650.98428807312,1274.0204368842838,12958,175423.10416334914,96.2075076935914,49.17140823746401,0.017340672841919202,2710.718168401323,0.002246587631935304,2704.6419532403597,0.034995166655530596,2613.192834494197,0.017446078136743814,2654.333352468718,-0.03546482379192584,2965.2077637561856,0.041058370561097846,2937.229707189287,0.0243956254167208,2670.932279521349,2813.4365850154572,0.02810117207346442,0.02810117207346442,0.33670520672123827,0.07766351792334153
2022-06-07,2847.9814628691747,16007,142797.1762494889,1351.281021305677,16327,164901.25016844913,96.31244165464574,48.82345645173392,0.03272902676456391,2757.723845326217,0.017340672841919202,2710.718168401323,0.002246587631935304,2704.6419532403597,0.034995166655530596,2568.384596144648,-0.032380543402407036,2988.3518201289357,0.007805205643813817,2986.541775329399,0.016788631825224165,2726.851652866254,2806.508569392446,0.028899783950065917,0.028899783950065917,0.31663609372288926,0.5274349717307988
2022-06-08,2761.169595532123,14280,147711.0944184913,1376.2283640423316,10108,162685.31019130122,96.2448399240776,48.690883446610016,-0.03048189339322238,2847.9814628691747,0.03272902676456391,2757.723845326217,0.017340672841919202,2710.718168401323,0.002246587631935304,2613.192834494197,0.017446078136743814,2999.0696527288937,0.0035865364070470918,2921.8154645895247,-0.021672662098535467,2756.447005073839,2798.4762759395758,0.029280465016811405,0.029280465016811405,0.3162971014956634,-0.24103374831925994
2022-06-09,2825.814907569259,17268,143852.80042959898,1399.706968002916,8440,157690.53207191598,96.15860812813006,48.63589417968184,0.02341229316074589,2761.169595532123,-0.03048189339322238,2847.9814628691747,0.03272902676456391,2757.723845326217,0.017340672841919202,2704.6419532403597,0.034995166655530596,2954.721263453586,-0.014787382225336043,2899.1749013397744,-0.0077487998554799375,2780.6815959396195,2794.80827625105,0.029805925134877446,0.029805925134877446,0.30245690369007006,0.33362145593512127
2022-06-10,2733.8422549037086,12729,150779.7140580293,1383.1370678657593,11127,163070.41525551377,96.20649568198208,48.4426317045659,-0.03254730252119187,2825.814907569259,0.02341229316074589,2761.169595532123,-0.03048189339322238,2847.9814628691747,0.03272902676456391,2710.718168401323,0.002246587631935304,2751.9300673966427,-0.06863293623166111,2891.9218174094767,-0.0025017752212692645,2785.3064132400964,2786.9042981257617,0.03063885333267619,0.03063885333267619,0.2880302625234979,-0.41043369629228044
2022-06-13,2732.8653203655763,18040,147826.8349459533,1395.2335224337426,18931,161077.99246468244,96.05293147498948,48.61924268803045,-0.00035734853990931903,2733.8422549037086,-0.03254730252119187,2825.814907569259,0.02341229316074589,2761.169595532123,-0.03048189339322238,2757.723845326217,0.017340672841919202,2654.333352468718,-0.03546482379192584,2845.855873230836,-0.01592918034689661,2780.334708247968,2781.2547704824988,0.030473210116875402,0.030473210116875402,0.2661136135176586,0.17777827535676505
2022-06-14,2775.225142600232,10406,144810.6351930608,1495.0863938944578,15434,143915.58666843668,96.09190064552148,48.4854218744928,0.01550014994115756,2732.8653203655763,-0.00035734853990931903,2733.8422549037086,-0.03254730252119187,2825.814907569259,0.02341229316074589,2847.9814628691747,0.03272902676456391,2568.384596144648,-0.032380543402407036,2769.567933432038,-0.02680667721664698,2765.78344419418,2781.5376309409085,0.030095831670509263,0.030095831670509263,0.24900464293809682,0.282739667246127
2022-06-15,2980.5268326690248,11008,132571.48004347814,1475.899259939222,9210,145883.85135074062,96.1021559638941,48.77947913599434,0.07397658911249128,2775.225142600232,0.01550014994115756,2732.8653203655763,-0.00035734853990931903,2733.8422549037086,-0.03254730252119187,2761.169595532123,-0.03048189339322238,2613.192834494197,0.017446078136743814,2694.3239102542825,-0.027168144990945664,2809.65489162156,2795.8477770616455,0.03350074474583265,0.03350074474583265,0.19578385131694695,1.2896267515055853
2022-06-16,3042.0950904302326,10567,126972.82560456492,1490.4404643329829,5838,145728.83989389677,96.08741171490227,48.86383108568739,0.020656837269964923,2980.5268326690248,0.07397658911249128,2775.225142600232,0.01550014994115756,2732.8653203655763,-0.00035734853990931903,2825.814907569259,0.02341229316074589,2704.6419532403597,0.034995166655530596,2742.991970332921,0.01806318085713965,2852.910928193755,2810.802933066511,0.03355652641376959,0.03355652641376959,0.14177173305940344,1.1707950585788567
2022-06-17,2979.417664093607,5156,133649.90608582256,1502.6904172499,6134,144201.3790304514,96.24623932561722,48.654563923708494,-0.0206033751324195,3042.0950904302326,0.020656837269964923,2980.5268326690248,0.07397658911249128,2775.225142600232,0.01550014994115756,2733.8422549037086,-0.03254730252119187,2710.718168401323,0.002246587631935304,2848.262736851183,0.038378080452596164,2902.0260100317346,2817.3606794286325,0.0331246975690578,0.0331246975690578,0.10425773200745922,0.3842114801582689
2022-06-20,2982.0326897847604,18481,135181.09937263426,1523.8266286287176,14906,143250.33955342462,96.18401858108776,48.39478195855881,0.0008776969146246927,2979.417664093607,-0.0206033751324195,3042.0950904302326,0.020656837269964923,2980.5268326690248,0.07397658911249128,2732.8653203655763,-0.00035734853990931903,2757.723845326217,0.017340672841919202,2965.2077637561856,0.041058370561097846,2951.859483915571,2818.201925730061,0.03187551176910893,0.03187551176910893,0.08287954850057662,0.46671550473939094
2022-06-21,3002.1513913666618,5869,134477.69113787013,1546.2569074472617,18291,143174.28965209826,96.39004839814017,47.90053306884458,0.006746640186346742,2982.0326897847604,0.0008776969146246927,2979.417664093607,-0.0206033751324195,3042.0950904302326,0.020656837269964923,2775.225142600232,0.01550014994115756,2847.9814628691747,0.03272902676456391,2988.3518201289357,0.007805205643813817,2997.2447336688574,2818.891904291947,0.03186408478170914,0.03186408478170914,0.10083044774575876,0.6107089074801625
2022-06-22,2931.677787311609,15897,140378.31991301253,1537.830159865491,18015,145964.93973812065,96.36750525321736,47.98775302220463,-0.02347436716806317,3002.1513913666618,0.006746640186346742,2982.0326897847604,0.0008776969146246927,2979.417664093607,-0.0206033751324195,2980.5268326690248,0.07397658911249128,2761.169595532123,-0.03048189339322238,2999.0696527288937,0.0035865364070470918,2987.4749245973744,2815.522311021083,0.03230710478711425,0.03230710478711425,0.1337373182447672,0.15855174146591414
2022-06-23,2969.212236290958,12046,136470.63013991373,1536.5385020595982,9991,147246.78293117162,96.23980360872032,47.88137675802922,0.012803060807637046,2931.677787311609,-0.02347436716806317,3002.1513913666618,0.006746640186346742,2982.0326897847604,0.0008776969146246927,3042.0950904302326,0.020656837269964923,2825.814907569259,0.02341229316074589,2954.721263453586,-0.014787382225336043,2972.8983537695194,2816.2468596629515,0.03226024388153173,0.03226024388153173,0.18096765068950738,0.8305368949693208
2022-06-24,2955.230433419013,9071,139129.9919678504,1578.8425856974875,11796,142189.93904438565,96.2467955668198,47.169718099610165,-0.0047089267318293215,2969.212236290958,0.012803060807637046,2931.677787311609,-0.02347436716806317,3002.1513913666618,0.006746640186346742,2979.417664093607,-0.0206033751324195,2733.8422549037086,-0.03254730252119187,2751.9300673966427,-0.06863293623166111,2968.0609076346,2826.41187796407,0.027896982777306466,0.027896982777306466,0.206603151672653,-0.4965108170994507
2022-06-27,2951.9989573166763,15945,136788.05647818075,1552.9546614497183,13108,146490.78601131387,96.13917104678794,47.009003637779344,-0.001093476862512599,2955.230433419013,-0.0047089267318293215,2969.212236290958,0.012803060807637046,2931.677787311609,-0.02347436716806317,2982.0326897847604,0.0008776969146246927,2732.8653203655763,-0.00035734853990931903,2654.333352468718,-0.03546482379192584,2962.0541611409835,2841.295158206468,0.02635827974004997,0.02635827974004997,0.23301115983319723,-0.15519729037930052
2022-06-28,2944.3240767053726,10269,135371.46727734365,1526.590937922096,16365,152803.79227178267,96.06399546200656,46.73869342900286,-0.0025998927243118253,2951.9989573166763,-0.001093476862512599,2955.230433419013,-0.0047089267318293215,2969.212236290958,0.012803060807637046,3002.1513913666618,0.006746640186346742,2775.225142600232,0.01550014994115756,2568.384596144648,-0.032380543402407036,2950.4886982087255,2860.092132234505,0.024897225149730022,0.024897225149730022,0.2525370682256873,-0.16637558066304237
2022-06-29,2924.924085773948,13480,138093.51862558402,1632.8135327801417,19051,137693.26768448035,96.10369879200812,47.21139670665406,-0.006588945518909317,2944.3240767053726,-0.0025998927243118253,2951.9989573166763,-0.001093476862512599,2955.230433419013,-0.0047089267318293215,2931.677787311609,-0.02347436716806317,2980.5268326690248,0.07397658911249128,2613.192834494197,0.017446078136743814,2949.137957901193,2875.678694798492,0.024953750385267343,0.024953750385267343,0.26827884128602375,-0.48199950293399085
2022-06-30,2912.680579018189,19294,137027.05540097706,1683.7664778223534,9728,131209.44584498124,96.15925700087314,46.70056312308606,-0.004185922915164952,2924.924085773948,-0.006588945518909317,2944.3240767053726,-0.0025998927243118253,2951.9989573166763,-0.001093476862512599,2969.212236290958,0.012803060807637046,3042.0950904302326,0.020656837269964923,2704.6419532403597,0.034995166655530596,2937.83162644664,2886.0806260873833,0.02407531122843944,0.02407531122843944,0.28738988264732435,-0.17333899726791374
2022-07-01,2907.2752465626963,16703,141731.2914133137,1682.4082658247291,5720,133147.93787948662,96.09704023084772,46.26815788316585,-0.0018557930774937281,2912.680579018189,-0.004185922915164952,2924.924085773948,-0.006588945518909317,2944.3240767053726,-0.0025998927243118253,2955.230433419013,-0.0047089267318293215,2979.417664093607,-0.0206033751324195,2710.718168401323,0.002246587631935304,2928.2405890753766,2895.9084799954517,0.02410833184643877,0.02410833184643877,0.2955016916216832,-0.8120272023518982
2022-07-04,2912.2343605508463,10729,142338.21521143924,1781.4275906881774,9903,119615.53881137684,96.19578074535237,46.60114877609756,0.001705760056263328,2907.2752465626963,-0.0018557930774937281,2912.680579018189,-0.004185922915164952,2924.924085773948,-0.006588945518909317,2951.9989573166763,-0.001093476862512599,2982.0326897847604,0.0008776969146246927,2757.723845326217,0.017340672841919202,2920.2876697222105,2903.634005756683,0.023897946245098205,0.023897946245098205,0.2944978529377165,-0.6057311042400516
2022-07-05,2879.2862121592702,10892,146683.62513512047,1773.5866793163705,11166,122793.68410165384,96.31153152115446,47.00817772333675,-0.011313700860717812,2912.2343605508463,0.001705760056263328,2907.2752465626963,-0.0018557930774937281,2912.680579018189,-0.004185922915164952,2944.3240767053726,-0.0025998927243118253,3002.1513913666618,0.006746640186346742,2847.9814628691747,0.03272902676456391,2907.28009681299,2905.199243221188,0.023027227531936582,0.023027227531936582,0.2944644872032317,-1.1221526409275202
2022-07-06,2892.815037504848,12607,147913.9677302563,1766.5203797441452,11397,123937.11003560752,96.4551616968108,46.78468284171906,0.004698673333844106,2879.2862121592702,-0.011313700860717812,2912.2343605508463,0.001705760056263328,2907.2752465626963,-0.0018557930774937281,2924.924085773948,-0.006588945518909317,2931.677787311609,-0.02347436716806317,2761.169595532123,-0.03048189339322238,2900.85828715917,2911.7815153198244,0.021824701395520545,0.021824701395520545,0.2969397971409129,-1.0342070325175698
2022-07-07,2891.167837105721,10926,147463.4358821475,1709.1701867804777,8243,131688.5211030988,96.50810303752336,46.59505709487638,-0.0005694108948450793,2892.815037504848,0.004698673333844106,2879.2862121592702,-0.011313700860717812,2912.2343605508463,0.001705760056263328,2912.680579018189,-0.004185922915164952,2969.212236290958,0.012803060807637046,2825.814907569259,0.02341229316074589,2896.555738776676,2915.0491617966477,0.021270055846993773,0.021270055846993773,0.3022453430935402,-0.8327100279240294
2022-07-08,2862.9063773609414,16007,149698.2928356945,1607.3020385990392,6544,142610.3620269486,96.64444590873194,46.77992771384238,-0.009775101736422043,2891.167837105721,-0.0005694108948450793,2892.815037504848,0.004698673333844106,2879.2862121592702,-0.011313700860717812,2907.2752465626963,-0.0018557930774937281,2955.230433419013,-0.0047089267318293215,2733.8422549037086,-0.03254730252119187,2887.681964936325,2921.502367919509,0.0199269057798164,0.0199269057798164,0.3083630581216082,-1.238767724200731
2022-07-11,2870.123643775208,15274,150352.73575332706,1641.2472498842228,6783,138069.4638454509,96.45636606593452,46.08179777475878,0.002520957887878872,2862.9063773609414,-0.009775101736422043,2891.167837105721,-0.0005694108948450793,2892.815037504848,0.004698673333844106,2912.2343605508463,0.001705760056263328,2951.9989573166763,-0.001093476862512599,2732.8653203655763,-0.00035734853990931903,2879.2598215811977,2928.365284089991,0.019915635183154565,0.019915635183154565,0.31619874501912393,-1.1154252798041164
2022-07-12,2856.7103339722585,8394,151505.09761952102,1693.5611111815165,9712,134221.5430604435,96.42457541107169,45.523439669407125,-0.004673425771060669,2870.123643775208,0.002520957887878872,2862.9063773609414,-0.009775101736422043,2891.167837105721,-0.0005694108948450793,2879.2862121592702,-0.011313700860717812,2944.3240767053726,-0.0025998927243118253,2775.225142600232,0.01550014994115756,2874.744645943795,2932.439543658592,0.019739894847625335,0.019739894847625335,0.3259913539901601,-1.1275526442925872
2022-07-13,2855.689652160099,19660,154925.17035864765,1601.7331787659198,14331,143101.83502605147,96.33787488543936,45.43921964915191,-0.00035729272233930853,2856.7103339722585,-0.004673425771060669,2870.123643775208,0.002520957887878872,2862.9063773609414,-0.009775101736422043,2892.815037504848,0.004698673333844106,2924.924085773948,-0.006588945518909317,2980.5268326690248,0.07397658911249128,2867.3195688748456,2926.197684633146,0.009991660759317357,0.009991660759317357,0.3344973576169871,-1.534174203089375
2022-07-14,2874.427154354039,14738,155846.7541461771,1629.999329182093,11520,141679.62840720854,96.34979747155208,45.904186818990645,0.00656146307066896,2855.689652160099,-0.00035729272233930853,2856.7103339722585,-0.004673425771060669,2870.123643775208,0.002520957887878872,2891.167837105721,-0.0005694108948450793,2912.680579018189,-0.004185922915164952,3042.0950904302326,0.020656837269964923,2863.971432324509,2917.8142878293356,0.008718829369875952,0.008718829369875952,0.3342941814034814,-1.2472079660922462
2022-07-15,2850.070530282549,13309,158139.7800647843,1663.1849249106067,15295,139934.82171861446,96.2926525496324,45.77346779254062,-0.00847355760419799,2874.427154354039,0.00656146307066896,2855.689652160099,-0.00035729272233930853,2856.7103339722585,-0.004673425771060669,2862.9063773609414,-0.009775101736422043,2907.2752465626963,-0.0018557930774937281,2979.417664093607,-0.0206033751324195,2861.404262908831,2911.346931138783,0.007786882221904958,0.007786882221904958,0.34172606812643763,-1.4434693955391726
2022-07-18,2830.347001988475,8512,162197.3906941196,1703.551404860269,18865,135395.63176252376,96.27603676543744,45.80374883006117,-0.006920364982026861,2850.070530282549,-0.00847355760419799,2874.427154354039,0.00656146307066896,2855.689652160099,-0.00035729272233930853,2870.123643775208,0.002520957887878872,2912.2343605508463,0.001705760056263328,2982.0326897847604,0.0008776969146246927,2853.448934551484,2903.762646748969,0.007820468800136322,0.007820468800136322,0.3479965519740013,-1.6641598317327624
2022-07-19,2840.5601761782427,8135,161719.86126357003,1701.5647730471037,11744,131952.27286048725,96.46425425345784,46.14388561183037,0.0036084530209874455,2830.347001988475,-0.006920364982026861,2850.070530282549,-0.00847355760419799,2874.427154354039,0.00656146307066896,2856.7103339722585,-0.004673425771060669,2879.2862121592702,-0.011313700860717812,3002.1513913666618,0.006746640186346742,2850.218902992681,2895.683085989548,0.007653233885106958,0.007653233885106958,0.3549855958792489,-0.9482522990103421
2022-07-20,2851.106463427928,17903,162639.26807454007,1646.1740015492155,9825,136484.39617107043,96.4472822738158,46.77595103181382,0.0037127491042538985,2840.5601761782427,0.0036084530209874455,2830.347001988475,-0.006920364982026861,2850.070530282549,-0.00847355760419799,2855.689652160099,-0.00035729272233930853,2892.815037504848,0.004698673333844106,2931.677787311609,-0.02347436716806317,2849.302265246247,2891.654519795364,0.006014634258733029,0.006014634258733029,0.3602547765407917,-1.089987721420916
2022-07-21,2865.925241010651,14015,162022.4432744598,1650.963747108416,16103,136840.251725315,96.48866150553482,46.60289648986932,0.00519755322111215,2851.106463427928,0.0037127491042538985,2840.5601761782427,0.0036084530209874455,2830.347001988475,-0.006920364982026861,2874.427154354039,0.00656146307066896,2891.167837105721,-0.0005694108948450793,2969.212236290958,0.012803060807637046,2847.601882577569,2886.4901700313485,0.005264708566331765,0.005264708566331765,0.36053776155224604,-0.7440357982388939
2022-07-22,2865.287309474575,11241,161634.70122357184,1642.8707052317966,8759,140077.24364279196,96.4654345725424,46.59784547274929,-0.00022259182722117465,2865.925241010651,0.00519755322111215,2851.106463427928,0.0037127491042538985,2840.5601761782427,0.0036084530209874455,2850.070530282549,-0.00847355760419799,2862.9063773609414,-0.009775101736422043,2955.230433419013,-0.0047089267318293215,2850.6452384159743,2881.993013834127,0.005227693354590062,0.005227693354590062,0.37159983732273294,-0.6810252225051622
2022-07-25,2873.074133239205,17493,159317.90346666615,1600.0926701518342,14141,142650.4133310733,96.47300590133808,47.14446203915215,0.002717641521979841,2865.287309474575,-0.00022259182722117465,2865.925241010651,0.00519755322111215,2851.106463427928,0.0037127491042538985,2830.347001988475,-0.006920364982026861,2870.123643775208,0.002520957887878872,2951.9989573166763,-0.001093476862512599,2859.19066466612,2878.046772630253,0.005313248335244117,0.005313248335244117,0.3767636590748757,-0.19668994702959397
2022-07-26,2847.7378160643398,19651,159768.83312929946,1677.136115214382,5235,133847.7917468702,96.4736075693817,46.68780225659472,-0.00881853930664156,2873.074133239205,0.002717641521979841,2865.287309474575,-0.00022259182722117465,2865.925241010651,0.00519755322111215,2840.5601761782427,0.0036084530209874455,2856.7103339722585,-0.004673425771060669,2944.3240767053726,-0.0025998927243118253,2860.62619264334,2873.2174595982015,0.005566730417936601,0.005566730417936601,0.3767161488584353,-0.5643124730478736
2022-07-27,2890.0679394469066,17221,157012.35622354626,1669.840864915365,8445,135379.6421187508,96.518439975979,46.99607657776086,0.014864473528348965,2847.7378160643398,-0.00881853930664156,2873.074133239205,0.002717641521979841,2865.287309474575,-0.00022259182722117465,2851.106463427928,0.0037127491042538985,2855.689652160099,-0.00035729272233930853,2924.924085773948,-0.006588945518909317,2868.4184878471356,2871.4746522818496,0.006546074806875954,0.006546074806875954,0.36669244733091155,0.09766751987742056
2022-07-28,2888.1481937225662,5961,158137.50395533183,1633.549425541119,17709,136917.85100840824,96.63497072953372,46.69058191805249,-0.0006642562612931835,2890.0679394469066,0.014864473528348965,2847.7378160643398,-0.00881853930664156,2873.074133239205,0.002717641521979841,2865.925241010651,0.00519755322111215,2874.427154354039,0.00656146307066896,2912.680579018189,-0.004185922915164952,2872.8630783895183,2870.2480330170683,0.006491076338572803,0.006491076338572803,0.38352631550767496,-0.4725644437530806
2022-07-29,2914.3336201887914,17574,152178.09690676653,1647.749949162331,7648,135688.14960911215,96.79971012929406,46.72132362818344,0.009066510687761653,2888.1481937225662,-0.0006642562612931835,2890.0679394469066,0.014864473528348965,2847.7378160643398,-0.00881853930664156,2865.287309474575,-0.00022259182722117465,2850.070530282549,-0.00847355760419799,2907.2752465626963,-0.0018557930774937281,2882.672340532362,2870.600951698373,0.006813838579605207,0.006813838579605207,0.3668432136381766,0.9253486341508114
2022-08-01,2904.0296481853416,13011,152234.77159331014,1595.9618026899368,19040,140646.9900709224,96.83067213748498,46.64853791396335,-0.0035356185482917635,2914.3336201887914,0.009066510687761653,2888.1481937225662,-0.0006642562612931835,2890.0679394469066,0.014864473528348965,2873.074133239205,0.002717641521979841,2830.347001988475,-0.006920364982026861,2912.2343605508463,0.001705760056263328,2888.863443521589,2870.190716080098,0.006851273726905016,0.006851273726905016,0.3331463718884064,0.2520389782796529
2022-08-02,2976.1235374152025,14789,148595.74565788402,1643.9993819423737,16240,131773.88927648784,96.88962682608852,46.36113443375298,0.024825465977907912,2904.0296481853416,-0.0035356185482917635,2914.3336201887914,0.009066510687761653,2888.1481937225662,-0.0006642562612931835,2847.7378160643398,-0.00881853930664156,2840.5601761782427,0.0036084530209874455,2879.2862121592702,-0.011313700860717812,2914.5405877917615,2875.032582342895,0.008345958652593398,0.008345958652593398,0.29337147283952636,1.0433752592716274
2022-08-03,2987.3567755136723,11819,147715.7237752417,1701.5357564020892,10405,128522.0282148514,96.77454037516998,46.0662038554555,0.003774452893923197,2976.1235374152025,0.024825465977907912,2904.0296481853416,-0.0035356185482917635,2914.3336201887914,0.009066510687761653,2890.0679394469066,0.014864473528348965,2851.106463427928,0.0037127491042538985,2892.815037504848,0.004698673333844106,2933.9983550051147,2879.759669243336,0.008330957684513755,0.008330957684513755,0.2697405155955416,0.7765308920622658
2022-08-04,2988.451160280558,12592,145631.34921847977,1748.0057587226834,18669,121798.15884302986,96.76575270092842,46.14912816473163,0.0003663388236234688,2987.3567755136723,0.003774452893923197,2976.1235374152025,0.024825465977907912,2904.0296481853416,-0.0035356185482917635,2888.1481937225662,-0.0006642562612931835,2865.925241010651,0.00519755322111215,2891.167837105721,-0.0005694108948450793,2954.058948316713,2884.623835402078,0.008320505728086703,0.008320505728086703,0.2568402127051185,1.1012452260716619
2022-08-05,3023.0305440395755,9369,141503.07430496844,1807.1516574274697,7078,112502.07389748396,96.85978164741678,46.44778996318043,0.011571005147620106,2988.451160280558,0.0003663388236234688,2987.3567755136723,0.003774452893923197,2976.1235374152025,0.024825465977907912,2914.3336201887914,0.009066510687761653,2865.287309474575,-0.00022259182722117465,2862.9063773609414,-0.009775101736422043,2975.79833308687,2892.630043736009,0.008139704793059968,0.008139704793059968,0.25773958704259653,1.5390897736146065
2022-08-08,2989.9371083948845,9149,147307.95347948614,1790.107408401936,19296,111975.83199011098,96.94637851125847,46.40886910222388,-0.010947105946362501,3023.0305440395755,0.011571005147620106,2988.451160280558,0.0003663388236234688,2987.3567755136723,0.003774452893923197,2904.0296481853416,-0.0035356185482917635,2873.074133239205,0.002717641521979841,2870.123643775208,0.002520957887878872,2992.9798251287784,2898.620716966993,0.00869813479232198,0.00869813479232198,0.26227918740273376,0.13220051493708446
2022-08-09,2996.3004063762523,6866,143880.72179460188,1795.2972840983912,14228,115623.93350258756,96.967539484538,46.42990304984384,0.002128238070125743,2989.9371083948845,-0.010947105946362501,3023.0305440395755,0.011571005147620106,2988.451160280558,0.0003663388236234688,2976.1235374152025,0.024825465977907912,2847.7378160643398,-0.00881853930664156,2856.7103339722585,-0.004673425771060669,2997.0151989209885,2905.600220587193,0.008551815979943686,0.008551815979943686,0.2733546133033585,1.4217236016000478
2022-08-10,3014.967766778989,8777,142184.91720772168,1846.8516047107496,13520,112197.9915128405,97.0561788804948,46.60125526973116,0.006230136458617919,2996.3004063762523,0.002128238070125743,2989.9371083948845,-0.010947105946362501,3023.0305440395755,0.011571005147620106,2987.3567755136723,0.003774452893923197,2890.0679394469066,0.014864473528348965,2855.689652160099,-0.00035729272233930853,3002.537397174052,2913.5641263181374,0.008565952817362766,0.008565952817362766,0.32023163173725383,1.1984241454017122
2022-08-11,3030.118772107829,6205,143061.5262682443,1885.6494271810425,19307,109482.84800886874,97.10525555139418,46.30976963782727,0.005025262789136509,3014.967766778989,0.006230136458617919,2996.3004063762523,0.002128238070125743,2989.9371083948845,-0.010947105946362501,2988.451160280558,0.0003663388236234688,2888.1481937225662,-0.0006642562612931835,2874.427154354039,0.00656146307066896,3010.8709195395063,2921.348707205827,0.008536835050436549,0.008536835050436549,0.3693848011806104,0.7774395324764893
2022-08-12,3038.548851177779,12283,138728.44502656313,1907.8892004059744,12209,105899.4743540036,97.22528617722011,46.53167739035115,0.0027820952589543424,3030.118772107829,0.005025262789136509,3014.967766778989,0.006230136458617919,2996.3004063762523,0.002128238070125743,3023.0305440395755,0.011571005147620106,2914.3336201887914,0.009066510687761653,2850.070530282549,-0.00847355760419799,3013.9745809671467,2930.7726232505884,0.00812421046014452,0.00812421046014452,0.3911241067572594,1.444576874173626
2022-08-15,3056.493294596368,17261,139151.02106267898,1854.8249101000492,10234,112682.1934512816,97.2542220929158,46.77748031946908,0.005905596486175835,3038.548851177779,0.0027820952589543424,3030.118772107829,0.005025262789136509,3014.967766778989,0.006230136458617919,2989.9371083948845,-0.010947105946362501,2904.0296481853416,-0.0035356185482917635,2830.347001988475,-0.006920364982026861,3027.2858182074433,2942.079937880983,0.0077790173492481235,0.0077790173492481235,0.41314563214687133,0.6520158902487476
2022-08-16,3012.3323609762647,14821,139180.93983101944,1871.4621703904209,15114,111427.40811533143,97.21865226135871,47.5585682090942,-0.01444823507323767,3056.493294596368,0.005905596486175835,3038.548851177779,0.0027820952589543424,3030.118772107829,0.005025262789136509,2996.3004063762523,0.002128238070125743,2976.1235374152025,0.024825465977907912,2840.5601761782427,0.0036084530209874455,3030.492209127446,2950.668547120884,0.00879376409597581,0.00879376409597581,0.4634121144853368,0.6320163565492277
2022-08-17,2982.7065657163703,7624,143412.35121417858,1867.651285299759,11612,113698.30071782916,97.25223638705202,47.44573695192632,-0.009834836170034333,3012.3323609762647,-0.01444823507323767,3056.493294596368,0.005905596486175835,3038.548851177779,0.0027820952589543424,3014.967766778989,0.006230136458617919,2987.3567755136723,0.003774452893923197,2851.106463427928,0.0037127491042538985,3024.039968914922,2957.2485522353063,0.009244311081496929,0.009244311081496929,0.5804459338036879,0.04212648170295685
2022-08-18,2976.578127802036,9092,149356.40502911722,1810.458569255196,10839,117316.49359082054,96.95917694946674,47.30831241142589,-0.0020546566614281225,2982.7065657163703,-0.009834836170034333,3012.3323609762647,-0.01444823507323767,3056.493294596368,0.005905596486175835,3030.118772107829,0.005025262789136509,2988.451160280558,0.0003663388236234688,2865.925241010651,0.00519755322111215,3013.3318400537637,2962.781196574875,0.009266845401179592,0.009266845401179592,0.7391302306522449,-0.2701723398253585
2022-08-19,2971.177340980189,5482,147358.6338746805,1869.3796438758693,7938,112591.59139942548,96.99746552310523,47.53900217289801,-0.0018144280411799274,2976.578127802036,-0.0020546566614281225,2982.7065657163703,-0.009834836170034333,3012.3323609762647,-0.01444823507323767,3038.548851177779,0.0027820952589543424,3023.0305440395755,0.011571005147620106,2865.287309474575,-0.00022259182722117465,2999.8575380142456,2968.075698150156,0.009293164879160938,0.009293164879160938,0.7605357058876903,0.5052929486862687
2022-08-22,2985.020112914354,14694,146452.53865975424,1777.0657122534428,18142,124810.4223975614,96.63262424058377,47.78473342357165,0.0046590190841984125,2971.177340980189,-0.0018144280411799274,2976.578127802036,-0.0020546566614281225,2982.7065657163703,-0.009834836170034333,3056.493294596368,0.005905596486175835,2989.9371083948845,-0.010947105946362501,2873.074133239205,0.002717641521979841,2985.5629016778425,2973.672997133913,0.009312746230490694,0.009312746230490694,0.7193298461335191,0.38942651521729943
2022-08-23,2987.277813522167,13384,147205.58941360202,1815.9321530405127,10751,118927.78376001952,96.46027789984322,47.62420727755864,0.0007563435160939935,2985.020112914354,0.0046590190841984125,2971.177340980189,-0.0018144280411799274,2976.578127802036,-0.0020546566614281225,3012.3323609762647,-0.01444823507323767,2996.3004063762523,0.002128238070125743,2847.7378160643398,-0.00881853930664156,2980.551992187023,2980.6499970068044,0.008969596551046797,0.008969596551046797,0.6674393587605074,0.09827003533472134
2022-08-24,3014.848942990674,19901,144380.96107703244,1860.886262021347,12922,112441.69536858649,96.50545475993732,47.50325847447962,0.00922951636560354,2987.277813522167,0.0007563435160939935,2985.020112914354,0.0046590190841984125,2971.177340980189,-0.0018144280411799274,2982.7065657163703,-0.009834836170034333,3014.967766778989,0.006230136458617919,2890.0679394469066,0.014864473528348965,2986.980467641884,2986.889047183993,0.008641030279244736,0.008641030279244736,0.6170352886753502,0.6243134814850535
2022-08-25,3060.7671319581714,8337,142617.26611414834,1855.6092479908184,14936,113161.99649170348,96.553207693664,47.66559772594504,0.015230676506779561,3014.848942990674,0.00922951636560354,2987.277813522167,0.0007563435160939935,2985.020112914354,0.0046590190841984125,2976.578127802036,-0.0020546566614281225,3030.118772107829,0.005025262789136509,2888.1481937225662,-0.0006642562612931835,3003.818268473111,2995.519994095773,0.009087872670629337,0.009087872670629337,0.5784634103593534,0.6474703128259851
2022-08-26,3024.399922772755,9172,143775.28560500228,1843.993813208798,12895,112127.77610003317,96.43696481565,47.41732245372464,-0.011881730173360139,3060.7671319581714,0.015230676506779561,3014.848942990674,0.00922951636560354,2987.277813522167,0.0007563435160939935,2971.177340980189,-0.0018144280411799274,3038.548851177779,0.0027820952589543424,2914.3336201887914,0.009066510687761653,3014.462784831624,3001.023309224972,0.009541184440428629,0.009541184440428629,0.5575070681240745,0.06766879485225598
2022-08-29,3025.9922851873607,10546,142733.5688155525,1776.7641338188546,19234,119235.71903926178,96.36575461146212,47.29416225732014,0.000526505242450126,3024.399922772755,-0.011881730173360139,3060.7671319581714,0.015230676506779561,3014.848942990674,0.00922951636560354,2985.020112914354,0.0046590190841984125,3056.493294596368,0.005905596486175835,2904.0296481853416,-0.0035356185482917635,3022.6572192862254,3007.1214410750727,0.009462331117394867,0.009462331117394867,0.5382311507079305,0.37453638674041045
2022-08-30,3012.738776378932,19437,142180.8625054492,1707.2560480717293,15434,126792.17424516316,96.50280871032352,47.32104008753066,-0.004379888499156603,3025.9922851873607,0.000526505242450126,3024.399922772755,-0.011881730173360139,3060.7671319581714,0.015230676506779561,2987.277813522167,0.0007563435160939935,3012.3323609762647,-0.01444823507323767,2976.1235374152025,0.024825465977907912,3027.7494118575787,3008.9522030232592,0.007894567194480272,0.007894567194480272,0.5561235773726896,0.3139034122508829
2022-08-31,3033.209163182972,17152,140927.5587675916,1765.7715876000757,8116,122903.3105090208,96.45440569716628,47.61982169297734,0.006794610593037875,3012.738776378932,-0.004379888499156603,3025.9922851873607,0.000526505242450126,3024.399922772755,-0.011881730173360139,3014.848942990674,0.00922951636560354,2982.7065657163703,-0.009834836170034333,2987.3567755136723,0.003774452893923197,3031.4214558960384,3011.244822406724,0.007986009677249821,0.007986009677249821,0.5614142980354532,0.5285502428746697
2022-09-01,3007.3689497763635,11415,143800.43085905316,1826.057590865782,9210,114358.44835570408,96.67869772840656,47.43844210812348,-0.008519100403709956,3033.209163182972,0.006794610593037875,3012.738776378932,-0.004379888499156603,3025.9922851873607,0.000526505242450126,3060.7671319581714,0.015230676506779561,2976.578127802036,-0.0020546566614281225,2988.451160280558,0.0003663388236234688,3020.7418194596767,3012.1907118815143,0.008253619552968388,0.008253619552968388,0.593394442283833,-0.3429756136470447
2022-09-02,3004.5759326545312,14021,146122.4869491909,1842.1416141396105,8077,112321.90847883571,96.67850574308892,46.88572676951428,-0.0009287244659621496,3007.3689497763635,-0.008519100403709956,3033.209163182972,0.006794610593037875,3012.738776378932,-0.004379888499156603,3024.399922772755,-0.011881730173360139,2971.177340980189,-0.0018144280411799274,3023.0305440395755,0.011571005147620106,3016.777021436032,3011.2679813122622,0.007820968032323263,0.007820968032323263,0.67379537994479,-0.7424688228947596
2022-09-05,3022.2932149697845,11099,144892.6683192475,1842.9223580695696,9903,115237.98613706196,96.71930936077705,46.31074752925882,0.0058967663698217265,3004.5759326545312,-0.0009287244659621496,3007.3689497763635,-0.008519100403709956,3033.209163182972,0.006794610593037875,3025.9922851873607,0.000526505242450126,2985.020112914354,0.0046590190841984125,2989.9371083948845,-0.010947105946362501,3016.0372073925164,3012.885786641007,0.007512315833426013,0.007512315833426013,0.8939185663985036,-0.46056951061704476
2022-09-06,3010.1582115689484,7237,143730.83990875067,1864.426203989757,18529,109843.75269797337,96.88099680062692,45.93292360924698,-0.004015164161018436,3022.2932149697845,0.0058967663698217265,3004.5759326545312,-0.0009287244659621496,3007.3689497763635,-0.008519100403709956,3012.738776378932,-0.004379888499156603,2987.277813522167,0.0007563435160939935,2996.3004063762523,0.002128238070125743,3015.52109443052,3013.5786769006418,0.007570413188827507,0.007570413188827507,1.1940631503339978,-0.27221231898857556
2022-09-07,2972.021019351956,7198,145485.67250794687,1854.829931693032,10740,113328.1243269304,96.89409951224626,45.538973293787,-0.012669497593322365,3010.1582115689484,-0.004015164161018436,3022.2932149697845,0.0058967663698217265,3004.5759326545312,-0.0009287244659621496,3033.209163182972,0.006794610593037875,3014.848942990674,0.00922951636560354,3014.967766778989,0.006230136458617919,3003.2834656643167,3011.43133952929,0.007955486318859995,0.007955486318859995,1.164572092115104,-0.8470125132036419
2022-09-08,2866.9322883862687,6930,151695.4233774016,1891.2133545080055,14045,108854.50694057852,96.79386511417717,45.49259006620103,-0.03535934984356259,2972.021019351956,-0.012669497593322365,3010.1582115689484,-0.004015164161018436,3022.2932149697845,0.0058967663698217265,3007.3689497763635,-0.008519100403709956,3060.7671319581714,0.015230676506779561,3030.118772107829,0.005025262789136509,2975.1961333862973,3003.272015343212,0.010979651198481526,0.010979651198481526,1.0360674649005557,-1.8333494549563198
2022-09-09,2829.492495992223,9584,153629.7374267105,1861.0763887844348,9721,113613.71391418092,96.78289236900774,45.135926020121744,-0.0130591826481955,2866.9322883862687,-0.03535934984356259,2972.021019351956,-0.012669497593322365,3010.1582115689484,-0.004015164161018436,3004.5759326545312,-0.0009287244659621496,3024.399922772755,-0.011881730173360139,3038.548851177779,0.0027820952589543424,2940.179446053836,2992.819197583934,0.011133205113600013,0.011133205113600013,0.9250853488401486,-1.5418623800565743
2022-09-12,2875.5065386935566,13951,151627.82621135982,1858.8446520879295,12952,114196.57125780363,96.77933129538872,44.92509953217538,0.01626229536445467,2829.492495992223,-0.0130591826481955,2866.9322883862687,-0.03535934984356259,2972.021019351956,-0.012669497593322365,3022.2932149697845,0.0058967663698217265,3025.9922851873607,0.000526505242450126,3056.493294596368,0.005905596486175835,2910.8221107985905,2983.769859788794,0.011813688350416192,0.011813688350416192,0.8978053083662395,-0.696273495990031
2022-09-13,2898.0488091448674,14457,149882.7196893431,1794.8042236135889,5885,122712.25683205052,96.64285713016858,44.69287376668077,0.007839408517412938,2875.5065386935566,0.01626229536445467,2829.492495992223,-0.0130591826481955,2866.9322883862687,-0.03535934984356259,3010.1582115689484,-0.004015164161018436,3012.738776378932,-0.004379888499156603,3012.3323609762647,-0.01444823507323767,2888.400230313774,2978.055682197224,0.011725868484615888,0.011725868484615888,0.8627363362747124,-0.43347434006822055
2022-09-14,2893.8753563690266,17636,150474.28378313695,1840.2864134978736,6584,111275.43697469556,96.61727392303447,44.560721408426375,-0.0014400905749659687,2898.0488091448674,0.007839408517412938,2875.5065386935566,0.01626229536445467,2829.492495992223,-0.0130591826481955,2972.021019351956,-0.012669497593322365,3033.209163182972,0.006794610593037875,2982.7065657163703,-0.009834836170034333,2872.7710977171882,2973.6141217298564,0.011574883183507719,0.011574883183507719,0.8622442850522927,-0.8215206357862879
2022-09-15,2868.345872644863,15457,152449.07557062502,1784.2508779143354,19228,116331.05466931657,96.54305471363476,44.95747270788331,-0.008821901630274631,2893.8753563690266,-0.0014400905749659687,2898.0488091448674,0.007839408517412938,2875.5065386935566,0.01626229536445467,2866.9322883862687,-0.03535934984356259,3007.3689497763635,-0.008519100403709956,2976.578127802036,-0.0020546566614281225,2873.0538145689075,2968.202508971998,0.011691921773641667,0.011691921773641667,0.8685753164336055,-1.4069208671495086
2022-09-16,3017.50466750743,12093,141954.0737174685,1790.4715169951724,17572,111625.63953821642,96.6354904893535,45.156056984712464,0.052001676745151215,2868.345872644863,-0.008821901630274631,2893.8753563690266,-0.0014400905749659687,2898.0488091448674,0.007839408517412938,2829.492495992223,-0.0130591826481955,3004.5759326545312,-0.0009287244659621496,2971.177340980189,-0.0018144280411799274,2910.6562488719487,2970.5188752983604,0.016773230542577462,0.016773230542577462,0.7720550357395809,1.7552464791628293
2022-09-19,3036.2108226291152,17787,139957.07732904053,1753.618259811761,16283,115531.17327330937,96.63895167677202,45.16089580929527,0.0061992133179158415,3017.50466750743,0.052001676745151215,2868.345872644863,-0.008821901630274631,2893.8753563690266,-0.0014400905749659687,2875.5065386935566,0.01626229536445467,3022.2932149697845,0.0058967663698217265,2985.020112914354,0.0046590190841984125,2942.7971056590604,2973.078410784098,0.016794889576548778,0.016794889576548778,0.6601825972254081,1.1382933925769088
2022-09-20,3011.7603947141743,15114,143232.01447763917,1631.2288798366449,7360,128521.78688159828,96.61067210185726,45.022587925121016,-0.008052941427093896,3036.2108226291152,0.0061992133179158415,3017.50466750743,0.052001676745151215,2868.345872644863,-0.008821901630274631,2898.0488091448674,0.007839408517412938,3010.1582115689484,-0.004015164161018436,2987.277813522167,0.0007563435160939935,2965.539422772922,2974.302539843699,0.01691622825632936,0.01691622825632936,0.6153787851106441,0.30275422487143
2022-09-21,3010.441296195391,8254,143310.698104143,1543.8461789788323,10316,139578.28806164936,96.600053908795,44.8926181281341,-0.00043798255701166244,3011.7603947141743,-0.008052941427093896,3036.2108226291152,0.0061992133179158415,3017.50466750743,0.052001676745151215,2893.8753563690266,-0.0014400905749659687,2972.021019351956,-0.012669497593322365,3014.848942990674,0.00922951636560354,2988.8526107381945,2974.0821575039345,0.016792610922865804,0.016792610922865804,0.5890618716093696,0.5446168577204334
2022-09-22,3022.510172703648,16877,142450.17626055097,1536.2488072141678,5837,144005.38240881872,96.62236611063562,44.99094206911969,0.004009005763875972,3010.441296195391,-0.00043798255701166244,3011.7603947141743,-0.008052941427093896,3036.2108226291152,0.0061992133179158415,2868.345872644863,-0.008821901630274631,2866.9322883862687,-0.03535934984356259,3060.7671319581714,0.015230676506779561,3019.6854707499515,2972.1693095412083,0.016442846174388005,0.016442846174388005,0.573125688425633,0.7187657452167746
2022-09-23,3108.20319581091,18466,134709.1447828276,1578.9429153504489,17974,139566.6900242592,96.6840475306046,45.166192791125376,0.02835160783945656,3022.510172703648,0.004009005763875972,3010.441296195391,-0.00043798255701166244,3011.7603947141743,-0.008052941427093896,3017.50466750743,0.052001676745151215,2829.492495992223,-0.0130591826481955,3024.399922772755,-0.011881730173360139,3037.8251764106476,2976.359473193116,0.017410004934745652,0.017410004934745652,0.545204901314004,2.092283322147925
2022-09-26,3117.0496627687176,7417,132976.5323313981,1600.716486316899,14292,137729.5207579109,96.58407630773766,44.8939075392952,0.0028461675123847563,3108.20319581091,0.02835160783945656,3022.510172703648,0.004009005763875972,3010.441296195391,-0.00043798255701166244,3036.2108226291152,0.0061992133179158415,2875.5065386935566,0.01626229536445467,3025.9922851873607,0.000526505242450126,3053.992944438568,2980.9123420721835,0.017410835765434323,0.017410835765434323,0.529860475248101,1.523181904469965
2022-09-27,2962.9772761068857,12733,141921.89945811272,1595.446407704846,10823,139796.99748232448,96.47991754447554,44.904851765979465,-0.04942891622874468,3117.0496627687176,0.0028461675123847563,3108.20319581091,0.02835160783945656,3022.510172703648,0.004009005763875972,3011.7603947141743,-0.008052941427093896,2898.0488091448674,0.007839408517412938,3012.738776378932,-0.004379888499156603,3044.23632071711,2978.424267058582,0.02081074625028935,0.02081074625028935,0.5041356074474733,0.11361314389739274
2022-09-28,2880.6560023268075,14834,148779.41812235222,1569.2547568851649,15081,142719.06521270383,96.5903854660158,44.29536589538056,-0.02778329568839677,2962.9772761068857,-0.04942891622874468,3117.0496627687176,0.0028461675123847563,3108.20319581091,0.02835160783945656,3010.441296195391,-0.00043798255701166244,2893.8753563690266,-0.0014400905749659687,3033.209163182972,0.006794610593037875,3018.279261943394,2970.796609015774,0.021583724204526675,0.021583724204526675,0.41906938799887805,-0.28520951904962155
2022-09-29,2969.393578537128,10918,139202.97900448,1500.3657211170812,5378,154607.59426714457,96.54915177879532,44.35888003063174,0.030804641768626295,2880.6560023268075,-0.02778329568839677,2962.9772761068857,-0.04942891622874468,3117.0496627687176,0.0028461675123847563,3022.510172703648,0.004009005763875972,2868.345872644863,-0.008821901630274631,3007.3689497763635,-0.008519100403709956,3007.6559431100895,2968.8978404538116,0.02275218101776384,0.02275218101776384,0.40453710997708353,1.5441500754274584
2022-09-30,3119.371506596801,19651,130743.8802636024,1492.0089797997746,5887,157030.26811922644,96.40746756953564,44.58752480321934,0.050507931701515796,2969.393578537128,0.030804641768626295,2880.6560023268075,-0.02778329568839677,2962.9772761068857,-0.04942891622874468,3108.20319581091,0.02835160783945656,3017.50466750743,0.052001676745151215,3004.5759326545312,-0.0009287244659621496,3009.889605267268,2974.6376191509253,0.025436738011290722,0.025436738011290722,0.38359941338955705,1.9100936334951883
2022-10-03,3055.477185871668,9683,135348.15548388366,1567.9277966499276,9815,146902.82583792266,96.45184884047394,44.50350421515508,-0.020483075064964162,3119.371506596801,0.050507931701515796,2969.393578537128,0.030804641768626295,2880.6560023268075,-0.02778329568839677,3117.0496627687176,0.0028461675123847563,3036.2108226291152,0.0061992133179158415,3022.2932149697845,0.0058967663698217265,2997.575109887858,2976.2968176960194,0.025913483509793642,0.025913483509793642,0.3761847488714097,0.7281850249537779
2022-10-04,3070.3017408923783,15297,133166.72528341846,1556.0935021885457,16536,150919.54164031774,96.4981858210772,45.04846231399711,0.004851796992384028,3055.477185871668,-0.020483075064964162,3119.371506596801,0.050507931701515796,2969.393578537128,0.030804641768626295,2962.9772761068857,-0.04942891622874468,3011.7603947141743,-0.008052941427093896,3010.1582115689484,-0.004015164161018436,3019.0400028449567,2979.303994162191,0.02590147062972058,0.02590147062972058,0.37424852704014167,1.132150543861162
2022-10-05,3151.583316972389,18158,126397.7574464382,1542.784973778888,16491,151925.67829656426,96.34511429535154,44.784090779766295,0.026473481416320555,3070.3017408923783,0.004851796992384028,3055.477185871668,-0.020483075064964162,3119.371506596801,0.050507931701515796,2880.6560023268075,-0.02778329568839677,3010.441296195391,-0.00043798255701166244,2972.021019351956,-0.012669497593322365,3073.2254657740727,2988.2821090432126,0.02626609565100499,0.02626609565100499,0.39600096582435534,1.6189402941931168
2022-10-06,3181.5255867830037,15595,125809.32194617184,1574.7359168439054,10212,146784.1503344985,96.3680624668979,44.84932290435727,0.009500707041240064,3151.583316972389,0.026473481416320555,3070.3017408923783,0.004851796992384028,3055.477185871668,-0.020483075064964162,2969.393578537128,0.030804641768626295,3022.510172703648,0.004009005763875972,2866.9322883862687,-0.03535934984356259,3115.651867423248,3004.011773963049,0.024660599041613707,0.024660599041613707,0.42555728342280064,1.095053909272106
2022-10-07,3066.3896634470548,10439,133775.2465152951,1563.4402447989607,6145,146541.55125918234,96.44162077614074,44.83857548035749,-0.03618890378070749,3181.5255867830037,0.009500707041240064,3151.583316972389,0.026473481416320555,3070.3017408923783,0.004851796992384028,3119.371506596801,0.050507931701515796,3108.20319581091,0.02835160783945656,2829.492495992223,-0.0130591826481955,3105.055498793299,3015.856632335791,0.0260786816330033,0.0260786816330033,0.4160995775572724,0.18394670155661813
2022-10-10,3034.247972094643,6646,132126.79190745953,1535.7143995238775,14454,147340.8903534806,96.47905942131136,44.80848618012446,-0.010481933113575592,3066.3896634470548,-0.03618890378070749,3181.5255867830037,0.009500707041240064,3151.583316972389,0.026473481416320555,3055.477185871668,-0.020483075064964162,3117.0496627687176,0.0028461675123847563,2875.5065386935566,0.01626229536445467,3100.8096560378935,3023.793704005845,0.026121381447549472,0.026121381447549472,0.37704131276412917,0.7252718888282528
2022-10-11,2935.277408888094,8193,137503.34861641392,1550.511669335775,12139,143055.20851667097,96.5422575696875,44.774189529723046,-0.03261782297187332,3034.247972094643,-0.010481933113575592,3066.3896634470548,-0.03618890378070749,3181.5255867830037,0.009500707041240064,3070.3017408923783,0.004851796992384028,2962.9772761068857,-0.04942891622874468,2898.0488091448674,0.007839408517412938,3073.804789637037,3025.6551339930065,0.02726927464076421,0.02726927464076421,0.3116667420427765,0.0033311655998635725
2022-10-12,2855.4830423719377,13642,141286.10389096156,1573.7005418216334,13230,142504.45824167688,96.40183065987844,44.80632103872588,-0.02718460826719038,2935.277408888094,-0.03261782297187332,3034.247972094643,-0.010481933113575592,3066.3896634470548,-0.03618890378070749,3151.583316972389,0.026473481416320555,2880.6560023268075,-0.02778329568839677,2893.8753563690266,-0.0014400905749659687,3014.5847347169465,3023.7355182931524,0.02798819465937414,0.02798819465937414,0.25136257592521677,-0.21646241967379462
2022-10-13,2806.2055867277845,9768,144734.29432895908,1585.861267137808,12806,140198.19997929188,96.43493467537805,45.06070866176499,-0.017257134751961334,2855.4830423719377,-0.02718460826719038,2935.277408888094,-0.03261782297187332,3034.247972094643,-0.010481933113575592,3181.5255867830037,0.009500707041240064,2969.393578537128,0.030804641768626295,2868.345872644863,-0.008821901630274631,2939.5207347059027,3020.628503997298,0.028186279249974355,0.028186279249974355,0.23396081094799123,-0.5365160294202941
2022-10-14,2803.9271012629547,7203,143729.76920099885,1583.6731520827716,6819,140517.11297820506,96.404672699431,45.47402953264742,-0.0008119453099253438,2806.2055867277845,-0.017257134751961334,2855.4830423719377,-0.02718460826719038,2935.277408888094,-0.03261782297187332,3066.3896634470548,-0.03618890378070749,3119.371506596801,0.050507931701515796,3017.50466750743,0.052001676745151215,2887.0282222690826,3009.9496256850744,0.025314844986077546,0.025314844986077546,0.24245611688327093,-0.29767035580212786
2022-10-17,2756.5475003131264,18061,148142.019050858,1571.0282323194028,15333,143672.30249858132,96.35639368355854,45.473354459296175,-0.016897586577228507,2803.9271012629547,-0.0008119453099253438,2806.2055867277845,-0.017257134751961334,2855.4830423719377,-0.02718460826719038,3034.247972094643,-0.010481933113575592,3055.477185871668,-0.020483075064964162,3036.2108226291152,0.0061992133179158415,2831.4881279127794,2995.966459569275,0.025382585908855473,0.025382585908855473,0.2760755286301273,-0.8475821584554266
2022-10-18,2770.966286782164,15659,146123.2113782308,1540.891243973661,12775,147278.47184968868,96.44344924450051,45.717949280947664,0.005230741159874652,2756.5475003131264,-0.016897586577228507,2803.9271012629547,-0.0008119453099253438,2806.2055867277845,-0.017257134751961334,2935.277408888094,-0.03261782297187332,3070.3017408923783,0.004851796992384028,3011.7603947141743,-0.008052941427093896,2798.625903491594,2983.9267541726745,0.02545879210550303,0.02545879210550303,0.3127647630106492,-0.3555446937040648
2022-10-19,2795.817202239207,14286,143868.34231551143,1522.3684168051911,8520,147765.0127989201,96.59137669556792,45.50741919706763,0.008968321114401379,2770.966286782164,0.005230741159874652,2756.5475003131264,-0.016897586577228507,2803.9271012629547,-0.0008119453099253438,2855.4830423719377,-0.02718460826719038,3151.583316972389,0.026473481416320555,3010.441296195391,-0.00043798255701166244,2786.692735465047,2973.195549474865,0.02561156469211702,0.02561156469211702,0.35180134475634034,-0.19048675407637805
2022-10-20,2847.768864768874,12174,142746.0715793721,1518.8356850854718,7843,146573.63569660392,96.77081370102796,45.73720583288549,0.01858192391407365,2795.817202239207,0.008968321114401379,2770.966286782164,0.005230741159874652,2756.5475003131264,-0.016897586577228507,2806.2055867277845,-0.017257134751961334,3181.5255867830037,0.009500707041240064,3022.510172703648,0.004009005763875972,2795.0053910732654,2964.4584840781267,0.026036603276623504,0.026036603276623504,0.37260526522179355,-0.1836042104992084
2022-10-21,2797.2252546194136,15704,145939.2484505342,1552.7464156992658,16182,141246.1534353743,96.90229448817855,45.5086083757374,-0.017748494540677062,2847.768864768874,0.01858192391407365,2795.817202239207,0.008968321114401379,2770.966286782164,0.005230741159874652,2803.9271012629547,-0.0008119453099253438,3066.3896634470548,-0.03618890378070749,3108.20319581091,0.02835160783945656,2793.665021744557,2948.909587018552,0.025173828144096782,0.025173828144096782,0.4115686299222558,-0.684223416645707
2022-10-24,2752.3181674940715,5859,148245.80516495128,1519.2123764235646,5962,147689.89520684772,96.89132107001554,45.83580635656384,-0.016054154756103833,2797.2252546194136,-0.017748494540677062,2847.768864768874,0.01858192391407365,2795.817202239207,0.008968321114401379,2756.5475003131264,-0.016897586577228507,3034.247972094643,-0.010481933113575592,3117.0496627687176,0.0028461675123847563,2792.819155180746,2930.6730122548192,0.025220239084667508,0.025220239084667508,0.4546795256899437,-0.7687347016720011
2022-10-25,2683.360488025477,8226,153398.18269049173,1491.3583569223406,6333,150320.75268090703,96.92659308631818,46.498998619781815,-0.025054399699500962,2752.3181674940715,-0.016054154756103833,2797.2252546194136,-0.017748494540677062,2847.768864768874,0.01858192391407365,2770.966286782164,0.005230741159874652,2935.277408888094,-0.03261782297187332,2962.9772761068857,-0.04942891622874468,2775.2979954294087,2916.6921728507486,0.023539006849622936,0.023539006849622936,0.5101710922143721,-1.3867992040968498
2022-10-26,2679.867212293056,8285,151077.1469928324,1501.551437232655,6200,147800.82638499292,97.0032753734966,46.4623734533904,-0.0013018287136632445,2683.360488025477,-0.025054399699500962,2752.3181674940715,-0.016054154756103833,2797.2252546194136,-0.017748494540677062,2795.817202239207,0.008968321114401379,2855.4830423719377,-0.02718460826719038,2880.6560023268075,-0.02778329568839677,2752.1079974401787,2906.6527333490612,0.02290749636499978,0.02290749636499978,0.569527574407222,-0.9574208278450451
2022-10-27,2642.988260070243,15084,150672.42282432492,1536.7699235758423,9176,144164.87607056496,97.01539316842654,45.80461040614817,-0.013761484917477418,2679.867212293056,-0.0013018287136632445,2683.360488025477,-0.025054399699500962,2752.3181674940715,-0.016054154756103833,2847.768864768874,0.01858192391407365,2806.2055867277845,-0.017257134751961334,2969.393578537128,0.030804641768626295,2711.1518765004525,2890.332467425717,0.021535947168715805,0.021535947168715805,0.6340818997016093,-1.1228730214282234
2022-10-28,2586.317058834385,10852,154936.4924918256,1489.6577233039077,6772,150390.8492855058,97.0284695872177,45.640188526174725,-0.02144209344098713,2642.988260070243,-0.013761484917477418,2679.867212293056,-0.0013018287136632445,2683.360488025477,-0.025054399699500962,2797.2252546194136,-0.017748494540677062,2803.9271012629547,-0.0008119453099253438,3119.371506596801,0.050507931701515796,2668.9702373434466,2863.679745037596,0.017256773914549058,0.017256773914549058,0.6946082311581978,-1.594358887260168
2022-10-31,2593.388781632597,7040,153199.53630512708,1478.3490338546374,15804,152012.15330843057,97.11084490040533,46.00975106646152,0.00273428301223011,2586.317058834385,-0.02144209344098713,2642.988260070243,-0.013761484917477418,2679.867212293056,-0.0013018287136632445,2752.3181674940715,-0.016054154756103833,2756.5475003131264,-0.016897586577228507,3055.477185871668,-0.020483075064964162,2637.1843601711516,2840.575324825643,0.01723758021810742,0.01723758021810742,0.7457326308044523,-0.8492750883386971
2022-11-01,2538.477642929872,7173,154579.3198461,1526.0147919379342,12777,145981.53589406787,97.10491663580272,46.17567410256909,-0.02117350822662112,2593.388781632597,0.00273428301223011,2586.317058834385,-0.02144209344098713,2642.988260070243,-0.013761484917477418,2683.360488025477,-0.025054399699500962,2770.966286782164,0.005230741159874652,3070.3017408923783,0.004851796992384028,2608.207791152031,2813.984119927517,0.017196780528257745,0.017196780528257745,0.7959395606455866,-1.0401775249799217
2022-11-02,2485.6546407155583,17829,160573.45485769765,1484.6556818295471,10311,154818.3923818693,97.03198794216536,46.2503481821716,-0.020808929462678427,2538.477642929872,-0.02117350822662112,2593.388781632597,0.00273428301223011,2586.317058834385,-0.02144209344098713,2679.867212293056,-0.0013018287136632445,2795.817202239207,0.008968321114401379,3151.583316972389,0.026473481416320555,2569.365276836531,2780.687686114676,0.015144024535930134,0.015144024535930134,0.8345042208069012,-1.68452813380664
2022-11-03,2622.200102601691,9988,150873.6394379784,1504.5499539925434,8106,151403.1272979276,96.99054063558177,46.55294868895805,0.054933400501215424,2485.6546407155583,-0.020808929462678427,2538.477642929872,-0.02117350822662112,2593.388781632597,0.00273428301223011,2642.988260070243,-0.013761484917477418,2847.768864768874,0.01858192391407365,3181.5255867830037,0.009500707041240064,2565.207645342821,2752.7214119056102,0.020829851477595397,0.020829851477595397,0.8388244260150317,0.3286304648155703
2022-11-04,2525.609036627613,9748,158699.17198125328,1488.8046664454298,5513,152541.80682504707,97.05393167335517,46.69828472073257,-0.03683588673428939,2622.200102601691,0.054933400501215424,2485.6546407155583,-0.020808929462678427,2538.477642929872,-0.02117350822662112,2586.317058834385,-0.02144209344098713,2797.2252546194136,-0.017748494540677062,3066.3896634470548,-0.03618890378070749,2553.0660409014663,2725.682380564638,0.020874072782268556,0.020874072782268556,0.8532493923086517,-1.414040549429262
2022-11-07,2552.203451977292,19988,155456.5964415482,1456.298516989062,7955,160455.89490641237,97.05423100247512,47.06360227696791,0.01052990188267211,2525.609036627613,-0.03683588673428939,2622.200102601691,0.054933400501215424,2485.6546407155583,-0.020808929462678427,2593.388781632597,0.00273428301223011,2752.3181674940715,-0.016054154756103833,3034.247972094643,-0.010481933113575592,2544.8289749704054,2701.58015455877,0.02134285617749896,0.02134285617749896,0.8595414852721821,-0.3353307728003073
2022-11-08,2564.65180315852,11770,154041.62935247328,1461.1758202715844,19935,157860.50643475106,97.08825200016196,47.33942937996201,0.004877491710774118,2552.203451977292,0.01052990188267211,2525.609036627613,-0.03683588673428939,2622.200102601691,0.054933400501215424,2538.477642929872,-0.02117350822662112,2683.360488025477,-0.025054399699500962,2935.277408888094,-0.03261782297187332,2550.063807016135,2683.048874272292,0.020741794834051648,0.020741794834051648,0.8587962014791309,-0.3413439299863335
2022-11-09,2630.447508621011,8296,147731.63057412728,1510.0899290575164,12532,147618.4125933584,97.1552599243822,47.795939515783104,0.025654829782919997,2564.65180315852,0.004877491710774118,2552.203451977292,0.01052990188267211,2525.609036627613,-0.03683588673428939,2485.6546407155583,-0.020808929462678427,2679.867212293056,-0.0013018287136632445,2855.4830423719377,-0.02718460826719038,2579.0223805972255,2671.7970975847456,0.021328525339348044,0.021328525339348044,0.846042120872878,0.644782341878307
2022-11-10,2654.485257360437,14406,147653.40608403867,1581.3001447818524,15052,139908.36091217285,97.11777577809244,47.90357834095498,0.009138273491732907,2630.447508621011,0.025654829782919997,2564.65180315852,0.004877491710774118,2552.203451977292,0.01052990188267211,2622.200102601691,0.054933400501215424,2642.988260070243,-0.013761484917477418,2806.2055867277845,-0.017257134751961334,2585.4794115489744,2664.2110811163784,0.021273905671037645,0.021273905671037645,0.8315261457696195,0.22925741975086245
2022-11-11,2678.1193336630813,13607,143028.91988584166,1598.673703429282,8786,136834.0804996497,97.1934005944554,48.175156161403166,0.008903449825954368,2654.485257360437,0.009138273491732907,2630.447508621011,0.025654829782919997,2564.65180315852,0.004877491710774118,2525.609036627613,-0.03683588673428939,2586.317058834385,-0.02144209344098713,2803.9271012629547,-0.0008119453099253438,2615.9814709560683,2657.920692736385,0.021426345936798447,0.021426345936798447,0.8215020668031767,1.025280460672704
2022-11-14,2573.392642544021,7565,151467.06069417924,1567.5059014040548,19716,140807.2529215928,97.23128485480126,48.08301803947742,-0.03910456483498714,2678.1193336630813,0.008903449825954368,2654.485257360437,0.009138273491732907,2630.447508621011,0.025654829782919997,2552.203451977292,0.01052990188267211,2593.388781632597,0.00273428301223011,2756.5475003131264,-0.016897586577228507,2620.219309069414,2648.762949847929,0.02276821725709755,0.02276821725709755,0.8218968156165312,-0.5406771060581769
2022-11-15,2589.628178937061,5066,150229.2987359521,1573.043229913071,8730,140345.74611110945,97.1078035461101,47.902579796009725,0.006309000859266334,2573.392642544021,-0.03910456483498714,2678.1193336630813,0.008903449825954368,2654.485257360437,0.009138273491732907,2564.65180315852,0.004877491710774118,2538.477642929872,-0.02117350822662112,2770.966286782164,0.005230741159874652,2625.214584225122,2639.6960444556744,0.022790463580579876,0.022790463580579876,0.8218978459840678,0.2390835375697839
2022-11-16,2519.693283562258,14249,153368.5989912405,1503.298467457986,17309,146990.45947262895,97.25203402522872,48.41461008813542,-0.027005767060933272,2589.628178937061,0.006309000859266334,2573.392642544021,-0.03910456483498714,2678.1193336630813,0.008903449825954368,2630.447508621011,0.025654829782919997,2485.6546407155583,-0.020808929462678427,2795.817202239207,0.008968321114401379,2603.0637392133713,2625.8898485218265,0.023201043027825153,0.023201043027825153,0.8151653377865639,-0.28522192790526985
2022-11-17,2534.948898873724,19216,153362.84619791614,1506.7728533502373,18864,147536.06269401024,97.20195955085303,48.47947149103223,0.006054552516764344,2519.693283562258,-0.027005767060933272,2589.628178937061,0.006309000859266334,2573.392642544021,-0.03910456483498714,2654.485257360437,0.009138273491732907,2622.200102601691,0.054933400501215424,2847.768864768874,0.01858192391407365,2579.156467516029,2610.248850227069,0.022696448661713907,0.022696448661713907,0.8106849929326604,-0.01719134345546504
2022-11-18,2439.78012640583,8297,160159.74020853138,1549.6369519077805,7762,139439.4047919279,97.03645001653452,48.72093566079094,-0.03754267887221607,2534.948898873724,0.006054552516764344,2519.693283562258,-0.027005767060933272,2589.628178937061,0.006309000859266334,2678.1193336630813,0.008903449825954368,2525.609036627613,-0.03683588673428939,2797.2252546194136,-0.017748494540677062,2531.4886260645785,2592.3765938163897,0.023666849958902742,0.023666849958902742,0.7968566976066969,-1.0447064708463463
2022-11-21,2512.676507103603,17647,157821.7971729686,1605.891118507142,6141,133935.5217989242,96.9319456455759,48.75805766511436,0.029878258253197787,2439.78012640583,-0.03754267887221607,2534.948898873724,0.006054552516764344,2519.693283562258,-0.027005767060933272,2573.392642544021,-0.03910456483498714,2552.203451977292,0.01052990188267211,2752.3181674940715,-0.016054154756103833,2519.3453989764953,2580.394510796866,0.024892660642777825,0.024892660642777825,0.790346108782432,-0.13265157428517924
2022-11-22,2558.233931237455,12245,156466.1731267996,1628.2199737941787,19131,133562.9433387237,96.82984112950804,48.58210296983837,0.01813103437909991,2512.676507103603,0.029878258253197787,2439.78012640583,-0.03754267887221607,2534.948898873724,0.006054552516764344,2589.628178937061,0.006309000859266334,2564.65180315852,0.004877491710774118,2683.360488025477,-0.025054399699500962,2513.066549436574,2574.1381829574657,0.02486612738309376,0.02486612738309376,0.7753278991796797,-0.06839956646235407
2022-11-23,2579.8249782470134,6153,154603.78777707936,1610.9592043034422,15424,134441.89289648362,96.8350584613738,48.58539783761309,0.008439825125419409,2558.233931237455,0.01813103437909991,2512.676507103603,0.029878258253197787,2439.78012640583,-0.03754267887221607,2519.693283562258,-0.027005767060933272,2630.447508621011,0.025654829782919997,2679.867212293056,-0.0013018287136632445,2525.092888373525,2569.136071255163,0.02497757307149862,0.02497757307149862,0.765462679792075,0.19321424707297982
2022-11-24,2406.2984811783417,17278,167259.42109398008,1673.7038887894985,14640,128962.6226872665,96.8076734108192,49.016196042943406,-0.06726289516995942,2579.8249782470134,0.008439825125419409,2558.233931237455,0.01813103437909991,2512.676507103603,0.029878258253197787,2534.948898873724,0.006054552516764344,2654.485257360437,0.009138273491732907,2642.988260070243,-0.013761484917477418,2499.3628048344485,2557.3015823105684,0.02890439160582548,0.02890439160582548,0.7499993172909412,-1.4419836590455528
2022-11-25,2457.1857633675013,7461,161494.8379524102,1671.3612796138868,6415,129786.1960017976,96.77399021405512,49.18276806522723,0.0211475353482502,2406.2984811783417,-0.06726289516995942,2579.8249782470134,0.008439825125419409,2558.233931237455,0.01813103437909991,2439.78012640583,-0.03754267887221607,2678.1193336630813,0.008903449825954368,2586.317058834385,-0.02144209344098713,2502.843932226783,2550.8450175372245,0.02914131407153751,0.02914131407153751,0.7409776399043614,0.10684814856268332
2022-11-28,2433.241778534372,10339,161888.3360001755,1755.2013726266746,18114,123600.07788679138,96.83596041060338,48.66932611730809,-0.009744474833809469,2457.1857633675013,0.0211475353482502,2406.2984811783417,-0.06726289516995942,2579.8249782470134,0.008439825125419409,2512.676507103603,0.029878258253197787,2573.392642544021,-0.03910456483498714,2593.388781632597,0.00273428301223011,2486.9569865129365,2542.8376673823127,0.0291648115309556,0.0291648115309556,0.7367055011534667,-0.24341109668468064
2022-11-29,2529.090352017283,13833,154522.96327923858,1782.336560128769,17158,120802.11119855595,96.86994794672265,48.60475278033525,0.03939130682715963,2433.241778534372,-0.009744474833809469,2457.1857633675013,0.0211475353482502,2406.2984811783417,-0.06726289516995942,2558.233931237455,0.01813103437909991,2589.628178937061,0.006309000859266334,2538.477642929872,-0.02117350822662112,2481.1282706689026,2542.3683028366836,0.0302768903803388,0.0302768903803388,0.73530263137088,0.8026678819868056
2022-11-30,2569.4872676308705,12701,148418.10228641843,1889.1569031712384,17243,105499.06798905984,96.90155273378709,49.13944091814666,0.015972903293615337,2529.090352017283,0.03939130682715963,2433.241778534372,-0.009744474833809469,2457.1857633675013,0.0211475353482502,2579.8249782470134,0.008439825125419409,2519.693283562258,-0.027005767060933272,2485.6546407155583,-0.020808929462678427,2479.060728545674,2546.559934182449,0.030046358933419302,0.030046358933419302,0.7135660903820997,1.1562939768533889
2022-12-01,2589.6826823451893,7373,148805.19481953172,1885.6193249570135,5349,102661.18463623224,96.94253557951994,49.07530185959168,0.007859706085618923,2569.4872676308705,0.015972903293615337,2529.090352017283,0.03939130682715963,2433.241778534372,-0.009744474833809469,2406.2984811783417,-0.06726289516995942,2534.948898873724,0.006054552516764344,2622.200102601691,0.054933400501215424,2515.737568779043,2544.934063169624,0.027418075318924533,0.027418075318924533,0.666734522720169,0.639337041010646
2022-12-02,2662.191734921004,8169,144614.8209214446,1840.7501851392465,6484,109646.25698302472,97.00414904632017,48.53515825207143,0.027999203558851216,2589.6826823451893,0.007859706085618923,2569.4872676308705,0.015972903293615337,2529.090352017283,0.03939130682715963,2457.1857633675013,0.0211475353482502,2439.78012640583,-0.03754267887221607,2525.609036627613,-0.03683588673428939,2556.7387630897438,2551.7631980842934,0.026689172879667242,0.026689172879667242,0.6073833726459843,1.0251577659085631
2022-12-05,2727.09571065937,9779,139525.6255881982,1854.310515645044,18094,107632.45429057756,96.79335371214242,49.103072917698185,0.024379902802264652,2662.191734921004,0.027999203558851216,2589.6826823451893,0.007859706085618923,2569.4872676308705,0.015972903293615337,2433.241778534372,-0.009744474833809469,2512.676507103603,0.029878258253197787,2552.203451977292,0.01052990188267211,2615.5095495147434,2560.5078110183977,0.02707227507849879,0.02707227507849879,0.5609037325726606,1.3104655659656277
2022-12-06,2746.874290710043,18292,139680.01161187602,1902.7851792676984,19564,103572.92061538616,96.75690988691598,49.30779067064202,0.007252616757587482,2727.09571065937,0.024379902802264652,2662.191734921004,0.027999203558851216,2589.6826823451893,0.007859706085618923,2529.090352017283,0.03939130682715963,2558.233931237455,0.01813103437909991,2564.65180315852,0.004877491710774118,2659.0663372532954,2569.6189353959735,0.027083040200147034,0.027083040200147034,0.5362274306603114,0.8652588167438084
2022-12-07,2622.962139870947,16802,153401.00940976304,1893.769394830195,11970,102734.98253243694,96.53888888046704,49.28678681299819,-0.045110237209678106,2746.874290710043,0.007252616757587482,2727.09571065937,0.024379902802264652,2662.191734921004,0.027999203558851216,2569.4872676308705,0.015972903293615337,2579.8249782470134,0.008439825125419409,2630.447508621011,0.025654829782919997,2669.7613117013107,2569.24466695847,0.028653534779887888,0.028653534779887888,0.5166231974337672,-0.4056255993540687
2022-12-08,2623.3373081197724,13357,153932.62100920454,1912.085037384105,13256,100091.25062483366,96.5424948731468,49.175361492173565,0.00014303227756240489,2622.962139870947,-0.045110237209678106,2746.874290710043,0.007252616757587482,2727.09571065937,0.024379902802264652,2589.6826823451893,0.007859706085618923,2406.2984811783417,-0.06726289516995942,2654.485257360437,0.009138273491732907,2676.492236856227,2567.687269496437,0.028577243969650962,0.028577243969650962,0.5097861683928883,0.21304402225971156
2022-12-09,2687.328020457995,15359,152453.61162043837,1893.673128235624,13777,98046.91279293728,96.54203157592436,49.50006707111109,0.024392864821522586,2623.3373081197724,0.00014303227756240489,2622.962139870947,-0.045110237209678106,2746.874290710043,0.007252616757587482,2662.191734921004,0.027999203558851216,2457.1857633675013,0.0211475353482502,2678.1193336630813,0.008903449825954368,2681.5194939636253,2568.1477038361827,0.029042905315696626,0.029042905315696626,0.5430604811454068,0.39904694405422453
2022-12-12,2609.7114858235223,13519,157619.12901690992,1944.1192473841895,10573,93977.75053884702,96.64658480340334,49.33747205104323,-0.028882419281753613,2687.328020457995,0.024392864821522586,2623.3373081197724,0.00014303227756240489,2622.962139870947,-0.045110237209678106,2727.09571065937,0.024379902802264652,2433.241778534372,-0.009744474833809469,2573.392642544021,-0.03910456483498714,2658.042648996456,2569.963646000158,0.02839039939610484,0.02839039939610484,0.5656118510935266,-0.3971987670906719
2022-12-13,2570.1127053789983,14591,159365.78406860877,1890.649844869536,16601,101577.11894767622,96.76534824267546,49.681948978398026,-0.015173623850618156,2609.7114858235223,-0.028882419281753613,2687.328020457995,0.024392864821522586,2623.3373081197724,0.00014303227756240489,2746.874290710043,0.007252616757587482,2529.090352017283,0.03939130682715963,2589.628178937061,0.006309000859266334,2622.6903319302464,2568.9878723222546,0.02858825682536314,0.02858825682536314,0.5817886614111616,-0.3136298967502556
2022-12-14,2551.196351648858,11048,162747.57634449453,1850.4537626536164,17355,104732.59150370998,96.78562574750067,49.84460756411531,-0.007360126149545954,2570.1127053789983,-0.015173623850618156,2609.7114858235223,-0.028882419281753613,2687.328020457995,0.024392864821522586,2622.962139870947,-0.045110237209678106,2569.4872676308705,0.015972903293615337,2519.693283562258,-0.027005767060933272,2608.3371742858294,2570.563025726585,0.02794111538559423,0.02794111538559423,0.6016110991215335,-0.5956698180370505
2022-12-15,2608.912148159356,5629,154264.58752099657,1829.496281571238,17069,108409.60344789908,96.735589639761,49.91801214176151,0.022623031925079307,2551.196351648858,-0.007360126149545954,2570.1127053789983,-0.015173623850618156,2609.7114858235223,-0.028882419281753613,2623.3373081197724,0.00014303227756240489,2589.6826823451893,0.007859706085618923,2534.948898873724,0.006054552516764344,2605.452142293746,2574.261188190866,0.028341665248098055,0.028341665248098055,0.633966750235354,0.6952993746726105
2022-12-16,2607.323204438223,17491,156262.97406722885,1815.1775388554693,5709,108893.3593620105,96.78410575101556,49.96166658336219,-0.0006090445484161489,2608.912148159356,0.022623031925079307,2551.196351648858,-0.007360126149545954,2570.1127053789983,-0.015173623850618156,2687.328020457995,0.024392864821522586,2662.191734921004,0.027999203558851216,2439.78012640583,-0.03754267887221607,2589.4511790897914,2582.638342092486,0.026802913386158585,0.026802913386158585,0.6628250995551678,-0.09853291532317257
2022-12-19,2551.5913747020622,8186,160473.72920798493,1875.014678024978,16748,103387.2192692162,96.73131398728314,49.909176172347934,-0.02137511361893807,2607.323204438223,-0.0006090445484161489,2608.912148159356,0.022623031925079307,2551.196351648858,-0.007360126149545954,2609.7114858235223,-0.028882419281753613,2727.09571065937,0.024379902802264652,2512.676507103603,0.029878258253197787,2577.827156865499,2584.5840854724092,0.026615109715319024,0.026615109715319024,0.6874529437887839,-0.4565962912065122
2022-12-20,2586.1134075808504,14205,156702.47424828616,1857.028544430169,18435,104805.10888438026,96.7311747221388,50.22286820841072,0.013529608706573937,2551.5913747020622,-0.02137511361893807,2607.323204438223,-0.0006090445484161489,2608.912148159356,0.022623031925079307,2570.1127053789983,-0.015173623850618156,2746.874290710043,0.007252616757587482,2558.233931237455,0.01813103437909991,2581.02729730587,2585.9780592895786,0.026479780336245526,0.026479780336245526,0.7179254139731025,0.21954142576760768
2022-12-21,2509.4701399220094,6794,162734.58520840813,1936.0724683502729,6630,94928.26398716724,96.82978835383489,49.96326535878016,-0.029636468158809826,2586.1134075808504,0.013529608706573937,2551.5913747020622,-0.02137511361893807,2607.323204438223,-0.0006090445484161489,2551.196351648858,-0.007360126149545954,2622.962139870947,-0.045110237209678106,2579.8249782470134,0.008439825125419409,2572.6820549605,2582.4603173733285,0.02726484340162004,0.02726484340162004,0.7859020900521922,-0.5292089188001603
2022-12-22,2523.292839498564,11165,161728.285073333,1987.20101822918,17634,91056.63051594912,96.77401121923594,49.4766878207311,0.005508214406163114,2509.4701399220094,-0.029636468158809826,2586.1134075808504,0.013529608706573937,2551.5913747020622,-0.02137511361893807,2608.912148159356,0.022623031925079307,2623.3373081197724,0.00014303227756240489,2406.2984811783417,-0.06726289516995942,2555.5581932283417,2588.3100352893393,0.022377423934678037,0.022377423934678037,0.8116416763038632,-0.7013310364671328
2022-12-23,2530.994127089157,13453,163495.77101254993,2034.8878306385236,13660,83034.93442496641,96.8545790831602,49.661019857598845,0.003052078407246306,2523.292839498564,0.005508214406163114,2509.4701399220094,-0.029636468158809826,2586.1134075808504,0.013529608706573937,2607.323204438223,-0.0006090445484161489,2687.328020457995,0.024392864821522586,2457.1857633675013,0.0211475353482502,2540.292377758529,2592.0004534754225,0.0219504370714797,0.0219504370714797,0.7916701019676559,-1.0092243998786692
2022-12-26,2528.988758179645,13433,165202.88454132222,1995.850977425149,12670,91108.35725758654,96.92231922002942,49.85039135601899,-0.000792324600064509,2530.994127089157,0.003052078407246306,2523.292839498564,0.005508214406163114,2509.4701399220094,-0.029636468158809826,2551.5913747020622,-0.02137511361893807,2609.7114858235223,-0.028882419281753613,2433.241778534372,-0.009744474833809469,2535.771854454045,2596.7878024576858,0.021795279602381982,0.021795279602381982,0.7843012890448606,-1.0522268898784723
2022-12-27,2641.736694314367,16198,156536.23970103313,1995.0844988086385,11488,88526.03283336619,96.82684003831636,49.99446370177252,0.044582221162531965,2528.988758179645,-0.000792324600064509,2530.994127089157,0.003052078407246306,2523.292839498564,0.005508214406163114,2586.1134075808504,0.013529608706573937,2570.1127053789983,-0.015173623850618156,2529.090352017283,0.03939130682715963,2546.896511800748,2602.4201195725404,0.02228735246315907,0.02228735246315907,0.7466733088594367,0.19825893351602633
2022-12-28,2612.572969048248,19215,158237.70649185195,1916.0248325841476,13552,93019.11682181382,96.92422945113807,50.11678221265792,-0.011039603352175908,2641.736694314367,0.044582221162531965,2528.988758179645,-0.000792324600064509,2530.994127089157,0.003052078407246306,2509.4701399220094,-0.029636468158809826,2551.196351648858,-0.007360126149545954,2569.4872676308705,0.015972903293615337,2567.517077625996,2604.5744046434093,0.02224111022030167,0.02224111022030167,0.6845945222067731,-0.5369849038973686
2022-12-29,2592.520301155813,12223,157801.32350600563,1941.6300908379887,14590,91373.85864140566,96.99408608567524,50.02062009915666,-0.007675447970259097,2612.572969048248,-0.011039603352175908,2641.736694314367,0.044582221162531965,2528.988758179645,-0.000792324600064509,2523.292839498564,0.005508214406163114,2608.912148159356,0.022623031925079307,2589.6826823451893,0.007859706085618923,2581.362569957446,2604.7162855839406,0.02226266718234328,0.02226266718234328,0.6167583225551635,-0.3360625937139101
2022-12-30,2613.117988859817,10688,156532.5051397555,1981.662079836101,5039,85663.41758927578,97.0042786744125,50.25686491047232,0.007945043938449192,2592.520301155813,-0.007675447970259097,2612.572969048248,-0.011039603352175908,2641.736694314367,0.044582221162531965,2530.994127089157,0.003052078407246306,2607.323204438223,-0.0006090445484161489,2662.191734921004,0.027999203558851216,2597.7873423115784,2602.262598280881,0.021383230885284432,0.021383230885284432,0.5589332986783302,-0.19362132858543574
2023-01-02,2610.252039956815,17089,151536.23267050943,1884.6376393323196,17104,97221.3537268583,96.92804632860974,50.24319747244596,-0.0010967544960541753,2613.117988859817,0.007945043938449192,2592.520301155813,-0.007675447970259097,2612.572969048248,-0.011039603352175908,2528.988758179645,-0.000792324600064509,2551.5913747020622,-0.02137511361893807,2727.09571065937,0.024379902802264652,2614.039998667012,2596.420414745753,0.020552481455010055,0.020552481455010055,0.49730311436382796,0.5378958380288233
2023-01-03,2465.195912320852,8167,164567.05418255538,1853.9489759872004,10619,98113.16084326876,96.84212572675216,50.09706340420141,-0.05557169400329742,2610.252039956815,-0.0010967544960541753,2613.117988859817,0.007945043938449192,2592.520301155813,-0.007675447970259097,2641.736694314367,0.044582221162531965,2586.1134075808504,0.013529608706573937,2746.874290710043,0.007252616757587482,2578.7318422683093,2582.3364958262932,0.023635833466104848,0.023635833466104848,0.4224374812418913,-1.2927797920123525
2023-01-04,2561.6973866958247,6134,156590.07977115945,1828.4394669281576,8412,104256.4938901189,96.78835946906187,50.00349601052479,0.039145559950292785,2465.195912320852,-0.05557169400329742,2610.252039956815,-0.0010967544960541753,2613.117988859817,0.007945043938449192,2612.572969048248,-0.011039603352175908,2509.4701399220094,-0.029636468158809826,2622.962139870947,-0.045110237209678106,2568.5567257978246,2579.2732581675377,0.023643075272519555,0.023643075272519555,0.37075524806483334,0.5482033151863313
2023-01-05,2514.1465334544546,16648,156912.84406663128,1771.9558519827813,16489,113345.33886395034,96.84261891539109,50.60968792015753,-0.018562244505664682,2561.6973866958247,0.039145559950292785,2465.195912320852,-0.05557169400329742,2610.252039956815,-0.0010967544960541753,2592.520301155813,-0.007675447970259097,2523.292839498564,0.005508214406163114,2623.3373081197724,0.00014303227756240489,2552.8819722575527,2573.8137194342717,0.023966790068034288,0.023966790068034288,0.33141167272187294,0.07733437167401291
2023-01-06,2618.522847835999,7233,149670.38473433844,1722.879692925808,11812,117052.6842405374,96.74705639865093,50.0891950955439,0.04151560499464235,2514.1465334544546,-0.018562244505664682,2561.6973866958247,0.039145559950292785,2465.195912320852,-0.05557169400329742,2613.117988859817,0.007945043938449192,2530.994127089157,0.003052078407246306,2687.328020457995,0.024392864821522586,2553.9629440527888,2570.373460803172,0.025226297256333356,0.025226297256333356,0.2931811102764996,1.4644039081900295
2023-01-09,2706.458627998874,13553,141179.4374554887,1737.5977822200248,5813,119551.88460114274,96.79080762351292,50.23913152683264,0.033582208471294006,2618.522847835999,0.04151560499464235,2514.1465334544546,-0.018562244505664682,2561.6973866958247,0.039145559950292785,2610.252039956815,-0.0010967544960541753,2528.988758179645,-0.000792324600064509,2609.7114858235223,-0.028882419281753613,2573.2042616612007,2575.2108179119396,0.025457470801679823,0.025457470801679823,0.26535809442601904,1.9633486842159242
2023-01-10,2653.085410680718,5946,144279.7115434021,1762.8840741677618,10468,115984.6850087079,96.66663207062508,49.73539839854553,-0.019720684722832726,2706.458627998874,0.033582208471294006,2618.522847835999,0.04151560499464235,2514.1465334544546,-0.018562244505664682,2465.195912320852,-0.05557169400329742,2641.736694314367,0.044582221162531965,2570.1127053789983,-0.015173623850618156,2610.782161333174,2579.3594531770254,0.025639784848401143,0.025639784848401143,0.24802084395810933,0.9133955105331433
2023-01-11,2660.958096176174,13239,140171.24222157066,1741.9558423521585,14808,118620.76863011403,96.6462252121812,49.70292839704864,0.002967369789062424,2653.085410680718,-0.019720684722832726,2706.458627998874,0.033582208471294006,2618.522847835999,0.04151560499464235,2561.6973866958247,0.039145559950292785,2612.572969048248,-0.011039603352175908,2551.196351648858,-0.007360126149545954,2630.6343032292434,2584.8475404033916,0.02554725626296065,0.02554725626296065,0.22673971111384633,1.3392708393445183
2023-01-12,2719.861895891429,11103,134344.42185879668,1705.6484422914907,14409,121709.60986754896,96.6571899876386,49.572840151502376,0.022136312405633296,2660.958096176174,0.002967369789062424,2653.085410680718,-0.019720684722832726,2706.458627998874,0.033582208471294006,2514.1465334544546,-0.018562244505664682,2592.520301155813,-0.007675447970259097,2608.912148159356,0.022623031925079307,2671.7773757166387,2590.395027789995,0.025527220760875057,0.025527220760875057,0.20894268133061447,1.471265486015822
2023-01-13,2773.815430496553,19651,130852.54228317566,1762.15611944548,9883,115829.43558471175,96.90170300214449,48.947331662498414,0.019836865499172962,2719.861895891429,0.022136312405633296,2660.958096176174,0.002967369789062424,2653.085410680718,-0.019720684722832726,2618.522847835999,0.04151560499464235,2613.117988859817,0.007945043938449192,2607.323204438223,-0.0006090445484161489,2702.8358922487496,2598.719639092911,0.025808469248088977,0.025808469248088977,0.2160682839686958,1.2644186113912492
2023-01-16,2762.2729518681485,7975,131707.3214393444,1731.6543167362986,15313,120327.65643483547,96.76397143659244,49.06404293962854,-0.004161228069287204,2773.815430496553,0.019836865499172962,2719.861895891429,0.022136312405633296,2660.958096176174,0.002967369789062424,2706.458627998874,0.033582208471294006,2610.252039956815,-0.0010967544960541753,2551.5913747020622,-0.02137511361893807,2713.9987570226044,2609.2537179512155,0.02521846157786555,0.02521846157786555,0.22012232932813336,0.7517163533892534
2023-01-17,2790.106726175573,10443,130452.85752128492,1761.9636661403938,11954,116787.4965485714,96.91117289324146,48.95003152097088,0.010076402583097499,2762.2729518681485,-0.004161228069287204,2773.815430496553,0.019836865499172962,2719.861895891429,0.022136312405633296,2653.085410680718,-0.019720684722832726,2465.195912320852,-0.05557169400329742,2586.1134075808504,0.013529608706573937,2741.4030201215755,2619.4533838809516,0.025163541875932914,0.025163541875932914,0.24842867444661734,0.8006608634702433
2023-01-18,2800.2037318895423,18876,128461.86620690952,1765.2685820173003,5327,117266.37712422432,96.9261571346402,48.32026961820252,0.003618860031139093,2790.106726175573,0.010076402583097499,2762.2729518681485,-0.004161228069287204,2773.815430496553,0.019836865499172962,2660.958096176174,0.002967369789062424,2561.6973866958247,0.039145559950292785,2509.4701399220094,-0.029636468158809826,2769.2521472642493,2633.9900634793285,0.023882778716348144,0.023882778716348144,0.28023474724857755,0.582021717238283
2023-01-19,2742.352618263257,10219,133930.82347261693,1705.4030649814758,9413,124557.84931875418,96.96727432644178,48.57214004543479,-0.020659608787553463,2800.2037318895423,0.003618860031139093,2790.106726175573,0.010076402583097499,2762.2729518681485,-0.004161228069287204,2719.861895891429,0.022136312405633296,2514.1465334544546,-0.018562244505664682,2523.292839498564,0.005508214406163114,2773.7502917386146,2644.943052417563,0.0246036303352464,0.0246036303352464,0.29185087794244696,0.11923740295651764
2023-01-20,2741.8678931828363,7328,131159.52386334172,1796.102144137912,18531,115054.14262861,96.9791091177806,49.00264189883147,-0.00017675519814364105,2742.352618263257,-0.020659608787553463,2800.2037318895423,0.003618860031139093,2790.106726175573,0.010076402583097499,2773.815430496553,0.019836865499172962,2618.522847835999,0.04151560499464235,2530.994127089157,0.003052078407246306,2767.360784275871,2655.4867407222473,0.02462393259674138,0.02462393259674138,0.29509170998054374,0.5773541507764728
2023-01-23,2714.07796368655,14492,132228.4576315165,1761.5514171768189,11597,116548.3218798402,97.02358179960014,49.44967920152044,-0.010135400602407252,2741.8678931828363,-0.00017675519814364105,2742.352618263257,-0.020659608787553463,2800.2037318895423,0.003618860031139093,2762.2729518681485,-0.004161228069287204,2706.458627998874,0.033582208471294006,2528.988758179645,-0.000792324600064509,2757.721786639552,2664.7412009975924,0.024813473443478926,0.024813473443478926,0.2829883244879041,0.25010209487680884
2023-01-24,2688.683654645686,17045,128967.61373260326,1668.651889482994,16349,126492.66812926272,97.00821328916392,49.55736613371589,-0.009356514212425449,2714.07796368655,-0.010135400602407252,2741.8678931828363,-0.00017675519814364105,2742.352618263257,-0.020659608787553463,2790.106726175573,0.010076402583097499,2653.085410680718,-0.019720684722832726,2641.736694314367,0.044582221162531965,2737.4371723335744,2667.088549014158,0.02301735042866167,0.02301735042866167,0.2682964123810762,0.4057831033452923
2023-01-25,2637.8014962759976,12430,132334.71479577842,1686.3867584049867,15162,122199.5670324285,97.15361830730969,49.57118357528902,-0.018924561199965217,2688.683654645686,-0.009356514212425449,2714.07796368655,-0.010135400602407252,2741.8678931828363,-0.00017675519814364105,2800.2037318895423,0.003618860031139093,2660.958096176174,0.002967369789062424,2612.572969048248,-0.011039603352175908,2704.9567252108654,2668.3499753755455,0.023302587831524602,0.023302587831524602,0.2564089054599792,-0.10204944273133809
2023-01-26,2538.7963154548097,6023,138907.77646780142,1737.796031663628,18455,116192.4078587393,97.1079711928872,49.96963056155776,-0.03753321884188843,2637.8014962759976,-0.018924561199965217,2688.683654645686,-0.009356514212425449,2714.07796368655,-0.010135400602407252,2742.352618263257,-0.020659608787553463,2719.861895891429,0.022136312405633296,2592.520301155813,-0.007675447970259097,2664.245464649176,2665.6637760904955,0.02477965721684826,0.02477965721684826,0.19362899819663043,-0.32692421980503084
2023-01-27,2545.071944390027,13687,138117.46222588752,1744.4513859761178,7803,115549.42334798428,97.22119465010512,50.474345637159786,0.0024718914617194443,2538.7963154548097,-0.03753321884188843,2637.8014962759976,-0.018924561199965217,2688.683654645686,-0.009356514212425449,2741.8678931828363,-0.00017675519814364105,2773.815430496553,0.019836865499172962,2613.117988859817,0.007945043938449192,2624.886274890614,2662.2614738670063,0.024708655109422054,0.024708655109422054,0.1827256635014577,0.06899695821152443
2023-01-30,2611.7322869719187,8567,134118.51338924165,1744.6102977692676,9354,115404.46389604342,97.15675793808384,50.81441624802248,0.02619192857350372,2545.071944390027,0.0024718914617194443,2538.7963154548097,-0.03753321884188843,2637.8014962759976,-0.018924561199965217,2714.07796368655,-0.010135400602407252,2762.2729518681485,-0.004161228069287204,2610.252039956815,-0.0010967544960541753,2604.417139547688,2662.335486217761,0.02544704244571487,0.02544704244571487,0.18412563881377422,0.3565144630894146
2023-01-31,2594.273360888812,11468,138215.25403544508,1746.2962998348728,8799,114106.37928536804,97.15073275344368,50.531954967353535,-0.006684806926880227,2611.7322869719187,0.02619192857350372,2545.071944390027,0.0024718914617194443,2538.7963154548097,-0.03753321884188843,2688.683654645686,-0.009356514212425449,2790.106726175573,0.010076402583097499,2465.195912320852,-0.05557169400329742,2585.5350807963127,2668.789358646159,0.02189389411404173,0.02189389411404173,0.19171346714747248,-1.0305626623234323
2023-02-01,2601.5622564686782,10121,135392.54315067836,1720.8514665413684,6926,120947.16754012184,97.04353649821468,50.59235842331801,0.0028096096925456227,2594.273360888812,-0.006684806926880227,2611.7322869719187,0.02619192857350372,2545.071944390027,0.0024718914617194443,2637.8014962759976,-0.018924561199965217,2800.2037318895423,0.003618860031139093,2561.6973866958247,0.039145559950292785,2578.2872328348494,2670.782602134802,0.020156157375463463,0.020156157375463463,0.1992441856604886,-0.3620528097882667
2023-02-02,2596.368606089353,17580,135431.4363592715,1725.3457018940924,15361,118699.53318046962,97.08903887024942,50.72421326660544,-0.001996358290643041,2601.5622564686782,0.0028096096925456227,2594.273360888812,-0.006684806926880227,2611.7322869719187,0.02619192857350372,2538.7963154548097,-0.03753321884188843,2742.352618263257,-0.020659608787553463,2514.1465334544546,-0.018562244505664682,2589.8016909617577,2674.8937057665466,0.019645397292298507,0.019645397292298507,0.2240140712813191,-0.5329653077356544
2023-02-03,2493.5493858267973,18664,139553.81801396268,1781.6402167843144,11950,113447.06593697198,97.23355146594209,50.18132817593027,-0.03960116449621598,2596.368606089353,-0.001996358290643041,2601.5622564686782,0.0028096096925456227,2594.273360888812,-0.006684806926880227,2545.071944390027,0.0024718914617194443,2741.8678931828363,-0.00017675519814364105,2618.522847835999,0.04151560499464235,2579.4971792491115,2668.6450326660865,0.01938456949192289,0.01938456949192289,0.2982058677810161,-1.282080841041794
2023-02-06,2488.320939995368,5156,143706.0550059919,1827.2137285196695,5230,107713.79365366897,97.22581584796,50.322136373816505,-0.002096788562178653,2493.5493858267973,-0.03960116449621598,2596.368606089353,-0.001996358290643041,2601.5622564686782,0.0028096096925456227,2611.7322869719187,0.02619192857350372,2714.07796368655,-0.010135400602407252,2706.458627998874,0.033582208471294006,2554.814909853802,2657.738148265911,0.017458179142906295,0.017458179142906295,0.35613961605422967,-1.7049663411545364
2023-02-07,2482.8436482312864,19405,146782.06068648922,1816.0375935497243,19056,112224.5586897622,97.2061272780896,51.00403392161032,-0.0022011998838429303,2488.320939995368,-0.002096788562178653,2493.5493858267973,-0.03960116449621598,2596.368606089353,-0.001996358290643041,2594.273360888812,-0.006684806926880227,2688.683654645686,-0.009356514212425449,2653.085410680718,-0.019720684722832726,2532.5289673222965,2649.22606014344,0.0170654538108706,0.0170654538108706,0.426305561140595,-1.8004839318782841
2023-02-08,2384.519836276388,19454,155638.75933403044,1802.0880089696127,16015,116468.82596093572,97.0946655817828,51.19601477135056,-0.03960129024835757,2482.8436482312864,-0.0022011998838429303,2488.320939995368,-0.002096788562178653,2493.5493858267973,-0.03960116449621598,2601.5622564686782,0.0028096096925456227,2637.8014962759976,-0.018924561199965217,2660.958096176174,0.002967369789062424,2489.1204832838384,2635.4041471484506,0.01882363218559946,0.01882363218559946,0.5101213073331464,-2.3328387632310084
2023-02-09,2400.514295749625,14829,156640.24577889754,1778.3291744959483,16514,120216.57025491548,97.07173631642758,51.63803869578308,0.006707622738091112,2384.519836276388,-0.03960129024835757,2482.8436482312864,-0.0022011998838429303,2488.320939995368,-0.002096788562178653,2596.368606089353,-0.001996358290643041,2538.7963154548097,-0.03753321884188843,2719.861895891429,0.022136312405633296,2449.949621215893,2619.43676714136,0.017935268115740092,0.017935268115740092,0.578742612804148,-1.5074955109474955
2023-02-10,2359.430905725826,10647,161691.70960051153,1823.551629459814,16935,116706.77410859088,96.91245689045545,51.69291311482169,-0.017114411731078527,2400.514295749625,0.006707622738091112,2384.519836276388,-0.03960129024835757,2482.8436482312864,-0.0022011998838429303,2493.5493858267973,-0.03960116449621598,2545.071944390027,0.0024718914617194443,2773.815430496553,0.019836865499172962,2423.125925195699,2598.717540902824,0.01700508970768029,0.01700508970768029,0.6433433249630379,-1.7783137241764781
2023-02-13,2368.1618501742378,10788,159545.00301031867,1787.3808129746017,11120,119236.98466453217,96.82116909178356,51.67094761762655,0.003700445063775204,2359.430905725826,-0.017114411731078527,2400.514295749625,0.006707622738091112,2384.519836276388,-0.03960129024835757,2488.320939995368,-0.002096788562178653,2611.7322869719187,0.02619192857350372,2762.2729518681485,-0.004161228069287204,2399.0941072314727,2579.0119858181283,0.017186406157125154,0.017186406157125154,0.6987371970443956,-0.8812950235547765
2023-02-14,2342.115321500339,19056,163071.28170395832,1816.7179003650024,13097,114133.7619044856,96.84384769639446,51.78532903465084,-0.01099862691900988,2368.1618501742378,0.003700445063775204,2359.430905725826,-0.017114411731078527,2400.514295749625,0.006707622738091112,2482.8436482312864,-0.0022011998838429303,2594.273360888812,-0.006684806926880227,2790.106726175573,0.010076402583097499,2370.9484418852835,2556.612415584367,0.016689290977882257,0.016689290977882257,0.763166235649731,-1.3104744137414719
2023-02-15,2435.92452263662,18019,157263.32940274762,1839.4982817046905,18723,113453.10273399568,96.9757490161686,51.54058104025551,0.040053194765912625,2342.115321500339,-0.01099862691900988,2368.1618501742378,0.003700445063775204,2359.430905725826,-0.017114411731078527,2384.519836276388,-0.03960129024835757,2601.5622564686782,0.0028096096925456227,2800.2037318895423,0.003618860031139093,2381.2293791573297,2538.398455121721,0.019791075931137683,0.019791075931137683,0.7921728452793593,-0.19893829398933208
2023-02-16,2438.114323255975,10505,158611.47637589337,1864.0412146108613,6505,111109.13006439168,97.25667010229157,51.2514484840852,0.0008989607842957437,2435.92452263662,0.040053194765912625,2342.115321500339,-0.01099862691900988,2368.1618501742378,0.003700445063775204,2400.514295749625,0.006707622738091112,2596.368606089353,-0.001996358290643041,2742.352618263257,-0.020659608787553463,2388.7493846585994,2523.186540371357,0.019580001366234376,0.019580001366234376,0.8016447113260508,-0.7582355242451047
2023-02-17,2340.1991931739017,13213,166377.58630365913,1920.0268893780365,5902,102320.90045696047,97.19801159378446,51.63133985123601,-0.04016018820287004,2438.114323255975,0.0008989607842957437,2435.92452263662,0.040053194765912625,2342.115321500339,-0.01099862691900988,2359.430905725826,-0.017114411731078527,2493.5493858267973,-0.03960116449621598,2741.8678931828363,-0.00017675519814364105,2384.903042148215,2503.1031053709094,0.020979773152419712,0.020979773152419712,0.8360204354973639,-1.3594150534344465
2023-02-20,2303.122657627821,7875,168605.07375779442,1915.1287533565408,18570,102890.46990499624,97.341541609449,52.04304255409596,-0.015843324642717982,2340.1991931739017,-0.04016018820287004,2438.114323255975,0.0008989607842957437,2435.92452263662,0.040053194765912625,2368.1618501742378,0.003700445063775204,2488.320939995368,-0.002096788562178653,2714.07796368655,-0.010135400602407252,2371.8952036389314,2482.5553400679732,0.021053647301770947,0.021053647301770947,0.8854550829177965,-0.9107795316916895
2023-02-21,2345.139024937883,6312,169515.17067043312,1970.2724173097492,5558,94917.33475145108,97.36591685748915,51.74571065941976,0.01824321738614576,2303.122657627821,-0.015843324642717982,2340.1991931739017,-0.04016018820287004,2438.114323255975,0.0008989607842957437,2342.115321500339,-0.01099862691900988,2482.8436482312864,-0.0022011998838429303,2688.683654645686,-0.009356514212425449,2372.49994432644,2465.3781085825835,0.021847140977019234,0.021847140977019234,0.9207439228967883,-0.7876408390145242
2023-02-22,2271.837801088904,7686,176112.86403688308,1948.3834839929775,17894,94737.8765117304,97.35079209281452,52.03611030078592,-0.031256664559970115,2345.139024937883,0.01824321738614576,2303.122657627821,-0.015843324642717982,2340.1991931739017,-0.04016018820287004,2435.92452263662,0.040053194765912625,2384.519836276388,-0.03960129024835757,2637.8014962759976,-0.018924561199965217,2339.6826000168967,2447.0799238232285,0.022381267829131756,0.022381267829131756,0.9590684792801805,-1.2841576493771905
2023-02-23,2308.107736442413,10312,173751.00734758662,1925.5114363212017,6285,97436.05186610715,97.39405153798714,52.01002230810411,0.015965019745742604,2271.837801088904,-0.031256664559970115,2345.139024937883,0.01824321738614576,2303.122657627821,-0.015843324642717982,2438.114323255975,0.0008989607842957437,2400.514295749625,0.006707622738091112,2538.7963154548097,-0.03753321884188843,2313.681282654184,2435.5454948726083,0.021753369386667477,0.021753369386667477,0.9966856938759564,-0.4506385108607509
2023-02-24,2273.5069844909635,16075,173706.71206724425,1942.0120031420788,12384,96286.6964372906,97.40024318635514,52.11196488045124,-0.014990960519365215,2308.107736442413,0.015965019745742604,2271.837801088904,-0.031256664559970115,2345.139024937883,0.01824321738614576,2340.1991931739017,-0.04016018820287004,2359.430905725826,-0.017114411731078527,2545.071944390027,0.0024718914617194443,2300.3428409175967,2421.9672468776557,0.021808113176896883,0.021808113176896883,1.015351805530659,-0.5368769716380296
2023-02-27,2212.967701875966,7006,180160.9114403963,2002.1062147526816,12617,89913.0110151419,97.41128275891636,52.25003047228176,-0.026628148946967967,2273.5069844909635,-0.014990960519365215,2308.107736442413,0.015965019745742604,2271.837801088904,-0.031256664559970115,2303.122657627821,-0.015843324642717982,2368.1618501742378,0.003700445063775204,2611.7322869719187,0.02619192857350372,2282.311849767226,2402.029017622858,0.02096299550580645,0.02096299550580645,1.0328810265409405,-1.218243849668963
2023-02-28,2197.338487893579,16726,181765.73277620025,1999.056582328958,18689,89733.13344522867,97.3704494426337,52.54833561271906,-0.007062558558418197,2212.967701875966,-0.026628148946967967,2273.5069844909635,-0.014990960519365215,2308.107736442413,0.015965019745742604,2345.139024937883,0.01824321738614576,2342.115321500339,-0.01099862691900988,2594.273360888812,-0.006684806926880227,2252.7517423583654,2382.1822739730965,0.020961880560338046,0.020961880560338046,1.0533962818891087,-0.8305787558260856
2023-03-01,2266.101818679017,17082,173465.7174730275,1982.097544168148,17578,89845.48726242335,97.2306384766538,52.57315107327801,0.031293918148840305,2197.338487893579,-0.007062558558418197,2212.967701875966,-0.026628148946967967,2273.5069844909635,-0.014990960519365215,2271.837801088904,-0.031256664559970115,2435.92452263662,0.040053194765912625,2601.5622564686782,0.0028096096925456227,2251.604545876388,2365.4092520836134,0.022639680824101394,0.022639680824101394,1.0581737317162099,0.7690111544831371
2023-03-02,2282.9315991656404,5257,174324.74939380723,1985.156956289936,8371,89638.04403593669,97.0762759564016,52.9961996718686,0.0074267538854162485,2266.101818679017,0.031293918148840305,2197.338487893579,-0.007062558558418197,2212.967701875966,-0.026628148946967967,2308.107736442413,0.015965019745742604,2438.114323255975,0.0008989607842957437,2596.368606089353,-0.001996358290643041,2246.569318421033,2349.7374017374277,0.02283846467509732,0.02283846467509732,1.048734561321294,0.06890005404718308
2023-03-03,2228.104010680521,8381,178879.377510351,1930.640231950499,9633,95383.98224299896,97.14160044472972,53.08902352379657,-0.02401630802480359,2282.9315991656404,0.0074267538854162485,2266.101818679017,0.031293918148840305,2197.338487893579,-0.007062558558418197,2273.5069844909635,-0.014990960519365215,2340.1991931739017,-0.04016018820287004,2493.5493858267973,-0.03960116449621598,2237.4887236589448,2336.4651329801136,0.02188343393507106,0.02188343393507106,1.0647808148662499,-0.3906471081816228
2023-03-06,2230.3297210188234,17397,179687.19189593676,1977.3150895046235,11578,90051.80652222758,97.11393043572116,53.27627880553743,0.000998925690916419,2228.104010680521,-0.02401630802480359,2282.9315991656404,0.0074267538854162485,2266.101818679017,0.031293918148840305,2212.967701875966,-0.026628148946967967,2303.122657627821,-0.015843324642717982,2488.320939995368,-0.002096788562178653,2240.961127487516,2323.5655720312866,0.02191882891406552,0.02191882891406552,1.064881042097674,-0.21377345773713186
2023-03-07,2236.997372611644,10173,179713.58864010047,1964.7890119338424,5940,96526.55977010952,97.05432154575554,53.02630002807626,0.0029895362690028904,2230.3297210188234,0.000998925690916419,2228.104010680521,-0.02401630802480359,2282.9315991656404,0.0074267538854162485,2197.338487893579,-0.007062558558418197,2345.139024937883,0.01824321738614576,2482.8436482312864,-0.0022011998838429303,2248.892904431129,2311.2732582503045,0.02198719562234873,0.02198719562234873,1.0609171601988057,-0.17400341528515356
2023-03-08,2270.722929852159,19640,175002.80457525994,1889.5108369409263,12654,104053.66991925176,97.05517210842784,53.67389773128771,0.015076261444661787,2236.997372611644,0.0029895362690028904,2230.3297210188234,0.000998925690916419,2228.104010680521,-0.02401630802480359,2266.101818679017,0.031293918148840305,2271.837801088904,-0.031256664559970115,2384.519836276388,-0.03960129024835757,2249.8171266657578,2305.583412929093,0.02082295709852369,0.02082295709852369,1.0503990036963424,0.2990779679401398
2023-03-09,2305.627135687996,14673,172257.2871272553,1858.1291189172773,12039,107970.67624605236,97.1346653337194,53.8148452082492,0.015371406778417418,2270.722929852159,0.015076261444661787,2236.997372611644,0.0029895362690028904,2230.3297210188234,0.000998925690916419,2282.9315991656404,0.0074267538854162485,2308.107736442413,0.015965019745742604,2400.514295749625,0.006707622738091112,2254.3562339702285,2300.8390549260116,0.02110698602785674,0.02110698602785674,1.037062959506902,0.39251826072696877
2023-03-10,2152.069458792891,16554,188123.36115865657,1874.8868862360728,13022,104940.86059223936,97.15270172802204,54.02874443585273,-0.06660126198128025,2305.627135687996,0.015371406778417418,2270.722929852159,0.015076261444661787,2236.997372611644,0.0029895362690028904,2228.104010680521,-0.02401630802480359,2273.5069844909635,-0.014990960519365215,2359.430905725826,-0.017114411731078527,2239.149323592703,2290.4709825793643,0.025450211706339328,0.025450211706339328,1.0248141208513355,-1.0636747485345017
2023-03-13,2146.6053517172813,13403,186038.5547187704,1804.006638007938,7679,112505.01092046016,97.08709623435796,53.54628869248926,-0.002539001263776375,2152.069458792891,-0.06660126198128025,2305.627135687996,0.015371406778417418,2270.722929852159,0.015076261444661787,2230.3297210188234,0.000998925690916419,2212.967701875966,-0.026628148946967967,2368.1618501742378,0.003700445063775204,2222.4044497323944,2279.393157656517,0.02538543559469907,0.02538543559469907,0.9885576723560424,-0.029628978353215762
2023-03-14,2117.744370734252,9377,186293.5671762604,1872.8584008412583,12802,105258.060057857,97.20972552992284,53.29947808556553,-0.013444940384566118,2146.6053517172813,-0.002539001263776375,2152.069458792891,-0.06660126198128025,2305.627135687996,0.015371406778417418,2236.997372611644,0.0029895362690028904,2197.338487893579,-0.007062558558418197,2342.115321500339,-0.01099862691900988,2198.5538493569156,2268.1746101182125,0.02542380944136199,0.02542380944136199,0.9589525587987111,-0.20726415158602396
2023-03-15,2116.2479893817563,16579,184248.54768700665,1957.9850705421445,13359,97651.60836923316,97.367644080221,53.67084319194115,-0.0007065920576507789,2117.744370734252,-0.013444940384566118,2146.6053517172813,-0.002539001263776375,2152.069458792891,-0.06660126198128025,2270.722929852159,0.015076261444661787,2266.101818679017,0.031293918148840305,2435.92452263662,0.040053194765912625,2167.658861262835,2252.1907834554695,0.023181368046456107,0.023181368046456107,0.9165644489283038,-0.03243727200158347
2023-03-16,2107.7609521696204,12066,186188.9443292996,1915.6814898170292,14228,96380.0285719101,97.4170997457533,53.75691052742893,-0.004010417141431133,2116.2479893817563,-0.0007065920576507789,2117.744370734252,-0.013444940384566118,2146.6053517172813,-0.002539001263776375,2305.627135687996,0.015371406778417418,2282.9315991656404,0.0074267538854162485,2438.114323255975,0.0008989607842957437,2128.0856245591604,2235.673114901151,0.0231220345778207,0.0231220345778207,0.8684738094764708,-0.4211538302591358
2023-03-17,2110.541224274692,16293,184638.3778497245,1988.5848343809507,5881,91319.22623315884,97.51446609688772,53.182776606980255,0.001319064243129553,2107.7609521696204,-0.004010417141431133,2116.2479893817563,-0.0007065920576507789,2117.744370734252,-0.013444940384566118,2152.069458792891,-0.06660126198128025,2228.104010680521,-0.02401630802480359,2340.1991931739017,-0.04016018820287004,2119.7799776555203,2224.1902164561916,0.021813913148732322,0.021813913148732322,0.818805688811652,-0.16677190805000253
2023-03-20,2055.769107407514,16704,190070.17774096623,2005.881543343544,10653,91161.28773638056,97.63866209656908,53.4942635856754,-0.025951692502950707,2110.541224274692,0.001319064243129553,2107.7609521696204,-0.004010417141431133,2116.2479893817563,-0.0007065920576507789,2146.6053517172813,-0.002539001263776375,2230.3297210188234,0.000998925690916419,2303.122657627821,-0.015843324642717982,2101.612728793567,2211.8225389451754,0.022194092617195526,0.022194092617195526,0.7503490573017414,-0.920421115244364
2023-03-21,2079.1151607964957,18922,189681.81536157505,1976.0473377136493,5040,95131.28968649532,97.75167202820954,53.33112874436959,0.011356359673301508,2055.769107407514,-0.025951692502950707,2110.541224274692,0.001319064243129553,2107.7609521696204,-0.004010417141431133,2117.744370734252,-0.013444940384566118,2236.997372611644,0.0029895362690028904,2345.139024937883,0.01824321738614576,2093.886886806016,2198.521345738106,0.02185841815387514,0.02185841815387514,0.7059922604637088,-0.49285737095753324
2023-03-22,2098.400126338928,14280,185177.72604266007,1937.6858428300457,9370,97421.8186158158,97.8130819459208,53.7545238401326,0.00927556390625539,2079.1151607964957,0.011356359673301508,2055.769107407514,-0.025951692502950707,2110.541224274692,0.001319064243129553,2116.2479893817563,-0.0007065920576507789,2270.722929852159,0.015076261444661787,2271.837801088904,-0.031256664559970115,2090.3173141974503,2189.8494620006077,0.021241369872212784,0.021241369872212784,0.6459161667138222,0.1081471791574001
2023-03-23,2107.8064822114056,12965,186874.94600202868,1936.3903420562287,19338,94458.7299625599,97.8729166506283,53.72817313655149,0.004482632151232568,2098.400126338928,0.00927556390625539,2079.1151607964957,0.011356359673301508,2055.769107407514,-0.025951692502950707,2107.7609521696204,-0.004010417141431133,2305.627135687996,0.015371406778417418,2308.107736442413,0.015965019745742604,2090.326420205807,2179.8343992890577,0.020831859341573458,0.020831859341573458,0.5787296567448996,-0.3768321388299737
2023-03-24,2055.0517366208232,16196,191568.25505514877,1910.0479410692103,14094,95395.9055729224,97.92488270796296,53.78958514235765,-0.025028268029252287,2107.8064822114056,0.004482632151232568,2098.400126338928,0.00927556390625539,2079.1151607964957,0.011356359673301508,2110.541224274692,0.001319064243129553,2152.069458792891,-0.06660126198128025,2273.5069844909635,-0.014990960519365215,2079.228522675033,2168.91163689555,0.021219808500021555,0.021219808500021555,0.5377428582547231,-0.8491031934554758
2023-03-27,2011.224624469976,10701,195065.66340762703,2082.0877342284493,9604,79221.3512456719,97.81514894050824,54.14327151593514,-0.021326524957913318,2055.0517366208232,-0.025028268029252287,2107.8064822114056,0.004482632151232568,2098.400126338928,0.00927556390625539,2055.769107407514,-0.025951692502950707,2146.6053517172813,-0.002539001263776375,2212.967701875966,-0.026628148946967967,2070.3196260875256,2158.8244830252506,0.020964618281099273,0.020964618281099273,0.4867997241917135,-1.001963199359036
2023-03-28,2035.478970220227,5231,195260.4064209501,2169.072118122918,18061,72796.19965695601,97.8852212561942,53.87402362467874,0.012059491244864162,2011.224624469976,-0.021326524957913318,2055.0517366208232,-0.025028268029252287,2107.8064822114056,0.004482632151232568,2079.1151607964957,0.011356359673301508,2117.744370734252,-0.013444940384566118,2197.338487893579,-0.007062558558418197,2061.592387972272,2150.7315071415833,0.02127792844588661,0.02127792844588661,0.39073424864812134,-0.7232872302569461
2023-03-29,2020.1170298388647,5814,197229.46696969503,2081.9838898654684,8800,81513.96454840749,97.74963985908154,53.57616958232856,-0.007547088722660744,2035.478970220227,0.012059491244864162,2011.224624469976,-0.021326524957913318,2055.0517366208232,-0.025028268029252287,2098.400126338928,0.00927556390625539,2116.2479893817563,-0.0007065920576507789,2266.101818679017,0.031293918148840305,2045.9357686722592,2138.4322676995753,0.01963470889781783,0.01963470889781783,0.3310041149351045,-1.0755613103681387
2023-03-30,2108.1921623545177,5809,185404.5919502641,2047.4950700720883,17352,86876.26031571113,97.67017991356904,53.517220056209126,0.04359902481623967,2020.1170298388647,-0.007547088722660744,2035.478970220227,0.012059491244864162,2011.224624469976,-0.021326524957913318,2107.8064822114056,0.004482632151232568,2107.7609521696204,-0.004010417141431133,2282.9315991656404,0.0074267538854162485,2046.0129047008818,2129.6952958590196,0.0223678078207892,0.0223678078207892,0.2741452659647888,0.9503530645705401
2023-03-31,2092.938529159707,7013,186376.8878523526,2165.324697465689,17424,74078.87208889426,97.80053642034984,53.765371896095495,-0.007235409308122498,2108.1921623545177,0.04359902481623967,2020.1170298388647,-0.007547088722660744,2035.478970220227,0.012059491244864162,2055.0517366208232,-0.025028268029252287,2110.541224274692,0.001319064243129553,2228.104010680521,-0.02401630802480359,2053.5902632086586,2122.9370217829787,0.021876212663225945,0.021876212663225945,0.23764801685352308,0.11832090822447379
2023-04-03,2111.881562494586,18357,182657.56315046785,2070.052793420287,8617,81391.3998652115,97.88455843661929,53.366108720311445,0.009050926757263378,2092.938529159707,-0.007235409308122498,2108.1921623545177,0.04359902481623967,2020.1170298388647,-0.007547088722660744,2011.224624469976,-0.021326524957913318,2055.769107407514,-0.025951692502950707,2230.3297210188234,0.000998925690916419,2073.7216508135803,2117.0146138567666,0.02202519592281573,0.02202519592281573,0.25189038729460045,0.7047874280649524
2023-04-04,2092.3851491601285,8066,184706.3195852113,2055.139739343207,19487,85960.46590107487,98.03329826558785,52.86569834034472,-0.009231774016450034,2111.881562494586,0.009050926757263378,2092.938529159707,-0.007235409308122498,2108.1921623545177,0.04359902481623967,2035.478970220227,0.012059491244864162,2079.1151607964957,0.011356359673301508,2236.997372611644,0.0029895362690028904,2085.102886601561,2109.784002684191,0.02203468638126227,0.02203468638126227,0.2906859101935373,0.23982531458135742
2023-04-05,2087.1836543871377,12837,183913.4132345496,2113.65326128033,13587,83059.01028286574,98.00613082721912,53.112814618457854,-0.0024859165030294283,2092.3851491601285,-0.009231774016450034,2111.881562494586,0.009050926757263378,2092.938529159707,-0.007235409308122498,2020.1170298388647,-0.007547088722660744,2098.400126338928,0.00927556390625539,2270.722929852159,0.015076261444661787,2098.5162115112153,2100.60703891094,0.021618149257282795,0.021618149257282795,0.3585702254171355,0.46368436309114824
2023-04-06,2045.5682150845817,6547,186880.9128640841,2175.559697745061,19961,79374.93213564009,97.89090594309144,52.93192112468776,-0.01993856133123828,2087.1836543871377,-0.0024859165030294283,2092.3851491601285,-0.009231774016450034,2111.881562494586,0.009050926757263378,2108.1921623545177,0.04359902481623967,2107.8064822114056,0.004482632151232568,2305.627135687996,0.015371406778417418,2085.991422057228,2087.6040928807693,0.021395304359969003,0.021395304359969003,0.4028004383342636,0.04763933022106391
2023-04-07,2062.5247640312364,10417,186769.05009243317,2273.713669089969,13785,73201.72278556407,97.86686222338442,52.81425332081167,0.0082894077164537,2045.5682150845817,-0.01993856133123828,2087.1836543871377,-0.0024859165030294283,2092.3851491601285,-0.009231774016450034,2092.938529159707,-0.007235409308122498,2055.0517366208232,-0.025028268029252287,2152.069458792891,-0.06660126198128025,2079.9086690315344,2083.1268581426866,0.016076305094441287,0.016076305094441287,0.43312659314080626,-0.5714069764345145
2023-04-10,1988.667688451667,5033,190173.44774164312,2275.9573515918764,18534,73654.76477046713,97.87706535310846,52.25721020022962,-0.03580906123774952,2062.5247640312364,0.0082894077164537,2045.5682150845817,-0.01993856133123828,2087.1836543871377,-0.0024859165030294283,2111.881562494586,0.009050926757263378,2011.224624469976,-0.021326524957913318,2146.6053517172813,-0.002539001263776375,2055.2658942229505,2075.229974979406,0.017767320306991092,0.017767320306991092,0.42856570260461,-1.0309588265964624
2023-04-11,1998.9815381576343,5684,189293.5391829279,2301.849037023395,14099,67523.47979659535,97.88496422474248,52.05351640592403,0.005186311300706903,1988.667688451667,-0.03580906123774952,2062.5247640312364,0.0082894077164537,2045.5682150845817,-0.01993856133123828,2092.3851491601285,-0.009231774016450034,2035.478970220227,0.012059491244864162,2117.744370734252,-0.013444940384566118,2036.5851720224516,2069.291833350575,0.01771586832527406,0.01771586832527406,0.4087231005041405,-0.4847885983215104
2023-04-12,1964.4634735167265,11461,191883.7129361228,2351.0420586875803,11874,63508.228708323695,97.99833227261814,52.05124621693468,-0.01726782563120688,1998.9815381576343,0.005186311300706903,1988.667688451667,-0.03580906123774952,2062.5247640312364,0.0082894077164537,2087.1836543871377,-0.0024859165030294283,2020.1170298388647,-0.007547088722660744,2116.2479893817563,-0.0007065920576507789,2012.0411358483693,2061.7026075573235,0.018000937556193065,0.018000937556193065,0.3614504706189761,-0.9477393166945169
2023-04-13,2006.4416491598968,17310,187834.6829363684,2393.751549452292,13776,62897.38603574032,97.9622052301178,52.330359574221546,0.021368773819969267,1964.4634735167265,-0.01726782563120688,1998.9815381576343,0.005186311300706903,1988.667688451667,-0.03580906123774952,2045.5682150845817,-0.01993856133123828,2108.1921623545177,0.04359902481623967,2107.7609521696204,-0.004010417141431133,2004.2158226634322,2056.6366424068374,0.018842438023356407,0.018842438023356407,0.35048529870586853,0.11915225194564066
2023-04-14,1960.73461062842,6738,187266.52548032824,2315.814036803789,12768,69748.68580182295,97.99740867729808,52.09899052435115,-0.022780148403824585,2006.4416491598968,0.021368773819969267,1964.4634735167265,-0.01726782563120688,1998.9815381576343,0.005186311300706903,2062.5247640312364,0.0082894077164537,2092.938529159707,-0.007235409308122498,2110.541224274692,0.001319064243129553,1983.8577919828688,2049.1463117245235,0.0193627570815658,0.0193627570815658,0.32945633638044164,-0.02554400893935238
2023-04-17,2022.459445725548,16477,178685.87129258882,2397.702590135488,9896,64835.37625668382,97.89854596235465,52.5962033604209,0.031480463884576926,1960.73461062842,-0.022780148403824585,2006.4416491598968,0.021368773819969267,1964.4634735167265,-0.01726782563120688,1988.667688451667,-0.03580906123774952,2111.881562494586,0.009050926757263378,2055.769107407514,-0.025951692502950707,1990.616143437645,2047.4808286404254,0.020101927483075176,0.020101927483075176,0.32535328066507163,1.4547374264626554
2023-04-18,2059.2758438170745,9822,173939.75348967675,2344.090465830409,19936,71358.4477612313,97.943577690159,52.39083655316696,0.018203775689711765,2022.459445725548,0.031480463884576926,1960.73461062842,-0.022780148403824585,2006.4416491598968,0.021368773819969267,1998.9815381576343,0.005186311300706903,2092.3851491601285,-0.009231774016450034,2079.1151607964957,0.011356359673301508,2002.675004569533,2046.4888627914545,0.020373213647821502,0.020373213647821502,0.3215141405075679,1.3772055599666708
2023-04-19,2125.0909648442525,5332,170610.2113696349,2264.3880198973084,14074,77117.5452137494,97.94388854517756,52.18590901269141,0.031960322957599985,2059.2758438170745,0.018203775689711765,2022.459445725548,0.031480463884576926,1960.73461062842,-0.022780148403824585,1964.4634735167265,-0.01726782563120688,2087.1836543871377,-0.0024859165030294283,2098.400126338928,0.00927556390625539,2034.8005028350385,2047.8234047167207,0.021531875425665713,0.021531875425665713,0.32675765598659745,1.2677409974330267
2023-04-20,2083.422937914849,9601,171810.45032006508,2393.80306272382,17759,67414.83313728654,97.86890721134912,52.647116278260754,-0.019607643916766282,2125.0909648442525,0.031960322957599985,2059.2758438170745,0.018203775689711765,2022.459445725548,0.031480463884576926,2006.4416491598968,0.021368773819969267,2045.5682150845817,-0.01993856133123828,2107.8064822114056,0.004482632151232568,2050.196760586029,2046.6042275018924,0.021987062268639043,0.021987062268639043,0.3687011633019574,0.6957070174489951
2023-04-21,2142.8949230928342,13885,163631.81014718543,2335.037700290411,15416,73295.50974115061,97.84532427513165,52.71055432396993,0.02854532514531427,2083.422937914849,-0.019607643916766282,2125.0909648442525,0.031960322957599985,2059.2758438170745,0.018203775689711765,1960.73461062842,-0.022780148403824585,2062.5247640312364,0.0082894077164537,2055.0517366208232,-0.025028268029252287,2086.6288230789114,2050.9963868254936,0.022085865457559736,0.022085865457559736,0.4162706196255253,1.5875341960703362
2023-04-24,2227.314028243834,11204,155230.26166342446,2362.2923934242945,14893,68823.54560696498,97.82690670048012,52.54494690526646,0.03939488784133105,2142.8949230928342,0.02854532514531427,2083.422937914849,-0.019607643916766282,2125.0909648442525,0.031960322957599985,2022.459445725548,0.031480463884576926,1988.667688451667,-0.03580906123774952,2011.224624469976,-0.021326524957913318,2127.599739582569,2061.800857014186,0.022824579138247893,0.022824579138247893,0.43700824060878113,1.6965760925162974
2023-04-25,2307.64790673428,5256,148596.57343994282,2377.258081168771,10653,70469.14851627867,97.7998911875464,52.49840696591228,0.036067603163163486,2227.314028243834,0.03939488784133105,2142.8949230928342,0.02854532514531427,2083.422937914849,-0.019607643916766282,2059.2758438170745,0.018203775689711765,1998.9815381576343,0.005186311300706903,2035.478970220227,0.012059491244864162,2177.2741521660096,2075.4093038398887,0.023805612314225847,0.023805612314225847,0.4687338526923994,1.5525033728055975
2023-04-26,2349.4290949371084,13077,143760.22709631332,2356.5900501905085,15183,70845.61582339468,97.97702531177318,52.9043290391749,0.018105529912471052,2307.64790673428,0.036067603163163486,2227.314028243834,0.03939488784133105,2142.8949230928342,0.02854532514531427,2125.0909648442525,0.031960322957599985,1964.4634735167265,-0.01726782563120688,2020.1170298388647,-0.007547088722660744,2222.141778184581,2091.874907094801,0.023696226131923768,0.023696226131923768,0.5173728458187153,1.3083425525959456
2023-04-27,2352.0258612132743,9018,143770.20882722715,2358.328994813531,13101,72387.17068980592,97.96718071154238,53.344189885062605,0.0011052754397915532,2349.4290949371084,0.018105529912471052,2307.64790673428,0.036067603163163486,2227.314028243834,0.03939488784133105,2083.422937914849,-0.019607643916766282,2006.4416491598968,0.021368773819969267,2108.1921623545177,0.04359902481623967,2275.862362844266,2104.0665920377387,0.02217808572380443,0.02217808572380443,0.590461147781208,0.6479751712271784
2023-04-28,2331.2262691405394,9840,142326.50745402632,2355.5269272641985,5350,74378.07418616758,97.94279110052464,53.099151931281526,-0.008843266741125677,2352.0258612132743,0.0011052754397915532,2349.4290949371084,0.018105529912471052,2307.64790673428,0.036067603163163486,2142.8949230928342,0.02854532514531427,1960.73461062842,-0.022780148403824585,2092.938529159707,-0.007235409308122498,2313.528632053807,2115.980979036781,0.022230372126221035,0.022230372126221035,0.667039400326388,0.644281895395871
2023-05-01,2337.5780038978423,7742,145233.93625839186,2343.9572614882463,15475,74574.3145889169,97.73304600476364,53.0864217882578,0.0027246324569105695,2331.2262691405394,-0.008843266741125677,2352.0258612132743,0.0011052754397915532,2349.4290949371084,0.018105529912471052,2227.314028243834,0.03939488784133105,2022.459445725548,0.031480463884576926,2111.881562494586,0.009050926757263378,2335.581427184609,2127.2658011069434,0.022224287046877744,0.022224287046877744,0.7518963840066,0.2387105447321298
2023-05-02,2398.3990720991933,8450,139397.1950679897,2359.6038908907653,8418,72130.33670462132,97.64362526956567,53.11346883655807,0.026018840055790138,2337.5780038978423,0.0027246324569105695,2331.2262691405394,-0.008843266741125677,2352.0258612132743,0.0011052754397915532,2307.64790673428,0.036067603163163486,2059.2758438170745,0.018203775689711765,2092.3851491601285,-0.009231774016450034,2353.7316602575916,2142.5664972538966,0.022406269359642055,0.022406269359642055,0.848429252280492,0.9266114124839373
2023-05-03,2384.958315056936,14349,140876.62024564826,2386.895933954981,11287,71445.85758905408,97.61731792712006,52.81759680340309,-0.005604053636700801,2398.3990720991933,0.026018840055790138,2337.5780038978423,0.0027246324569105695,2331.2262691405394,-0.008843266741125677,2349.4290949371084,0.018105529912471052,2125.0909648442525,0.031960322957599985,2087.1836543871377,-0.0024859165030294283,2360.8375042815574,2157.4552302873863,0.02248707999245285,0.02248707999245285,0.9290220374626786,0.3281641327509537
2023-05-04,2343.975783263378,14935,149806.23947773362,2362.076096649222,13006,74754.59978041024,97.5487326595024,52.80089128760809,-0.017183751822756443,2384.958315056936,-0.005604053636700801,2398.3990720991933,0.026018840055790138,2337.5780038978423,0.0027246324569105695,2352.0258612132743,0.0011052754397915532,2083.422937914849,-0.019607643916766282,2045.5682150845817,-0.01993856133123828,2359.227488691578,2172.3756086963267,0.022321668011177898,0.022321668011177898,0.9855858861669006,0.08210745418450727
2023-05-05,2377.033077871732,12913,145860.15148248844,2373.9552674599736,11273,76889.12076618713,97.68690341884016,52.8024881457436,0.014103087090059585,2343.975783263378,-0.017183751822756443,2384.958315056936,-0.005604053636700801,2398.3990720991933,0.026018840055790138,2331.2262691405394,-0.008843266741125677,2142.8949230928342,0.02854532514531427,2062.5247640312364,0.0082894077164537,2368.3888504378165,2188.101024388351,0.02237620180700034,0.02237620180700034,1.050504489479845,0.9108954382042525
2023-05-08,2453.093136170058,6651,137017.704058861,2363.5817349040854,10145,78822.49404583787,97.67040964130057,53.144550989424616,0.0319978964560419,2377.033077871732,0.014103087090059585,2343.975783263378,-0.017183751822756443,2384.958315056936,-0.005604053636700801,2337.5780038978423,0.0027246324569105695,2227.314028243834,0.03939488784133105,1988.667688451667,-0.03580906123774952,2391.4918768922594,2211.3222967742704,0.02055412922255865,0.02055412922255865,1.110600731033944,1.3410466846445164
2023-05-09,2519.578916651294,17816,129746.04516389848,2378.6755657785734,15188,79259.53143283,97.79925406623238,53.50677849791798,0.0271028358038774,2453.093136170058,0.0319978964560419,2377.033077871732,0.014103087090059585,2343.975783263378,-0.017183751822756443,2398.3990720991933,0.026018840055790138,2307.64790673428,0.036067603163163486,1998.9815381576343,0.005186311300706903,2415.72784580268,2237.3521656989533,0.020824414771891057,0.020824414771891057,1.1537976139402177,1.342988023485794
2023-05-10,2537.0032873945283,10176,131905.15360490387,2339.6740200518893,5207,83574.97113719117,97.8054245296374,53.40801567841028,0.006915588405697726,2519.578916651294,0.0271028358038774,2453.093136170058,0.0319978964560419,2377.033077871732,0.014103087090059585,2384.958315056936,-0.005604053636700801,2349.4290949371084,0.018105529912471052,1964.4634735167265,-0.01726782563120688,2446.1368402701983,2265.979156392844,0.019717728279348527,0.019717728279348527,1.1941060642961772,0.5938578109513327
2023-05-11,2460.03489244463,19371,137772.88439217172,2367.307540632058,8357,83735.87175709363,97.80914731327957,53.34382973525204,-0.03033831108234164,2537.0032873945283,0.006915588405697726,2519.578916651294,0.0271028358038774,2453.093136170058,0.0319978964560419,2343.975783263378,-0.017183751822756443,2352.0258612132743,0.0011052754397915532,2006.4416491598968,0.021368773819969267,2469.3486621064485,2288.6588185570804,0.021845200132880094,0.021845200132880094,1.2319630506227712,0.38614494717940656
2023-05-12,2540.330304693391,7319,129799.2001796967,2373.489612601948,9185,81876.97845801739,97.80026766850833,53.54311742586873,0.032639948520798656,2460.03489244463,-0.03033831108234164,2537.0032873945283,0.006915588405697726,2519.578916651294,0.0271028358038774,2377.033077871732,0.014103087090059585,2331.2262691405394,-0.008843266741125677,1960.73461062842,-0.022780148403824585,2502.00810747078,2317.6386032603286,0.020900239130564175,0.020900239130564175,1.2544524881766277,1.3596177503388822
2023-05-15,2640.311433172761,12727,122055.55483044598,2380.12641635314,12139,78242.07279495827,97.80064729367048,53.36756089119062,0.039357530906374505,2540.330304693391,0.032639948520798656,2460.03489244463,-0.03033831108234164,2537.0032873945283,0.006915588405697726,2453.093136170058,0.0319978964560419,2337.5780038978423,0.0027246324569105695,2022.459445725548,0.031480463884576926,2539.451766871321,2348.531202632689,0.021331835713634513,0.021331835713634513,1.2531671433986544,1.4644917936037425
2023-05-16,2644.2093375266595,5382,121942.14019253718,2419.8325559363784,12606,76590.24976979803,97.97252679397543,53.54415293671184,0.0014763047665231621,2640.311433172761,0.039357530906374505,2540.330304693391,0.032639948520798656,2460.03489244463,-0.03033831108234164,2519.578916651294,0.0271028358038774,2398.3990720991933,0.026018840055790138,2059.2758438170745,0.018203775689711765,2564.377851046394,2377.777877318169,0.021470677730975534,0.021470677730975534,1.2567089364522448,0.9467171933212443
2023-05-17,2674.8571725538823,11476,121917.111379775,2429.836474048929,17070,76080.25041369336,97.74056572130031,53.51778099050108,0.011590547916259242,2644.2093375266595,0.0014763047665231621,2640.311433172761,0.039357530906374505,2540.330304693391,0.032639948520798656,2537.0032873945283,0.006915588405697726,2384.958315056936,-0.005604053636700801,2125.0909648442525,0.031960322957599985,2591.948628078265,2405.2661877036503,0.020991581453440152,0.020991581453440152,1.2601755548332065,0.8789838894105657
2023-05-18,2752.8658364012617,17343,117805.74743211806,2463.934930609465,10904,72732.83702783297,97.54041114685646,53.226961417179496,0.029163674474962376,2674.8571725538823,0.011590547916259242,2644.2093375266595,0.0014763047665231621,2640.311433172761,0.039357530906374505,2460.03489244463,-0.03033831108234164,2343.975783263378,-0.017183751822756443,2083.422937914849,-0.019607643916766282,2650.5148168695914,2438.7383326279714,0.019961161437921964,0.019961161437921964,1.2620610190152934,1.1734178842011647
2023-05-19,2841.937795187932,7811,112410.92214696572,2503.140688499473,7495,73628.92563185949,97.48609406375084,52.9399104033156,0.03235608419737268,2752.8658364012617,0.029163674474962376,2674.8571725538823,0.011590547916259242,2644.2093375266595,0.0014763047665231621,2540.330304693391,0.032639948520798656,2377.033077871732,0.014103087090059585,2142.8949230928342,0.02854532514531427,2710.836314968499,2473.690476232726,0.020122664212569485,0.020122664212569485,1.2438595366526768,1.327294783324935
2023-05-22,2813.4261199121734,16256,115759.38380509238,2523.327058538669,13923,69944.21719842062,97.4875468519446,53.37402801212493,-0.010032476897993914,2841.937795187932,0.03235608419737268,2752.8658364012617,0.029163674474962376,2674.8571725538823,0.011590547916259242,2640.311433172761,0.039357530906374505,2453.093136170058,0.0319978964560419,2227.314028243834,0.03939488784133105,2745.459252316382,2502.9960808161427,0.019926582028730457,0.019926582028730457,1.2433635792885465,0.5991541318507433
2023-05-23,2722.3602467838045,17228,120963.85164351312,2521.479543631865,13886,70306.81862316217,97.556557294421,53.327101568381934,-0.032368318643182126,2813.4261199121734,-0.010032476897993914,2841.937795187932,0.03235608419737268,2752.8658364012617,0.029163674474962376,2644.2093375266595,0.0014763047665231621,2519.578916651294,0.0271028358038774,2307.64790673428,0.036067603163163486,2761.0894341678113,2523.7316978186186,0.021387026872408836,0.021387026872408836,1.2279743649261428,0.29228648084532843
2023-05-24,2887.2450852857423,17863,106622.8297895154,2502.0273444518207,8356,74430.76247866503,97.60386601422375,53.81920779655143,0.06056686975823,2722.3602467838045,-0.032368318643182126,2813.4261199121734,-0.010032476897993914,2841.937795187932,0.03235608419737268,2674.8571725538823,0.011590547916259242,2537.0032873945283,0.006915588405697726,2349.4290949371084,0.018105529912471052,2803.567016714183,2550.6224973360504,0.024298599401887264,0.024298599401887264,1.2264512593500982,1.9792385063547675
2023-05-25,2741.7627389671843,15951,117946.90559256444,2540.8826061416357,14554,71667.31101281117,97.56544142293568,53.66511691833696,-0.05038794491675791,2887.2450852857423,0.06056686975823,2722.3602467838045,-0.032368318643182126,2813.4261199121734,-0.010032476897993914,2752.8658364012617,0.029163674474962376,2460.03489244463,-0.03033831108234164,2352.0258612132743,0.0011052754397915532,2801.346397227367,2570.109341223746,0.027832842478776335,0.027832842478776335,1.2008388332803202,0.38614027583059396
2023-05-26,2828.9399374996865,14673,112962.26423980514,2562.1628890812053,19288,69913.69478066512,97.66734579225988,53.75247847867641,0.03179604029681338,2741.7627389671843,-0.05038794491675791,2887.2450852857423,0.06056686975823,2722.3602467838045,-0.032368318643182126,2841.937795187932,0.03235608419737268,2540.330304693391,0.032639948520798656,2331.2262691405394,-0.008843266741125677,2798.746825689718,2594.9950246417034,0.02801648985944164,0.02801648985944164,1.1840878567460391,1.1932908123381365
2023-05-29,2875.30812330304,5226,110398.7335283574,2541.276515537917,12149,72952.55503797512,97.77036533257514,54.47028149558188,0.016390657570600542,2828.9399374996865,0.03179604029681338,2741.7627389671843,-0.05038794491675791,2887.2450852857423,0.06056686975823,2813.4261199121734,-0.010032476897993914,2640.311433172761,0.039357530906374505,2337.5780038978423,0.0027246324569105695,2811.123226367891,2621.881530611963,0.027993920534846423,0.027993920534846423,1.16545091334738,1.0374157831522641
2023-05-30,3009.412536883945,17460,102043.96719486424,2526.5916539979285,6286,74111.98252160769,97.7887711157023,54.153065472182895,0.046640014854078204,2875.30812330304,0.016390657570600542,2828.9399374996865,0.03179604029681338,2741.7627389671843,-0.05038794491675791,2722.3602467838045,-0.032368318643182126,2644.2093375266595,0.0014763047665231621,2398.3990720991933,0.026018840055790138,2868.5336843879195,2652.432203851201,0.028948292603941873,0.028948292603941873,1.1377114598857738,1.4918595594741366
2023-05-31,3031.7864394046437,15202,102303.53976520184,2519.251861779702,7612,72036.98635935449,97.885036872951,53.58372112221296,0.00743464122863835,3009.412536883945,0.046640014854078204,2875.30812330304,0.016390657570600542,2828.9399374996865,0.03179604029681338,2887.2450852857423,0.06056686975823,2674.8571725538823,0.011590547916259242,2384.958315056936,-0.005604053636700801,2897.4419552116997,2684.773610068586,0.02868108357773972,0.02868108357773972,1.1261731959545873,0.9640926281406832
2023-06-01,2917.761379394706,11473,108024.34492001712,2518.7292811348966,15606,70210.74275905624,97.9123013992942,53.96969816159913,-0.0376098588369993,3031.7864394046437,0.00743464122863835,3009.412536883945,0.046640014854078204,2875.30812330304,0.016390657570600542,2741.7627389671843,-0.05038794491675791,2752.8658364012617,0.029163674474962376,2343.975783263378,-0.017183751822756443,2932.641683297204,2713.4628898751525,0.030119854203225285,0.030119854203225285,1.1299497070891626,0.3652739252588625
2023-06-02,2919.856715350515,9014,107625.08758694534,2509.272913269907,5404,73083.63505037528,97.85615309661593,53.72165542998121,0.0007181313628339403,2917.761379394706,-0.0376098588369993,3031.7864394046437,0.00743464122863835,3009.412536883945,0.046640014854078204,2828.9399374996865,0.03179604029681338,2841.937795187932,0.03235608419737268,2377.033077871732,0.014103087090059585,2950.82503886737,2740.604071749092,0.030206141206531527,0.030206141206531527,1.0957836556898628,0.6295560130248024
2023-06-05,2905.215502607543,12284,107322.62253388931,2498.1924329780654,8626,76033.10908562569,97.92593478051592,53.71544352074935,-0.005014360008146701,2919.856715350515,0.0007181313628339403,2917.761379394706,-0.0376098588369993,3031.7864394046437,0.00743464122863835,2875.30812330304,0.016390657570600542,2813.4261199121734,-0.010032476897993914,2453.093136170058,0.0319978964560419,2956.8065147282705,2763.2101900709663,0.02997004813711975,0.02997004813711975,1.0600606134124309,0.5464979665847287
2023-06-06,2964.623706125304,10732,99943.1656350081,2503.566103481648,15283,73973.75554447828,97.93699609277378,53.539668057613866,0.020448811272155254,2905.215502607543,-0.005014360008146701,2919.856715350515,0.0007181313628339403,2917.761379394706,-0.0376098588369993,3009.412536883945,0.046640014854078204,2722.3602467838045,-0.032368318643182126,2519.578916651294,0.0271028358038774,2947.848748576542,2785.462429544667,0.029793989586084573,0.029793989586084573,1.0317689752044588,1.1516752306548907
2023-06-07,2951.1675446802437,12268,102419.9608064182,2485.914478405948,19025,76642.67007136275,97.93713007744924,53.62011689190047,-0.0045389104247052225,2964.623706125304,0.020448811272155254,2905.215502607543,-0.005014360008146701,2919.856715350515,0.0007181313628339403,3031.7864394046437,0.00743464122863835,2887.2450852857423,0.06056686975823,2537.0032873945283,0.006915588405697726,2931.7249696316626,2806.1706424089525,0.02993756153220452,0.02993756153220452,0.9980668570366179,0.49282458714101635
2023-06-08,2909.39792445126,15349,105274.66775588036,2486.380373129424,7950,78580.9228823416,98.0844254346682,53.33495602974474,-0.014153591619790351,2951.1675446802437,-0.0045389104247052225,2964.623706125304,0.020448811272155254,2905.215502607543,-0.005014360008146701,2917.761379394706,-0.0376098588369993,2741.7627389671843,-0.05038794491675791,2460.03489244463,-0.03033831108234164,2930.0522786429733,2828.6387940092836,0.02905193591275268,0.02905193591275268,0.9526300259755437,0.2429077699362084
2023-06-09,3004.250339260578,6067,100020.34763902953,2487.0198848645973,9642,80547.67330049051,97.83933822181416,53.28097400337975,0.03260207688063432,2909.39792445126,-0.014153591619790351,2951.1675446802437,-0.0045389104247052225,2964.623706125304,0.020448811272155254,2919.856715350515,0.0007181313628339403,2828.9399374996865,0.03179604029681338,2540.330304693391,0.032639948520798656,2946.9310034249856,2851.8347957376436,0.029050303075039783,0.029050303075039783,0.9046075945697114,0.8855791717328613
2023-06-12,3041.266582367895,17017,99322.5736431558,2501.312536845311,5637,82940.78033431934,97.69756980479822,53.415918601346704,0.012321291146605073,3004.250339260578,0.03260207688063432,2909.39792445126,-0.014153591619790351,2951.1675446802437,-0.0045389104247052225,2905.215502607543,-0.005014360008146701,2875.30812330304,0.016390657570600542,2640.311433172761,0.039357530906374505,2974.1412193770566,2871.8825531974003,0.028170299331836717,0.028170299331836717,0.8481752064253544,0.5776998395935483
2023-06-13,3172.7026493032376,17777,89381.69721651876,2506.6604454441604,13589,85106.66018008832,97.57886276216078,53.11342593546443,0.043217542223151106,3041.266582367895,0.012321291146605073,3004.250339260578,0.03260207688063432,2909.39792445126,-0.014153591619790351,2964.623706125304,0.020448811272155254,3009.412536883945,0.046640014854078204,2644.2093375266595,0.0014763047665231621,3015.757008012643,2898.3072187862285,0.029229218158627994,0.029229218158627994,0.7554857672272821,1.5516313074300991
2023-06-14,3225.851449892901,8052,89655.68738740378,2516.455779881681,15046,84830.978699645,97.5425366974039,52.90340072657066,0.016751900970403133,3172.7026493032376,0.043217542223151106,3041.266582367895,0.012321291146605073,3004.250339260578,0.03260207688063432,2951.1675446802437,-0.0045389104247052225,3031.7864394046437,0.00743464122863835,2674.8571725538823,0.011590547916259242,3070.6937890551744,2925.85693265318,0.029270872460983376,0.029270872460983376,0.6477999331144106,0.8876091135364236
2023-06-15,3224.655235226855,17795,90943.32695743104,2497.1254868552114,17765,86519.48955768997,97.5170758804273,52.79918587649109,-0.0003708213737139143,3225.851449892901,0.016751900970403133,3172.7026493032376,0.043217542223151106,3041.266582367895,0.012321291146605073,2909.39792445126,-0.014153591619790351,2917.761379394706,-0.0376098588369993,2752.8658364012617,0.029163674474962376,3133.745251210293,2949.44640259446,0.028986991335999603,0.028986991335999603,0.5520528444206314,0.6630216591024751
2023-06-16,3274.962951319681,8431,90435.2933543742,2489.0612053317977,16024,89132.97438489264,97.36634331565,52.37054124622321,0.015600959613683019,3224.655235226855,-0.0003708213737139143,3225.851449892901,0.016751900970403133,3172.7026493032376,0.043217542223151106,3004.250339260578,0.03260207688063432,2919.856715350515,0.0007181313628339403,2841.937795187932,0.03235608419737268,3187.887773622114,2971.097660401047,0.028494252610952762,0.028494252610952762,0.45820968517592603,0.6432587904836564
2023-06-19,3255.392329225885,19768,95617.3699569532,2502.0112962288104,19016,86418.49030244452,97.2678275124189,52.24377295138359,-0.00597583007340885,3274.962951319681,0.015600959613683019,3224.655235226855,-0.0003708213737139143,3225.851449892901,0.016751900970403133,3041.266582367895,0.012321291146605073,2905.215502607543,-0.005014360008146701,2813.4261199121734,-0.010032476897993914,3230.712922993712,2993.1959708667323,0.028377074236848508,0.028377074236848508,0.38363771346418224,0.05000855915408034
2023-06-20,3255.616550677336,15395,95197.77448926737,2497.358050035732,7323,84186.02792027523,97.18174334456656,52.27941191335447,6.887693671742134e-05,3255.392329225885,-0.00597583007340885,3274.962951319681,0.015600959613683019,3224.655235226855,-0.0003708213737139143,3172.7026493032376,0.043217542223151106,2964.623706125304,0.020448811272155254,2722.3602467838045,-0.032368318643182126,3247.2957032685313,3019.8587860614093,0.026852265420619543,0.026852265420619543,0.30129968415262354,0.14160265508034683
2023-06-21,3151.941570300705,17838,100885.47971820574,2490.326685698715,14146,86995.32244243492,97.42748575377416,52.15954723087793,-0.031844960474556316,3255.616550677336,6.887693671742134e-05,3255.392329225885,-0.00597583007340885,3274.962951319681,0.015600959613683019,3225.851449892901,0.016751900970403133,2951.1675446802437,-0.0045389104247052225,2887.2450852857423,0.06056686975823,3232.5137273500923,3033.0936103121576,0.02548698135752616,0.02548698135752616,0.2274576878445657,-0.8457201191089275
2023-06-22,3150.350629097169,10197,101839.29654956907,2506.6313245197466,11049,88543.23350681156,97.60765994854886,52.07813428299842,-0.0005047495862634532,3151.941570300705,-0.031844960474556316,3255.616550677336,6.887693671742134e-05,3255.392329225885,-0.00597583007340885,3224.655235226855,-0.0003708213737139143,2909.39792445126,-0.014153591619790351,2741.7627389671843,-0.05038794491675791,3217.652806124155,3053.523004818657,0.022016330078702254,0.022016330078702254,0.14395582629680378,-0.8367414189000661
2023-06-23,3206.6979578441374,18986,100966.53873095072,2501.2661611446947,13128,90769.87612009986,97.5664850067804,52.072163781726445,0.017886049961085337,3150.350629097169,-0.0005047495862634532,3151.941570300705,-0.031844960474556316,3255.616550677336,6.887693671742134e-05,3274.962951319681,0.015600959613683019,3004.250339260578,0.03260207688063432,2828.9399374996865,0.03179604029681338,3203.9998074290465,3072.410905835879,0.021409759570530287,0.021409759570530287,0.09830595986046467,-0.5747596309828915
2023-06-26,3249.9637185603005,18822,101044.72198439932,2488.537699258168,6494,92992.5279378487,97.5301266777497,51.87544074299674,0.013492309311616824,3206.6979578441374,0.017886049961085337,3150.350629097169,-0.0005047495862634532,3151.941570300705,-0.031844960474556316,3255.392329225885,-0.00597583007340885,3041.266582367895,0.012321291146605073,2875.30812330304,0.016390657570600542,3202.9140852959295,3091.143685598742,0.02134903575444804,0.02134903575444804,0.06111552319938078,-0.5994683215893837
2023-06-27,3284.8841607952854,19662,95447.76571781022,2510.7892028083925,13890,88640.64277138942,97.41520627803088,52.08275951275681,0.010744871407504242,3249.9637185603005,0.013492309311616824,3206.6979578441374,0.017886049961085337,3150.350629097169,-0.0005047495862634532,3255.616550677336,6.887693671742134e-05,3172.7026493032376,0.043217542223151106,3009.412536883945,0.046640014854078204,3208.7676073195194,3104.9172667943094,0.019183408762714394,0.019183408762714394,0.03951979753374544,0.2833756166446009
2023-06-28,3260.6464150846555,16973,100342.95362463118,2528.0210829100342,9055,85076.15292242978,97.22439323670837,52.513552950197344,-0.00737856938759196,3284.8841607952854,0.010744871407504242,3249.9637185603005,0.013492309311616824,3206.6979578441374,0.017886049961085337,3151.941570300705,-0.031844960474556316,3225.851449892901,0.016751900970403133,3031.7864394046437,0.00743464122863835,3230.5085762763097,3116.3602655783097,0.019351954559681472,0.019351954559681472,0.03842579444181842,-0.7878002810171957
2023-06-29,3275.228865156168,10963,99055.2259769407,2517.6581928355754,9913,85311.8627440918,97.2127052180675,52.37423883253871,0.004472257403945967,3260.6464150846555,-0.00737856938759196,3284.8841607952854,0.010744871407504242,3249.9637185603005,0.013492309311616824,3150.350629097169,-0.0005047495862634532,3224.655235226855,-0.0003708213737139143,2917.761379394706,-0.0376098588369993,3255.4842234881094,3134.233639866383,0.016718496466735407,0.016718496466735407,0.05853598641910365,-0.3123248535052655
2023-06-30,3272.503359175362,12439,100713.34389007212,2558.86889979692,18197,85965.9419472215,97.1129200197431,52.51979830198202,-0.0008321574134257936,3275.228865156168,0.004472257403945967,3260.6464150846555,-0.00737856938759196,3284.8841607952854,0.010744871407504242,3206.6979578441374,0.017886049961085337,3274.962951319681,0.015600959613683019,2919.856715350515,0.0007181313628339403,3268.6453037543542,3151.8659720576247,0.016747487783492342,0.016747487783492342,0.09179004645091267,-0.6785269773599347
2023-07-03,3267.9714714066617,6072,98835.75820728594,2594.321016794632,12830,83256.28832984105,97.1044349665769,52.44791315535163,-0.0013848382327841247,3272.503359175362,-0.0008321574134257936,3275.228865156168,0.004472257403945967,3260.6464150846555,-0.00737856938759196,3249.9637185603005,0.013492309311616824,3255.392329225885,-0.00597583007340885,2905.215502607543,-0.005014360008146701,3272.246854323627,3170.003770497581,0.016642907499019376,0.016642907499019376,0.13006572758194113,-0.25789404603453137
2023-07-04,3269.282223616356,7438,97502.80789478571,2620.5071498767816,6175,82245.30250342125,96.94441438167256,52.55755935886318,0.00040109046886205313,3267.9714714066617,-0.0013848382327841247,3272.503359175362,-0.0008321574134257936,3275.228865156168,0.004472257403945967,3284.8841607952854,0.010744871407504242,3255.616550677336,6.887693671742134e-05,2964.623706125304,0.020448811272155254,3269.1264668878407,3185.2366963721333,0.01632961971948612,0.01632961971948612,0.17555332146157904,-0.17360766355223173
2023-07-05,3326.3558441759224,13401,95268.92137851332,2631.739578448446,5645,80496.20133469664,96.86821693584152,53.02729321822416,0.017457538583632415,3269.282223616356,0.00040109046886205313,3267.9714714066617,-0.0013848382327841247,3272.503359175362,-0.0008321574134257936,3260.6464150846555,-0.00737856938759196,3151.941570300705,-0.031844960474556316,2951.1675446802437,-0.0045389104247052225,3282.2683527060935,3203.9961113469176,0.016391936463728867,0.016391936463728867,0.2044081104019188,0.11500467396431002
2023-07-06,3324.654490232801,5276,92349.8798891455,2658.2550872436336,10763,81817.06637367595,96.8830796453718,53.17989108112958,-0.000511476830147406,3326.3558441759224,0.017457538583632415,3269.282223616356,0.00040109046886205313,3267.9714714066617,-0.0013848382327841247,3275.228865156168,0.004472257403945967,3150.350629097169,-0.0005047495862634532,2909.39792445126,-0.014153591619790351,3292.1534777214206,3224.758939635995,0.015775789288447778,0.015775789288447778,0.24808601594001717,0.4519058769499011
2023-07-07,3334.3616864554483,16644,93958.2279561101,2623.307108997325,17373,81410.52166288889,96.9197006051502,52.647866719486686,0.002919760910845115,3324.654490232801,-0.000511476830147406,3326.3558441759224,0.017457538583632415,3269.282223616356,0.00040109046886205313,3272.503359175362,-0.0008321574134257936,3206.6979578441374,0.017886049961085337,3004.250339260578,0.03260207688063432,3304.5251431774377,3241.2645069957384,0.014572008896325992,0.014572008896325992,0.29284633227961177,-0.11699031565003856
2023-07-10,3307.254215348847,18062,95067.12511624352,2648.445386752036,13669,83440.53705516442,96.9614478010244,52.78406540892077,-0.008129733261006078,3334.3616864554483,0.002919760910845115,3324.654490232801,-0.000511476830147406,3326.3558441759224,0.017457538583632415,3267.9714714066617,-0.0013848382327841247,3249.9637185603005,0.013492309311616824,3041.266582367895,0.012321291146605073,3312.381691965875,3254.563888644786,0.014771520341756017,0.014771520341756017,0.3606269778286076,-0.19590706377887548
2023-07-11,3245.192227480878,19374,99923.22274151524,2638.1444039911084,16594,84906.17012324894,96.8293989026087,53.15392453191348,-0.01876541197829351,3307.254215348847,-0.008129733261006078,3334.3616864554483,0.002919760910845115,3324.654490232801,-0.000511476830147406,3269.282223616356,0.00040109046886205313,3284.8841607952854,0.010744871407504242,3172.7026493032376,0.043217542223151106,3307.5636927387795,3258.188367553668,0.012505994882818587,0.012505994882818587,0.43226989159913887,-1.1682595947107601
2023-07-12,3257.1795503065705,5123,99981.62594253752,2642.6892635746635,5558,79996.2236129393,96.91486747562226,53.08744568091405,0.003693871421292627,3245.192227480878,-0.01876541197829351,3307.254215348847,-0.008129733261006078,3334.3616864554483,0.002919760910845115,3326.3558441759224,0.017457538583632415,3260.6464150846555,-0.00737856938759196,3225.851449892901,0.016751900970403133,3293.7284339649086,3259.754772574351,0.01198147070881899,0.01198147070881899,0.48933844906370605,-0.6217335590574633
2023-07-13,3275.556301542154,9016,98245.22016031393,2656.6692664837506,15997,79816.45498444997,96.83484630596207,53.38613612274939,0.005641921469712541,3257.1795503065705,0.003693871421292627,3245.192227480878,-0.01876541197829351,3307.254215348847,-0.008129733261006078,3324.654490232801,-0.000511476830147406,3275.228865156168,0.004472257403945967,3224.655235226855,-0.0003708213737139143,3283.9087962267795,3262.299825890116,0.012032425036271301,0.012032425036271301,0.5462618893905662,-0.14327834152666213
2023-07-14,3259.3795856240117,10631,102377.33048875887,2644.99749155817,15415,82562.22949524797,96.8981320974228,53.17910146040381,-0.004938616353663661,3275.556301542154,0.005641921469712541,3257.1795503065705,0.003693871421292627,3245.192227480878,-0.01876541197829351,3334.3616864554483,0.002919760910845115,3272.503359175362,-0.0008321574134257936,3274.962951319681,0.015600959613683019,3268.9123760604925,3261.5206576053324,0.01157523606210694,0.01157523606210694,0.5959292881650136,-1.2698361442145492
2023-07-17,3216.1987783173035,10052,110185.82020277936,2641.0224490239125,17464,84694.30772646095,96.897068229761,52.73343971254712,-0.013248167687238244,3259.3795856240117,-0.004938616353663661,3275.556301542154,0.005641921469712541,3257.1795503065705,0.003693871421292627,3307.254215348847,-0.008129733261006078,3267.9714714066617,-0.0013848382327841247,3255.392329225885,-0.00597583007340885,3250.701288654184,3259.5609800599036,0.011877352005223041,0.011877352005223041,0.6329652901474767,-2.228837358536547
2023-07-18,3218.668231502196,17757,111691.9110132276,2631.2823684566624,17044,87032.24424479113,96.7594294798532,52.77579041819692,0.0007678173381386877,3216.1987783173035,-0.013248167687238244,3259.3795856240117,-0.004938616353663661,3275.556301542154,0.005641921469712541,3245.192227480878,-0.01876541197829351,3269.282223616356,0.00040109046886205313,3255.616550677336,6.887693671742134e-05,3245.396489458447,3257.7135641011464,0.011880259533764674,0.011880259533764674,0.6637497837512405,-1.475957969773793
2023-07-19,3230.439977996105,19397,107912.20088913049,2598.259460778509,9969,89595.32464791043,96.72780970939507,52.24884740197302,0.003657334539389545,3218.668231502196,0.0007678173381386877,3216.1987783173035,-0.013248167687238244,3259.3795856240117,-0.004938616353663661,3257.1795503065705,0.003693871421292627,3326.3558441759224,0.017457538583632415,3151.941570300705,-0.031844960474556316,3240.048574996354,3261.6384844859167,0.009329196529684348,0.009329196529684348,0.7017465872799686,-0.5563140413393612
2023-07-20,3246.2773816806457,6383,107596.37956553488,2604.0823543986658,15410,89212.32141935515,96.76434608360144,52.17691609810496,0.0049025531483066764,3230.439977996105,0.003657334539389545,3218.668231502196,0.0007678173381386877,3216.1987783173035,-0.013248167687238244,3275.556301542154,0.005641921469712541,3324.654490232801,-0.000511476830147406,3150.350629097169,-0.0005047495862634532,3234.1927910240524,3266.4348221150904,0.009353315721953165,0.009353315721953165,0.7345460324483412,-0.7704650990263556
2023-07-21,3255.6707394593795,17117,106990.22073415,2610.866856425073,16860,89547.34980405148,96.82564262164892,52.5629687768986,0.0028935782973267266,3246.2773816806457,0.0049025531483066764,3230.439977996105,0.003657334539389545,3218.668231502196,0.0007678173381386877,3259.3795856240117,-0.004938616353663661,3334.3616864554483,0.002919760910845115,3206.6979578441374,0.017886049961085337,3233.4510217911256,3268.8834611958528,0.008539932423721761,0.008539932423721761,0.7594958002402931,-0.6224246310344521
2023-07-24,3248.2494175576794,14053,109697.06312954672,2613.414586930292,13313,88777.18498471363,96.81154383190446,51.99003990517471,-0.002279506281686383,3255.6707394593795,0.0028935782973267266,3246.2773816806457,0.0049025531483066764,3230.439977996105,0.003657334539389545,3216.1987783173035,-0.013248167687238244,3307.254215348847,-0.008129733261006078,3249.9637185603005,0.013492309311616824,3239.8611496392014,3268.7977461457212,0.008017751310901138,0.008017751310901138,0.7804333389044383,-1.0377655213927768
2023-07-25,3249.557813218815,7578,110142.280959738,2600.19087839054,11531,93829.3645278026,96.96472172096458,51.60619086640055,0.0004028002449760759,3248.2494175576794,-0.002279506281686383,3255.6707394593795,0.0028935782973267266,3246.2773816806457,0.0049025531483066764,3218.668231502196,0.0007678173381386877,3245.192227480878,-0.01876541197829351,3284.8841607952854,0.010744871407504242,3246.0390659825252,3267.031428766898,0.007611803317857118,0.007611803317857118,0.8065366797190546,-0.8848930731910062
2023-07-26,3266.156822823391,13132,113805.72398278669,2641.228130438614,11282,88906.3860856205,97.06547279806324,51.29658119285208,0.005108082563434646,3249.557813218815,0.0004028002449760759,3248.2494175576794,-0.002279506281686383,3255.6707394593795,0.0028935782973267266,3230.439977996105,0.003657334539389545,3257.1795503065705,0.003693871421292627,3260.6464150846555,-0.00737856938759196,3253.182434947982,3267.306949153835,0.007530686668550093,0.007530686668550093,0.8137886588625921,-1.4137995823872038
2023-07-27,3302.610874402191,19530,113321.79209237684,2631.012677484532,5199,90592.88229016152,97.03980738642323,51.27758523493878,0.011161145516364934,3266.156822823391,0.005108082563434646,3249.557813218815,0.0004028002449760759,3248.2494175576794,-0.002279506281686383,3246.2773816806457,0.0049025531483066764,3275.556301542154,0.005641921469712541,3275.228865156168,0.004472257403945967,3264.449133492291,3268.676049616136,0.007875197115821941,0.007875197115821941,0.8017889322043249,-0.841107424352709
2023-07-28,3288.9976353407656,15482,115709.78870526694,2614.1145732236737,10879,91927.33988093548,97.11481956763694,51.16787019924492,-0.004121962767984155,3302.610874402191,0.011161145516364934,3266.156822823391,0.005108082563434646,3249.557813218815,0.0004028002449760759,3255.6707394593795,0.0028935782973267266,3259.3795856240117,-0.004938616353663661,3272.503359175362,-0.0008321574134257936,3271.1145126685683,3269.500763424406,0.007937408184812533,0.007937408184812533,0.7938145358782895,-1.1733775525409578
2023-07-31,3293.055851089227,5460,115119.90912157252,2593.713616872857,8916,91212.55376249657,97.30819891615576,51.58761111375375,0.001233876152678004,3288.9976353407656,-0.004121962767984155,3302.610874402191,0.011161145516364934,3266.156822823391,0.005108082563434646,3248.2494175576794,-0.002279506281686383,3216.1987783173035,-0.013248167687238244,3267.9714714066617,-0.0013848382327841247,3280.0757993748775,3270.7549824085345,0.007930071215571988,0.007930071215571988,0.7863887845372781,-0.7573901017927105
2023-08-01,3265.4428593466782,8849,115366.91740601607,2595.2558329679723,12582,94515.39777055405,97.50424737623406,51.873915612481255,-0.008385218165496755,3293.055851089227,0.001233876152678004,3288.9976353407656,-0.004121962767984155,3302.610874402191,0.011161145516364934,3249.557813218815,0.0004028002449760759,3218.668231502196,0.0007678173381386877,3269.282223616356,0.00040109046886205313,3283.2528086004504,3270.5630141950505,0.008170457807187906,0.008170457807187906,0.7918619782889669,-0.79033692195843
2023-08-02,3252.814852848868,5120,116316.9679442106,2579.2401359634573,18179,96856.34578538028,97.3814473881518,52.02249749630184,-0.0038671650498077748,3265.4428593466782,-0.008385218165496755,3293.055851089227,0.001233876152678004,3288.9976353407656,-0.004121962767984155,3266.156822823391,0.005108082563434646,3230.439977996105,0.003657334539389545,3326.3558441759224,0.017457538583632415,3280.584414605546,3266.885964628698,0.007088434843761916,0.007088434843761916,0.7896859096961715,-0.8915275715911095
2023-08-03,3251.672577750774,15122,117129.98969323056,2564.354749351232,18497,97208.37345663374,97.2887940770361,52.066186590605,-0.0003511651138378147,3252.814852848868,-0.0038671650498077748,3265.4428593466782,-0.008385218165496755,3293.055851089227,0.001233876152678004,3302.610874402191,0.011161145516364934,3246.2773816806457,0.0049025531483066764,3324.654490232801,-0.000511476830147406,3270.396755275263,3263.2368690045964,0.007089217904191198,0.007089217904191198,0.7977580269517959,-0.944708503393867
2023-08-04,3255.560611388475,7818,118177.99469922346,2574.9246952353515,7251,95223.59586580764,97.43728595570948,52.18415552370045,0.0011957026867663867,3251.672577750774,-0.0003511651138378147,3252.814852848868,-0.0038671650498077748,3265.4428593466782,-0.008385218165496755,3288.9976353407656,-0.004121962767984155,3255.6707394593795,0.0028935782973267266,3334.3616864554483,0.002919760910845115,3263.7093504848044,3259.2968152512476,0.007048319509855384,0.007048319509855384,0.8012800770104622,-0.972143466825884
2023-08-07,3241.746447469124,14041,119747.24429521478,2568.8117567786053,6242,95739.92788232876,97.33145785062572,51.92556081710644,-0.0042432519520683165,3255.560611388475,0.0011957026867663867,3251.672577750774,-0.0003511651138378147,3252.814852848868,-0.0038671650498077748,3293.055851089227,0.001233876152678004,3248.2494175576794,-0.002279506281686383,3307.254215348847,-0.008129733261006078,3253.447469760784,3256.0214268572613,0.0068983601730550235,0.0068983601730550235,0.8048256614177214,-1.0835396850145178
2023-08-08,3223.037582923378,7891,120644.20467298472,2569.554377645052,10327,99367.55021921238,97.19920373729656,52.18272392317342,-0.005771230060374499,3241.746447469124,-0.0042432519520683165,3255.560611388475,0.0011957026867663867,3251.672577750774,-0.0003511651138378147,3265.4428593466782,-0.008385218165496755,3249.557813218815,0.0004028002449760759,3245.192227480878,-0.01876541197829351,3244.9664144761236,3254.9136946293866,0.005630167834132841,0.005630167834132841,0.8164020122094822,-1.080381718334253
2023-08-09,3283.663628104528,7602,117274.74231912084,2598.4069055403024,10935,98089.41465740211,97.15058432422666,51.84911064686566,0.018810219744989976,3223.037582923378,-0.005771230060374499,3241.746447469124,-0.0042432519520683165,3255.560611388475,0.0011957026867663867,3252.814852848868,-0.0038671650498077748,3266.156822823391,0.005108082563434646,3257.1795503065705,0.003693871421292627,3251.1361695272562,3256.2378985192845,0.007037228329709618,0.007037228329709618,0.8256928713916406,-0.15507542578236638
2023-08-10,3271.6774214569514,9381,117406.80757367174,2623.352023575532,18475,94901.39830724988,97.19260699517412,52.09972374503633,-0.0036502541079384,3283.663628104528,0.018810219744989976,3223.037582923378,-0.005771230060374499,3241.746447469124,-0.0042432519520683165,3251.672577750774,-0.0003511651138378147,3302.610874402191,0.011161145516364934,3275.556301542154,0.005641921469712541,3255.137138268491,3256.043954515025,0.0069814308249180135,0.0069814308249180135,0.8199028362967172,-0.5639022673549614
2023-08-11,3280.901179919223,14560,115189.66714941584,2627.4843568008123,14381,95435.68184007032,97.182367324513,52.45556649567197,0.0028192750305329195,3271.6774214569514,-0.0036502541079384,3283.663628104528,0.018810219744989976,3223.037582923378,-0.005771230060374499,3255.560611388475,0.0011957026867663867,3288.9976353407656,-0.004121962767984155,3259.3795856240117,-0.004938616353663661,3260.2052519746408,3257.1200342297852,0.006909861428344826,0.006909861428344826,0.8314860318226962,-0.035507106563012536
2023-08-14,3281.336271066063,14045,113776.24353368537,2622.8780963642007,9547,94968.50688093856,97.11731096247244,52.51882587629841,0.00013261330438818497,3280.901179919223,0.0028192750305329195,3271.6774214569514,-0.0036502541079384,3283.663628104528,0.018810219744989976,3241.746447469124,-0.0042432519520683165,3293.055851089227,0.001233876152678004,3216.1987783173035,-0.013248167687238244,3268.123216694029,3260.3769088672225,0.006127230962641815,0.006127230962641815,0.8200021955942784,-0.1914162083779351
2023-08-15,3238.462572236353,7228,117737.50253800048,2575.6998365792965,19979,100194.42993984482,97.0498897163,52.46596195860981,-0.01306592658843253,3281.336271066063,0.00013261330438818497,3280.901179919223,0.0028192750305329195,3271.6774214569514,-0.0036502541079384,3223.037582923378,-0.005771230060374499,3265.4428593466782,-0.008385218165496755,3218.668231502196,0.0007678173381386877,3271.2082145566237,3261.366625903931,0.006890567251749865,0.006890567251749865,0.781488669406359,-1.2956366535383792
2023-08-16,3236.6913672643323,18801,119620.70286649423,2607.3404274127765,13558,99148.97067357326,96.97865600985872,52.58605493110271,-0.0005469277265099937,3238.462572236353,-0.01306592658843253,3281.336271066063,0.00013261330438818497,3280.901179919223,0.0028192750305329195,3283.663628104528,0.018810219744989976,3252.814852848868,-0.0038671650498077748,3230.439977996105,0.003657334539389545,3261.813762388584,3261.679195367342,0.006847683828942632,0.006847683828942632,0.7648042222752557,-1.1996062713132756
2023-08-17,3256.755646818164,19477,118251.44635227603,2627.013805009331,19765,99680.90206104504,96.89070504699282,51.72759942007251,0.006199009197095817,3236.6913672643323,-0.0005469277265099937,3238.462572236353,-0.01306592658843253,3281.336271066063,0.00013261330438818497,3271.6774214569514,-0.0036502541079384,3251.672577750774,-0.0003511651138378147,3246.2773816806457,0.0049025531483066764,3258.829407460827,3262.2031086242177,0.006901278111104907,0.006901278111104907,0.7386315004626972,-0.4137051082442406
2023-08-18,3259.969007666012,11370,118098.3888841499,2652.1481611050312,13176,98963.19728796143,97.11886833472045,51.81827688561815,0.0009866754513767617,3256.755646818164,0.006199009197095817,3236.6913672643323,-0.0005469277265099937,3238.462572236353,-0.01306592658843253,3280.901179919223,0.0028192750305329195,3255.560611388475,0.0011957026867663867,3255.6707394593795,0.0028935782973267266,3254.6429730101854,3262.4180220345497,0.00687499132577652,0.00687499132577652,0.7208849937805027,-0.532862831948276
2023-08-21,3285.9760280043683,14400,117914.41236062736,2652.5750841216877,8174,99708.972678297,97.148619441839,51.78427068626621,0.007977689443426916,3259.969007666012,0.0009866754513767617,3256.755646818164,0.006199009197095817,3236.6913672643323,-0.0005469277265099937,3281.336271066063,0.00013261330438818497,3241.746447469124,-0.0042432519520683165,3248.2494175576794,-0.002279506281686383,3255.5709243978463,3264.304352556884,0.007068906162705043,0.007068906162705043,0.6863090820195961,-0.48728659214295356
2023-08-22,3277.4980565163582,8178,118478.52021917056,2643.4514586351056,16636,98409.38897002478,97.23729534727946,51.76908225234911,-0.0025800466636876074,3285.9760280043683,0.007977689443426916,3259.969007666012,0.0009866754513767617,3256.755646818164,0.006199009197095817,3238.462572236353,-0.01306592658843253,3223.037582923378,-0.005771230060374499,3249.557813218815,0.0004028002449760759,3263.378021253847,3265.7013647217614,0.0071046883996112985,0.0071046883996112985,0.6952919580873353,-0.6754019446249941
2023-08-23,3291.910243700493,13446,124197.86523479744,2644.487786515588,8645,99389.13895289844,97.18838760046756,51.98104200621846,0.004397313723948804,3277.4980565163582,-0.0025800466636876074,3285.9760280043683,0.007977689443426916,3259.969007666012,0.0009866754513767617,3236.6913672643323,-0.0005469277265099937,3283.663628104528,0.018810219744989976,3266.156822823391,0.005108082563434646,3274.4217965410794,3266.9890357656163,0.007081913824268018,0.007081913824268018,0.7164201698669345,-2.2614447906870505
2023-08-24,3272.0917191188955,11797,125917.08375003542,2627.62293186458,10012,103443.92081315511,97.16979193274896,51.95861132974904,-0.006020372098395788,3291.910243700493,0.004397313723948804,3277.4980565163582,-0.0025800466636876074,3285.9760280043683,0.007977689443426916,3256.755646818164,0.006199009197095817,3271.6774214569514,-0.0036502541079384,3302.610874402191,0.011161145516364934,3277.489011001225,3265.4630780014513,0.006743975447456215,0.006743975447456215,0.6562669428082456,-1.6220829594929616
2023-08-25,3234.529450742993,14964,127414.99537301013,2617.4617539644705,8560,101901.38954173843,97.09843653461192,51.616549272753694,-0.011479589082550867,3272.0917191188955,-0.006020372098395788,3291.910243700493,0.004397313723948804,3277.4980565163582,-0.0025800466636876074,3259.969007666012,0.0009866754513767617,3280.901179919223,0.0028192750305329195,3288.9976353407656,-0.004121962767984155,3272.4010996166217,3262.739668771563,0.00714405975150407,0.00714405975150407,0.5817011683828375,-1.5022053559648683
2023-08-28,3211.08356938985,7206,125468.96380474514,2644.6902582700486,11383,102203.33414072132,96.83326570112,51.574128471506086,-0.007248622005206262,3234.529450742993,-0.011479589082550867,3272.0917191188955,-0.006020372098395788,3291.910243700493,0.004397313723948804,3285.9760280043683,0.007977689443426916,3281.336271066063,0.00013261330438818497,3293.055851089227,0.001233876152678004,3257.422607893718,3258.641054686594,0.007267040044055603,0.007267040044055603,0.48559582418560565,-0.5664643968261854
2023-08-29,3204.6936505014964,6462,126532.58966829354,2703.1736482399047,9860,97139.68828945643,96.69546477343522,51.594395116730325,-0.0019899572061176096,3211.08356938985,-0.007248622005206262,3234.529450742993,-0.011479589082550867,3272.0917191188955,-0.006020372098395788,3277.4980565163582,-0.0025800466636876074,3238.462572236353,-0.01306592658843253,3265.4428593466782,-0.008385218165496755,3242.861726690746,3255.603594244335,0.007073975054736659,0.007073975054736659,0.4205519014151196,-0.9944274240792711
2023-08-30,3208.3856232754188,18144,128586.87632231954,2713.0828212756423,19198,95761.3833567166,96.51440290543718,51.62887529020463,0.0011520517018357435,3204.6936505014964,-0.0019899572061176096,3211.08356938985,-0.007248622005206262,3234.529450742993,-0.011479589082550867,3291.910243700493,0.004397313723948804,3236.6913672643323,-0.0005469277265099937,3252.814852848868,-0.0038671650498077748,3226.1568026057307,3253.3821327656624,0.007052723000483329,0.007052723000483329,0.3482507433619759,-1.1876752079157638
2023-08-31,3207.609319959395,19747,128736.74025418848,2736.577992530549,8196,93439.82178710782,96.28942452764204,51.67745110039016,-0.00024196072641391453,3208.3856232754188,0.0011520517018357435,3204.6936505014964,-0.0019899572061176096,3211.08356938985,-0.007248622005206262,3272.0917191188955,-0.006020372098395788,3256.755646818164,0.006199009197095817,3251.672577750774,-0.0003511651138378147,3213.2603227738305,3251.178969876094,0.007053020080574135,0.007053020080574135,0.25610546582770216,-0.7968661912475894
2023-09-01,3170.098205209216,9976,133770.60723188907,2749.721750430095,15749,94528.05448768592,96.1698886302122,51.98926181386573,-0.011694415063818964,3207.609319959395,-0.00024196072641391453,3208.3856232754188,0.0011520517018357435,3204.6936505014964,-0.0019899572061176096,3234.529450742993,-0.011479589082550867,3259.969007666012,0.0009866754513767617,3255.560611388475,0.0011957026867663867,3200.3740736670748,3246.9058495671306,0.007452323759726889,0.007452323759726889,0.1946528177846941,-1.5059941210036785
2023-09-04,3202.7271146627463,8894,130688.28395597212,2767.898860154165,6871,93922.32832682254,96.30238419815038,51.66345144795548,0.010292712509635704,3170.098205209216,-0.011694415063818964,3207.609319959395,-0.00024196072641391453,3208.3856232754188,0.0011520517018357435,3211.08356938985,-0.007248622005206262,3285.9760280043683,0.007977689443426916,3241.746447469124,-0.0042432519520683165,3198.7027827216543,3244.954882926812,0.007848744042635076,0.007848744042635076,0.08071245338917601,-0.019667259353457756
2023-09-05,3165.4691647073287,13646,133005.8211094813,2751.276389155585,9529,96143.29673006634,96.29794058137992,51.71616158480494,-0.011633195280622899,3202.7271146627463,0.010292712509635704,3170.098205209216,-0.011694415063818964,3207.609319959395,-0.00024196072641391453,3204.6936505014964,-0.0019899572061176096,3277.4980565163582,-0.0025800466636876074,3223.037582923378,-0.005771230060374499,3190.857885562821,3242.076462016009,0.008156382316844778,0.008156382316844778,0.050986930622466585,-0.7330035742710928
2023-09-06,3148.011076904176,5470,133908.05227269017,2778.746181919421,9205,92792.605271408,96.42699695761206,52.1031404943904,-0.005515165965853441,3165.4691647073287,-0.011633195280622899,3202.7271146627463,0.010292712509635704,3170.098205209216,-0.011694415063818964,3208.3856232754188,0.0011520517018357435,3291.910243700493,0.004397313723948804,3283.663628104528,0.018810219744989976,3178.7829762885726,3235.2938344559916,0.006761830997434895,0.006761830997434895,0.08510928265744394,-0.6204584254720644
2023-09-07,3159.34973203863,18754,131845.94712337488,2779.3606359111905,18740,96536.5042704193,96.46809521530214,51.58275704530925,0.003601847279903536,3148.011076904176,-0.005515165965853441,3165.4691647073287,-0.011633195280622899,3202.7271146627463,0.010292712509635704,3207.609319959395,-0.00024196072641391453,3272.0917191188955,-0.006020372098395788,3271.6774214569514,-0.0036502541079384,3169.1310587044195,3229.6774499850753,0.006867129818263805,0.006867129818263805,0.1053248921790819,0.03746650878457691
2023-09-08,3175.3605559773277,17940,128048.6556276742,2820.716686798972,9648,92300.401462076,96.54635109787364,51.63665104954326,0.005067759284872242,3159.34973203863,0.003601847279903536,3148.011076904176,-0.005515165965853441,3165.4691647073287,-0.011633195280622899,3170.098205209216,-0.011694415063818964,3234.529450742993,-0.011479589082550867,3280.901179919223,0.0028192750305329195,3170.183528858042,3224.400418787981,0.006963138491540926,0.006963138491540926,0.1553656290947229,0.6420843394203065
2023-09-11,3175.0775520056263,12513,126380.41079578309,2839.217866044461,17559,94249.42202866488,96.4562613983432,51.46103749895136,-8.912498808011371e-05,3175.3605559773277,0.005067759284872242,3159.34973203863,0.003601847279903536,3148.011076904176,-0.005515165965853441,3202.7271146627463,0.010292712509635704,3211.08356938985,-0.007248622005206262,3281.336271066063,0.00013261330438818497,3164.6536163266182,3219.0874828349592,0.006960393092547996,0.006960393092547996,0.2046818948280753,0.5314671723728874
2023-09-12,3177.936727690162,5925,122632.91017148463,2807.9058232069083,9303,99580.6761735404,96.50865649376247,51.349824383609416,0.0009005057790572035,3175.0775520056263,-8.912498808011371e-05,3175.3605559773277,0.005067759284872242,3159.34973203863,0.003601847279903536,3165.4691647073287,-0.011633195280622899,3204.6936505014964,-0.0019899572061176096,3238.462572236353,-0.01306592658843253,3167.147128923184,3216.061190607649,0.006432349417363543,0.006432349417363543,0.24951082867369212,1.0869656959342904
2023-09-13,3162.2488235741885,12027,125412.06304503084,2819.30459471748,13409,100811.6669809624,96.58152791716992,51.07838213264509,-0.004936506123385365,3177.936727690162,0.0009005057790572035,3175.0775520056263,-8.912498808011371e-05,3175.3605559773277,0.005067759284872242,3148.011076904176,-0.005515165965853441,3208.3856232754188,0.0011520517018357435,3236.6913672643323,-0.0005469277265099937,3169.994678257187,3212.3390634231428,0.006493433805483882,0.006493433805483882,0.25143648055869794,0.10409092110959398
2023-09-14,3185.2617881865744,16133,123859.59189655236,2796.3335186804547,15791,100564.56982213818,96.52386318794652,51.02751691793496,0.0072774047509567286,3162.2488235741885,-0.004936506123385365,3177.936727690162,0.0009005057790572035,3175.0775520056263,-8.912498808011371e-05,3159.34973203863,0.003601847279903536,3207.609319959395,-0.00024196072641391453,3256.755646818164,0.006199009197095817,3175.177089486776,3208.764370491563,0.0065617240460726384,0.0065617240460726384,0.2706648655832306,0.7627295404157396
2023-09-15,3195.135088199293,14282,123293.63200496526,2789.57229925433,14755,101761.97207831418,96.57981722500816,51.57989360226303,0.0030996824340581153,3185.2617881865744,0.0072774047509567286,3162.2488235741885,-0.004936506123385365,3177.936727690162,0.0009005057790572035,3175.3605559773277,0.005067759284872242,3170.098205209216,-0.011694415063818964,3259.969007666012,0.0009866754513767617,3179.1319959311686,3205.522674518227,0.006613704118629777,0.006613704118629777,0.28666295338809544,0.7387821333701363
2023-09-18,3193.271698468466,10797,122528.72111000888,2797.0672874230104,8402,100327.0062488588,96.63643600086564,51.200564493909866,-0.0005831959148484556,3195.135088199293,0.0030996824340581153,3185.2617881865744,0.0072774047509567286,3162.2488235741885,-0.004936506123385365,3175.0775520056263,-8.912498808011371e-05,3202.7271146627463,0.010292712509635704,3285.9760280043683,0.007977689443426916,3182.7708252237367,3200.8874580414317,0.0062714067470339965,0.0062714067470339965,0.29261439649624726,0.9006567590083886
2023-09-19,3207.7586159760367,18036,123799.57983662056,2762.0396182208,12851,106518.7723700414,96.58148073875265,50.849681493166216,0.0045367005615333245,3193.271698468466,-0.0005831959148484556,3195.135088199293,0.0030996824340581153,3185.2617881865744,0.0072774047509567286,3177.936727690162,0.0009005057790572035,3165.4691647073287,-0.011633195280622899,3277.4980565163582,-0.0025800466636876074,3188.735202880912,3197.400486014416,0.0064021313127572395,0.0064021313127572395,0.2935122402170044,0.5955205441719187
2023-09-20,3217.026866478905,5584,121791.16999691998,2800.748507922842,6203,104807.952028857,96.46920389552552,50.45910112211717,0.002889322923710136,3207.7586159760367,0.0045367005615333245,3193.271698468466,-0.0005831959148484556,3195.135088199293,0.0030996824340581153,3162.2488235741885,-0.004936506123385365,3148.011076904176,-0.005515165965853441,3291.910243700493,0.004397313723948804,3199.690811461855,3193.656317153336,0.00634314281342866,0.00634314281342866,0.30254767224771695,0.9301814310253318
2023-09-21,3190.10912105076,6518,127116.14915826176,2814.1721315084487,16836,105282.2493912621,96.3507910623357,50.9773266081056,-0.008367274053140528,3217.026866478905,0.002889322923710136,3207.7586159760367,0.0045367005615333245,3193.271698468466,-0.0005831959148484556,3185.2617881865744,0.0072774047509567286,3159.34973203863,0.003601847279903536,3272.0917191188955,-0.006020372098395788,3200.660278034692,3189.5571872499295,0.006459010190278506,0.006459010190278506,0.3127820549402128,-0.3831163729887156
2023-09-22,3171.174429244277,14759,130702.08154998758,2758.1503970456915,15787,110281.06842419328,96.35944161652785,50.838624696449216,-0.005935437029892743,3190.10912105076,-0.008367274053140528,3217.026866478905,0.002889322923710136,3207.7586159760367,0.0045367005615333245,3195.135088199293,0.0030996824340581153,3175.3605559773277,0.005067759284872242,3234.529450742993,-0.011479589082550867,3195.8681462436894,3186.3894361749935,0.006106113307823331,0.006106113307823331,0.31531024095476207,-0.5324597270989078
2023-09-25,3136.2207938968672,15221,131701.29261814876,2794.3813465924204,16764,108706.7931569557,96.39214260340678,50.83093297834491,-0.011022299822132209,3171.174429244277,-0.005935437029892743,3190.10912105076,-0.008367274053140528,3217.026866478905,0.002889322923710136,3193.271698468466,-0.0005831959148484556,3175.0775520056263,-8.912498808011371e-05,3211.08356938985,-0.007248622005206262,3184.457965329369,3182.646297400345,0.0063632043191425335,0.0063632043191425335,0.3116412247279991,-0.36560764741221347
2023-09-26,3160.159926023667,9645,129956.54535588928,2770.44946161688,19200,113026.11522907983,96.31289002036098,50.71009809601304,0.007633114407437747,3136.2207938968672,-0.011022299822132209,3171.174429244277,-0.005935437029892743,3190.10912105076,-0.008367274053140528,3207.7586159760367,0.0045367005615333245,3177.936727690162,0.0009005057790572035,3204.6936505014964,-0.0019899572061176096,3174.938227338895,3180.419611176453,0.006654273549368646,0.006654273549368646,0.3222229468293362,0.17956868558805097
2023-09-27,3157.3533936416043,10069,131592.86757533392,2793.283121347348,9752,116119.66251842109,96.3155485544936,50.42677123249212,-0.0008880982126731052,3160.159926023667,0.007633114407437747,3136.2207938968672,-0.011022299822132209,3171.174429244277,-0.005935437029892743,3217.026866478905,0.002889322923710136,3162.2488235741885,-0.004936506123385365,3208.3856232754188,0.0011520517018357435,3163.003532771435,3177.867999694762,0.006640359809917545,0.006640359809917545,0.32496722789137705,-0.39404598469941277
2023-09-28,3124.127188161745,8280,136384.46206931947,2681.3034764997983,19432,126140.52891364093,96.37260225810743,50.356226038507785,-0.010523435718906682,3157.3533936416043,-0.0008880982126731052,3160.159926023667,0.007633114407437747,3136.2207938968672,-0.011022299822132209,3190.10912105076,-0.008367274053140528,3185.2617881865744,0.0072774047509567286,3207.609319959395,-0.00024196072641391453,3149.807146193632,3173.69389310488,0.006985492367910442,0.006985492367910442,0.33174008085501283,-0.9158440934930141
2023-09-29,3167.333482140194,7275,132170.113518068,2742.0946526343487,13227,124465.30379947396,96.43442132957398,51.09369912022875,0.013829876754752668,3124.127188161745,-0.010523435718906682,3157.3533936416043,-0.0008880982126731052,3160.159926023667,0.007633114407437747,3171.174429244277,-0.005935437029892743,3195.135088199293,0.0030996824340581153,3170.098205209216,-0.011694415063818964,3149.0389567728153,3173.555656951429,0.007309534985535891,0.007309534985535891,0.3807778112510724,0.33074298730014295
2023-10-02,3226.1110896889013,15760,127638.92937510164,2712.3082394621406,13667,128400.88138377634,96.58960934158624,51.51132039652103,0.01855744205027343,3167.333482140194,0.013829876754752668,3124.127188161745,-0.010523435718906682,3157.3533936416043,-0.0008880982126731052,3136.2207938968672,-0.011022299822132209,3193.271698468466,-0.0005831959148484556,3202.7271146627463,0.010292712509635704,3167.0170159312224,3174.724855702737,0.008112633656209926,0.008112633656209926,0.3799632666973554,0.8952822936518898
2023-10-03,3131.379493788418,18451,138745.27723629097,2794.9638738794065,15874,123547.73687498397,96.71730742480602,51.25543905118335,-0.02936402165544094,3226.1110896889013,0.01855744205027343,3167.333482140194,0.013829876754752668,3124.127188161745,-0.010523435718906682,3160.159926023667,0.007633114407437747,3207.7586159760367,0.0045367005615333245,3165.4691647073287,-0.011633195280622899,3161.2609294841727,3173.0203721567914,0.01019722437369255,0.01019722437369255,0.36857746203978037,-1.1656605140456464
2023-10-04,2980.753131972376,17467,150317.42097738458,2733.6191914915007,13017,126074.4243082806,96.61717828153036,51.44971128210186,-0.048102238043914114,3131.379493788418,-0.02936402165544094,3226.1110896889013,0.01855744205027343,3167.333482140194,0.013829876754752668,3157.3533936416043,-0.0008880982126731052,3217.026866478905,0.002889322923710136,3148.011076904176,-0.005515165965853441,3125.9408771503267,3164.657474910201,0.01473724727715333,0.01473724727715333,0.2516993831156323,-1.5494253113153578
2023-10-05,3025.4585147710354,18842,149107.64066499987,2782.2328380831896,18084,122158.87947123864,96.78553690248418,51.20025445030194,0.014998015876973136,2980.753131972376,-0.048102238043914114,3131.379493788418,-0.02936402165544094,3226.1110896889013,0.01855744205027343,3124.127188161745,-0.010523435718906682,3190.10912105076,-0.008367274053140528,3159.34973203863,0.003601847279903536,3106.207142472185,3157.9629140468214,0.0152034494714354,0.0152034494714354,0.2306010581769938,-0.5139123910344431
2023-10-06,3151.3328976760645,11198,144662.80223449474,2799.812768988212,18172,120152.4306311964,96.7324392520286,50.66734415864808,0.04160505995718644,3025.4585147710354,0.014998015876973136,2980.753131972376,-0.048102238043914114,3131.379493788418,-0.02936402165544094,3167.333482140194,0.013829876754752668,3171.174429244277,-0.005935437029892743,3175.3605559773277,0.005067759284872242,3103.007025579359,3156.761531131758,0.018035324056043734,0.018035324056043734,0.17336637094124951,-0.01024116330582342
2023-10-09,3150.612462740505,7078,145653.61316372664,2889.678656836504,15439,115380.83128126797,96.83692653327404,50.97319743394746,-0.00022861276766117378,3151.3328976760645,0.04160505995718644,3025.4585147710354,0.014998015876973136,2980.753131972376,-0.048102238043914114,3226.1110896889013,0.01855744205027343,3136.2207938968672,-0.011022299822132209,3175.0775520056263,-8.912498808011371e-05,3087.90730018968,3155.538276668502,0.018035296032526297,0.018035296032526297,0.08966952246275355,-0.3823615883183293
2023-10-10,3124.79655012381,10271,146423.36844045584,3003.3428694138784,19190,102242.38021625344,96.84372519587916,51.32122528794053,-0.00819393464667495,3150.612462740505,-0.00022861276766117378,3151.3328976760645,0.04160505995718644,3025.4585147710354,0.014998015876973136,3131.379493788418,-0.02936402165544094,3160.159926023667,0.007633114407437747,3177.936727690162,0.0009005057790572035,3086.5907114567585,3152.8812677901847,0.018119711722150798,0.018119711722150798,0.02703070378230612,-0.38072297135042327
2023-10-11,3153.904635281282,12181,141138.278281963,3015.3308957176546,17425,97792.67793210986,96.80251025803346,51.635040963254895,0.00931519370639311,3124.79655012381,-0.00819393464667495,3150.612462740505,-0.00022861276766117378,3151.3328976760645,0.04160505995718644,2980.753131972376,-0.048102238043914114,3157.3533936416043,-0.0008880982126731052,3162.2488235741885,-0.004936506123385365,3121.2210121185394,3152.464058375539,0.018223689613421544,0.018223689613421544,-0.02945854057283651,0.30907230546320613
2023-10-12,3042.336499026224,13522,150025.42663556396,3071.4483067784686,19067,93792.7953844438,96.62174057205596,51.49408138848902,-0.03537460676743254,3153.904635281282,0.00931519370639311,3124.79655012381,-0.00819393464667495,3150.612462740505,-0.00022861276766117378,3025.4585147710354,0.014998015876973136,3124.127188161745,-0.010523435718906682,3185.2617881865744,0.0072774047509567286,3124.596608969577,3145.3177939175216,0.019761301049200347,0.019761301049200347,-0.01740199165572668,-0.8905743530186496
2023-10-13,2970.295265639588,19922,152494.3601767835,3073.1344776062137,19135,95227.89013760597,96.60458412103434,51.44404866828843,-0.023679574369795953,3042.336499026224,-0.03537460676743254,3153.904635281282,0.00931519370639311,3124.79655012381,-0.00819393464667495,3151.3328976760645,0.04160505995718644,3167.333482140194,0.013829876754752668,3195.135088199293,0.0030996824340581153,3088.3890825622816,3134.0758027895363,0.02029018206183626,0.02029018206183626,0.01897107836934113,-0.5597762209050803
2023-10-16,2909.4729046923403,12822,157906.31227093394,3076.691149620206,16079,95036.0797959051,96.44864579750376,51.66897833438587,-0.020476873680149388,2970.295265639588,-0.023679574369795953,3042.336499026224,-0.03537460676743254,3153.904635281282,0.00931519370639311,3150.612462740505,-0.00022861276766117378,3226.1110896889013,0.01855744205027343,3193.271698468466,-0.0005831959148484556,3040.1611709526487,3119.88586310073,0.02062733128753222,0.02062733128753222,0.07810599305423857,-0.8754161534054523
2023-10-17,2810.2245724847585,15609,160700.01498021898,3161.354575174891,8288,90096.1514976652,96.54537572108804,51.7864271455903,-0.03411213489822029,2909.4729046923403,-0.020476873680149388,2970.295265639588,-0.023679574369795953,3042.336499026224,-0.03537460676743254,3124.79655012381,-0.00819393464667495,3131.379493788418,-0.02936402165544094,3207.7586159760367,0.0045367005615333245,2977.2467754248382,3100.0091609261663,0.021532654627672555,0.021532654627672555,0.1641748285745992,-0.7391000972581726
2023-10-18,2881.906748991491,18224,154542.78381723457,3110.547635238267,10855,95540.51605842098,96.69705498680196,51.66833590420119,0.02550763280934243,2810.2245724847585,-0.03411213489822029,2909.4729046923403,-0.020476873680149388,2970.295265639588,-0.023679574369795953,3153.904635281282,0.00931519370639311,2980.753131972376,-0.048102238043914114,3217.026866478905,0.002889322923710136,2922.84719816688,3083.253155051795,0.022611605947197817,0.022611605947197817,0.21090034689320938,0.11195128792819914
2023-10-19,2817.1102328949014,11077,158958.20642595217,3105.7346092828984,11366,99438.38877877558,96.6173638878723,51.182614358165736,-0.022483904491102935,2881.906748991491,0.02550763280934243,2810.2245724847585,-0.03411213489822029,2909.4729046923403,-0.020476873680149388,3042.336499026224,-0.03537460676743254,3025.4585147710354,0.014998015876973136,3190.10912105076,-0.008367274053140528,2877.8019449406156,3064.6032106440025,0.022932379814907672,0.022932379814907672,0.2904521919659917,-0.654453305465876
2023-10-20,2834.4257534498856,9885,155136.27044449936,3000.396829432983,15440,110262.30272091538,96.64756096212425,51.21677691640834,0.006146554136502669,2817.1102328949014,-0.022483904491102935,2881.906748991491,0.02550763280934243,2810.2245724847585,-0.03411213489822029,2970.295265639588,-0.023679574369795953,3151.3328976760645,0.04160505995718644,3171.174429244277,-0.005935437029892743,2850.6280425026753,3047.765776854283,0.023091284095339778,0.023091284095339778,0.3495505885915312,0.020572476713668353
2023-10-23,2702.4881146873804,7575,163300.96062080897,2972.723960938824,9499,113890.24433409898,96.57502180992344,51.54047980817917,-0.046548278289497924,2834.4257534498856,0.006146554136502669,2817.1102328949014,-0.022483904491102935,2881.906748991491,0.02550763280934243,2909.4729046923403,-0.020476873680149388,3150.612462740505,-0.00022861276766117378,3136.2207938968672,-0.011022299822132209,2809.231084501683,3026.0791428938087,0.024850571935086618,0.024850571935086618,0.46428639925148146,-0.8874850846754065
2023-10-24,2796.280301839863,12674,154563.19240794054,2929.3243725072143,13512,119568.89862553976,96.51217333690975,51.18120332146893,0.03470586480759885,2702.4881146873804,-0.046548278289497924,2834.4257534498856,0.006146554136502669,2817.1102328949014,-0.022483904491102935,2810.2245724847585,-0.03411213489822029,3124.79655012381,-0.00819393464667495,3160.159926023667,0.007633114407437747,2806.442230372704,3007.885161684618,0.026386323187160412,0.026386323187160412,0.5195535836334151,0.4689142029475589
2023-10-25,2740.286261842271,19788,158782.04788796802,2770.111369368381,6894,130283.62303686012,96.5896228072963,51.37283113597172,-0.020024473212056026,2796.280301839863,0.03470586480759885,2702.4881146873804,-0.046548278289497924,2834.4257534498856,0.006146554136502669,2881.906748991491,0.02550763280934243,3153.904635281282,0.00931519370639311,3157.3533936416043,-0.0008880982126731052,2778.11813294286,2987.031805094652,0.02654662438777574,0.02654662438777574,0.5865853649405067,-0.34878799215877554
2023-10-26,2782.735827489073,14920,153077.93193010593,2828.375539786336,17586,124814.72269077276,96.58576898111195,51.47229364451183,0.015490923790663969,2740.286261842271,-0.020024473212056026,2796.280301839863,0.03470586480759885,2702.4881146873804,-0.046548278289497924,2817.1102328949014,-0.022483904491102935,3042.336499026224,-0.03537460676743254,3124.127188161745,-0.010523435718906682,2771.2432518616947,2969.962237061018,0.026984288373349832,0.026984288373349832,0.6263265987520189,0.4473498401970776
2023-10-27,2652.300268609661,14145,161897.66680770653,2817.708576786756,5350,127320.42756863205,96.75973378530504,51.69733812348153,-0.04687313743220356,2782.735827489073,0.015490923790663969,2740.286261842271,-0.020024473212056026,2796.280301839863,0.03470586480759885,2834.4257534498856,0.006146554136502669,2970.295265639588,-0.023679574369795953,3167.333482140194,0.013829876754752668,2734.8181548936495,2944.2105763844916,0.028095936982104948,0.028095936982104948,0.704788345932695,-0.6328548312308969
2023-10-30,2732.4969686197123,9416,158479.64263118053,2780.464000254384,16184,133586.1588258688,96.71151053743476,51.95893077339723,0.030236659460917803,2652.300268609661,-0.04687313743220356,2782.735827489073,0.015490923790663969,2740.286261842271,-0.020024473212056026,2702.4881146873804,-0.046548278289497924,2909.4729046923403,-0.020476873680149388,3226.1110896889013,0.01855744205027343,2740.8199256801163,2919.529870331032,0.02879952951113862,0.02879952951113862,0.7416077886919461,0.14313961905521638
2023-10-31,2754.977083951462,10819,159551.11578492887,2870.009817380356,18031,128702.26971788816,96.8114441706822,51.75059120081963,0.008226949778870285,2732.4969686197123,0.030236659460917803,2652.300268609661,-0.04687313743220356,2782.735827489073,0.015490923790663969,2796.280301839863,0.03470586480759885,2810.2245724847585,-0.03411213489822029,3131.379493788418,-0.02936402165544094,2732.559282102436,2900.709749839184,0.028548684133740402,0.028548684133740402,0.7537201715564834,-0.28214630050017164
2023-11-01,2818.672035735476,16103,158612.4147376799,2893.202526670578,9218,123874.99042081302,96.821185511978,51.26550338077014,0.023119957024345217,2754.977083951462,0.008226949778870285,2732.4969686197123,0.030236659460917803,2652.300268609661,-0.04687313743220356,2740.286261842271,-0.020024473212056026,2881.906748991491,0.02550763280934243,2980.753131972376,-0.048102238043914114,2748.2364368810768,2892.605695027339,0.027440175343423606,0.027440175343423606,0.7333578244210481,-0.28091103690930996
2023-11-02,2774.8149073692957,8750,162468.5896833753,2919.113577206112,5784,124780.81952057756,96.9007633129524,51.10544752306528,-0.015559500293100492,2818.672035735476,0.023119957024345217,2754.977083951462,0.008226949778870285,2732.4969686197123,0.030236659460917803,2782.735827489073,0.015490923790663969,2817.1102328949014,-0.022483904491102935,3025.4585147710354,0.014998015876973136,2746.6522528571213,2880.0735146572524,0.027268770113167043,0.027268770113167043,0.7390628052308651,-0.7784702219234266
2023-11-03,2729.432609818611,12358,164800.7061072558,2802.310019836493,5490,137155.97940803028,96.85604754721942,51.37218571832338,-0.016355071983417457,2774.8149073692957,-0.015559500293100492,2818.672035735476,0.023119957024345217,2754.977083951462,0.008226949778870285,2652.300268609661,-0.04687313743220356,2834.4257534498856,0.006146554136502669,3151.3328976760645,0.04160505995718644,2762.0787210989115,2858.9785002643794,0.02517060060113046,0.02517060060113046,0.7527985037719337,-0.84747241007046
2023-11-06,2709.9847639259465,19107,166735.0501819104,2750.404088658558,14183,142810.68778838078,96.85109166346426,51.20958454726559,-0.0071252339488817595,2729.432609818611,-0.016355071983417457,2774.8149073692957,-0.015559500293100492,2818.672035735476,0.023119957024345217,2732.4969686197123,0.030236659460917803,2702.4881146873804,-0.046548278289497924,3150.612462740505,-0.00022861276766117378,2757.576280160158,2836.947115323652,0.025122193767566338,0.025122193767566338,0.7628058036465464,-0.9101311762840358
2023-11-07,2779.1962934413555,12751,162880.52697901227,2687.298598165037,8478,147331.12397062808,96.83954177553436,51.001371550108296,0.025539453371369758,2709.9847639259465,-0.0071252339488817595,2729.432609818611,-0.016355071983417457,2774.8149073692957,-0.015559500293100492,2754.977083951462,0.008226949778870285,2796.280301839863,0.03470586480759885,3124.79655012381,-0.00819393464667495,2762.420122058137,2819.6671024895286,0.026162998020843427,0.026162998020843427,0.7628824864553875,-0.22473500399342292
2023-11-08,2768.3486191541933,14782,164092.1770533944,2691.150830338739,10175,145792.2424204836,96.75593606404978,50.45496644753091,-0.0039031695288171964,2779.1962934413555,0.025539453371369758,2709.9847639259465,-0.0071252339488817595,2729.432609818611,-0.016355071983417457,2818.672035735476,0.023119957024345217,2740.286261842271,-0.020024473212056026,3153.904635281282,0.00931519370639311,2752.3554387418803,2800.3893016831744,0.025934576334277388,0.025934576334277388,0.7612713157446489,-0.7290946755683267
2023-11-09,2761.250240258725,14077,167364.58792103952,2662.956076474509,7602,146118.57334895773,96.82214421750795,50.98076071389619,-0.002564120301306927,2768.3486191541933,-0.0039031695288171964,2779.1962934413555,0.025539453371369758,2709.9847639259465,-0.0071252339488817595,2774.8149073692957,-0.015559500293100492,2782.735827489073,0.015490923790663969,3042.336499026224,-0.03537460676743254,2749.6425053197663,2786.3349887447994,0.025011760858738588,0.025011760858738588,0.7634701478827385,-1.2910188474205737
2023-11-10,2867.96270033082,5128,158146.52275169472,2713.887841071956,11311,145624.76882113726,96.8871691180658,51.228474806323774,0.038646428533074983,2761.250240258725,-0.002564120301306927,2768.3486191541933,-0.0039031695288171964,2779.1962934413555,0.025539453371369758,2729.432609818611,-0.016355071983417457,2652.300268609661,-0.04687313743220356,2970.295265639588,-0.023679574369795953,2777.3485234222085,2781.2183604793613,0.026348140990464668,0.026348140990464668,0.758811973378064,0.6981672112315778
2023-11-13,2797.1745555665507,15680,162587.2490963846,2626.4292947920085,14303,151969.28396944204,96.94652458755635,51.45944360070621,-0.024682379849676583,2867.96270033082,0.038646428533074983,2761.250240258725,-0.002564120301306927,2768.3486191541933,-0.0039031695288171964,2709.9847639259465,-0.0071252339488817595,2732.4969686197123,0.030236659460917803,2909.4729046923403,-0.020476873680149388,2794.786481750329,2775.6034430230716,0.0265244211255624,0.0265244211255624,0.7669119453864828,-0.6282753409323615
2023-11-14,2790.1075701374616,14545,159927.1205876449,2651.7710295743013,11298,149965.12825271496,97.10022115294812,51.749761216740055,-0.0025264727991413105,2797.1745555665507,-0.024682379849676583,2867.96270033082,0.038646428533074983,2761.250240258725,-0.002564120301306927,2779.1962934413555,0.025539453371369758,2754.977083951462,0.008226949778870285,2810.2245724847585,-0.03411213489822029,2796.9687370895504,2774.5975929057067,0.025405366156099805,0.025405366156099805,0.7744667956112081,0.07857248232503322
2023-11-15,2807.506968076449,19005,157738.71240496953,2535.461490770575,17018,158801.0724340734,97.24515563307176,51.92277372520307,0.0062361029105879595,2790.1075701374616,-0.0025264727991413105,2797.1745555665507,-0.024682379849676583,2867.96270033082,0.038646428533074983,2768.3486191541933,-0.0039031695288171964,2818.672035735476,0.023119957024345217,2881.906748991491,0.02550763280934243,2804.8004068740015,2770.877603859955,0.024741744045955416,0.024741744045955416,0.7943024698417237,0.2994506295657504
2023-11-16,2750.2165571012115,16588,164222.52871307413,2521.78484800056,5918,159942.62775965247,97.20766116408684,51.84947506864921,-0.020406150946969848,2807.506968076449,0.0062361029105879595,2790.1075701374616,-0.0025264727991413105,2797.1745555665507,-0.024682379849676583,2761.250240258725,-0.002564120301306927,2774.8149073692957,-0.015559500293100492,2817.1102328949014,-0.022483904491102935,2802.593670242499,2767.53292007027,0.024651049339727577,0.024651049339727577,0.8036689274501396,-0.9398626085024068
2023-11-17,2719.046709576912,19288,166451.94629303337,2559.505676183456,7565,157993.44302616682,97.24496639593023,51.80034583741255,-0.0113335975102824,2750.2165571012115,-0.020406150946969848,2807.506968076449,0.0062361029105879595,2790.1075701374616,-0.0025264727991413105,2867.96270033082,0.038646428533074983,2729.432609818611,-0.016355071983417457,2834.4257534498856,0.006146554136502669,2772.810472091717,2761.763967876622,0.02469749156577574,0.02469749156577574,0.8002637468974245,-0.9181007509210501
2023-11-20,2814.5911009627675,12527,160755.7388359005,2572.176671654248,5857,156569.36774422496,97.18260632700444,51.67207652803492,0.03513892977613553,2719.046709576912,-0.0113335975102824,2750.2165571012115,-0.020406150946969848,2807.506968076449,0.0062361029105879595,2797.1745555665507,-0.024682379849676583,2709.9847639259465,-0.0071252339488817595,2702.4881146873804,-0.046548278289497924,2776.2937811709608,2767.369117190391,0.023636874688993184,0.023636874688993184,0.8111014821525547,0.1805280600671665
2023-11-21,2824.0055490446703,8810,160834.46623908615,2572.569610559824,9462,157571.77551685923,97.18494185861589,52.462498754359416,0.00334487239680481,2814.5911009627675,0.03513892977613553,2719.046709576912,-0.0113335975102824,2750.2165571012115,-0.020406150946969848,2790.1075701374616,-0.0025264727991413105,2779.1962934413555,0.025539453371369758,2796.280301839863,0.03470586480759885,2783.073376952402,2768.755379550631,0.02238076405600463,0.02238076405600463,0.8185004524814214,-0.2426329429971743
2023-11-22,2784.790539288816,6908,165432.0002825002,2715.6861426981386,11323,145745.62125835137,97.124966913704,52.62927236374925,-0.01388630761335441,2824.0055490446703,0.00334487239680481,2814.5911009627675,0.03513892977613553,2719.046709576912,-0.0113335975102824,2807.506968076449,0.0062361029105879595,2768.3486191541933,-0.0039031695288171964,2740.286261842271,-0.020024473212056026,2778.5300911948752,2770.980593422958,0.02212174600134042,0.02212174600134042,0.8277500461771028,-1.086884727778814
2023-11-23,2770.960489435441,15067,164600.2180946742,2718.453690184611,16989,144502.36214933445,97.2869739446176,52.49013223134382,-0.00496628010554323,2784.790539288816,-0.01388630761335441,2824.0055490446703,0.00334487239680481,2814.5911009627675,0.03513892977613553,2750.2165571012115,-0.020406150946969848,2761.250240258725,-0.002564120301306927,2782.735827489073,0.015490923790663969,2782.6788776617213,2770.3918265202765,0.021890049764521163,0.021890049764521163,0.8365295057080375,-0.6225896046539329
2023-11-24,2835.8791166093365,10599,160838.36405531375,2783.5785098531155,15460,136738.21962381748,97.3233437596519,52.6297812635937,0.023428203838129047,2770.960489435441,-0.00496628010554323,2784.790539288816,-0.01388630761335441,2824.0055490446703,0.00334487239680481,2719.046709576912,-0.0113335975102824,2867.96270033082,0.038646428533074983,2652.300268609661,-0.04687313743220356,2806.0453590682064,2779.570768920261,0.01947579103519819,0.01947579103519819,0.8439845445971808,0.07313688952966202
2023-11-27,2844.538116752301,13512,161478.713176288,2831.583693488884,19063,134087.11225252252,97.30154084684146,52.3265205882368,0.0030533742049334567,2835.8791166093365,0.023428203838129047,2770.960489435441,-0.00496628010554323,2784.790539288816,-0.01388630761335441,2814.5911009627675,0.03513892977613553,2797.1745555665507,-0.024682379849676583,2732.4969686197123,0.030236659460917803,2812.034762226113,2785.17282632689,0.01843463910560103,0.01843463910560103,0.8531924685946216,-0.3123310144374156
2023-11-28,2884.9404428922267,12190,160838.29116295552,2826.144029938041,11966,137606.99277276438,97.4209027040271,52.77787260381358,0.014203475039404445,2844.538116752301,0.0030533742049334567,2835.8791166093365,0.023428203838129047,2770.960489435441,-0.00496628010554323,2824.0055490446703,0.00334487239680481,2790.1075701374616,-0.0025264727991413105,2754.977083951462,0.008226949778870285,2824.2217409956243,2791.670994273928,0.018585788100679037,0.018585788100679037,0.8581703115482349,-0.043974353558483725
2023-11-29,2917.7240698072974,10993,161246.07015100998,2932.3252540524686,14969,131853.0098565263,97.20384116304756,52.57955187507143,0.01136371012297377,2884.9404428922267,0.014203475039404445,2844.538116752301,0.0030533742049334567,2835.8791166093365,0.023428203838129047,2784.790539288816,-0.01388630761335441,2807.506968076449,0.0062361029105879595,2818.672035735476,0.023119957024345217,2850.808447099321,2796.6235959775195,0.018077273764167536,0.018077273764167536,0.868383278894717,-0.10547098526002618
2023-11-30,2971.667235805148,13110,156442.00955247838,3011.01811646804,7116,129251.523049194,97.00243090356102,52.729877504858166,0.018488097128873893,2917.7240698072974,0.01136371012297377,2884.9404428922267,0.014203475039404445,2844.538116752301,0.0030533742049334567,2770.960489435441,-0.00496628010554323,2750.2165571012115,-0.020406150946969848,2774.8149073692957,-0.015559500293100492,2890.949796373262,2806.466212399312,0.01795101809329789,0.01795101809329789,0.884549783651569,1.0187639901860748
2023-12-01,3050.10746370101,13062,148235.48363271437,2899.283984288939,8980,136567.20254913863,97.082014769083,53.04967079378111,0.02639603349619657,2971.667235805148,0.018488097128873893,2917.7240698072974,0.01136371012297377,2884.9404428922267,0.014203475039404445,2835.8791166093365,0.023428203838129047,2719.046709576912,-0.0113335975102824,2729.432609818611,-0.016355071983417457,2933.7954657915966,2822.499955093432,0.017996961916263467,0.017996961916263467,0.8986090539896436,1.8939667516739505
2023-12-04,3066.588493426623,6481,145888.50007895523,2924.488851072602,10749,133894.9956372762,97.08806161389474,53.16510135704261,0.005403425919168869,3050.10746370101,0.02639603349619657,2971.667235805148,0.018488097128873893,2917.7240698072974,0.01136371012297377,2844.538116752301,0.0030533742049334567,2814.5911009627675,0.03513892977613553,2709.9847639259465,-0.0071252339488817595,2978.205541126461,2840.330141568466,0.01774248188446314,0.01774248188446314,0.9195691758803228,1.2885354208652633
2023-12-05,3120.5440642059066,10947,145057.84444349157,2906.9161878146965,19456,134170.29557457415,97.1131062439208,53.1934423545885,0.01759465637301516,3066.588493426623,0.005403425919168869,3050.10746370101,0.02639603349619657,2971.667235805148,0.018488097128873893,2884.9404428922267,0.014203475039404445,2824.0055490446703,0.00334487239680481,2779.1962934413555,0.025539453371369758,3025.326265389197,2857.3975301066935,0.017375342237181467,0.017375342237181467,0.949884516013259,0.9790262484238004
2023-12-06,3265.5880818790392,10111,133824.78478939904,2781.8044775002386,6983,141174.8586242734,96.98046663358896,53.19668298004531,0.046480361978173956,3120.5440642059066,0.01759465637301516,3066.588493426623,0.005403425919168869,3050.10746370101,0.02639603349619657,2917.7240698072974,0.01136371012297377,2784.790539288816,-0.01388630761335441,2768.3486191541933,-0.0039031695288171964,3094.899067803545,2882.2595032429354,0.019405239197732294,0.019405239197732294,0.9733239195905834,2.108985722088935
2023-12-07,3219.8200720243944,12701,134036.82819915406,2761.971494595532,7563,144687.0301970517,96.97814326250392,53.17975065097917,-0.014015242800711647,3265.5880818790392,0.046480361978173956,3120.5440642059066,0.01759465637301516,3066.588493426623,0.005403425919168869,2971.667235805148,0.018488097128873893,2770.960489435441,-0.00496628010554323,2761.250240258725,-0.002564120301306927,3144.5296350473945,2905.187994831219,0.019910318585460253,0.019910318585460253,1.012672317203333,1.045719343596363
2023-12-08,3161.579933836524,12202,135192.0586109318,2791.09378283778,11484,145505.49002709013,97.17849420354406,53.00674110430092,-0.018088010163640367,3219.8200720243944,-0.014015242800711647,3265.5880818790392,0.046480361978173956,3120.5440642059066,0.01759465637301516,3050.10746370101,0.02639603349619657,2835.8791166093365,0.023428203838129047,2867.96270033082,0.038646428533074983,3166.8241290744977,2919.868856506504,0.019332096318335705,0.019332096318335705,1.0500929542104869,0.6768554610079938
2023-12-11,3261.433337661312,18112,126422.77463111578,2826.5123810006785,6741,142053.2688960316,97.26091416552364,52.87189607537001,0.03158338739315614,3161.579933836524,-0.018088010163640367,3219.8200720243944,-0.014015242800711647,3265.5880818790392,0.046480361978173956,3066.588493426623,0.005403425919168869,2844.538116752301,0.0030533742049334567,2797.1745555665507,-0.024682379849676583,3205.793097921435,2943.0817956112423,0.01886420629626774,0.01886420629626774,1.1031683761513278,1.5353870269655647
2023-12-12,3239.9813565383383,8494,129415.43735391158,2867.0667139336256,16167,140530.55109738203,97.27788482003793,53.31577318746529,-0.00657747036410572,3261.433337661312,0.03158338739315614,3161.579933836524,-0.018088010163640367,3219.8200720243944,-0.014015242800711647,3120.5440642059066,0.01759465637301516,2884.9404428922267,0.014203475039404445,2790.1075701374616,-0.0025264727991413105,3229.6805563879216,2965.575484931286,0.01900300118721187,0.01900300118721187,1.1465865025077058,0.5810775666439172
2023-12-13,3159.5364887172022,11854,133052.11123772233,2933.083469263178,5918,133677.19104157423,97.23397942902744,53.28321219765974,-0.024828805776550777,3239.9813565383383,-0.00657747036410572,3261.433337661312,0.03158338739315614,3161.579933836524,-0.018088010163640367,3265.5880818790392,0.046480361978173956,2917.7240698072974,0.01136371012297377,2807.506968076449,0.0062361029105879595,3208.470237755554,2983.176960963324,0.02034849154749726,0.02034849154749726,1.1681831055977456,0.4436380603910438
2023-12-14,3176.2041474759244,5791,130917.44144113713,2832.8727062843027,7257,141699.77416658387,97.19452214384047,53.04747331684492,0.005275349348945024,3159.5364887172022,-0.024828805776550777,3239.9813565383383,-0.00657747036410572,3261.433337661312,0.03158338739315614,3219.8200720243944,-0.014015242800711647,2971.667235805148,0.018488097128873893,2750.2165571012115,-0.020406150946969848,3199.7470528458603,3004.4763404820596,0.01937350438260815,0.01937350438260815,1.1866677451086725,0.6290833726587324
2023-12-15,3194.382343341794,17632,132249.65423825211,2875.0223685415394,16839,140756.12356786118,96.9816023549205,52.89258403778646,0.005723245428136403,3176.2041474759244,0.005275349348945024,3159.5364887172022,-0.024828805776550777,3239.9813565383383,-0.00657747036410572,3161.579933836524,-0.018088010163640367,3050.10746370101,0.02639603349619657,2719.046709576912,-0.0113335975102824,3206.307534746914,3028.2431221703036,0.018874291339347534,0.018874291339347534,1.2003331271920439,0.276696440258708
2023-12-18,3169.473853563008,6237,135858.49360711372,2851.4291499803694,8657,141260.7563031483,97.0073663970126,53.22269524199562,-0.00779759186645379,3194.382343341794,0.005723245428136403,3176.2041474759244,0.005275349348945024,3159.5364887172022,-0.024828805776550777,3261.433337661312,0.03158338739315614,3066.588493426623,0.005403425919168869,2814.5911009627675,0.03513892977613553,3187.915637927253,3045.9872598003158,0.018080762978030625,0.018080762978030625,1.207882686405312,0.04053770939575134
2023-12-19,3024.0593706373347,5267,146938.70545830423,2760.674791923749,10596,150548.93647998635,97.0919147078608,53.42537723194497,-0.0458796915968257,3169.473853563008,-0.00779759186645379,3194.382343341794,0.005723245428136403,3176.2041474759244,0.005275349348945024,3239.9813565383383,-0.00657747036410572,3120.5440642059066,0.01759465637301516,2824.0055490446703,0.00334487239680481,3144.7312407470527,3055.989950879949,0.02150323000517938,0.02150323000517938,1.1698398015949794,-0.2532134258667739
2023-12-20,3018.356780471502,12638,145815.7635851019,2799.7578435655646,6270,147245.43450782253,96.93435277514374,53.59347598541465,-0.0018857401482268443,3024.0593706373347,-0.0458796915968257,3169.473853563008,-0.00779759186645379,3194.382343341794,0.005723245428136403,3159.5364887172022,-0.024828805776550777,3265.5880818790392,0.046480361978173956,2784.790539288816,-0.01388630761335441,3116.4952990979123,3067.6682629390834,0.021152785139993305,0.021152785139993305,1.1309024512524966,0.3115699686989436
2023-12-21,3085.867981230845,12511,137977.25125569216,2800.3761740798354,12182,148137.33467419268,96.86821108591305,53.51621962574171,0.02236687233137391,3018.356780471502,-0.0018857401482268443,3024.0593706373347,-0.0458796915968257,3169.473853563008,-0.00779759186645379,3176.2041474759244,0.005275349348945024,3219.8200720243944,-0.014015242800711647,2770.960489435441,-0.00496628010554323,3098.4280658488965,3083.4136375288535,0.021407594136471003,0.021407594136471003,1.1129865497007128,1.0016002590592803
2023-12-22,3017.8851193229752,5233,143207.61884583035,2796.827896044736,19476,152050.42584601624,96.7524646226897,53.6882283667936,-0.02203038572011551,3085.867981230845,0.02236687233137391,3018.356780471502,-0.0018857401482268443,3024.0593706373347,-0.0458796915968257,3194.382343341794,0.005723245428136403,3161.579933836524,-0.018088010163640367,2835.8791166093365,0.023428203838129047,3063.128621045133,3092.513937664535,0.021825857929233233,0.021825857929233233,1.084805398753196,0.023049608943972788
2023-12-25,3066.812289561211,12179,143543.88424802385,2794.9986224619647,7571,149497.37730984594,96.65592950320882,53.4951600293084,0.016212403157749078,3017.8851193229752,-0.02203038572011551,3085.867981230845,0.02236687233137391,3018.356780471502,-0.0018857401482268443,3169.473853563008,-0.00779759186645379,3261.433337661312,0.03158338739315614,2844.538116752301,0.0030533742049334567,3042.5963082447734,3103.6276463049808,0.022014246334379654,0.022014246334379654,1.0647755402535102,0.1782408432589692
2023-12-26,3183.5492896118826,6967,135283.32040479963,2788.6104009908613,5858,151273.32122727548,96.66127766589102,53.417275819904674,0.038064605534554596,3066.812289561211,0.016212403157749078,3017.8851193229752,-0.02203038572011551,3085.867981230845,0.02236687233137391,3024.0593706373347,-0.0458796915968257,3239.9813565383383,-0.00657747036410572,2884.9404428922267,0.014203475039404445,3074.4942920396834,3118.5580886409634,0.02321043436615729,0.02321043436615729,1.0070105306616213,1.0334435038501382
2023-12-27,3269.2610654825357,14172,129502.15095051976,2874.759530267818,15689,144949.69885297355,96.45283745039217,53.7082171661222,0.026923338724591517,3183.5492896118826,0.038064605534554596,3066.812289561211,0.016212403157749078,3017.8851193229752,-0.02203038572011551,3018.356780471502,-0.0018857401482268443,3159.5364887172022,-0.024828805776550777,2917.7240698072974,0.01136371012297377,3124.67514904189,3136.1349384247255,0.023684108208035983,0.023684108208035983,0.9665212369301033,1.1602914502396722
2023-12-28,3323.276369421086,9453,119906.29710057333,2835.4515162361045,9523,151023.6530929431,96.51426449422787,53.97050046979791,0.016522175151092666,3269.2610654825357,0.026923338724591517,3183.5492896118826,0.038064605534554596,3066.812289561211,0.016212403157749078,3085.867981230845,0.02236687233137391,3176.2041474759244,0.005275349348945024,2971.667235805148,0.018488097128873893,3172.156826679938,3153.715395105522,0.023633447295568082,0.023633447295568082,0.9058208736881166,1.8724840158125224
2023-12-29,3389.0944241845377,10711,119711.001534118,2851.618338419351,16492,150176.41984592337,96.58965000122124,53.67592751601267,0.01980517039421459,3323.276369421086,0.016522175151092666,3269.2610654825357,0.026923338724591517,3183.5492896118826,0.038064605534554596,3017.8851193229752,-0.02203038572011551,3194.382343341794,0.005723245428136403,3050.10746370101,0.02639603349619657,3246.398687652251,3170.6647431296988,0.023376758616642096,0.023376758616642096,0.8150799964525633,1.1833034083120513
2024-01-01,3325.24029640285,10729,123383.6780291672,2777.9181035209617,13611,155371.49787665874,96.56453974241757,53.419269580140096,-0.018841058934807253,3389.0944241845377,0.01980517039421459,3323.276369421086,0.016522175151092666,3269.2610654825357,0.026923338724591517,3066.812289561211,0.016212403157749078,3169.473853563008,-0.00779759186645379,3066.588493426623,0.005403425919168869,3298.0842890205786,3183.59733327851,0.024004536693523818,0.024004536693523818,0.7468633967135929,0.7055844208306852
2024-01-02,3477.9156009050384,5435,110984.76079796048,2835.686993241525,19668,152495.26074135862,96.3164688914191,53.45188022598413,0.04591406662169595,3325.24029640285,-0.018841058934807253,3389.0944241845377,0.01980517039421459,3323.276369421086,0.016522175151092666,3183.5492896118826,0.038064605534554596,3024.0593706373347,-0.0458796915968257,3120.5440642059066,0.01759465637301516,3356.95755127921,3201.4659101134666,0.025609723133401267,0.025609723133401267,0.6744673036417552,2.070199819219899
2024-01-03,3545.004121229829,11575,107398.62647329483,2936.809747026975,16571,149159.0168962963,96.21682702881888,53.969719938384976,0.019289864396747403,3477.9156009050384,0.04591406662169595,3325.24029640285,-0.018841058934807253,3389.0944241845377,0.01980517039421459,3269.2610654825357,0.026923338724591517,3018.356780471502,-0.0018857401482268443,3265.5880818790392,0.046480361978173956,3412.106162428668,3215.4367120810066,0.024004935122993766,0.024004935122993766,0.6063972227653704,1.4669455675312961
2024-01-04,3604.4765653291,5602,103278.28213774748,2766.659429096728,16264,159948.52815881278,96.34011722222914,53.39505038904428,0.01677641042590361,3545.004121229829,0.019289864396747403,3477.9156009050384,0.04591406662169595,3325.24029640285,-0.018841058934807253,3323.276369421086,0.016522175151092666,3085.867981230845,0.02236687233137391,3219.8200720243944,-0.014015242800711647,3468.3462016102712,3234.669536746241,0.0237486407204917,0.0237486407204917,0.5620901802613063,1.4224155841476578
2024-01-05,3610.491718730256,11150,104667.62900826088,2843.015677530416,11126,152821.1429294343,96.06231779415629,53.47855027091544,0.001668800807033799,3604.4765653291,0.01677641042590361,3545.004121229829,0.019289864396747403,3477.9156009050384,0.04591406662169595,3389.0944241845377,0.01980517039421459,3017.8851193229752,-0.02203038572011551,3161.579933836524,-0.018088010163640367,3512.625660519415,3257.1151259909284,0.02309919022997952,0.02309919022997952,0.5429111505065627,0.9322303987698697
2024-01-08,3701.0346348916087,14617,104411.902518236,2828.7568291091666,14547,152602.9551080511,96.02756545293693,53.06573727144348,0.02507772436968647,3610.491718730256,0.001668800807033799,3604.4765653291,0.01677641042590361,3545.004121229829,0.019289864396747403,3325.24029640285,-0.018841058934807253,3066.812289561211,0.016212403157749078,3261.433337661312,0.03158338739315614,3587.7845282171666,3279.095190852443,0.022777075778812113,0.022777075778812113,0.5530489549832299,0.8576979521001341
2024-01-09,3759.8883073453,6074,100077.03615322529,2893.4754628605037,8015,150217.3321253706,95.9095653750902,52.87543797338582,0.01590195128109495,3701.0346348916087,0.02507772436968647,3610.491718730256,0.001668800807033799,3604.4765653291,0.01677641042590361,3477.9156009050384,0.04591406662169595,3183.5492896118826,0.038064605534554596,3239.9813565383383,-0.00657747036410572,3644.1790695052186,3305.0905383927916,0.02264743386516555,0.02264743386516555,0.5963421242958025,1.0597529507759398
2024-01-10,3769.681897590132,17220,100366.4842152823,2976.5947025584537,6463,141265.51666863984,95.99002240524868,52.76610944796655,0.00260475563215512,3759.8883073453,0.01590195128109495,3701.0346348916087,0.02507772436968647,3610.491718730256,0.001668800807033799,3545.004121229829,0.019289864396747403,3269.2610654825357,0.026923338724591517,3159.5364887172022,-0.024828805776550777,3689.114624777279,3335.5978088364377,0.021367360168934663,0.021367360168934663,0.6464553263853621,0.6567598970561779
2024-01-11,3708.491770209436,18545,103339.74520505092,3009.0832490342727,7278,137204.16233645647,95.92251101003434,52.63995694493548,-0.01623217264560528,3769.681897590132,0.00260475563215512,3759.8883073453,0.01590195128109495,3701.0346348916087,0.02507772436968647,3604.4765653291,0.01677641042590361,3323.276369421086,0.016522175151092666,3176.2041474759244,0.005275349348945024,3709.9176657533462,3362.212189973113,0.02209788988904334,0.02209788988904334,0.6854917663329844,0.3944518480412764
2024-01-12,3845.0367558883945,18430,95113.6786483676,2729.8302159705795,12327,154918.98788617196,95.9629064121079,52.47981816303772,0.03681954663505893,3708.491770209436,-0.01623217264560528,3769.681897590132,0.00260475563215512,3759.8883073453,0.01590195128109495,3610.491718730256,0.001668800807033799,3389.0944241845377,0.01980517039421459,3194.382343341794,0.005723245428136403,3756.826673184974,3394.7449106004433,0.023003978133520803,0.023003978133520803,0.754827459327566,1.151180845742026
2024-01-15,3806.780819210059,17763,98572.81312709497,2600.868821822669,11000,162789.2299775816,96.0194524540248,52.48198028115063,-0.009949433284285103,3845.0367558883945,0.03681954663505893,3708.491770209436,-0.01623217264560528,3769.681897590132,0.00260475563215512,3701.0346348916087,0.02507772436968647,3325.24029640285,-0.018841058934807253,3169.473853563008,-0.00779759186645379,3777.975910048664,3426.6102588827953,0.02309430905004625,0.02309430905004625,0.8101790358484177,0.3800291909841421
2024-01-16,3863.2164020020978,13867,99217.00566063344,2631.210279052229,18859,160230.20157162103,96.2030750379978,52.32140361116146,0.014825015011962206,3806.780819210059,-0.009949433284285103,3845.0367558883945,0.03681954663505893,3708.491770209436,-0.01623217264560528,3759.8883073453,0.01590195128109495,3477.9156009050384,0.04591406662169595,3024.0593706373347,-0.0458796915968257,3798.6415289800234,3468.568110451034,0.019078885711158126,0.019078885711158126,0.8616344289838271,-0.05767884076915086
2024-01-17,3888.941257857237,10996,99273.02155301644,2670.2094519572847,7726,155990.5574166173,96.18278084363028,51.88266639570521,0.0066589217838812775,3863.2164020020978,0.014825015011962206,3806.780819210059,-0.009949433284285103,3845.0367558883945,0.03681954663505893,3769.681897590132,0.00260475563215512,3545.004121229829,0.019289864396747403,3018.356780471502,-0.0018857401482268443,3822.4934010334446,3512.097334320321,0.018834086890330184,0.018834086890330184,0.904951665043557,-0.058894132674263744
2024-01-18,3872.813523143078,12346,99756.40372261422,2713.7193191866068,5657,148927.97751431627,96.22038528059254,52.11662727946204,-0.004147075937846689,3888.941257857237,0.0066589217838812775,3863.2164020020978,0.014825015011962206,3806.780819210059,-0.009949433284285103,3708.491770209436,-0.01623217264560528,3604.4765653291,0.01677641042590361,3085.867981230845,0.02236687233137391,3855.357751620173,3551.444611415932,0.019065771406932497,0.019065771406932497,0.9228350131103221,-0.16173222624206815
2024-01-19,4093.290809989015,18388,89909.80417051705,2602.182546443013,17985,161861.47317718182,96.0718797326798,52.3424889296067,0.05692948692944122,3872.813523143078,-0.004147075937846689,3888.941257857237,0.0066589217838812775,3863.2164020020978,0.014825015011962206,3845.0367558883945,0.03681954663505893,3610.491718730256,0.001668800807033799,3017.8851193229752,-0.02203038572011551,3905.0085624402973,3605.2148959492342,0.01989401463349901,0.01989401463349901,0.951828896664324,0.7494832732610128
2024-01-22,4001.548712726803,17227,95466.58725341532,2520.185143902029,11794,170307.90293190218,96.19092108900917,52.5954412226135,-0.022412797311720523,4093.290809989015,0.05692948692944122,3872.813523143078,-0.004147075937846689,3888.941257857237,0.0066589217838812775,3806.780819210059,-0.009949433284285103,3701.0346348916087,0.02507772436968647,3066.812289561211,0.016212403157749078,3943.9621411436456,3651.951717107514,0.02162494484962011,0.02162494484962011,0.9538550283593004,-0.19736653281781824
2024-01-23,4123.337370708386,18086,91555.13634052844,2545.314837150399,16419,167976.64799926302,96.11487020420202,52.13322087373428,0.030435380580083216,4001.548712726803,-0.022412797311720523,4093.290809989015,0.05692948692944122,3872.813523143078,-0.004147075937846689,3863.2164020020978,0.014825015011962206,3759.8883073453,0.01590195128109495,3183.5492896118826,0.038064605534554596,3995.986334884904,3698.9411211623387,0.021234630930036788,0.021234630930036788,0.9525991035997222,0.45335746797078036
2024-01-24,4139.361366939219,13252,90259.1573791554,2537.060197045211,8049,167549.4289001213,96.05879478779325,52.22289631950953,0.0038861715135574126,4123.337370708386,0.030435380580083216,4001.548712726803,-0.022412797311720523,4093.290809989015,0.05692948692944122,3888.941257857237,0.0066589217838812775,3769.681897590132,0.00260475563215512,3269.2610654825357,0.026923338724591517,4046.0703567012997,3742.446136235173,0.021076897513223454,0.021076897513223454,0.9529704890680383,0.35239145709689274
2024-01-25,4089.278217112057,18228,93552.053680524,2600.546947850484,10248,161201.3162770859,96.05657000830831,52.4256899762516,-0.012099245605172948,4139.361366939219,0.0038861715135574126,4123.337370708386,0.030435380580083216,4001.548712726803,-0.022412797311720523,3872.813523143078,-0.004147075937846689,3708.491770209436,-0.01623217264560528,3323.276369421086,0.016522175151092666,4089.3632954950963,3780.7462286197215,0.021720991833739132,0.021720991833739132,0.9413271412684868,-0.15887692748484572
2024-01-26,4035.4693880952304,19134,100043.04372361473,2606.479825055517,13949,157187.35959515892,95.90028157377436,52.11632935571973,-0.013158515063039111,4089.278217112057,-0.012099245605172948,4139.361366939219,0.0038861715135574126,4123.337370708386,0.030435380580083216,4093.290809989015,0.05692948692944122,3845.0367558883945,0.03681954663505893,3389.0944241845377,0.01980517039421459,4077.799011116339,3813.0649768152566,0.02223396461726532,0.02223396461726532,0.9084452557090194,-0.5815175357775797
2024-01-29,3877.653742218696,8763,108402.14842330603,2638.77506017349,10249,152611.78721082807,95.92315857666723,52.11908133017437,-0.03910713493257956,4035.4693880952304,-0.013158515063039111,4089.278217112057,-0.012099245605172948,4139.361366939219,0.0038861715135574126,4001.548712726803,-0.022412797311720523,3806.780819210059,-0.009949433284285103,3325.24029640285,-0.018841058934807253,4053.0200170147173,3840.6856491060485,0.023963969502312537,0.023963969502312537,0.8291615291209092,-1.2597867765217905
2024-01-30,3768.958272969513,8232,116378.52657770723,2665.243711232252,8551,151137.59199261104,96.01990520395974,52.08420133658126,-0.028031246850573677,3877.653742218696,-0.03910713493257956,4035.4693880952304,-0.013158515063039111,4089.278217112057,-0.012099245605172948,4123.337370708386,0.030435380580083216,3863.2164020020978,0.014825015011962206,3477.9156009050384,0.04591406662169595,3982.1441974669433,3855.2377827092723,0.023503852049275367,0.023503852049275367,0.7370419748337245,-1.8973350875324106
2024-01-31,3623.635718708023,12602,124405.46255011644,2596.6151494878222,9627,157006.84796229,96.04919858630949,52.636846534151736,-0.038557750905263366,3768.958272969513,-0.028031246850573677,3877.653742218696,-0.03910713493257956,4035.4693880952304,-0.013158515063039111,4139.361366939219,0.0038861715135574126,3888.941257857237,0.0066589217838812775,3545.004121229829,0.019289864396747403,3878.999067820704,3859.169362583182,0.025067738536926874,0.025067738536926874,0.6703075246158285,-1.8934898378006624
2024-02-01,3691.498752715744,5728,121057.2007448037,2614.71697570181,19786,158530.14763733398,95.8903088298916,53.214195345255504,0.018727885272065148,3623.635718708023,-0.038557750905263366,3768.958272969513,-0.028031246850573677,3877.653742218696,-0.03910713493257956,4089.278217112057,-0.012099245605172948,3872.813523143078,-0.004147075937846689,3604.4765653291,0.01677641042590361,3799.443174941441,3863.5204719525136,0.02513447170651653,0.02513447170651653,0.6681849461826057,-0.8438435815434022
2024-02-02,3706.918741898946,19560,119026.10489587704,2592.4496091347537,9130,160321.14346108295,95.87792790045864,52.71488842725645,0.004177162235760701,3691.498752715744,0.018727885272065148,3623.635718708023,-0.038557750905263366,3768.958272969513,-0.028031246850573677,4035.4693880952304,-0.013158515063039111,4093.290809989015,0.05692948692944122,3610.491718730256,0.001668800807033799,3733.7330457021844,3868.3418231109486,0.025141657471801637,0.025141657471801637,0.6960743385925912,-0.6874328821812038
2024-02-05,3723.0900128962094,9875,124162.86371783832,2589.491965547252,15465,159404.9109917201,95.95213079075658,53.46306652897485,0.00436245629408627,3706.918741898946,0.004177162235760701,3691.498752715744,0.018727885272065148,3623.635718708023,-0.038557750905263366,3877.653742218696,-0.03910713493257956,4001.548712726803,-0.022412797311720523,3701.0346348916087,0.02507772436968647,3702.8202998376873,3869.4445920111784,0.024543891477685896,0.024543891477685896,0.7331522342508711,-1.1244103763970352
2024-02-06,3730.6754152856006,12822,126409.81011205116,2607.714815877022,11248,159919.55267611152,95.76433191416,53.18849881262885,0.002037394305030693,3723.0900128962094,0.00436245629408627,3706.918741898946,0.004177162235760701,3691.498752715744,0.018727885272065148,3768.958272969513,-0.028031246850573677,4123.337370708386,0.030435380580083216,3759.8883073453,0.01590195128109495,3695.163728300905,3867.9839474081937,0.02428281429500986,0.02428281429500986,0.7769190806289126,-0.9774730172341435
2024-02-07,3796.680498394016,17235,125468.53155722776,2618.007555858237,14487,160398.34211382124,95.65685531277822,53.48270080092708,0.01769252903588847,3730.6754152856006,0.002037394305030693,3723.0900128962094,0.00436245629408627,3706.918741898946,0.004177162235760701,3623.635718708023,-0.038557750905263366,4139.361366939219,0.0038861715135574126,3769.681897590132,0.00260475563215512,3729.772684238103,3869.333877448388,0.02460388447784683,0.02460388447784683,0.8151579898645779,-0.6339271605136041
2024-02-08,3787.437655899868,17453,128516.15710874338,2544.188172095858,16979,163586.10388418916,95.74450967318636,53.77385019518619,-0.0024344535965188374,3796.680498394016,0.01769252903588847,3730.6754152856006,0.002037394305030693,3723.0900128962094,0.00436245629408627,3691.498752715744,0.018727885272065148,4089.278217112057,-0.012099245605172948,3708.491770209436,-0.01623217264560528,3748.9604648749278,3873.2811717329096,0.024297342973355746,0.024297342973355746,0.8529743172679808,-0.8651021067605398
2024-02-09,3752.949682097716,12474,128512.36174021882,2627.658817526917,12044,155666.23615678743,95.7715192166061,53.47514312713365,-0.009105885544657966,3787.437655899868,-0.0024344535965188374,3796.680498394016,0.01769252903588847,3730.6754152856006,0.002037394305030693,3706.918741898946,0.004177162235760701,4035.4693880952304,-0.013158515063039111,3845.0367558883945,0.03681954663505893,3758.1666529146814,3868.6768180433755,0.022896849373771126,0.022896849373771126,0.8934941047915538,-0.9308157592353261
2024-02-12,3797.583725497429,13104,124831.85238730004,2585.046024531218,18635,160785.28173471722,95.81271637481878,53.623123465285374,0.011893056710199357,3752.949682097716,-0.009105885544657966,3787.437655899868,-0.0024344535965188374,3796.680498394016,0.01769252903588847,3723.0900128962094,0.00436245629408627,3877.653742218696,-0.03910713493257956,3806.780819210059,-0.009949433284285103,3773.0653954349254,3868.2169633577446,0.022966497716768862,0.022966497716768862,0.9331021220293544,-0.4708568277179102
2024-02-13,3820.400808904627,6408,123519.22732160467,2524.58374299166,14295,164025.1466456643,95.99866585558112,53.59086334200556,0.006008316091624666,3797.583725497429,0.011893056710199357,3752.949682097716,-0.009105885544657966,3787.437655899868,-0.0024344535965188374,3730.6754152856006,0.002037394305030693,3768.958272969513,-0.028031246850573677,3863.2164020020978,0.014825015011962206,3791.010474158731,3866.076183702871,0.022753183118677196,0.022753183118677196,0.969013628039329,-0.4818332020295644
2024-02-14,3833.957038243313,18301,119711.8346561488,2457.684248974732,14581,169540.38968369854,96.04552113343172,53.75716234339528,0.00354837882640191,3820.400808904627,0.006008316091624666,3797.583725497429,0.011893056710199357,3752.949682097716,-0.009105885544657966,3796.680498394016,0.01769252903588847,3623.635718708023,-0.038557750905263366,3888.941257857237,0.0066589217838812775,3798.465782128591,3863.326972722175,0.022713620810704632,0.022713620810704632,0.9988006338386453,-0.04692606158996997
2024-02-15,3791.629423102196,10446,120415.57586001056,2344.9992208516232,7738,176727.46459413046,96.11130993447505,53.82636403410946,-0.011040190257455507,3833.957038243313,0.00354837882640191,3820.400808904627,0.006008316091624666,3797.583725497429,0.011893056710199357,3787.437655899868,-0.0024344535965188374,3691.498752715744,0.018727885272065148,3872.813523143078,-0.004147075937846689,3799.304135569056,3859.2677677201305,0.022824416204709257,0.022824416204709257,1.033548421186255,-0.3165168180860973
2024-02-16,3821.095397585222,12681,120816.95023419811,2381.702606828485,5697,175578.88969441396,96.38238448719687,54.18526587972054,0.007771322351148413,3791.629423102196,-0.011040190257455507,3833.957038243313,0.00354837882640191,3820.400808904627,0.006008316091624666,3752.949682097716,-0.009105885544657966,3706.918741898946,0.004177162235760701,4093.290809989015,0.05692948692944122,3812.9332786665573,3845.65799709994,0.018520044795948248,0.018520044795948248,1.059875124836004,-0.7234406460390341
2024-02-19,3822.5258103989913,13497,116763.74124192294,2385.203832818515,7997,179303.54794277856,96.36100403138782,54.20788574266436,0.0003743462711434109,3821.095397585222,0.007771322351148413,3791.629423102196,-0.011040190257455507,3833.957038243313,0.00354837882640191,3797.583725497429,0.011893056710199357,3723.0900128962094,0.00436245629408627,4001.548712726803,-0.022412797311720523,3817.92169564687,3836.7068519835498,0.01797328036139133,0.01797328036139133,1.0866543415910963,-0.10473083947480682
2024-02-20,3795.462148437969,16603,116711.32368236034,2444.1450579177776,7081,170178.67562764636,96.28121575502598,54.15752352183647,-0.007080046886118296,3822.5258103989913,0.0003743462711434109,3821.095397585222,0.007771322351148413,3791.629423102196,-0.011040190257455507,3820.400808904627,0.006008316091624666,3730.6754152856006,0.002037394305030693,4123.337370708386,0.030435380580083216,3812.9339635535384,3820.3130908700296,0.0162728233257623,0.0162728233257623,1.110253965391708,-0.31057819198426273
2024-02-21,3805.90458498188,16541,116285.70986012345,2526.182406181076,6979,161371.42438531452,96.3239953948507,54.486342791753614,0.002751295134957088,3795.462148437969,-0.007080046886118296,3822.5258103989913,0.0003743462711434109,3821.095397585222,0.007771322351148413,3833.957038243313,0.00354837882640191,3796.680498394016,0.01769252903588847,4139.361366939219,0.0038861715135574126,3807.323472901252,3803.6402517721626,0.01624580806901861,0.01624580806901861,1.1310482116657472,-0.11991478304754649
2024-02-22,3727.279519672138,6724,120559.82761136828,2634.202467472585,15371,154280.66850238972,96.36789449778958,54.6604615812112,-0.020658706374299785,3805.90458498188,0.002751295134957088,3795.462148437969,-0.007080046886118296,3822.5258103989913,0.0003743462711434109,3791.629423102196,-0.011040190257455507,3787.437655899868,-0.0024344535965188374,4089.278217112057,-0.012099245605172948,3794.45349221524,3785.5403169001665,0.016577987125041663,0.016577987125041663,1.142776482979105,-0.571082535706158
2024-02-23,3714.181653242592,17480,121484.31572526637,2735.7256890054646,14749,147282.41117817778,96.31522295859496,54.88000559950746,-0.003514055321157783,3727.279519672138,-0.020658706374299785,3805.90458498188,0.002751295134957088,3795.462148437969,-0.007080046886118296,3821.095397585222,0.007771322351148413,3752.949682097716,-0.009105885544657966,4035.4693880952304,-0.013158515063039111,3773.070743346714,3769.4759301575345,0.01645240463704214,0.01645240463704214,1.1456227738557798,-0.37419970859670465
2024-02-26,3711.630832424512,13952,120372.2879657221,2737.602683007848,9889,147215.09901443505,96.21198325663948,54.680629597829885,-0.0006867786921118668,3714.181653242592,-0.003514055321157783,3727.279519672138,-0.020658706374299785,3805.90458498188,0.002751295134957088,3822.5258103989913,0.0003743462711434109,3797.583725497429,0.011893056710199357,3877.653742218696,-0.03910713493257956,3750.891747751818,3761.1747846678254,0.014231771553324045,0.014231771553324045,1.1575125140113687,-0.10579453071038758
2024-02-27,3710.7492759628735,15181,122528.74391377466,2677.9896008761957,10235,149188.7680740273,96.44296769884848,54.36705076341034,-0.00023751189206022705,3711.630832424512,-0.0006867786921118668,3714.181653242592,-0.003514055321157783,3727.279519672138,-0.020658706374299785,3795.462148437969,-0.007080046886118296,3820.400808904627,0.006008316091624666,3768.958272969513,-0.028031246850573677,3733.9491732567994,3758.2643348174934,0.01285564506781146,0.01285564506781146,1.1606576731896705,-0.7078971251306756
2024-02-28,3758.103889451405,5433,115515.44875271455,2737.1473046670785,17265,141451.62662206643,96.47565204588729,54.19673412043453,0.012761469441031847,3710.7492759628735,-0.00023751189206022705,3711.630832424512,-0.0006867786921118668,3714.181653242592,-0.003514055321157783,3805.90458498188,0.002751295134957088,3833.957038243313,0.00354837882640191,3623.635718708023,-0.038557750905263366,3724.389034150704,3764.987743354662,0.009614286845397568,0.009614286845397568,1.1645136171879538,1.0144280871187301
2024-02-29,3765.907932619851,5943,116270.5942573048,2769.7071049549536,11000,138537.48586228324,96.40242350774707,54.01048770473035,0.002076590588767635,3758.103889451405,0.012761469441031847,3710.7492759628735,-0.00023751189206022705,3711.630832424512,-0.0006867786921118668,3727.279519672138,-0.020658706374299785,3791.629423102196,-0.011040190257455507,3691.498752715744,0.018727885272065148,3732.1147167402464,3768.7082023498683,0.008760438009040588,0.008760438009040588,1.1672630036921925,0.15067157005295329
2024-03-01,3784.3446167310176,14076,112593.64532954105,2609.050652997882,12961,152390.73751482042,96.49401653797504,54.24634748532623,0.004895681052494716,3765.907932619851,0.002076590588767635,3758.103889451405,0.012761469441031847,3710.7492759628735,-0.00023751189206022705,3714.181653242592,-0.003514055321157783,3821.095397585222,0.007771322351148413,3706.918741898946,0.004177162235760701,3746.1473094379317,3772.579496091472,0.008775463122356527,0.008775463122356527,1.171610394295337,0.9602918984172409
2024-03-04,3779.623823260501,7334,111756.84418961377,2530.481785376655,18249,160561.24831003556,96.48310202281893,54.539142700414445,-0.0012474533766415608,3784.3446167310176,0.004895681052494716,3765.907932619851,0.002076590588767635,3758.103889451405,0.012761469441031847,3711.630832424512,-0.0006867786921118668,3822.5258103989913,0.0003743462711434109,3723.0900128962094,0.00436245629408627,3759.7459076051296,3775.4061866096863,0.008754342098264187,0.008754342098264187,1.1865951142423101,0.5717340921791776
2024-03-05,3803.238682850712,14378,110734.90455207926,2633.284382343169,12333,157282.95142944303,96.45781387818712,54.49260361355472,0.006247939132164593,3779.623823260501,-0.0012474533766415608,3784.3446167310176,0.004895681052494716,3765.907932619851,0.002076590588767635,3710.7492759628735,-0.00023751189206022705,3795.462148437969,-0.007080046886118296,3730.6754152856006,0.002037394305030693,3778.243788982697,3779.034349987942,0.008836157916661955,0.008836157916661955,1.1988523722275757,0.5768996358391152
2024-03-06,3871.9634952957545,9710,110725.85828428216,2573.4032928612605,15631,158508.63587087544,96.51404116537856,54.92187931920203,0.01807007610511846,3803.238682850712,0.006247939132164593,3779.623823260501,-0.0012474533766415608,3784.3446167310176,0.004895681052494716,3758.103889451405,0.012761469441031847,3805.90458498188,0.002751295134957088,3796.680498394016,0.01769252903588847,3801.0157101515674,3782.7984998330285,0.008874016758671145,0.008874016758671145,1.1969872518549498,0.4035228641100912
2024-03-07,3893.028005658788,18913,108199.1400220576,2551.24586414802,6388,160779.72339163444,96.3848529385554,55.33242013733157,0.005440265743369199,3871.9634952957545,0.01807007610511846,3803.238682850712,0.006247939132164593,3779.623823260501,-0.0012474533766415608,3765.907932619851,0.002076590588767635,3727.279519672138,-0.020658706374299785,3787.437655899868,-0.0024344535965188374,3826.4397247593542,3788.078017320974,0.008887381474413019,0.008887381474413019,1.1982775660103757,0.8041174008758813
2024-03-08,3933.047291760197,17185,103655.99254533878,2660.4294141394626,11556,152884.70884777425,96.42011565894713,55.40543981225173,0.010279732394228303,3893.028005658788,0.005440265743369199,3871.9634952957545,0.01807007610511846,3803.238682850712,0.006247939132164593,3784.3446167310176,0.004895681052494716,3714.181653242592,-0.003514055321157783,3752.949682097716,-0.009105885544657966,3856.1802597651904,3797.082897804098,0.008735564335910013,0.008735564335910013,1.2129952065691232,1.298355433157205
2024-03-11,3913.60371531994,7449,107052.92339106098,2605.3400354313053,14566,161085.43847991154,96.61141113972027,55.15887228078881,-0.004943641659481579,3933.047291760197,0.010279732394228303,3893.028005658788,0.005440265743369199,3871.9634952957545,0.01807007610511846,3779.623823260501,-0.0012474533766415608,3711.630832424512,-0.0006867786921118668,3797.583725497429,0.011893056710199357,3882.976238177079,3802.883897295224,0.008580718342694674,0.008580718342694674,1.2177412184521652,0.12018327550062632
2024-03-12,3936.8818218784713,6442,106118.81324354991,2678.363240553748,15780,154257.3568493628,96.65802890594004,55.63148527561948,0.00594799786892275,3913.60371531994,-0.004943641659481579,3933.047291760197,0.010279732394228303,3893.028005658788,0.005440265743369199,3803.238682850712,0.006247939132164593,3710.7492759628735,-0.00023751189206022705,3820.400808904627,0.006008316091624666,3909.70486598263,3808.707947943916,0.008579075939608332,0.008579075939608332,1.1840093069483406,0.6010935115582909
2024-03-13,3973.170215652898,18994,104733.1531846237,2740.179744922769,16383,152612.47434438523,96.62040769556168,55.61318007031096,0.009217547139149795,3936.8818218784713,0.00594799786892275,3913.60371531994,-0.004943641659481579,3933.047291760197,0.010279732394228303,3871.9634952957545,0.01807007610511846,3758.103889451405,0.012761469441031847,3833.957038243313,0.00354837882640191,3929.9462100540595,3815.668606814395,0.008741127978047991,0.008741127978047991,1.142788498521203,0.6716924147682463
2024-03-14,4056.4866134893687,14625,102109.19152945552,2629.22036185922,5406,157787.77920459094,96.56969716751884,55.65102962924025,0.020969752946458975,3973.170215652898,0.009217547139149795,3936.8818218784713,0.00594799786892275,3913.60371531994,-0.004943641659481579,3893.028005658788,0.005440265743369199,3765.907932619851,0.002076590588767635,3791.629423102196,-0.011040190257455507,3962.6379316201756,3828.911466333754,0.009181654855217089,0.009181654855217089,1.1009398133514987,0.8904288445127857
2024-03-15,4074.071859479825,18352,103723.7862059079,2636.015389492331,13721,159597.9048797151,96.52866317018434,55.54914812155828,0.004335092819480524,4056.4866134893687,0.020969752946458975,3973.170215652898,0.009217547139149795,3936.8818218784713,0.00594799786892275,3933.047291760197,0.010279732394228303,3784.3446167310176,0.004895681052494716,3821.095397585222,0.007771322351148413,3990.8428451641003,3841.5602894284843,0.009127973908962674,0.009127973908962674,1.060497472572598,0.25905750032852004
2024-03-18,4110.978800923933,18218,102688.53971273404,2620.5050726354084,8754,159064.02663138398,96.50326690237956,55.28221102366912,0.009058981460582372,4074.071859479825,0.004335092819480524,4056.4866134893687,0.020969752946458975,3973.170215652898,0.009217547139149795,3913.60371531994,-0.004943641659481579,3779.623823260501,-0.0012474533766415608,3822.5258103989913,0.0003743462711434109,4030.3178622848995,3855.9829389547317,0.009190333413426007,0.009190333413426007,1.019604284024452,0.5460505002239052
2024-03-19,4081.776297339344,13454,100350.3122538877,2627.0824108950505,9522,156624.07605390856,96.46548624910372,54.84161919457453,-0.00710354029994642,4110.978800923933,0.009058981460582372,4074.071859479825,0.004335092819480524,4056.4866134893687,0.020969752946458975,3936.8818218784713,0.00594799786892275,3803.238682850712,0.006247939132164593,3795.462148437969,-0.007080046886118296,4059.296757377074,3870.2986463998,0.009191783056622625,0.009191783056622625,0.9749103877573876,0.7759036691409819
2024-03-20,4109.275790101507,9651,99081.62365049492,2553.0088816764774,9656,163146.22983645156,96.5571173932112,55.03147969164172,0.0067371386276331435,4081.776297339344,-0.00710354029994642,4110.978800923933,0.009058981460582372,4074.071859479825,0.004335092819480524,3973.170215652898,0.009217547139149795,3871.9634952957545,0.01807007610511846,3805.90458498188,0.002751295134957088,4086.517872266796,3885.467206655782,0.00921370171960476,0.00921370171960476,0.9287260038906192,0.6561942553922311
2024-03-21,4121.478331908859,6107,99034.0022289926,2559.586654544663,8641,161786.33368821078,96.3837964828903,54.796459375472736,0.002969511522382229,4109.275790101507,0.0067371386276331435,4081.776297339344,-0.00710354029994642,4110.978800923933,0.009058981460582372,4056.4866134893687,0.020969752946458975,3893.028005658788,0.005440265743369199,3727.279519672138,-0.020658706374299785,4099.516215950694,3905.177147267617,0.0071950636516002545,0.0071950636516002545,0.8779078357570768,0.2848831683065976
2024-03-22,4126.958165542468,6704,96952.98226411444,2604.164983946457,18860,158892.81643990747,96.46999648793152,55.71431874417178,0.00132957962951874,4121.478331908859,0.002969511522382229,4109.275790101507,0.0067371386276331435,4081.776297339344,-0.00710354029994642,4074.071859479825,0.004335092819480524,3933.047291760197,0.010279732394228303,3714.181653242592,-0.003514055321157783,4110.093477163222,3925.8159728826113,0.006969113140421977,0.006969113140421977,0.8310774781786107,0.546870327337414
2024-03-25,4148.143179484868,18973,94400.74940900554,2586.577821175556,11613,160072.3515881877,96.43202783541726,55.38849666938803,0.005133324131870509,4126.958165542468,0.00132957962951874,4121.478331908859,0.002969511522382229,4109.275790101507,0.0067371386276331435,4110.978800923933,0.009058981460582372,3913.60371531994,-0.004943641659481579,3711.630832424512,-0.0006867786921118668,4117.526352875409,3947.641590235629,0.006825747984499886,0.006825747984499886,0.7885602108631371,0.6777221334868322
2024-03-26,4123.5132508385295,8406,97416.77465531208,2606.8201886034194,13436,156936.63916043274,96.4697226139868,55.01128192689362,-0.005937579196433784,4148.143179484868,0.005133324131870509,4126.958165542468,0.00132957962951874,4121.478331908859,0.002969511522382229,4081.776297339344,-0.00710354029994642,3936.8818218784713,0.00594799786892275,3710.7492759628735,-0.00023751189206022705,4125.873743575246,3968.279788979412,0.007191389183126458,0.007191389183126458,0.7551304452948755,-0.15971171840896115
2024-03-27,4111.375233634698,13326,99017.30667822444,2602.2424216618583,6866,158983.59019513844,96.35702382296672,55.16432354157766,-0.002943610573183708,4123.5132508385295,-0.005937579196433784,4148.143179484868,0.005133324131870509,4126.958165542468,0.00132957962951874,4109.275790101507,0.0067371386276331435,3973.170215652898,0.009217547139149795,3758.103889451405,0.012761469441031847,4126.293632281884,3985.9433561885767,0.00719258065941945,0.00719258065941945,0.7335039876230394,-0.3871625625244382
2024-03-28,4099.094247597255,9809,98306.0198650696,2601.029458522593,19981,158603.0440644882,96.48988692965165,55.62311758526784,-0.002987074966296799,4111.375233634698,-0.002943610573183708,4123.5132508385295,-0.005937579196433784,4148.143179484868,0.005133324131870509,4121.478331908859,0.002969511522382229,4056.4866134893687,0.020969752946458975,3765.907932619851,0.002076590588767635,4121.816815419564,4002.6026719374468,0.00737029081086187,0.00737029081086187,0.7238289667327877,0.009507461666516503
2024-03-29,4064.638240181311,8897,101627.38055605184,2644.3312282432657,5916,153923.85615976615,96.61445042566884,55.64249448235081,-0.008405761208379325,4099.094247597255,-0.002987074966296799,4111.375233634698,-0.002943610573183708,4123.5132508385295,-0.005937579196433784,4126.958165542468,0.00132957962951874,4074.071859479825,0.004335092819480524,3784.3446167310176,0.004895681052494716,4109.352830347332,4016.6173531099616,0.007892809224193022,0.007892809224193022,0.7177357844801036,-0.7398248918933474
2024-04-01,4043.596965203197,12792,103411.9114825298,2541.853624804988,12861,160323.3811880279,96.71040947824385,55.81416720840699,-0.005176666097885141,4064.638240181311,-0.008405761208379325,4099.094247597255,-0.002987074966296799,4111.375233634698,-0.002943610573183708,4148.143179484868,0.005133324131870509,4110.978800923933,0.009058981460582372,3779.623823260501,-0.0012474533766415608,4088.4435874909987,4029.8160102070965,0.008067017186849473,0.008067017186849473,0.7053300998119423,-0.6492265428267038
2024-04-02,3995.941305962732,13376,103641.50761877392,2573.379137051778,5068,154023.3134700338,96.5589340006645,55.26110298316938,-0.011785462213608766,4043.596965203197,-0.005176666097885141,4064.638240181311,-0.008405761208379325,4099.094247597255,-0.002987074966296799,4123.5132508385295,-0.005937579196433784,4081.776297339344,-0.00710354029994642,3803.238682850712,0.006247939132164593,4062.929198515839,4039.451141362697,0.008715132040388767,0.008715132040388767,0.6897949870588699,-0.48833566623307567
2024-04-03,3984.210264525107,17821,104138.23069194167,2445.998015839834,5896,161327.79039220637,96.6418461077711,55.057849519461854,-0.002935739176178509,3995.941305962732,-0.011785462213608766,4043.596965203197,-0.005176666097885141,4064.638240181311,-0.008405761208379325,4111.375233634698,-0.002943610573183708,4109.275790101507,0.0067371386276331435,3871.9634952957545,0.01807007610511846,4037.4962046939204,4045.063479824165,0.007975643165621982,0.007975643165621982,0.6799887112369056,-0.63307372643917
2024-04-04,4029.013920225098,11943,99710.874693777,2427.8812407418777,16028,163436.33186347177,96.68233161653468,54.73576480072058,0.01124530401894619,3984.210264525107,-0.002935739176178509,3995.941305962732,-0.011785462213608766,4043.596965203197,-0.005176666097885141,4099.094247597255,-0.002987074966296799,4121.478331908859,0.002969511522382229,3893.028005658788,0.005440265743369199,4023.4801392194886,4051.862775552481,0.008229701081117214,0.008229701081117214,0.6947119674980036,0.6784336822193981
2024-04-05,4046.462933967943,16796,97611.97408186526,2537.8740917023383,9033,154757.93595836175,96.5218044918214,54.167251045736215,0.004330839775770867,4029.013920225098,0.01124530401894619,3984.210264525107,-0.002935739176178509,3995.941305962732,-0.011785462213608766,4064.638240181311,-0.008405761208379325,4126.958165542468,0.00132957962951874,3933.047291760197,0.010279732394228303,4019.845077976815,4057.5335576628677,0.008009761998539441,0.008009761998539441,0.6894728004305505,0.5606123358166634
2024-04-08,4068.660238107122,6447,97637.77309173136,2569.9750344443587,10135,151995.01378312198,96.51937475344432,54.20234511594338,0.005485606689448197,4046.462933967943,0.004330839775770867,4029.013920225098,0.01124530401894619,3984.210264525107,-0.002935739176178509,4043.596965203197,-0.005176666097885141,4148.143179484868,0.005133324131870509,3913.60371531994,-0.004943641659481579,4024.8577325576007,4065.2863838022267,0.00791028666295202,0.00791028666295202,0.7023536948269625,0.09035734953425245
2024-04-09,4109.6194577249935,18345,93689.64545378707,2621.1078804776507,19398,150732.2628750867,96.55582820234766,53.52949682946026,0.010067004178487826,4068.660238107122,0.005485606689448197,4046.462933967943,0.004330839775770867,4029.013920225098,0.01124530401894619,3995.941305962732,-0.011785462213608766,4123.5132508385295,-0.005937579196433784,3936.8818218784713,0.00594799786892275,4047.5933629100523,4073.9232655945525,0.008071175659749963,0.008071175659749963,0.7065265671973302,1.263808339483169
2024-04-10,4127.193450362793,12449,90895.05478061836,2703.948717163178,5117,144492.28488757697,96.61143572972998,53.13283803963402,0.004276306557962295,4109.6194577249935,0.010067004178487826,4068.660238107122,0.005485606689448197,4046.462933967943,0.004330839775770867,3984.210264525107,-0.002935739176178509,4111.375233634698,-0.002943610573183708,3973.170215652898,0.009217547139149795,4076.1900000775895,4081.624427330048,0.00791860697558278,0.00791860697558278,0.7228127330290519,1.3315059466708559
2024-04-11,4158.2834129509365,19136,90730.57165788174,2719.2075410683387,10574,143534.98312136254,96.62916186642484,52.97167990143,0.00753295501217921,4127.193450362793,0.004276306557962295,4109.6194577249935,0.010067004178487826,4068.660238107122,0.005485606689448197,4029.013920225098,0.01124530401894619,4099.094247597255,-0.002987074966296799,4056.4866134893687,0.020969752946458975,4102.043898622757,4086.714267303126,0.006693754321162722,0.006693754321162722,0.7408345452748369,0.7980899007164162
2024-04-12,4176.952727031578,5739,88400.4229059324,2752.482384662813,5360,142329.356949474,96.6582850081096,52.72229415064467,0.00448966850659982,4158.2834129509365,0.00753295501217921,4127.193450362793,0.004276306557962295,4109.6194577249935,0.010067004178487826,4046.462933967943,0.004330839775770867,4064.638240181311,-0.008405761208379325,4074.071859479825,0.004335092819480524,4128.141857235485,4091.858310680714,0.0066975783302544245,0.0066975783302544245,0.6826439111865592,1.1374145121336594
2024-04-15,4201.097455351106,14015,87308.5761508992,2833.3975659706143,6226,137321.00323804753,96.8056461473349,52.84121670130679,0.00578046482625294,4176.952727031578,0.00448966850659982,4158.2834129509365,0.00753295501217921,4127.193450362793,0.004276306557962295,4068.660238107122,0.005485606689448197,4043.596965203197,-0.005176666097885141,4110.978800923933,0.009058981460582372,4154.629300684281,4096.364243402072,0.006535030633681745,0.006535030633681745,0.6616680570091225,0.9130913942975711
2024-04-16,4179.784133953387,6281,88440.86472807344,2849.339853759539,7239,138779.76341579718,96.92824953832596,52.932890758877534,-0.005073274691728802,4201.097455351106,0.00578046482625294,4176.952727031578,0.00448966850659982,4158.2834129509365,0.00753295501217921,4109.6194577249935,0.010067004178487826,3995.941305962732,-0.011785462213608766,4081.776297339344,-0.00710354029994642,4168.66223592996,4101.264635232774,0.00641548401115402,0.00641548401115402,0.621720559323758,0.4189883662065036
2024-04-17,4229.482093785073,9435,86350.25481272528,2870.524458780924,8966,136454.26322493274,96.6415440429477,53.201030382658175,0.01189007810905296,4179.784133953387,-0.005073274691728802,4201.097455351106,0.00578046482625294,4176.952727031578,0.00448966850659982,4127.193450362793,0.004276306557962295,3984.210264525107,-0.002935739176178509,4109.275790101507,0.0067371386276331435,4189.119964614416,4107.274950416952,0.006744323924275928,0.006744323924275928,0.6123907591642136,0.9714930854978532
2024-04-18,4179.8178397660895,16687,90094.36393634824,2858.8690722654105,15081,137715.40541318647,96.60980018746392,53.42674550247197,-0.011742396094302276,4229.482093785073,0.01189007810905296,4179.784133953387,-0.005073274691728802,4201.097455351106,0.00578046482625294,4158.2834129509365,0.00753295501217921,4029.013920225098,0.01124530401894619,4121.478331908859,0.002969511522382229,4193.426849977447,4110.191925809815,0.007346895423136158,0.007346895423136158,0.6721280823645509,0.2400825161521452
2024-04-19,4147.007589161098,15485,91391.76931080208,2857.613671833461,15296,138069.6920453111,96.59333508470954,53.7689893392804,-0.007849684331417639,4179.8178397660895,-0.011742396094302276,4229.482093785073,0.01189007810905296,4179.784133953387,-0.005073274691728802,4176.952727031578,0.00448966850659982,4046.462933967943,0.004330839775770867,4126.958165542468,0.00132957962951874,4187.437822403351,4111.194396990746,0.007590072652778477,0.007590072652778477,0.7952154061395755,0.4164701301228241
2024-04-22,4131.122340038288,11620,91186.57589229028,2957.9638649096487,13165,130606.50289596112,96.41812522743685,53.76841381927768,-0.0038305329279668676,4147.007589161098,-0.007849684331417639,4179.8178397660895,-0.011742396094302276,4229.482093785073,0.01189007810905296,4201.097455351106,0.00578046482625294,4068.660238107122,0.005485606689448197,4148.143179484868,0.005133324131870509,4173.442799340787,4110.343355018416,0.007552325052061952,0.007552325052061952,0.8776723630042856,0.521839413079231
2024-04-23,4109.366099849816,6292,91898.20752162753,3032.456013896216,13279,125740.88192765872,96.42754353326006,53.85945388952268,-0.005266423600582604,4131.122340038288,-0.0038305329279668676,4147.007589161098,-0.007849684331417639,4179.8178397660895,-0.011742396094302276,4179.784133953387,-0.005073274691728802,4109.6194577249935,0.010067004178487826,4123.5132508385295,-0.005937579196433784,4159.359192520073,4109.635997468981,0.007526836481914644,0.007526836481914644,0.864426026902883,0.11501022436433955
2024-04-24,4097.060255410769,19511,95407.97788829752,3039.4331519399366,14831,127533.36816686908,96.55241931050112,54.01290800009844,-0.0029945846001642185,4109.366099849816,-0.005266423600582604,4131.122340038288,-0.0038305329279668676,4147.007589161098,-0.007849684331417639,4229.482093785073,0.01189007810905296,4127.193450362793,0.004276306557962295,4111.375233634698,-0.002943610573183708,4132.874824845212,4108.920248557784,0.007527842602054106,0.007527842602054106,0.8664127025003343,-0.31274428139561994
2024-04-25,4113.984823203324,17284,96992.42001366473,3058.971734532432,11281,129649.1782093958,96.44376252454204,54.05540500931574,0.004130905268040275,4097.060255410769,-0.0029945846001642185,4109.366099849816,-0.005266423600582604,4131.122340038288,-0.0038305329279668676,4179.8178397660895,-0.011742396094302276,4158.2834129509365,0.00753295501217921,4099.094247597255,-0.002987074966296799,4119.708221532659,4109.664777338088,0.007554739562404851,0.007554739562404851,0.8591820811231974,-0.158084234743255
2024-04-26,4129.240453800425,16401,96671.0138533599,3008.4578619770828,6583,133393.97635809294,96.47740261841103,53.93624671634062,0.003708236965546785,4113.984823203324,0.004130905268040275,4097.060255410769,-0.0029945846001642185,4109.366099849816,-0.005266423600582604,4147.007589161098,-0.007849684331417639,4176.952727031578,0.00448966850659982,4064.638240181311,-0.008405761208379325,4116.1547944605245,4112.894888019044,0.007309383329887023,0.007309383329887023,0.854793290758812,-0.23275637934162186
2024-04-29,4070.802963921634,6324,102499.41215142506,2975.680373552941,6348,135949.86870259396,96.3858202706814,53.83651395603869,-0.014152115996298287,4129.240453800425,0.003708236965546785,4113.984823203324,0.004130905268040275,4097.060255410769,-0.0029945846001642185,4131.122340038288,-0.0038305329279668676,4201.097455351106,0.00578046482625294,4043.596965203197,-0.005176666097885141,4104.090919237193,4114.255187954966,0.007944496805748973,0.007944496805748973,0.8526056475578839,-0.917310596009458
2024-04-30,4096.478066222912,7695,103134.4605483172,2928.683245514159,13478,139955.83218310727,96.31862906831344,53.5912464365397,0.006307134619098376,4070.802963921634,-0.014152115996298287,4129.240453800425,0.003708236965546785,4113.984823203324,0.004130905268040275,4109.366099849816,-0.005266423600582604,4179.784133953387,-0.005073274691728802,3995.941305962732,-0.011785462213608766,4101.513312511813,4119.282025967975,0.007506070321281534,0.007506070321281534,0.8531171101088754,-0.4680635740032262
2024-05-01,4090.692236505143,12716,101734.35780523298,3017.0701877401325,5584,136476.44047334528,96.46636843173044,53.71773148551264,-0.001412391235650956,4096.478066222912,0.006307134619098376,4070.802963921634,-0.014152115996298287,4129.240453800425,0.003708236965546785,4097.060255410769,-0.0029945846001642185,4229.482093785073,0.01189007810905296,3984.210264525107,-0.002935739176178509,4100.239708730687,4124.606124566976,0.007468783211608987,0.007468783211608987,0.8487655122028603,-0.20295676150931652
2024-05-02,4130.594636279985,13713,103296.78789359904,3106.0423974842847,18732,132144.08869271018,96.41211264971926,53.6895269332871,0.009754437016491924,4090.692236505143,-0.001412391235650956,4096.478066222912,0.006307134619098376,4070.802963921634,-0.014152115996298287,4113.984823203324,0.004130905268040275,4179.8178397660895,-0.011742396094302276,4029.013920225098,0.01124530401894619,4103.5616713460195,4129.6851603697205,0.007371590743427998,0.007371590743427998,0.844513190318768,-0.8522873745613366
2024-05-03,4124.422252899121,6233,109677.14259343292,3196.396097320204,15321,130017.02661119535,96.45833389862032,53.49057480809607,-0.0014943086708751885,4130.594636279985,0.009754437016491924,4090.692236505143,-0.001412391235650956,4096.478066222912,0.006307134619098376,4129.240453800425,0.003708236965546785,4147.007589161098,-0.007849684331417639,4046.462933967943,0.004330839775770867,4102.5980311657595,4133.583126316279,0.007359424580866257,0.007359424580866257,0.8648909577412327,-1.360463683383533
2024-05-06,4047.838483876885,17483,114522.01517423669,3209.0645890321302,19163,133397.59352684428,96.27121208701422,53.29190136229869,-0.018568362870315713,4124.422252899121,-0.0014943086708751885,4130.594636279985,0.009754437016491924,4090.692236505143,-0.001412391235650956,4070.802963921634,-0.014152115996298287,4131.122340038288,-0.0038305329279668676,4068.660238107122,0.005485606689448197,4098.005135156809,4132.542038604768,0.008466611959677213,0.008466611959677213,0.8866250517152315,-1.1404249487734734
2024-05-07,4067.7682328611386,19884,110644.6362372187,3144.079205196622,10947,140148.50581318082,96.45744384315373,52.92878174396385,0.004923553413417103,4047.838483876885,-0.018568362870315713,4124.422252899121,-0.0014943086708751885,4130.594636279985,0.009754437016491924,4096.478066222912,0.006307134619098376,4109.366099849816,-0.005266423600582604,4109.6194577249935,0.010067004178487826,4092.263168484454,4130.449477361575,0.008211909391933753,0.008211909391933753,0.9117822554194096,0.06632159199352644
2024-05-08,4088.2275240041577,8672,113040.61056537068,3242.656652348109,8458,133076.14454125802,96.51770908778435,53.22243414633502,0.005029610826334796,4067.7682328611386,0.004923553413417103,4047.838483876885,-0.018568362870315713,4124.422252899121,-0.0014943086708751885,4090.692236505143,-0.001412391235650956,4097.060255410769,-0.0029945846001642185,4127.193450362793,0.004276306557962295,4091.7702259842576,4128.501181043643,0.008236561365081345,0.008236561365081345,0.940955440075569,-0.7147115178987209
2024-05-09,4098.162180256646,16548,114146.40731555044,3198.5949554645704,10375,135487.4291838962,96.49945910351931,53.24601944719456,0.0024300644213552935,4088.2275240041577,0.005029610826334796,4067.7682328611386,0.004923553413417103,4047.838483876885,-0.018568362870315713,4130.594636279985,0.009754437016491924,4113.984823203324,0.004130905268040275,4158.2834129509365,0.00753295501217921,4085.2837347795894,4125.495119408929,0.008053525892084277,0.008053525892084277,0.9694882292537916,-0.553685593298604
2024-05-10,4124.16666089577,12215,113021.26749138748,3291.8134724257334,15986,129282.61597382046,96.55701375451932,52.98717944132257,0.006345400571115434,4098.162180256646,0.0024300644213552935,4088.2275240041577,0.005029610826334796,4067.7682328611386,0.004923553413417103,4124.422252899121,-0.0014943086708751885,4129.240453800425,0.003708236965546785,4176.952727031578,0.00448966850659982,4085.23261637892,4122.855816102137,0.008126784760982317,0.008126784760982317,0.9964248149043213,-0.23420830928744432
2024-05-13,4099.5458860011495,18796,110508.70013391656,3206.683631937616,11104,133982.1660175796,96.41603181162452,53.22974376620317,-0.005969878746188484,4124.16666089577,0.006345400571115434,4098.162180256646,0.0024300644213552935,4088.2275240041577,0.005029610826334796,4047.838483876885,-0.018568362870315713,4070.802963921634,-0.014152115996298287,4201.097455351106,0.00578046482625294,4095.5740968037726,4117.77823763464,0.008065425864615276,0.008065425864615276,1.0342540974073453,0.1274650292947141
2024-05-14,4091.379908788316,19400,111094.03030619472,3106.690786372019,5387,142623.63102898624,96.5342848857998,53.06160912326486,-0.0019919223835787037,4099.5458860011495,-0.005969878746188484,4124.16666089577,0.006345400571115434,4098.162180256646,0.0024300644213552935,4067.7682328611386,0.004923553413417103,4096.478066222912,0.006307134619098376,4179.784133953387,-0.005073274691728802,4100.296431989208,4113.358026376387,0.00801666013422846,0.00801666013422846,1.0634644643655935,-0.2144747449733469
2024-05-15,4049.043181979469,13876,112950.58810671276,3079.141181572196,14507,143451.45006146177,96.50188640825016,52.6396589351612,-0.010347786749870691,4091.379908788316,-0.0019919223835787037,4099.5458860011495,-0.005969878746188484,4124.16666089577,0.006345400571115434,4088.2275240041577,0.005029610826334796,4090.692236505143,-0.001412391235650956,4229.482093785073,0.01189007810905296,4092.4595635842697,4104.336080786107,0.0076636390771161874,0.0076636390771161874,1.0900392924653834,-0.4995414018776574
2024-05-16,4007.278849418687,10925,114750.4974500177,2950.3394548779893,18427,153167.00933079197,96.48147945674532,52.946025621926935,-0.010314617721701946,4049.043181979469,-0.010347786749870691,4091.379908788316,-0.0019919223835787037,4099.5458860011495,-0.005969878746188484,4098.162180256646,0.0024300644213552935,4130.594636279985,0.009754437016491924,4179.8178397660895,-0.011742396094302276,4074.282897416678,4095.709131268736,0.007575721705341271,0.007575721705341271,1.0459180519784235,-0.6213264730701444
2024-05-17,4025.798845832567,16635,113333.74397762076,2840.3735831122667,14789,160038.18741099036,96.43231389524875,52.78489652505709,0.004621589140612725,4007.278849418687,-0.010314617721701946,4049.043181979469,-0.010347786749870691,4091.379908788316,-0.0019919223835787037,4124.16666089577,0.006345400571115434,4124.422252899121,-0.0014943086708751885,4147.007589161098,-0.007849684331417639,4054.6093344040373,4089.6486941023104,0.007588908885381759,0.007588908885381759,0.9989184838461371,-0.09258952872012026
2024-05-20,4006.778674981416,10865,116573.26286307738,2871.5094520772464,6063,156283.54840415,96.37424875497422,52.662226797994464,-0.004724570595682098,4025.798845832567,0.004621589140612725,4007.278849418687,-0.010314617721701946,4049.043181979469,-0.010347786749870691,4099.5458860011495,-0.005969878746188484,4047.838483876885,-0.018568362870315713,4131.122340038288,-0.0038305329279668676,4036.0558922000914,4083.4315108494666,0.00760625403756408,0.00760625403756408,0.9441473478295868,-0.7482762060580919
2024-05-21,4022.632824190864,17306,115272.07139166794,2772.810860040634,11851,165809.16065159923,96.44371581613706,52.674580804099215,0.003956831783208381,4006.778674981416,-0.004724570595682098,4025.798845832567,0.004621589140612725,4007.278849418687,-0.010314617721701946,4091.379908788316,-0.0019919223835787037,4067.7682328611386,0.004923553413417103,4109.366099849816,-0.005266423600582604,4022.306475280601,4079.0948470665185,0.007645334557898304,0.007645334557898304,0.8750618134523678,-0.09220833520594748
2024-05-22,4055.417908767992,9635,114854.70864036356,2656.1189115334864,18985,171498.57668606192,96.46930650114749,53.01735757093625,0.008150155882975074,4022.632824190864,0.003956831783208381,4006.778674981416,-0.004724570595682098,4025.798845832567,0.004621589140612725,4049.043181979469,-0.010347786749870691,4088.2275240041577,0.005029610826334796,4097.060255410769,-0.0029945846001642185,4023.581420638305,4077.01272973438,0.007897229647577955,0.007897229647577955,0.7991801527473278,-0.2025002004636346
2024-05-23,4043.537619117378,14331,111970.42936270672,2710.0722698568925,15651,170202.55091791038,96.53448131528778,53.02336875819614,-0.0029294859168342846,4055.417908767992,0.008150155882975074,4022.632824190864,0.003956831783208381,4006.778674981416,-0.004724570595682098,4007.278849418687,-0.010314617721701946,4098.162180256646,0.0024300644213552935,4113.984823203324,0.004130905268040275,4030.833174578044,4073.490369530083,0.00783780591696293,0.00783780591696293,0.7159142264848534,0.4442966763536417
2024-05-24,4068.048186737552,16768,109157.20302633011,2726.9346737908263,13447,166250.2910169503,96.53360184633922,52.66363362035257,0.006061664297196234,4043.537619117378,-0.0029294859168342846,4055.417908767992,0.008150155882975074,4022.632824190864,0.003956831783208381,4025.798845832567,0.004621589140612725,4124.16666089577,0.006345400571115434,4129.240453800425,0.003708236965546785,4039.2830427590407,4070.430756176939,0.00792674951074031,0.00792674951074031,0.6223515036273075,0.9119706066669927
2024-05-27,4068.69683643256,14484,109519.96581658146,2693.221789329043,16837,169836.4197924446,96.58492182744696,52.82679672158623,0.00015944985536853196,4068.048186737552,0.006061664297196234,4043.537619117378,-0.0029294859168342846,4055.417908767992,0.008150155882975074,4006.778674981416,-0.004724570595682098,4099.5458860011495,-0.005969878746188484,4070.802963921634,-0.014152115996298287,4051.6666750492686,4070.3254498024858,0.0072686678214452525,0.0072686678214452525,0.524348427908174,0.1240004684724413
2024-05-28,4089.661946871514,12766,107107.75851477851,2615.234125577628,10455,176240.46044957385,96.54303695305444,52.68129980430771,0.005152782643136566,4068.69683643256,0.00015944985536853196,4068.048186737552,0.006061664297196234,4043.537619117378,-0.0029294859168342846,4022.632824190864,0.003956831783208381,4091.379908788316,-0.0019919223835787037,4096.478066222912,0.006307134619098376,4065.072499585399,4069.984643834915,0.007220366483129063,0.007220366483129063,0.4234938183974411,0.8714540377233856
2024-05-29,4096.396383843313,7587,107285.50401077927,2571.2254032089786,12765,180146.6466056624,96.7660101371954,53.24767699576656,0.001646697712252454,4089.661946871514,0.005152782643136566,4068.69683643256,0.00015944985536853196,4068.048186737552,0.006061664297196234,4055.417908767992,0.008150155882975074,4049.043181979469,-0.010347786749870691,4090.692236505143,-0.001412391235650956,4073.268194600463,4070.2698512018237,0.007222575170538094,0.007222575170538094,0.3562373516000395,0.649221041257613
2024-05-30,4069.584403876005,10571,108924.38725286942,2605.3730414882853,13965,177284.91878890237,96.60921709555234,53.24734107916719,-0.006545260139633302,4096.396383843313,0.001646697712252454,4089.661946871514,0.005152782643136566,4068.69683643256,0.00015944985536853196,4043.537619117378,-0.0029294859168342846,4007.278849418687,-0.010314617721701946,4130.594636279985,0.009754437016491924,4078.4775515521883,4067.219339581625,0.006991108639960319,0.006991108639960319,0.30951129921548637,0.335879630370935
2024-05-31,4043.124798347738,5398,111017.65251590752,2599.842564327603,17126,176366.14399471163,96.73531082790863,52.57683042979758,-0.006501795491221762,4069.584403876005,-0.006545260139633302,4096.396383843313,0.001646697712252454,4089.661946871514,0.005152782643136566,4068.048186737552,0.006061664297196234,4025.798845832567,0.004621589140612725,4124.422252899121,-0.0014943086708751885,4073.492873874226,4063.1544668540564,0.007108956753586221,0.007108956753586221,0.28599972070531876,-0.6913033938448157
2024-06-03,4076.454718448572,18853,109100.55715593116,2680.242449032232,10108,169667.19739289372,96.87210157298074,52.68403992144428,0.008243604084260392,4043.124798347738,-0.006501795491221762,4069.584403876005,-0.006545260139633302,4096.396383843313,0.001646697712252454,4068.69683643256,0.00015944985536853196,4006.778674981416,-0.004724570595682098,4047.838483876885,-0.018568362870315713,4075.0444502774285,4064.58527858264,0.006067578550469978,0.006067578550469978,0.2881192468512331,0.07000348116063948
2024-06-04,4071.343740635634,14551,111043.97640862274,2744.850854168869,7904,167642.4353945538,96.78688569238416,53.26741925912235,-0.0012537801020596762,4076.454718448572,0.008243604084260392,4043.124798347738,-0.006501795491221762,4069.584403876005,-0.006545260139633302,4089.661946871514,0.005152782643136566,4022.632824190864,0.003956831783208381,4067.7682328611386,0.004923553413417103,4071.380809030252,4064.7640539713657,0.005980169436336499,0.005980169436336499,0.3237927036781806,-0.7360227835412969
2024-06-05,4105.734359029297,19043,107018.87542526692,2797.619415009579,9902,165821.94706355562,97.00981305343976,53.74019534568597,0.008446994551310816,4071.343740635634,-0.0012537801020596762,4076.454718448572,0.008243604084260392,4043.124798347738,-0.006501795491221762,4096.396383843313,0.001646697712252454,4055.417908767992,0.008150155882975074,4088.2275240041577,0.005029610826334796,4073.248404067449,4065.639395722622,0.006175249471944978,0.006175249471944978,0.35973027451403544,0.911858923832189
2024-06-06,4193.978251403436,16997,102353.9078254163,2847.865143746232,14404,166830.32429148408,97.1093620817343,54.28948163231294,0.021492840173664485,4105.734359029297,0.008446994551310816,4071.343740635634,-0.0012537801020596762,4076.454718448572,0.008243604084260392,4069.584403876005,-0.006545260139633302,4043.537619117378,-0.0029294859168342846,4098.162180256646,0.0024300644213552935,4098.127173572936,4070.4301992799615,0.0077919328906049905,0.0077919328906049905,0.3569118189671809,1.5463761794281878
2024-06-07,4163.479078002971,15571,107349.00855382196,2825.536798179868,15825,170806.1500176961,97.2064759824166,53.9835535766985,-0.007272134372718564,4193.978251403436,0.021492840173664485,4105.734359029297,0.008446994551310816,4071.343740635634,-0.0012537801020596762,4043.124798347738,-0.006501795491221762,4068.048186737552,0.006061664297196234,4124.16666089577,0.006345400571115434,4122.198029503982,4072.395820135322,0.007911318306791398,0.007911318306791398,0.3668311022361265,-0.14673715278206298
2024-06-10,4156.5713046368855,14285,107277.1810402177,2929.503646254919,8778,164775.59393959958,97.2092782011192,54.25719929549153,-0.001659134881349833,4163.479078002971,-0.007272134372718564,4193.978251403436,0.021492840173664485,4105.734359029297,0.008446994551310816,4076.454718448572,0.008243604084260392,4068.69683643256,0.00015944985536853196,4099.5458860011495,-0.005969878746188484,4138.221346741644,4075.247091067108,0.00778334428378247,0.00778334428378247,0.3803818975321807,0.40355396842242214
2024-06-11,4198.770150935118,7748,108755.86785306144,2934.6075103398016,9719,165036.27833472707,97.18755558529732,54.04060093357052,0.010152321037090628,4156.5713046368855,-0.001659134881349833,4163.479078002971,-0.007272134372718564,4193.978251403436,0.021492840173664485,4071.343740635634,-0.0012537801020596762,4089.661946871514,0.005152782643136566,4091.379908788316,-0.0019919223835787037,4163.706628801542,4080.6166031744483,0.008030462098495728,0.008030462098495728,0.4215682175976227,0.02499959399249862
2024-06-12,4223.905435644637,14617,108677.96351263794,2965.757959786232,17690,162794.07437063582,97.16661470259336,54.1078877533956,0.005986344526127674,4198.770150935118,0.010152321037090628,4156.5713046368855,-0.001659134881349833,4163.479078002971,-0.007272134372718564,4105.734359029297,0.008446994551310816,4096.396383843313,0.001646697712252454,4049.043181979469,-0.010347786749870691,4187.340844124609,4089.3597158577068,0.0075996977068330885,0.0075996977068330885,0.4712555144135837,0.15318201354882585
2024-06-13,4260.542069415223,14045,106885.405201155,2862.5351869462315,18467,172703.17509879335,97.2056677622253,53.72600202477368,0.008673639675125466,4223.905435644637,0.005986344526127674,4198.770150935118,0.010152321037090628,4156.5713046368855,-0.001659134881349833,4193.978251403436,0.021492840173664485,4069.584403876005,-0.006545260139633302,4007.278849418687,-0.010314617721701946,4200.653607726967,4102.022876857534,0.007133177072583064,0.007133177072583064,0.5267348639565945,0.5359805925308038
2024-06-14,4253.298679605069,11741,107844.2099474178,2918.775885944237,6181,168220.10736090512,97.3457863897287,53.53266529530886,-0.0017001099137480269,4260.542069415223,0.008673639675125466,4223.905435644637,0.005986344526127674,4198.770150935118,0.010152321037090628,4163.479078002971,-0.007272134372718564,4043.124798347738,-0.006501795491221762,4025.798845832567,0.004621589140612725,4218.617528047386,4113.397868546159,0.00720160955691605,0.00720160955691605,0.5827494282219317,0.053457523022168024
2024-06-17,4302.444239802313,8804,109167.00658619708,2929.322974755862,5375,167080.3563083672,97.36391781151484,53.32979128609978,0.01155469293348732,4253.298679605069,-0.0017001099137480269,4260.542069415223,0.008673639675125466,4223.905435644637,0.005986344526127674,4156.5713046368855,-0.001659134881349833,4076.454718448572,0.008243604084260392,4006.778674981416,-0.004724570595682098,4247.792115080472,4128.181146787204,0.007229067164579101,0.007229067164579101,0.6635089388083278,-0.34036396971642496
2024-06-18,4347.080191068544,6270,106878.02291100478,2850.935791429063,17504,171321.1464434712,97.27277344920113,53.59935787014257,0.010374556595829754,4302.444239802313,0.01155469293348732,4253.298679605069,-0.0017001099137480269,4260.542069415223,0.008673639675125466,4198.770150935118,0.010152321037090628,4071.343740635634,-0.0012537801020596762,4022.632824190864,0.003956831783208381,4277.454123107157,4144.403515131087,0.007386882540679799,0.007386882540679799,0.7388416776823913,0.5112936619718245
2024-06-19,4349.728251363431,16083,104966.07149416444,2885.859478552771,9302,170066.16405484182,97.3552161554396,53.83957360664346,0.0006091583726308691,4347.080191068544,0.010374556595829754,4302.444239802313,0.01155469293348732,4253.298679605069,-0.0017001099137480269,4223.905435644637,0.005986344526127674,4105.734359029297,0.008446994551310816,4055.417908767992,0.008150155882975074,4302.618686250916,4159.119032260859,0.0073515254880296066,0.0073515254880296066,0.8213629782346443,0.863921195395916
2024-06-20,4421.2758012235245,14178,103139.21577642484,2966.530619996909,15424,171024.47747075302,97.44733123007909,53.92261952544271,0.016448740179956456,4349.728251363431,0.0006091583726308691,4347.080191068544,0.010374556595829754,4302.444239802313,0.01155469293348732,4260.542069415223,0.008673639675125466,4193.978251403436,0.021492840173664485,4043.537619117378,-0.0029294859168342846,4334.765432612576,4178.005941366167,0.007722374921961962,0.007722374921961962,0.9134647029843327,1.1294055002961483
2024-06-21,4430.815198344375,14008,104626.1766361012,3052.8146741320843,9352,164681.0968124804,97.51279718292386,53.517493100026094,0.0021576118635735497,4421.2758012235245,0.016448740179956456,4349.728251363431,0.0006091583726308691,4347.080191068544,0.010374556595829754,4253.298679605069,-0.0017001099137480269,4163.479078002971,-0.007272134372718564,4068.048186737552,0.006061664297196234,4370.268736360437,4196.144291946508,0.007730255475677568,0.007730255475677568,0.9921531758484997,0.3231800473398303
2024-06-24,4421.352330874256,17544,107231.845352659,3043.40152766019,11942,162059.026519641,97.58734707357635,53.42400126984118,-0.0021356944594879135,4430.815198344375,0.0021576118635735497,4421.2758012235245,0.016448740179956456,4349.728251363431,0.0006091583726308691,4302.444239802313,0.01155469293348732,4156.5713046368855,-0.001659134881349833,4068.69683643256,0.00015944985536853196,4394.050354574826,4213.777066668592,0.0078116955070865,0.0078116955070865,1.0577015473049922,-0.29546631055610323
2024-06-25,4486.576969850827,16355,101663.0487811188,3106.2308220458003,6060,156640.75170430224,97.56025426056058,53.20016632495836,0.014752192111247897,4421.352330874256,-0.0021356944594879135,4430.815198344375,0.0021576118635735497,4421.2758012235245,0.016448740179956456,4347.080191068544,0.010374556595829754,4198.770150935118,0.010152321037090628,4089.661946871514,0.005152782643136566,4421.949710331282,4233.622817817559,0.008160835477581781,0.008160835477581781,1.1237722603436964,1.9018707255346603
2024-06-26,4463.218636184517,8105,103995.73930507264,3158.25564523063,15493,155205.2210711061,97.46735534384752,53.4610690519667,-0.005206270576270988,4486.576969850827,0.014752192111247897,4421.352330874256,-0.0021356944594879135,4430.815198344375,0.0021576118635735497,4349.728251363431,0.0006091583726308691,4223.905435644637,0.005986344526127674,4096.396383843313,0.001646697712252454,4444.6477872955,4251.963930434618,0.008433912344553648,0.008433912344553648,1.1920904579488636,0.5873607281218383
2024-06-27,4422.544131507112,13860,106423.55266231918,3256.082751138896,12604,148463.5143374164,97.38053600078344,53.81452450781186,-0.009113267350975285,4463.218636184517,-0.005206270576270988,4486.576969850827,0.014752192111247897,4421.352330874256,-0.0021356944594879135,4421.2758012235245,0.016448740179956456,4260.542069415223,0.008673639675125466,4069.584403876005,-0.006545260139633302,4444.901453352218,4269.611916816174,0.008625579605712386,0.008625579605712386,1.2268178880466853,0.12669329763966347
2024-06-28,4448.217466506522,6372,105210.12075889364,3202.9815323749435,17928,150997.00553730945,97.21698967593768,54.13144018362112,0.005805105440668923,4422.544131507112,-0.009113267350975285,4463.218636184517,-0.005206270576270988,4486.576969850827,0.014752192111247897,4430.815198344375,0.0021576118635735497,4253.298679605069,-0.0017001099137480269,4043.124798347738,-0.006501795491221762,4448.381906984647,4289.866550224113,0.008252669847086362,0.008252669847086362,1.2714277833975574,0.6267724815494553
2024-07-01,4420.892742903984,15515,105946.48200030084,3222.13372562732,9625,151407.53111837318,97.24068453709226,53.90487435779602,-0.006142847962871345,4448.217466506522,0.005805105440668923,4422.544131507112,-0.009113267350975285,4463.218636184517,-0.005206270576270988,4421.352330874256,-0.0021356944594879135,4302.444239802313,0.01155469293348732,4076.454718448572,0.008243604084260392,4448.289989390592,4307.0884514468835,0.008559629329287981,0.008559629329287981,1.299094912539442,0.20993748696537
2024-07-02,4444.124684578819,10786,106280.47172567548,3219.2566570654267,18005,151613.03176419693,97.2323396587696,53.08301442110917,0.005255034000117842,4420.892742903984,-0.006142847962871345,4448.217466506522,0.005805105440668923,4422.544131507112,-0.009113267350975285,4486.576969850827,0.014752192111247897,4347.080191068544,0.010374556595829754,4071.343740635634,-0.0012537801020596762,4439.799532336191,4325.7274986440425,0.008468671812074786,0.008468671812074786,1.3178861966910316,0.07440308375735646
2024-07-03,4471.766803986421,19526,105343.41852587929,3102.407606102572,18160,157314.0069858395,97.18834088831665,52.55292585167015,0.006219924365200802,4444.124684578819,0.005255034000117842,4420.892742903984,-0.006142847962871345,4448.217466506522,0.005805105440668923,4463.218636184517,-0.005206270576270988,4349.728251363431,0.0006091583726308691,4105.734359029297,0.008446994551310816,4441.509165896571,4344.029120891899,0.008427531508620764,0.008427531508620764,1.3302293304443966,0.25734117316770677
2024-07-04,4451.785318598247,5739,106595.49825139168,3069.013022645109,12806,160474.34524229623,96.89277900588212,52.97941394509482,-0.004468364801662239,4471.766803986421,0.006219924365200802,4444.124684578819,0.005255034000117842,4420.892742903984,-0.006142847962871345,4422.544131507112,-0.009113267350975285,4421.2758012235245,0.016448740179956456,4193.978251403436,0.021492840173664485,4447.357403314798,4356.919474251639,0.0076008647822686974,0.0076008647822686974,1.3293049668093453,-0.555220167972874
2024-07-05,4457.260981800002,12383,110793.95816152164,3050.519891952098,17118,159771.0257733845,96.7680472589127,52.85903746329888,0.0012299926456200705,4451.785318598247,-0.004468364801662239,4471.766803986421,0.006219924365200802,4444.124684578819,0.005255034000117842,4448.217466506522,0.005805105440668923,4430.815198344375,0.0021576118635735497,4163.479078002971,-0.007272134372718564,4449.166106373495,4371.608569441491,0.0072236592357603005,0.0072236592357603005,1.3206916303025362,-1.9345700172617124
2024-07-08,4460.39735049999,12441,111163.49212866492,2904.061611363042,6888,169225.4551188726,96.88013132405302,52.63382007781934,0.0007036538162774608,4457.260981800002,0.0012299926456200705,4451.785318598247,-0.004468364801662239,4471.766803986421,0.006219924365200802,4420.892742903984,-0.006142847962871345,4421.352330874256,-0.0021356944594879135,4156.5713046368855,-0.001659134881349833,4457.067027892696,4386.799871734647,0.007154875350240359,0.007154875350240359,1.3101323640923785,-1.30052584432306
2024-07-09,4460.6636202172185,18912,109221.604822329,2919.5567962167383,6981,171853.7406146754,96.8136687240467,53.1266181658502,5.969641184511154e-05,4460.39735049999,0.0007036538162774608,4457.260981800002,0.0012299926456200705,4451.785318598247,-0.004468364801662239,4444.124684578819,0.005255034000117842,4486.576969850827,0.014752192111247897,4198.770150935118,0.010152321037090628,4460.3748150203755,4399.894545198751,0.007019930154114506,0.007019930154114506,1.3005410268220805,-0.5380566172610478
2024-07-10,4498.177330811704,6577,106103.13441496465,2853.9550909003237,13636,171820.40016965082,96.8497278918124,53.50616614949671,0.008409894533284445,4460.6636202172185,5.969641184511154e-05,4460.39735049999,0.0007036538162774608,4457.260981800002,0.0012299926456200705,4471.766803986421,0.006219924365200802,4463.218636184517,-0.005206270576270988,4223.905435644637,0.005986344526127674,4465.656920385432,4413.608139957105,0.007093756258311348,0.007093756258311348,1.31537577527626,0.3258136583352508
2024-07-11,4550.582570774125,10420,102686.14292988271,2893.957538620696,18574,172158.38515703217,96.71065934881489,53.51350076607264,0.01165032770127894,4498.177330811704,0.008409894533284445,4460.6636202172185,5.969641184511154e-05,4460.39735049999,0.0007036538162774608,4451.785318598247,-0.004468364801662239,4422.544131507112,-0.009113267350975285,4260.542069415223,0.008673639675125466,4485.416370820609,4428.11016502505,0.0072448277597461875,0.0072448277597461875,1.2968835552462006,1.0664730571225873
2024-07-12,4522.326137518783,9496,101168.87895907916,2807.976318504291,19808,174330.5260202885,96.8545298970508,53.425479838753446,-0.006209410073518384,4550.582570774125,0.01165032770127894,4498.177330811704,0.008409894533284445,4460.6636202172185,5.969641184511154e-05,4457.260981800002,0.0012299926456200705,4448.217466506522,0.005805105440668923,4253.298679605069,-0.0017001099137480269,4498.429401964365,4441.561537920736,0.007475867809892759,0.007475867809892759,1.2845924064167844,0.9813440749678841
2024-07-15,4528.5735332444765,8095,103554.27061051832,2848.82022668362,11137,171807.05374565438,96.84012713104532,53.38584947490951,0.0013814562540863662,4522.326137518783,-0.006209410073518384,4550.582570774125,0.01165032770127894,4498.177330811704,0.008409894533284445,4460.39735049999,0.0007036538162774608,4420.892742903984,-0.006142847962871345,4302.444239802313,0.01155469293348732,4512.064638513261,4452.868002592843,0.007211592111678406,0.007211592111678406,1.265447766035649,0.08281242377681347
2024-07-16,4478.766241331606,12354,109940.47704172193,2918.182417446102,17142,162650.8600199789,96.86913117069368,53.45399831442575,-0.010998450515870672,4528.5735332444765,0.0013814562540863662,4522.326137518783,-0.006209410073518384,4550.582570774125,0.01165032770127894,4460.6636202172185,5.969641184511154e-05,4444.124684578819,0.005255034000117842,4347.080191068544,0.010374556595829754,4515.685162736139,4459.452305105997,0.007571765371108878,0.007571765371108878,1.2310206197032723,-1.0368881792973954
2024-07-17,4456.999730055045,19949,110045.99415297572,2944.2144834502487,14591,160308.2106897729,97.10170914988184,53.93401249882163,-0.004859934656935572,4478.766241331606,-0.010998450515870672,4528.5735332444765,0.0013814562540863662,4522.326137518783,-0.006209410073518384,4498.177330811704,0.008409894533284445,4471.766803986421,0.006219924365200802,4349.728251363431,0.0006091583726308691,4507.449642584807,4464.815879040578,0.007704011291309404,0.007704011291309404,1.1883821980432239,-0.3791672560059344
2024-07-18,4458.36792979831,18212,112197.7959147252,2933.1744754655406,13372,159610.73565371093,97.2533531599408,54.0607527260928,0.0003069777487394454,4456.999730055045,-0.004859934656935572,4478.766241331606,-0.010998450515870672,4528.5735332444765,0.0013814562540863662,4550.582570774125,0.01165032770127894,4451.785318598247,-0.004468364801662239,4421.2758012235245,0.016448740179956456,4489.006714389643,4466.670485469317,0.006822740365435314,0.006822740365435314,1.1566668315630644,-0.8386410166639635
2024-07-19,4416.28705167412,15009,112954.42227263316,3039.3449680419767,17094,151148.03030515864,97.22269659781207,54.278561436004544,-0.009438628392002935,4458.36792979831,0.0003069777487394454,4456.999730055045,-0.004859934656935572,4478.766241331606,-0.010998450515870672,4522.326137518783,-0.006209410073518384,4457.260981800002,0.0012299926456200705,4430.815198344375,0.0021576118635735497,4467.798897220711,4465.944078135804,0.0071537868234965865,0.0071537868234965865,1.1173637021229659,-0.7021539656388969
2024-07-22,4302.725011572806,17437,117087.93011158222,3096.687117534225,11404,145785.7704558877,97.16337457932504,54.6293424687256,-0.025714370187568725,4416.28705167412,-0.009438628392002935,4458.36792979831,0.0003069777487394454,4456.999730055045,-0.004859934656935572,4528.5735332444765,0.0013814562540863662,4460.39735049999,0.0007036538162774608,4421.352330874256,-0.0021356944594879135,4422.6291928863775,4460.012712170732,0.009161210669340588,0.009161210669340588,1.040698382174259,-1.2963197218010967
2024-07-23,4354.864446968276,6112,111478.71342540158,3074.035216035837,15548,150425.05246766514,97.13082007817307,54.27843966841827,0.012117770774389136,4302.725011572806,-0.025714370187568725,4416.28705167412,-0.009438628392002935,4458.36792979831,0.0003069777487394454,4478.766241331606,-0.010998450515870672,4460.6636202172185,5.969641184511154e-05,4486.576969850827,0.014752192111247897,4397.848834013711,4453.427086026604,0.00893410124444333,0.00893410124444333,1.0179919052735702,0.430278028549155
2024-07-24,4260.731225184203,10496,116060.47991610612,3125.79663299544,18205,149146.21643202286,97.18180990302076,54.504898236160486,-0.021615649104670842,4354.864446968276,0.012117770774389136,4302.725011572806,-0.025714370187568725,4416.28705167412,-0.009438628392002935,4456.999730055045,-0.004859934656935572,4498.177330811704,0.008409894533284445,4463.218636184517,-0.005206270576270988,4358.595133039543,4443.302715476589,0.009988431121530188,0.009988431121530188,1.00767379869643,-0.9715886862914049
2024-07-25,4262.108571401407,18218,118796.55939420738,3123.055154196952,15845,146357.56851923655,97.17128748959566,54.416527609762,0.00032326522007841696,4260.731225184203,-0.021615649104670842,4354.864446968276,0.012117770774389136,4302.725011572806,-0.025714370187568725,4458.36792979831,0.0003069777487394454,4550.582570774125,0.01165032770127894,4422.544131507112,-0.009113267350975285,4319.343261360162,4435.280937471303,0.009870393207322881,0.009870393207322881,1.0222304622674812,-0.9201414293799433
2024-07-26,4238.461857465628,19124,122739.84021980644,2956.3806757839216,8383,153662.72408763575,97.13176307509532,53.66169905103017,-0.005548125661192116,4262.108571401407,0.00032326522007841696,4260.731225184203,-0.021615649104670842,4354.864446968276,0.012117770774389136,4416.28705167412,-0.009438628392002935,4522.326137518783,-0.006209410073518384,4448.217466506522,0.005805105440668923,4283.778222518465,4424.793157019259,0.009735588909018027,0.009735588909018027,1.0531492826724111,-1.1335793935979952
2024-07-29,4103.003651037717,15801,130454.08498994852,3062.523024474709,12968,146236.13445376154,97.2784812001662,53.02324818843443,-0.03195928404765869,4238.461857465628,-0.005548125661192116,4262.108571401407,0.00032326522007841696,4260.731225184203,-0.021615649104670842,4302.725011572806,-0.025714370187568725,4528.5735332444765,0.0013814562540863662,4420.892742903984,-0.006142847962871345,4243.8339504114465,4408.898702425945,0.011762965246253273,0.011762965246253273,1.0832408238414026,-1.4619079223118074
2024-07-30,4240.065055129035,16087,123423.96110235034,2935.038696491594,13090,151889.8559765982,97.26706021098845,52.71781290497883,0.03340513822273894,4103.003651037717,-0.03195928404765869,4238.461857465628,-0.005548125661192116,4262.108571401407,0.00032326522007841696,4354.864446968276,0.012117770774389136,4478.766241331606,-0.010998450515870672,4444.124684578819,0.005255034000117842,4220.874072043598,4398.695720953457,0.01429680869462955,0.01429680869462955,1.1321801443770703,0.3977546138616481
2024-07-31,4183.327772041924,5239,128771.6971661376,2849.5806859483923,17958,161705.906496796,97.49701912029217,52.8771798735566,-0.013381229379600734,4240.065055129035,0.03340513822273894,4103.003651037717,-0.03195928404765869,4238.461857465628,-0.005548125661192116,4260.731225184203,-0.021615649104670842,4456.999730055045,-0.004859934656935572,4471.766803986421,0.006219924365200802,4205.393381415141,4384.273769356231,0.014357324098885023,0.014357324098885023,1.1820100803635603,-0.7927545576228054
2024-08-01,4179.535608627809,13289,132643.9842645178,2856.44612370632,13263,164041.37878664662,97.50609337666738,52.911319743158685,-0.0009064944514887152,4183.327772041924,-0.013381229379600734,4240.065055129035,0.03340513822273894,4103.003651037717,-0.03195928404765869,4262.108571401407,0.00032326522007841696,4458.36792979831,0.0003069777487394454,4451.785318598247,-0.004468364801662239,4188.878788860423,4370.661283857709,0.014363248081035564,0.014363248081035564,1.2320341728690236,-0.7766442303595413
2024-08-02,4192.4368700230525,12490,130659.73323668395,2912.6316022295414,18390,161311.89650047536,97.68462521608986,52.96662975531139,0.0030867691062641534,4179.535608627809,-0.0009064944514887152,4183.327772041924,-0.013381229379600734,4240.065055129035,0.03340513822273894,4238.461857465628,-0.005548125661192116,4416.28705167412,-0.009438628392002935,4457.260981800002,0.0012299926456200705,4179.673791371907,4357.420078268862,0.01439834107655449,0.01439834107655449,1.288895210031353,-0.1981161538917383
2024-08-05,4279.121562424722,5502,127247.70374090226,2985.413207517987,8302,152825.3590208157,97.72035715836093,53.55191280011739,0.020676445487226136,4192.4368700230525,0.0030867691062641534,4179.535608627809,-0.0009064944514887152,4183.327772041924,-0.013381229379600734,4103.003651037717,-0.03195928404765869,4302.725011572806,-0.025714370187568725,4460.39735049999,0.0007036538162774608,4214.897373649308,4348.356288865098,0.015328369217955379,0.015328369217955379,1.3119019992928294,0.10864967121074864
2024-08-06,4387.462288153212,19997,122304.34121952878,2900.984113845944,6531,157141.9909224086,97.81665321568586,53.17118591565945,0.025318450094953704,4279.121562424722,0.020676445487226136,4192.4368700230525,0.0030867691062641534,4179.535608627809,-0.0009064944514887152,4240.065055129035,0.03340513822273894,4354.864446968276,0.012117770774389136,4460.6636202172185,5.969641184511154e-05,4244.376820254144,4344.696222261899,0.0164994234897296,0.0164994234897296,1.2654761553881826,0.4739864391724456
2024-08-07,4478.715946753297,9345,117129.60219487328,2934.3033607998877,17391,156853.7071172953,97.74419211053409,53.16295590940433,0.020798733437888073,4387.462288153212,0.025318450094953704,4279.121562424722,0.020676445487226136,4192.4368700230525,0.0030867691062641534,4183.327772041924,-0.013381229379600734,4260.731225184203,-0.021615649104670842,4498.177330811704,0.008409894533284445,4303.454455196419,4343.723153058978,0.017081636923764815,0.017081636923764815,1.17440711005058,0.7510728980206682
2024-08-08,4508.518255419553,11117,113769.50412342385,2938.263069739516,6096,154739.13966622617,97.65881618827537,53.25428656624848,0.006654208264281536,4478.715946753297,0.020798733437888073,4387.462288153212,0.025318450094953704,4279.121562424722,0.020676445487226136,4179.535608627809,-0.0009064944514887152,4262.108571401407,0.00032326522007841696,4550.582570774125,0.01165032770127894,4369.2509845547675,4341.619937291249,0.01693700690965419,0.01693700690965419,1.1157357219084905,0.8095633536720991
2024-08-09,4493.052399364309,5870,113148.24252115676,2870.107154428695,16323,160887.62402522023,97.70478678377684,53.03340463128698,-0.0034303634096750635,4508.518255419553,0.006654208264281536,4478.715946753297,0.020798733437888073,4387.462288153212,0.025318450094953704,4192.4368700230525,0.0030867691062641534,4238.461857465628,-0.005548125661192116,4522.326137518783,-0.006209410073518384,4429.374090423019,4340.156250383526,0.016897570728116814,0.016897570728116814,1.0952806621439337,0.6924375056854324
2024-08-12,4584.710138387409,19206,109656.55563321924,3037.6946141861467,19930,149300.3040307581,97.80364210802338,53.04190265481186,0.02039988205703258,4493.052399364309,-0.0034303634096750635,4508.518255419553,0.006654208264281536,4478.715946753297,0.020798733437888073,4279.121562424722,0.020676445487226136,4103.003651037717,-0.03195928404765869,4528.5735332444765,0.0013814562540863662,4490.491805615557,4342.963080640672,0.017514485800428373,0.017514485800428373,1.0741374137973694,1.1265203892319398
2024-08-13,4759.003248239069,11132,102966.50474047492,2992.1425156602195,7430,154294.56499182517,97.80766775822342,52.56191785458656,0.038016167781757426,4584.710138387409,0.02039988205703258,4493.052399364309,-0.0034303634096750635,4508.518255419553,0.006654208264281536,4387.462288153212,0.025318450094953704,4240.065055129035,0.03340513822273894,4478.766241331606,-0.010998450515870672,4564.799997632728,4356.9749309860445,0.01913642735977125,0.01913642735977125,1.0111222963204145,1.6159920177195717
2024-08-14,4707.291731278064,11578,105889.18596412058,2981.044726599084,17756,154983.51479681383,97.67902842471506,52.98488971976907,-0.010866039433812036,4759.003248239069,0.038016167781757426,4584.710138387409,0.02039988205703258,4493.052399364309,-0.0034303634096750635,4478.715946753297,0.020798733437888073,4183.327772041924,-0.013381229379600734,4456.999730055045,-0.004859934656935572,4610.515154537681,4369.489531047197,0.01931605745101432,0.01931605745101432,1.0070163827892291,0.765093833635322
2024-08-15,4643.906137355734,12987,111586.16772539764,2865.1726289042067,5979,162675.68935311795,97.54300258808613,52.78040535400994,-0.013465405915073725,4707.291731278064,-0.010866039433812036,4759.003248239069,0.038016167781757426,4584.710138387409,0.02039988205703258,4508.518255419553,0.006654208264281536,4179.535608627809,-0.0009064944514887152,4458.36792979831,0.0003069777487394454,4637.592730924917,4378.766441425068,0.019656317828389884,0.019656317828389884,1.0077553982753764,0.2926032234238894
2024-08-16,4474.593341315307,17038,117881.4386130567,2854.0870691812506,9314,160793.99784880332,97.4002889478675,53.389825403443496,-0.03645913397742251,4643.906137355734,-0.013465405915073725,4707.291731278064,-0.010866039433812036,4759.003248239069,0.038016167781757426,4493.052399364309,-0.0034303634096750635,4192.4368700230525,0.0030867691062641534,4416.28705167412,-0.009438628392002935,4633.900919315116,4381.681755907126,0.021355246710591143,0.021355246710591143,0.9420868894692332,-0.031304707603877824
2024-08-19,4446.452564906271,19090,116938.9251771118,2864.0761472040417,19835,159806.3340028883,97.22352673657356,53.38008310626826,-0.006289013159967771,4474.593341315307,-0.03645913397742251,4643.906137355734,-0.013465405915073725,4707.291731278064,-0.010866039433812036,4584.710138387409,0.02039988205703258,4279.121562424722,0.020676445487226136,4302.725011572806,-0.025714370187568725,4606.2494046188895,4388.868133573799,0.020507305028868068,0.020507305028868068,0.8777759160941156,0.4053784375322501
2024-08-20,4451.411334144413,17965,114684.26887238104,2859.0902976813213,9692,158400.63985741528,97.23447527251828,53.68849917588801,0.0011152191923240462,4446.452564906271,-0.006289013159967771,4474.593341315307,-0.03645913397742251,4643.906137355734,-0.013465405915073725,4759.003248239069,0.038016167781757426,4387.462288153212,0.025318450094953704,4354.864446968276,0.012117770774389136,4544.7310217999575,4393.695477932606,0.02036426860429332,0.02036426860429332,0.8448297818918677,0.5872202283298502
2024-08-21,4485.378841525133,7497,114302.14608907553,2837.837623024758,15767,161317.2465053135,97.34697966468909,53.67250831519067,0.00763072761220096,4451.411334144413,0.0011152191923240462,4446.452564906271,-0.006289013159967771,4474.593341315307,-0.03645913397742251,4707.291731278064,-0.010866039433812036,4478.715946753297,0.020798733437888073,4260.731225184203,-0.021615649104670842,4500.3484438493715,4404.927858749654,0.01967086911006246,0.01967086911006246,0.830758615029106,0.4158725708248846
2024-08-22,4586.802156847721,13792,109057.54494675469,2615.8954124543066,5204,174074.65917095434,97.34563808599658,53.663285165512505,0.022611984161431842,4485.378841525133,0.00763072761220096,4451.411334144413,0.0011152191923240462,4446.452564906271,-0.006289013159967771,4643.906137355734,-0.013465405915073725,4508.518255419553,0.006654208264281536,4262.108571401407,0.00032326522007841696,4488.927647747769,4421.162538021968,0.02015129809475721,0.02015129809475721,0.8226508086594024,0.9913418105522879
2024-08-23,4677.140899893384,11522,102228.2702360539,2597.216320693537,12439,177065.6036573342,97.1195966102628,53.48807636554591,0.019695365083666205,4586.802156847721,0.022611984161431842,4485.378841525133,0.00763072761220096,4451.411334144413,0.0011152191923240462,4474.593341315307,-0.03645913397742251,4493.052399364309,-0.0034303634096750635,4238.461857465628,-0.005548125661192116,4529.437159463384,4443.096490143356,0.02032017286596316,0.02032017286596316,0.8123071275578265,1.3655567218178635
2024-08-26,4724.774402441964,12703,102519.40597295626,2550.3591472611724,8738,182503.75737611987,97.10052056422934,53.52381354435579,0.010184320628370713,4677.140899893384,0.019695365083666205,4586.802156847721,0.022611984161431842,4485.378841525133,0.00763072761220096,4446.452564906271,-0.006289013159967771,4584.710138387409,0.02039988205703258,4103.003651037717,-0.03195928404765869,4585.101526970522,4474.185027713569,0.01836212691932131,0.01836212691932131,0.8073637411355733,0.5068399328812481
2024-08-27,4537.719715755232,9574,113712.92311624026,2610.3221693546566,6204,178850.91173167623,97.08424066456608,53.61921315268,-0.03959018373238199,4724.774402441964,0.010184320628370713,4677.140899893384,0.019695365083666205,4586.802156847721,0.022611984161431842,4451.411334144413,0.0011152191923240462,4759.003248239069,0.038016167781757426,4240.065055129035,0.03340513822273894,4602.363203292687,4489.067760744879,0.020063309055784448,0.020063309055784448,0.7933077593715523,-0.31483267480918287
2024-08-28,4476.051804338604,16679,117155.56200876617,2701.541238007815,17861,168608.34979419704,97.29384053958864,53.38393560000544,-0.013590066218174157,4537.719715755232,-0.03959018373238199,4724.774402441964,0.010184320628370713,4677.140899893384,0.019695365083666205,4485.378841525133,0.00763072761220096,4707.291731278064,-0.010866039433812036,4183.327772041924,-0.013381229379600734,4600.497795855381,4503.703962359714,0.020072658691031062,0.020072658691031062,0.7500263881361763,-0.16888682730478408
2024-08-29,4579.406419897997,7855,114152.9416384232,2774.701092141342,11680,160532.6627350575,97.14812674829668,53.34642227524748,0.023090576266166618,4476.051804338604,-0.013590066218174157,4537.719715755232,-0.03959018373238199,4724.774402441964,0.010184320628370713,4586.802156847721,0.022611984161431842,4643.906137355734,-0.013465405915073725,4179.535608627809,-0.0009064944514887152,4599.018648465436,4523.697502923222,0.020502993515066018,0.020502993515066018,0.7446413340680851,0.25109020638335977
2024-08-30,4600.637692436303,9941,110790.7541553928,2696.7063127202764,11804,166480.55234022156,97.10905898803676,53.16339261543035,0.004636249896068145,4579.406419897997,0.023090576266166618,4476.051804338604,-0.013590066218174157,4537.719715755232,-0.03959018373238199,4677.140899893384,0.019695365083666205,4474.593341315307,-0.03645913397742251,4192.4368700230525,0.0030867691062641534,4583.71800697402,4544.107544043884,0.02049918800303227,0.02049918800303227,0.7323915044486516,0.45948461141909314
2024-09-02,4450.129834256585,9462,114897.75584169116,2696.5140181268785,12039,166585.2801876868,97.27964425609122,53.8532918363148,-0.03271456442378873,4600.637692436303,0.004636249896068145,4579.406419897997,0.023090576266166618,4476.051804338604,-0.013590066218174157,4724.774402441964,0.010184320628370713,4446.452564906271,-0.006289013159967771,4279.121562424722,0.020676445487226136,4528.7890933369445,4552.657957635478,0.021767848154320743,0.021767848154320743,0.7175121191394076,-0.311754347352456
2024-09-03,4439.462215551119,12204,116053.304852973,2668.444793854787,6513,167777.52854148153,97.32464209022586,53.82637260534131,-0.002397147746869832,4450.129834256585,-0.03271456442378873,4600.637692436303,0.004636249896068145,4579.406419897997,0.023090576266166618,4537.719715755232,-0.03959018373238199,4451.411334144413,0.0011152191923240462,4387.462288153212,0.025318450094953704,4509.137593296122,4555.257954005373,0.021089417998073505,0.021089417998073505,0.7046875639306934,-0.38968376819956035
2024-09-04,4375.2889184217565,15772,119703.1619720743,2573.4540670160945,9468,174333.99986758773,97.3809733975775,54.28994225085028,-0.014455196150688687,4439.462215551119,-0.002397147746869832,4450.129834256585,-0.03271456442378873,4600.637692436303,0.004636249896068145,4476.051804338604,-0.013590066218174157,4485.378841525133,0.00763072761220096,4478.715946753297,0.020798733437888073,4488.985016112752,4550.086602588796,0.02080137682554001,0.02080137682554001,0.7007872359207145,-0.9308789691748643
2024-09-05,4512.279871088686,11822,113358.61854467822,2678.063054189909,9140,163857.20084798487,97.3924318412799,54.23125555160797,0.03131015007720794,4375.2889184217565,-0.014455196150688687,4439.462215551119,-0.002397147746869832,4450.129834256585,-0.03271456442378873,4579.406419897997,0.023090576266166618,4586.802156847721,0.022611984161431842,4508.518255419553,0.006654208264281536,4475.559706350889,4550.274683372253,0.021974020768577636,0.021974020768577636,0.7025428631225629,0.4542743961859148
2024-09-06,4732.262932708544,19056,103396.56352484398,2680.073879184135,16503,161565.87758389235,97.42542619514562,54.309041844068446,0.048752087172017955,4512.279871088686,0.03131015007720794,4375.2889184217565,-0.014455196150688687,4439.462215551119,-0.002397147746869832,4600.637692436303,0.004636249896068145,4677.140899893384,0.019695365083666205,4493.052399364309,-0.0034303634096750635,4501.884754405338,4562.2352100394655,0.02446779720946344,0.02446779720946344,0.6512191281072787,1.832821109180234
2024-09-09,4688.664472071823,17799,104448.10530691947,2617.09908985828,17067,164025.29239422752,97.50318714817348,53.91263262257486,-0.009213025830702715,4732.262932708544,0.048752087172017955,4512.279871088686,0.03131015007720794,4375.2889184217565,-0.014455196150688687,4450.129834256585,-0.03271456442378873,4724.774402441964,0.010184320628370713,4584.710138387409,0.02039988205703258,4549.591681968386,4567.432926723685,0.024246850056000843,0.024246850056000843,0.626766561620861,0.9591424758794345
2024-09-10,4638.454902173723,12574,109930.82467271604,2672.6247708932538,7953,158515.87056465706,97.4222385162842,53.77851084501451,-0.010708714645113804,4688.664472071823,-0.009213025830702715,4732.262932708544,0.048752087172017955,4512.279871088686,0.03131015007720794,4439.462215551119,-0.002397147746869832,4537.719715755232,-0.03959018373238199,4759.003248239069,0.038016167781757426,4589.390219292907,4561.405509420418,0.022777495240133724,0.022777495240133724,0.6170287369776423,0.19080777285372336
2024-09-11,4652.388081870296,18823,108017.51583876798,2647.0931772737804,19794,160098.50807157694,97.51004437417502,53.84167124625128,0.0030038407164514336,4638.454902173723,-0.010708714645113804,4688.664472071823,-0.009213025830702715,4732.262932708544,0.048752087172017955,4375.2889184217565,-0.014455196150688687,4476.051804338604,-0.013590066218174157,4707.291731278064,-0.010866039433812036,4644.810051982615,4558.660326950029,0.022673362495137923,0.022673362495137923,0.6125200278591735,0.7498166213393576
2024-09-12,4506.107180406742,17506,114459.27514882945,2703.840870319134,9841,155032.1173428578,97.37274407248648,54.31747239553924,-0.031442110780394716,4652.388081870296,0.0030038407164514336,4638.454902173723,-0.010708714645113804,4688.664472071823,-0.009213025830702715,4512.279871088686,0.03131015007720794,4579.406419897997,0.023090576266166618,4643.906137355734,-0.013465405915073725,4643.575513846226,4551.77037910258,0.02355995658754893,0.02355995658754893,0.6004501735328667,-0.3179940931135148
2024-09-13,4432.707139395201,7653,120150.75597550128,2662.445475282447,15954,156198.23186420058,97.40558086976962,54.38406722884212,-0.01628901357044865,4506.107180406742,-0.031442110780394716,4652.388081870296,0.0030038407164514336,4638.454902173723,-0.010708714645113804,4732.262932708544,0.048752087172017955,4600.637692436303,0.004636249896068145,4474.593341315307,-0.03645913397742251,4583.664355183557,4549.676069006575,0.02237498722854389,0.02237498722854389,0.5794528039170678,-0.8254500590270911
2024-09-16,4522.993688701124,7546,114335.1523377715,2711.1154912973884,17218,154600.41407244682,97.42345496609823,54.79918333720002,0.020368264012641468,4432.707139395201,-0.01628901357044865,4506.107180406742,-0.031442110780394716,4652.388081870296,0.0030038407164514336,4688.664472071823,-0.009213025830702715,4450.129834256585,-0.03271456442378873,4446.452564906271,-0.006289013159967771,4550.5301985094175,4553.503125196317,0.02278545625807628,0.02278545625807628,0.5758166562927166,0.3988173830637982
2024-09-17,4950.149787355254,17813,96092.05718908369,2687.6068961000533,15899,156691.58074761005,97.36182565727904,54.9914020702609,0.09444101143037376,4522.993688701124,0.020368264012641468,4432.707139395201,-0.01628901357044865,4506.107180406742,-0.031442110780394716,4638.454902173723,-0.010708714645113804,4439.462215551119,-0.002397147746869832,4451.411334144413,0.0011152191923240462,4612.869175545724,4578.44004785686,0.030900037374879598,0.030900037374879598,0.5163529852599272,2.6143022562631537
2024-09-18,4952.664187369929,11296,96300.631826928,2643.6692341121397,17476,157898.58122025512,97.35955712974648,55.4796224721003,0.0005079442284954272,4950.149787355254,0.09444101143037376,4522.993688701124,0.020368264012641468,4432.707139395201,-0.01628901357044865,4652.388081870296,0.0030038407164514336,4375.2889184217565,-0.014455196150688687,4485.378841525133,0.00763072761220096,4672.924396645651,4601.804315149099,0.030918458435534667,0.030918458435534667,0.4676436743138571,1.4331646338507977
2024-09-19,5037.362802148392,10232,94652.85024733513,2778.908260170572,11026,152954.43968894417,97.29730311447992,55.46190980690879,0.017101626836412143,4952.664187369929,0.0005079442284954272,4950.149787355254,0.09444101143037376,4522.993688701124,0.020368264012641468,4506.107180406742,-0.031442110780394716,4512.279871088686,0.03131015007720794,4586.802156847721,0.022611984161431842,4779.17552099398,4624.3323474141325,0.03078135031862195,0.03078135031862195,0.4484474327265421,1.3791388602287622
2024-09-20,5018.422807453218,14654,91067.88583948636,2791.193349527928,19973,146929.58192338725,97.19013298179377,56.17897662010433,-0.003759902837868978,5037.362802148392,0.017101626836412143,4952.664187369929,0.0005079442284954272,4950.149787355254,0.09444101143037376,4432.707139395201,-0.01628901357044865,4732.262932708544,0.048752087172017955,4677.140899893384,0.019695365083666205,4896.318654605583,4641.396442792125,0.03064390251559882,0.03064390251559882,0.4487634202033595,1.4738182279756837
2024-09-23,5211.16025662484,11558,83382.8761396282,2731.095843923085,13157,152510.04410373865,97.1547715076324,56.03335775923009,0.03840598063705869,5018.422807453218,-0.003759902837868978,5037.362802148392,0.017101626836412143,4952.664187369929,0.0005079442284954272,4522.993688701124,0.020368264012641468,4688.664472071823,-0.009213025830702715,4724.774402441964,0.010184320628370713,5033.951968190327,4665.715735501269,0.03158096092692506,0.03158096092692506,0.4782125628239303,1.8096659349372992
2024-09-24,5224.668343837131,10206,81959.65908406665,2749.928236360721,11559,151779.96741619994,97.04437264409522,55.8034192089708,0.002592145807666979,5211.16025662484,0.03840598063705869,5018.422807453218,-0.003759902837868978,5037.362802148392,0.017101626836412143,4950.149787355254,0.09444101143037376,4638.454902173723,-0.010708714645113804,4537.719715755232,-0.03959018373238199,5088.855679486702,4700.063166905364,0.02977712990155652,0.02977712990155652,0.50465194136156,1.175376276866165
2024-09-25,5167.519590410069,5827,87010.43686650989,2880.8496612025565,16183,141086.55604792156,97.07665239050452,55.44040335406408,-0.010938254768740108,5224.668343837131,0.002592145807666979,5211.16025662484,0.03840598063705869,5018.422807453218,-0.003759902837868978,4952.664187369929,0.0005079442284954272,4652.388081870296,0.0030038407164514336,4476.051804338604,-0.013590066218174157,5131.826760094731,4734.636556208936,0.029684121227905275,0.029684121227905275,0.521333980033043,0.5628236569893956
2024-09-26,5038.412261860497,10513,92525.77163497264,2860.0922266874413,18033,140548.43982425224,96.96164384108933,56.1397107555315,-0.024984390729581474,5167.519590410069,-0.010938254768740108,5224.668343837131,0.002592145807666979,5211.16025662484,0.03840598063705869,5037.362802148392,0.017101626836412143,4506.107180406742,-0.031442110780394716,4579.406419897997,0.023090576266166618,5132.036652037152,4757.586848307062,0.03030496049629932,0.03030496049629932,0.5111143020533697,0.32562154046107694
2024-09-27,4971.498429073197,15977,94630.93227115876,2921.9371751835474,19357,136152.8340225175,97.0328415433884,56.38554502731687,-0.013280737920916219,5038.412261860497,-0.024984390729581474,5167.519590410069,-0.010938254768740108,5224.668343837131,0.002592145807666979,5018.422807453218,-0.003759902837868978,4432.707139395201,-0.01628901357044865,4600.637692436303,0.004636249896068145,5122.651776361146,4776.1298851389065,0.030586357194244868,0.030586357194244868,0.48198493804160325,0.36625819406348303
2024-09-30,4901.852835403412,17931,99758.73154866407,2971.3252281144405,9542,135035.46614043546,96.91469363659552,56.28530880730278,-0.014008974288817866,4971.498429073197,-0.013280737920916219,5038.412261860497,-0.024984390729581474,5167.519590410069,-0.010938254768740108,5211.16025662484,0.03840598063705869,4522.993688701124,0.020368264012641468,4450.129834256585,-0.03271456442378873,5060.790292116862,4798.7160351962475,0.029666624996473785,0.029666624996473785,0.43671808703225473,-0.01321765159032906
